Date,GS - HDB Accumulated Oriented Area
2019-01-01,0.0
2019-01-02,0.0
2019-01-03,7.080829648560838e-08
2019-01-04,3.716809925685935e-06
2019-01-05,3.6808485765188085e-06
2019-01-06,3.6448872273515873e-06
2019-01-07,2.8165348212680784e-06
2019-01-08,4.162969843686416e-06
2019-01-09,2.4840775451932538e-06
2019-01-10,1.5882682208016201e-06
2019-01-11,2.0834374362963227e-06
2019-01-12,1.9790088931321947e-06
2019-01-13,1.8745803499679482e-06
2019-01-14,-1.4151283094116651e-06
2019-01-15,5.813036536449062e-06
2019-01-16,2.2035175478303107e-05
2019-01-17,3.345181181594782e-05
2019-01-18,4.267860649910291e-05
2019-01-19,4.2368555468337706e-05
2019-01-20,4.2058504437572445e-05
2019-01-21,4.17484534068072e-05
2019-01-22,1.4791955702481496e-05
2019-01-23,-9.465959522994298e-06
2019-01-24,-2.4245898013216596e-05
2019-01-25,-1.8318863705432563e-05
2019-01-26,-1.883765693489141e-05
2019-01-27,-1.935645016434956e-05
2019-01-28,-3.915871856025295e-05
2019-01-29,-6.412346354211845e-05
2019-01-30,-6.897616100297607e-05
2019-01-31,-4.7109684250967355e-05
2019-02-01,-4.0203840306100854e-05
2019-02-02,-4.068900663994449e-05
2019-02-03,-4.117417297378877e-05
2019-02-04,-3.814353525515449e-05
2019-02-05,-2.6544718213221015e-05
2019-02-06,-2.4462213564449142e-05
2019-02-07,-2.8678646981718046e-05
2019-02-08,-3.548431567918133e-05
2019-02-09,-3.5857703677653824e-05
2019-02-10,-3.623109167612631e-05
2019-02-11,-3.472565174348562e-05
2019-02-12,-1.3662913163706781e-05
2019-02-13,-2.0764999138217494e-05
2019-02-14,-3.87046347813178e-05
2019-02-15,-2.524606326169194e-05
2019-02-16,-2.568829173931236e-05
2019-02-17,-2.6130520216932783e-05
2019-02-18,-2.6572748694552782e-05
2019-02-19,-5.259119056069204e-05
2019-02-20,-3.4768781453429604e-05
2019-02-21,-3.545185307207643e-05
2019-02-22,-3.478623466960316e-05
2019-02-23,-3.520245514656006e-05
2019-02-24,-3.561867562351598e-05
2019-02-25,-9.76793709423432e-06
2019-02-26,-2.3965974902551803e-05
2019-02-27,-3.268323382149702e-05
2019-02-28,-2.622891997370268e-05
2019-03-01,-3.199804735763255e-05
2019-03-02,-3.242354891369286e-05
2019-03-03,-3.284905046975329e-05
2019-03-04,-3.8647968962760666e-05
2019-03-05,-1.6467617833892862e-05
2019-03-06,-1.157798070849609e-05
2019-03-07,-1.6239356819163048e-05
2019-03-08,-2.1437102553305766e-06
2019-03-09,-2.354961552717562e-06
2019-03-10,-2.566212850104474e-06
2019-03-11,2.134140947014473e-05
2019-03-12,3.836460352807168e-05
2019-03-13,6.446159930657837e-05
2019-03-14,6.399028366643927e-05
2019-03-15,7.833791704218492e-05
2019-03-16,7.849970831028195e-05
2019-03-17,7.86614995783797e-05
2019-03-18,7.992002537487658e-05
2019-03-19,7.276715178712774e-05
2019-03-20,0.00011907310986264481
2019-03-21,0.00011686211876562496
2019-03-22,0.00013134468401352728
2019-03-23,0.00013160918057260372
2019-03-24,0.0001318736771316812
2019-03-25,0.00013314117333096962
2019-03-26,0.00013961574759933064
2019-03-27,0.00013883417550642594
2019-03-28,0.00012977574157967784
2019-03-29,0.00014134019668063448
2019-03-30,0.0001417461616389949
2019-03-31,0.000142152126597356
2019-04-01,0.00011061690594693661
2019-04-02,0.00010950689472902242
2019-04-03,8.869301509335383e-05
2019-04-04,6.786863018516112e-05
2019-04-05,6.956220034193024e-05
2019-04-06,6.979692616255337e-05
2019-04-07,7.003165198317767e-05
2019-04-08,6.914985754505687e-05
2019-04-09,7.618469475536113e-05
2019-04-10,5.413131866358178e-05
2019-04-11,5.3562613704783945e-05
2019-04-12,4.0083639197472034e-05
2019-04-13,4.023018362851996e-05
2019-04-14,4.0376728059567943e-05
2019-04-15,8.418010591108089e-05
2019-04-16,8.877271017199595e-05
2019-04-17,5.7858551634623926e-05
2019-04-18,7.502020256276915e-05
2019-04-19,7.530087306887413e-05
2019-04-20,7.558154357498146e-05
2019-04-21,7.586221408108744e-05
2019-04-22,7.256217708307745e-05
2019-04-23,6.363752769855671e-05
2019-04-24,0.0001021638463777754
2019-04-25,8.602902832026738e-05
2019-04-26,8.182580544832994e-05
2019-04-27,8.20971960530385e-05
2019-04-28,8.236858665774825e-05
2019-04-29,5.634203836354917e-05
2019-04-30,6.257536617058043e-05
2019-05-01,8.77257950646775e-05
2019-05-02,0.00012250496921253798
2019-05-03,0.0001126859081329136
2019-05-04,0.00011313459202591807
2019-05-05,0.00011358327591892117
2019-05-06,0.00010327937257482926
2019-05-07,0.00011513397947382435
2019-05-08,0.00010676445186651921
2019-05-09,0.00010686777441850425
2019-05-10,0.00011702513688272241
2019-05-11,0.00011739547181829362
2019-05-12,0.00011776580675386279
2019-05-13,0.00014370560010614327
2019-05-14,0.00014181245873963613
2019-05-15,0.00013253218061611553
2019-05-16,0.00013460516142652554
2019-05-17,0.0001440379923478326
2019-05-18,0.00014443972442964887
2019-05-19,0.0001448414565114649
2019-05-20,0.000195806557779951
2019-05-21,0.0001734087891789776
2019-05-22,0.00020338636758367154
2019-05-23,0.00021550081538388843
2019-05-24,0.00022252501247158336
2019-05-25,0.000223230123684617
2019-05-26,0.0002239352348976516
2019-05-27,0.00022464034611068673
2019-05-28,0.0002626764391208356
2019-05-29,0.000274907112419431
2019-05-30,0.0002832916144096335
2019-05-31,0.00033209963450568685
2019-06-01,0.00033296840285825885
2019-06-02,0.00033383717121083237
2019-06-03,0.00032568701357869054
2019-06-04,0.0002541958728682579
2019-06-05,0.00027303106464993305
2019-06-06,0.000257778661167375
2019-06-07,0.0002610822005929902
2019-06-08,0.00026207651472943293
2019-06-09,0.00026307082886587764
2019-06-10,0.00021374312145721447
2019-06-11,0.0002140940814394459
2019-06-12,0.00026199365589050225
2019-06-13,0.0002469842201234508
2019-06-14,0.00024799835498473164
2019-06-15,0.0002489563184522867
2019-06-16,0.0002499142819198415
2019-06-17,0.00025682039950290526
2019-06-18,0.00021282696951062437
2019-06-19,0.00020611816422004878
2019-06-20,0.0002159254566062946
2019-06-21,0.00020533988822011299
2019-06-22,0.00020619503402977737
2019-06-23,0.00020705017983944224
2019-06-24,0.0001951846258387295
2019-06-25,0.00021131133122836851
2019-06-26,0.00020320857385428687
2019-06-27,0.00018423225324429722
2019-06-28,0.00013503381568135176
2019-06-29,0.00013594720297807665
2019-06-30,0.00013686059027480157
2019-07-01,0.00011983622187647028
2019-07-02,0.00013387506051519576
2019-07-03,0.00013420918352703682
2019-07-04,0.00013516249958527598
2019-07-05,0.00010162467851382743
2019-07-06,0.00010249891750579044
2019-07-07,0.00010337315649775237
2019-07-08,9.455243092393447e-05
2019-07-09,6.120723235152886e-05
2019-07-10,9.921738032256495e-05
2019-07-11,5.9251966398051744e-05
2019-07-12,1.189527477000126e-05
2019-07-13,1.2555735302849334e-05
2019-07-14,1.3216195835696946e-05
2019-07-15,3.4842897369706595e-05
2019-07-16,-6.976411841647708e-06
2019-07-17,2.1031139681675646e-05
2019-07-18,2.3967879247316294e-05
2019-07-19,-1.0282484964612909e-05
2019-07-20,-9.730797319621124e-06
2019-07-21,-9.179109674632035e-06
2019-07-22,-8.154826072124903e-05
2019-07-23,-0.00013573536343801943
2019-07-24,-0.00012292737114407172
2019-07-25,-0.00012026594159774114
2019-07-26,-0.00014848200446602487
2019-07-27,-0.00014837319814318966
2019-07-28,-0.00014826439182035354
2019-07-29,-0.00014375479978864184
2019-07-30,-0.00016443827212301394
2019-07-31,-0.00014333903725612698
2019-08-01,-0.00011669930846600288
2019-08-02,-0.00011662812070599486
2019-08-03,-0.00011647620246503686
2019-08-04,-0.0001163242842240782
2019-08-05,-0.0001339358062938622
2019-08-06,-0.0001246265268820432
2019-08-07,-0.00013109155319008934
2019-08-08,-0.00012001209047303162
2019-08-09,-0.00011722976712583364
2019-08-10,-0.00011710182820745194
2019-08-11,-0.00011697388928907054
2019-08-12,-0.00010043130350708263
2019-08-13,-0.0001184792203386416
2019-08-14,-0.00011531500209503505
2019-08-15,-0.00011427406648557456
2019-08-16,-0.00011627705726287291
2019-08-17,-0.00011619765883397833
2019-08-18,-0.00011611826040508334
2019-08-19,-0.00012764785866800396
2019-08-20,-0.0001229942830794059
2019-08-21,-0.00012388538807852552
2019-08-22,-0.0001454820856060814
2019-08-23,-0.00014825324513052465
2019-08-24,-0.00014836218213914472
2019-08-25,-0.00014847111914776477
2019-08-26,-0.00014393129018914767
2019-08-27,-0.0001403316750772889
2019-08-28,-0.0001443742014212939
2019-08-29,-0.00014345042755164523
2019-08-30,-0.0001382172350730566
2019-08-31,-0.00013831154656634582
2019-09-01,-0.00013840585805963563
2019-09-02,-0.00013850016955292544
2019-09-03,-0.0001553946779805325
2019-09-04,-0.00015043217105537596
2019-09-05,-0.00015275456761737246
2019-09-06,-0.0001469316783901107
2019-09-07,-0.0001472327121054406
2019-09-08,-0.0001475337458207698
2019-09-09,-0.00013908301612739206
2019-09-10,-0.0001391399008345197
2019-09-11,-0.00012179192597887069
2019-09-12,-0.00012041187281844921
2019-09-13,-0.00011842630479627917
2019-09-14,-0.00011880004258110843
2019-09-15,-0.00011917378036593872
2019-09-16,-0.0001391073827565562
2019-09-17,-0.00014207275687304655
2019-09-18,-0.00015144311586877445
2019-09-19,-0.0001611677424866216
2019-09-20,-5.894232519808692e-05
2019-09-21,-5.890596597742558e-05
2019-09-22,-5.886960675676365e-05
2019-09-23,3.739998673078776e-07
2019-09-24,6.23488721829865e-06
2019-09-25,-7.612302235265724e-06
2019-09-26,2.1590867662390553e-05
2019-09-27,8.17800048662394e-06
2019-09-28,8.459143063107684e-06
2019-09-29,8.740285639590639e-06
2019-09-30,-2.4048216904890734e-07
2019-10-01,1.823596532116797e-05
2019-10-02,2.67938255528865e-05
2019-10-03,3.2909760883689516e-05
2019-10-04,1.579802326102097e-05
2019-10-05,1.5862095803035733e-05
2019-10-06,1.592616834505044e-05
2019-10-07,1.9568675208666786e-05
2019-10-08,2.5691911320696568e-05
2019-10-09,2.809137884840801e-05
2019-10-10,1.963241116494291e-05
2019-10-11,7.003777928267826e-06
2019-10-12,7.113136056880346e-06
2019-10-13,7.222494185493647e-06
2019-10-14,3.184979910710655e-06
2019-10-15,1.3786053253523117e-05
2019-10-16,1.419614713593989e-05
2019-10-17,2.138756971079422e-05
2019-10-18,1.532576052365721e-05
2019-10-19,1.551747794917766e-05
2019-10-20,1.5709195374698633e-05
2019-10-21,2.2581848823276393e-05
2019-10-22,2.3389082246257598e-05
2019-10-23,2.3133451979490452e-05
2019-10-24,3.228415087428779e-05
2019-10-25,1.7651996966851398e-05
2019-10-26,1.8057463271500053e-05
2019-10-27,1.8462929576147913e-05
2019-10-28,-5.215077751135184e-07
2019-10-29,1.2622481240166205e-05
2019-10-30,3.2730289994583854e-05
2019-10-31,4.668716328978311e-05
2019-11-01,2.8569944815840166e-05
2019-11-02,2.9079711918274655e-05
2019-11-03,2.9589479020710106e-05
2019-11-04,1.487928309045607e-05
2019-11-05,1.0957042130307188e-05
2019-11-06,3.310421565806546e-05
2019-11-07,2.4349687547021873e-06
2019-11-08,-4.389570675338997e-06
2019-11-09,-3.90382820202109e-06
2019-11-10,-3.4180857287044496e-06
2019-11-11,2.3920800557171398e-05
2019-11-12,1.0083068041294351e-05
2019-11-13,1.633155014340995e-05
2019-11-14,2.6720282579254702e-05
2019-11-15,1.9236134407814797e-05
2019-11-16,1.9756546331298952e-05
2019-11-17,2.027695825478411e-05
2019-11-18,1.3808542255105395e-05
2019-11-19,1.2867824371776243e-05
2019-11-20,3.322174682936298e-05
2019-11-21,3.0314966422861796e-05
2019-11-22,1.6067778612519274e-05
2019-11-23,1.655732817274201e-05
2019-11-24,1.704687773296346e-05
2019-11-25,1.559698602625883e-05
2019-11-26,2.4906845173465287e-05
2019-11-27,3.44496149511586e-05
2019-11-28,3.507146000295438e-05
2019-11-29,1.6233594586266838e-05
2019-11-30,1.672670577870256e-05
2019-12-01,1.7219816971136025e-05
2019-12-02,4.5901191729117845e-05
2019-12-03,7.805213133907471e-05
2019-12-04,6.211085286850474e-05
2019-12-05,5.480068080558774e-05
2019-12-06,2.340916294445702e-06
2019-12-07,2.863489380142946e-06
2019-12-08,3.3860624658399392e-06
2019-12-09,2.1404551961366594e-05
2019-12-10,3.3424451275915274e-05
2019-12-11,4.2804492417147685e-05
2019-12-12,1.1059180227171203e-05
2019-12-13,1.989975346398583e-05
2019-12-14,2.051026729245256e-05
2019-12-15,2.1120781120920768e-05
2019-12-16,-5.0823327136346005e-06
2019-12-17,-3.2378419074115803e-06
2019-12-18,1.2170090829880008e-05
2019-12-19,3.236325708881775e-06
2019-12-20,1.7677472550935353e-05
2019-12-21,1.833720008854164e-05
2019-12-22,1.8996927626148305e-05
2019-12-23,4.593962574495278e-06
2019-12-24,-8.90732609908014e-07
2019-12-25,-2.909671454578755e-07
2019-12-26,-2.045484453447079e-05
2019-12-27,-2.0402271256983887e-05
2019-12-28,-1.986543526740024e-05
2019-12-29,-1.9328599277813776e-05
2019-12-30,-1.659254080762525e-05
2019-12-31,-7.44209743130879e-06
2020-01-01,-6.877344957650005e-06
2020-01-02,-3.077837013939259e-05
2020-01-03,-5.307773203606383e-05
2020-01-04,-5.264308581903526e-05
2020-01-05,-5.2208439602008006e-05
2020-01-06,-9.227542640865058e-05
2020-01-07,-0.00010556024947977339
2020-01-08,-9.897066170536387e-05
2020-01-09,-9.129421264016753e-05
2020-01-10,-0.00010753271084928902
2020-01-11,-0.00010718755333161809
2020-01-12,-0.00010684239581394556
2020-01-13,-9.464408899035288e-05
2020-01-14,-9.842100033022737e-05
2020-01-15,-0.00010687593299462886
2020-01-16,-0.00016085100447698836
2020-01-17,-0.0001555166748854603
2020-01-18,-0.00015523923854246263
2020-01-19,-0.0001549618021994649
2020-01-20,-0.0001546843658564664
2020-01-21,-0.00023226748201587527
2020-01-22,-0.00024336701291511297
2020-01-23,-0.00024436678903608575
2020-01-24,-0.00021602115313485467
2020-01-25,-0.00021591289853152486
2020-01-26,-0.0002158046439281975
2020-01-27,-0.00023925932686542174
2020-01-28,-0.0002522924308999195
2020-01-29,-0.0002426393262676687
2020-01-30,-0.00026860124184135915
2020-01-31,-0.0002654794486893035
2020-02-01,-0.00026552089278610697
2020-02-02,-0.0002655623368829095
2020-02-03,-0.00026011019665594926
2020-02-04,-0.00022648051281538931
2020-02-05,-0.00023301678380656805
2020-02-06,-0.0002056582687363986
2020-02-07,-0.00021599643703547322
2020-02-08,-0.0002159018911865333
2020-02-09,-0.00021580734533759407
2020-02-10,-0.00021132226820886368
2020-02-11,-0.00019033698586287835
2020-02-12,-0.00019148602626276642
2020-02-13,-0.00019227253127703588
2020-02-14,-0.0002136248416512059
2020-02-15,-0.0002135251767971591
2020-02-16,-0.00021342551194311306
2020-02-17,-0.00021332584708906696
2020-02-18,-0.00020126120842877554
2020-02-19,-0.00022047211380456618
2020-02-20,-0.00021980493129451778
2020-02-21,-0.00022456748166210138
2020-02-22,-0.0002245316205913477
2020-02-23,-0.00022449575952059254
2020-02-24,-0.0002308844426142849
2020-02-25,-0.0002353725236357119
2020-02-26,-0.00023708353336886892
2020-02-27,-0.00023890224674984428
2020-02-28,-0.00024012789818459026
2020-02-29,-0.00024009989480705183
2020-03-01,-0.00024007189142951306
2020-03-02,-0.00023365387711511506
2020-03-03,-0.00023786909810671512
2020-03-04,-0.00022387744213488565
2020-03-05,-0.0002473389949900699
2020-03-06,-0.0002722489223134216
2020-03-07,-0.00027249973148562895
2020-03-08,-0.00027275054065783723
2020-03-09,-0.0003245670559812806
2020-03-10,-0.00030398568541313076
2020-03-11,-0.000305306364436986
2020-03-12,-0.00032914508513701553
2020-03-13,-0.00017271044143294704
2020-03-14,-0.00017321607057790446
2020-03-15,-0.00017372169972286185
2020-03-16,-0.00021073504109107266
2020-03-17,-0.0004263834483654123
2020-03-18,-0.00025855615081429135
2020-03-19,0.000568813485399119
2020-03-20,0.00025085972583249803
2020-03-21,0.000249246939197351
2020-03-22,0.0002476341525622074
2020-03-23,0.0009936288677320428
2020-03-24,0.0014136987651536014
2020-03-25,0.0010427606606502218
2020-03-26,0.0009630873657440057
2020-03-27,0.0009381842349510908
2020-03-28,0.000936838298194196
2020-03-29,0.0009354923614372982
2020-03-30,0.001014613984353349
2020-03-31,0.0009048318633482929
2020-04-01,0.0008761443661761607
2020-04-02,0.0008511202346063183
2020-04-03,0.0010935513507887903
2020-04-04,0.0010916484196790703
2020-04-05,0.001089745488569356
2020-04-06,0.0012120711878742872
2020-04-07,0.001432495114049782
2020-04-08,0.0015934251076948473
2020-04-09,0.0016559625337562733
2020-04-10,0.0016545399917226727
2020-04-11,0.0016531174496890709
2020-04-12,0.0016516949076554738
2020-04-13,0.001596482969299233
2020-04-14,0.0015050913913542572
2020-04-15,0.0016382185244067605
2020-04-16,0.0016502526575883335
2020-04-17,0.0016816728318339155
2020-04-18,0.0016801520288857266
2020-04-19,0.0016786312259375394
2020-04-20,0.0015480966459241624
2020-04-21,0.0015392699605144499
2020-04-22,0.0014780349800686912
2020-04-23,0.0014517326933263966
2020-04-24,0.0015452699924155288
2020-04-25,0.0015438111837160584
2020-04-26,0.0015423523750165869
2020-04-27,0.0016458824269270885
2020-04-28,0.0017024546364999946
2020-04-29,0.0016033323075738731
2020-04-30,0.001564296502194405
2020-05-01,0.0015148196571991193
2020-05-02,0.001513643153547521
2020-05-03,0.0015124666498959173
2020-05-04,0.0015691412515694307
2020-05-05,0.0016115221529097404
2020-05-06,0.0015827331649572538
2020-05-07,0.0017166761419896807
2020-05-08,0.0017649803646860155
2020-05-09,0.0017635242484211136
2020-05-10,0.001762068132156208
2020-05-11,0.0018100894037162045
2020-05-12,0.0015730213567828073
2020-05-13,0.001597544537726021
2020-05-14,0.001692769586352612
2020-05-15,0.001700830967580235
2020-05-16,0.0016989279574778039
2020-05-17,0.0016970249473753742
2020-05-18,0.0019710427474679084
2020-05-19,0.0018950042613401583
2020-05-20,0.0018763150280695588
2020-05-21,0.0018726466371228856
2020-05-22,0.0018948820594995386
2020-05-23,0.0018929380804258468
2020-05-24,0.001890994101352153
2020-05-25,0.0018890501222784655
2020-05-26,0.0022564267514779243
2020-05-27,0.0024637775411775116
2020-05-28,0.002307165589897231
2020-05-29,0.002202841124970455
2020-05-30,0.0022014431768900915
2020-05-31,0.002200045228809728
2020-06-01,0.0022378589265809688
2020-06-02,0.0022534790012664297
2020-06-03,0.002308624808423064
2020-06-04,0.00236062629156033
2020-06-05,0.0023838917250024725
2020-06-06,0.002383007342637953
2020-06-07,0.0023821229602734354
2020-06-08,0.002409736884263384
2020-06-09,0.0023764706069806943
2020-06-10,0.002314474631144579
2020-06-11,0.00205576131707838
2020-06-12,0.002143322822974834
2020-06-13,0.0021419413660152455
2020-06-14,0.0021405599090556587
2020-06-15,0.0022257768047220963
2020-06-16,0.002261898504117137
2020-06-17,0.002208146164437342
2020-06-18,0.002151524853484107
2020-06-19,0.0020989005200868775
2020-06-20,0.0020978136351710785
2020-06-21,0.002096726750255283
2020-06-22,0.0021186742042601505
2020-06-23,0.0021202813440346323
2020-06-24,0.0020615992800939813
2020-06-25,0.0021438571742480443
2020-06-26,0.001931008898527241
2020-06-27,0.001930084592797068
2020-06-28,0.0019291602870668912
2020-06-29,0.0019648436485711985
2020-06-30,0.0020217505323754455
2020-07-01,0.0019491971263731532
2020-07-02,0.0019516914289771895
2020-07-03,0.0019510017328659957
2020-07-04,0.001950312036754805
2020-07-05,0.0019496223406436123
2020-07-06,0.0020141323523734894
2020-07-07,0.0019622492851348694
2020-07-08,0.0019701949714492854
2020-07-09,0.001924231066977396
2020-07-10,0.002004635028262895
2020-07-11,0.002003943385836085
2020-07-12,0.0020032517434092744
2020-07-13,0.002058663028906742
2020-07-14,0.0021214693375440925
2020-07-15,0.0021469994110635306
2020-07-16,0.002125147141747661
2020-07-17,0.0020810884756035895
2020-07-18,0.002080220990366491
2020-07-19,0.002079353505129391
2020-07-20,0.00202481331676555
2020-07-21,0.0020192247222153084
2020-07-22,0.002015026200734762
2020-07-23,0.0019933732298144636
2020-07-24,0.0019798258973634823
2020-07-25,0.0019793742227520827
2020-07-26,0.001978922548140683
2020-07-27,0.0020323971055147697
2020-07-28,0.0020205721796989315
2020-07-29,0.002023050091243417
2020-07-30,0.002025474689607938
2020-07-31,0.0020316412085665115
2020-08-01,0.002030830897129211
2020-08-02,0.002030020585691912
2020-08-03,0.002077422714775681
2020-08-04,0.002087432380925324
2020-08-05,0.0021171007746265506
2020-08-06,0.0021155689628229
2020-08-07,0.0021550800588594054
2020-08-08,0.0021541530342290057
2020-08-09,0.0021532260095986056
2020-08-10,0.0021725375662697047
2020-08-11,0.0021735543671015144
2020-08-12,0.0021818241340164427
2020-08-13,0.002142549709852565
2020-08-14,0.0021471897511283174
2020-08-15,0.002146281554221
2020-08-16,0.0021453733573136855
2020-08-17,0.002107344583637592
2020-08-18,0.002037985742785624
2020-08-19,0.0020658713610952214
2020-08-20,0.0020380759032322315
2020-08-21,0.0020237758860486687
2020-08-22,0.002023112928811892
2020-08-23,0.0020224499715751154
2020-08-24,0.002030540984606875
2020-08-25,0.002011594600588665
2020-08-26,0.002028433252018892
2020-08-27,0.002056746465410218
2020-08-28,0.0020054943960495166
2020-08-29,0.002005077522104244
2020-08-30,0.002004660648158973
2020-08-31,0.002019260784563377
2020-09-01,0.001981661462236309
2020-09-02,0.001996510908903496
2020-09-03,0.0019995315498124774
2020-09-04,0.0020378447367446787
2020-09-05,0.002037294376218682
2020-09-06,0.0020367440156926846
2020-09-07,0.0020361936551666873
2020-09-08,0.001986346404728314
2020-09-09,0.0019726827650595915
2020-09-10,0.0019720793631267807
2020-09-11,0.0019773130065663786
2020-09-12,0.0019767663711188262
2020-09-13,0.0019762197356712713
2020-09-14,0.0019953568099382963
2020-09-15,0.0019434895262598227
2020-09-16,0.0019315828095990719
2020-09-17,0.0018959981254773074
2020-09-18,0.0019441575634454537
2020-09-19,0.001943628570706889
2020-09-20,0.001943099577968323
2020-09-21,0.001970795042113977
2020-09-22,0.0019379890163410969
2020-09-23,0.0018888477358870604
2020-09-24,0.0020059118352647246
2020-09-25,0.0019632959679869518
2020-09-26,0.00196272628124241
2020-09-27,0.00196215659449787
2020-09-28,0.0020046104947735424
2020-09-29,0.0019670325429250826
2020-09-30,0.001966410718558692
2020-10-01,0.0018880640570165287
2020-10-02,0.0018960094732927387
2020-10-03,0.0018957329224602382
2020-10-04,0.0018954563716277364
2020-10-05,0.0018813908995718503
2020-10-06,0.0018540256190364677
2020-10-07,0.0018437200138479632
2020-10-08,0.0018331011944418586
2020-10-09,0.001800209165134482
2020-10-10,0.001800310924627436
2020-10-11,0.0018004126841203913
2020-10-12,0.001818645049739692
2020-10-13,0.0018143176593832168
2020-10-14,0.0018005363862937673
2020-10-15,0.0018188632351580406
2020-10-16,0.0018003391296448434
2020-10-17,0.0018004312478727977
2020-10-18,0.001800523366100751
2020-10-19,0.001764303171569201
2020-10-20,0.0017264051971195486
2020-10-21,0.001714228569263348
2020-10-22,0.001702360152618128
2020-10-23,0.0016952148972247155
2020-10-24,0.0016957224715040777
2020-10-25,0.0016962300457834393
2020-10-26,0.0017312867056786124
2020-10-27,0.0017293283233599114
2020-10-28,0.0017918495504002092
2020-10-29,0.001833222891175875
2020-10-30,0.0018405675293943693
2020-10-31,0.0018409530714103067
2020-11-01,0.0018413386134262463
2020-11-02,0.0017723774082528997
2020-11-03,0.0017148969078619937
2020-11-04,0.0016730820512287858
2020-11-05,0.0016253878263953953
2020-11-06,0.0016032107373118573
2020-11-07,0.0016040215864231238
2020-11-08,0.0016048324355343877
2020-11-09,0.0014378997749711813
2020-11-10,0.0014096471149442713
2020-11-11,0.0014175779526540639
2020-11-12,0.0014442846524392828
2020-11-13,0.0013877411926488978
2020-11-14,0.0013887675692517206
2020-11-15,0.0013897939458545456
2020-11-16,0.0013518611501366464
2020-11-17,0.0013325991801479819
2020-11-18,0.0013504564436796714
2020-11-19,0.0013543588735312044
2020-11-20,0.0013654977404213727
2020-11-21,0.0013663752374842172
2020-11-22,0.0013672527345470638
2020-11-23,0.0013269553835672516
2020-11-24,0.001247030705379422
2020-11-25,0.0012568855235265256
2020-11-26,0.001257797158297151
2020-11-27,0.0012684143461932432
2020-11-28,0.001269303669060263
2020-11-29,0.0012701929919272843
2020-11-30,0.0013074171441804332
2020-12-01,0.0012883791628397587
2020-12-02,0.0012378897749048198
2020-12-03,0.0012599621862952888
2020-12-04,0.0012292509510537588
2020-12-05,0.0012300830873558403
2020-12-06,0.0012309152236579216
2020-12-07,0.0012401643697557089
2020-12-08,0.0012380834553459156
2020-12-09,0.0012095718345619248
2020-12-10,0.001198851784869181
2020-12-11,0.0012295914078051915
2020-12-12,0.001230360891151318
2020-12-13,0.0012311303744974448
2020-12-14,0.0012471313744114388
2020-12-15,0.0012133355279809626
2020-12-16,0.0012038544623924172
2020-12-17,0.001202341206990049
2020-12-18,0.0012249845188105548
2020-12-19,0.001226028064257287
2020-12-20,0.0012270716097040196
2020-12-21,0.0010906173259488676
2020-12-22,0.0011442789272283248
2020-12-23,0.0011009315891076592
2020-12-24,0.001109142509760719
2020-12-25,0.0011100161272557224
2020-12-26,0.0011108897447507263
2020-12-27,0.0011117633622457297
2020-12-28,0.0010950505145378333
2020-12-29,0.0011113423121607013
2020-12-30,0.0011133240629451915
2020-12-31,0.0010765587225997043
2021-01-01,0.0010775867520609573
2021-01-02,0.0010786147815222099
2021-01-03,0.0010796428109834614
2021-01-04,0.0010365893123582372
2021-01-05,0.0010122556959424407
2021-01-06,0.0008721250670046685
2021-01-07,0.0008559038599056046
2021-01-08,0.0008982657204982915
2021-01-09,0.000899170915472132
2021-01-10,0.0009000761104459703
2021-01-11,0.0008759529189138624
2021-01-12,0.0008490072383110535
2021-01-13,0.0008715094386651267
2021-01-14,0.0008235522166600959
2021-01-15,0.0008646889230585239
2021-01-16,0.000865671764342909
2021-01-17,0.0008666546056272892
2021-01-18,0.000867637446911672
2021-01-19,0.0009365615735171009
2021-01-20,0.0009833857618395025
2021-01-21,0.000947718370781238
2021-01-22,0.0009701766693262749
2021-01-23,0.000971184576669124
2021-01-24,0.0009721924840119772
2021-01-25,0.0010205815820866848
2021-01-26,0.0010135223744973721
2021-01-27,0.0010011700039437516
2021-01-28,0.0010475582159074246
2021-01-29,0.0010849433371285322
2021-01-30,0.001085909265049381
2021-01-31,0.001086875192970231
2021-02-01,0.0011477186527869743
2021-02-02,0.0010366106785330365
2021-02-03,0.0010216966179483241
2021-02-04,0.0009453041029242021
2021-02-05,0.0010062708825576661
2021-02-06,0.0010077867628992309
2021-02-07,0.001009302643240801
2021-02-08,0.0009363163811591069
2021-02-09,0.0009047233492112487
2021-02-10,0.0008368051008185072
2021-02-11,0.0008703659445753924
2021-02-12,0.0008805887449254938
2021-02-13,0.0008820992281540942
2021-02-14,0.0008836097113826948
2021-02-15,0.0008851201946112938
2021-02-16,0.0008131605235420537
2021-02-17,0.0007630337405353418
2021-02-18,0.0007879454530854795
2021-02-19,0.000759232942082546
2021-02-20,0.000760668167032226
2021-02-21,0.0007621033919819034
2021-02-22,0.0006572794330234595
2021-02-23,0.000623491630506243
2021-02-24,0.0005929178722820104
2021-02-25,0.0006006389249284187
2021-02-26,0.0005943799821306931
2021-02-27,0.0005955548912024945
2021-02-28,0.0005967298002742985
2021-03-01,0.0005942364111153269
2021-03-02,0.0006097656695559685
2021-03-03,0.0005573437438305207
2021-03-04,0.0005707057936298356
2021-03-05,0.0006319776487064702
2021-03-06,0.0006333190283392585
2021-03-07,0.000634660407972043
2021-03-08,0.0005126551756483138
2021-03-09,0.0006404225611548552
2021-03-10,0.0004929269072443546
2021-03-11,0.000526650135247209
2021-03-12,0.00031526981677366744
2021-03-13,0.000316397109059522
2021-03-14,0.0003175244013453696
2021-03-15,0.0003504869413027856
2021-03-16,0.00046822630245813566
2021-03-17,0.00031505491005060014
2021-03-18,0.00019515164395715048
2021-03-19,0.0002319194839215476
2021-03-20,0.00023286819000865384
2021-03-21,0.00023381689609576066
2021-03-22,0.00030473469637856644
2021-03-23,0.0004195044622297856
2021-03-24,0.00040759957987067434
2021-03-25,0.0003952634273042417
2021-03-26,0.000478979648806903
2021-03-27,0.00048013242607407444
2021-03-28,0.00048128520334124653
2021-03-29,0.000474710349921497
2021-03-30,0.0004896761873672119
2021-03-31,0.0004172929031885078
2021-04-01,0.00041396696908966256
2021-04-02,0.0004150000947542387
2021-04-03,0.00041603322041881184
2021-04-04,0.0004170663460833907
2021-04-05,0.0003838480021417561
2021-04-06,0.0003374267296948232
2021-04-07,0.0003092522443768275
2021-04-08,0.00025946438480588924
2021-04-09,0.0002409456710555745
2021-04-10,0.0002416774512381484
2021-04-11,0.00024240923142072472
2021-04-12,2.425595211995497e-05
2021-04-13,6.105248911808016e-05
2021-04-14,7.470363688254894e-05
2021-04-15,0.0001001727943154611
2021-04-16,9.001633248454472e-05
2021-04-17,9.054190223855717e-05
2021-04-18,9.106747199256636e-05
2021-04-19,-8.94250929253707e-05
2021-04-20,-1.840849205393528e-05
2021-04-21,-3.840303135471874e-05
2021-04-22,2.146485753271889e-05
2021-04-23,-1.8134645433806064e-05
2021-04-24,-1.777564263556698e-05
2021-04-25,-1.7416639837324966e-05
2021-04-26,3.988005874531748e-05
2021-04-27,6.82471865814466e-05
2021-04-28,0.0001619589678132174
2021-04-29,7.273109358283498e-05
2021-04-30,-4.411824315290818e-05
2021-05-01,-4.374101752259907e-05
2021-05-02,-4.3363791892289845e-05
2021-05-03,-7.79023737333518e-05
2021-05-04,-0.00010724746145902907
2021-05-05,-0.00011306395143539504
2021-05-06,-0.00011800828110909635
2021-05-07,-9.59858566583825e-05
2021-05-08,-9.563606560559091e-05
2021-05-09,-9.528627455280322e-05
2021-05-10,-0.00019666868939222147
2021-05-11,-0.00016991493139689175
2021-05-12,-0.00018442298880897942
2021-05-13,-0.00014764205968464397
2021-05-14,-0.0001665807876468843
2021-05-15,-0.00016632079780837423
2021-05-16,-0.00016606080796986223
2021-05-17,-7.591645744170386e-05
2021-05-18,8.694605152612225e-05
2021-05-19,0.0001074692739221288
2021-05-20,8.99662290357201e-05
2021-05-21,0.0002036611226026773
2021-05-22,0.00020440290036092905
2021-05-23,0.00020514467811917457
2021-05-24,0.0001405431548003394
2021-05-25,3.106449000817718e-05
2021-05-26,6.41312889008686e-05
2021-05-27,0.00012821893028994207
2021-05-28,0.0001735695959950511
2021-05-29,0.00017428969788395857
2021-05-30,0.00017500979977286724
2021-05-31,0.0001757299016617744
2021-06-01,6.775418089000214e-05
2021-06-02,8.397562885469994e-05
2021-06-03,6.541103558839061e-05
2021-06-04,4.954623242149294e-05
2021-06-05,5.0196713952226405e-05
2021-06-06,5.084719548296263e-05
2021-06-07,8.156137710215692e-05
2021-06-08,0.00011078568003550064
2021-06-09,0.00014408870240642567
2021-06-10,0.00021508706140194232
2021-06-11,0.0001946727203251474
2021-06-12,0.00019542921872326422
2021-06-13,0.0001961857171213799
2021-06-14,0.00019735179645093506
2021-06-15,0.00024425359242290104
2021-06-16,0.00010987019452829205
2021-06-17,0.00016265056581877977
2021-06-18,0.00025279980464288347
2021-06-19,0.00025348443529379775
2021-06-20,0.0002541690659447171
2021-06-21,0.00022646659786168478
2021-06-22,0.00020601368815675842
2021-06-23,0.00016250513489894365
2021-06-24,0.00012586605870405006
2021-06-25,0.00013532881387836053
2021-06-26,0.0001359483190263658
2021-06-27,0.0001365678241743711
2021-06-28,0.0001085478788662876
2021-06-29,5.6684801056167025e-05
2021-06-30,-2.967858783302715e-05
2021-07-01,-4.775990127549648e-05
2021-07-02,4.553195165713474e-06
2021-07-03,5.018848126446106e-06
2021-07-04,5.48450108717527e-06
2021-07-05,5.950154047902265e-06
2021-07-06,0.00010474984228054252
2021-07-07,0.0001088669348551371
2021-07-08,0.0001234368830391535
2021-07-09,5.03350053265931e-05
2021-07-10,5.084022451874097e-05
2021-07-11,5.13454437108922e-05
2021-07-12,-1.9088236827734945e-05
2021-07-13,8.469142703442043e-07
2021-07-14,6.217339145065412e-05
2021-07-15,0.0001220937470145779
2021-07-16,0.00016213094335474005
2021-07-17,0.00016274747863192682
2021-07-18,0.00016336401390910818
2021-07-19,-4.122706937042804e-05
2021-07-20,-8.219529185264022e-05
2021-07-21,-7.31429895142108e-05
2021-07-22,-0.00010748794336750301
2021-07-23,-9.831293644535239e-05
2021-07-24,-9.809548308783458e-05
2021-07-25,-9.787802973031524e-05
2021-07-26,-7.766734878623352e-05
2021-07-27,-0.00010591218496492554
2021-07-28,-7.334270813408642e-05
2021-07-29,-3.700484409494302e-05
2021-07-30,-6.07020369128591e-05
2021-07-31,-6.043391223629099e-05
2021-08-01,-6.016578755972462e-05
2021-08-02,-6.699674330988808e-05
2021-08-03,9.796313995844366e-07
2021-08-04,8.873393601610004e-05
2021-08-05,6.817828908631805e-05
2021-08-06,-3.7598013188893786e-06
2021-08-07,-3.3451100539477014e-06
2021-08-08,-2.9304187890080843e-06
2021-08-09,5.944000355506473e-05
2021-08-10,2.0125804291385623e-05
2021-08-11,-3.940871925546774e-05
2021-08-12,-4.052355979046923e-05
2021-08-13,8.590725146099312e-05
2021-08-14,8.645351929424677e-05
2021-08-15,8.699978712750747e-05
2021-08-16,1.5875956583710673e-05
2021-08-17,0.000116110565665543
2021-08-18,7.474803536588765e-05
2021-08-19,0.00012691014745255347
2021-08-20,0.0001904969208817288
2021-08-21,0.0001911201907631436
2021-08-22,0.00019174346064456077
2021-08-23,0.00018820437332545364
2021-08-24,0.0001639228755735349
2021-08-25,0.00017408698145377632
2021-08-26,0.00010195506550600506
2021-08-27,9.502997947573262e-05
2021-08-28,9.56314386205779e-05
2021-08-29,9.623289776541824e-05
2021-08-30,0.00015556789055358954
2021-08-31,0.00016632103005427632
2021-09-01,0.00019969711325009787
2021-09-02,0.00015647111263846945
2021-09-03,7.783865768659935e-05
2021-09-04,7.83861364159669e-05
2021-09-05,7.893361514533874e-05
2021-09-06,7.948109387470397e-05
2021-09-07,0.00011561959116012467
2021-09-08,0.00012968798688495664
2021-09-09,7.90509595227211e-05
2021-09-10,6.358028490502246e-05
2021-09-11,6.407771503003307e-05
2021-09-12,6.457514515503966e-05
2021-09-13,1.308270302596918e-05
2021-09-14,-2.1914648024575238e-05
2021-09-15,-3.784897589055494e-05
2021-09-16,6.946099856511913e-05
2021-09-17,6.101901383645525e-05
2021-09-18,6.148048759422968e-05
2021-09-19,6.19419613520078e-05
2021-09-20,6.810841339513962e-05
2021-09-21,6.611498048804561e-05
2021-09-22,2.2133463829330765e-05
2021-09-23,5.52230591655496e-05
2021-09-24,4.3047456568207553e-05
2021-09-25,4.347151996085617e-05
2021-09-26,4.389558335350272e-05
2021-09-27,3.661416729233615e-05
2021-09-28,-4.5649268197081334e-05
2021-09-29,4.772377967223265e-05
2021-09-30,7.987429504460958e-05
2021-10-01,0.00010036009999443349
2021-10-02,0.00010083914590215497
2021-10-03,0.00010131819180987124
2021-10-04,8.421609291779035e-05
2021-10-05,4.818901042000787e-05
2021-10-06,2.1877072727170756e-05
2021-10-07,4.119628680574947e-05
2021-10-08,-2.1516302693447525e-05
2021-10-09,-2.117139759395879e-05
2021-10-10,-2.0826492494468432e-05
2021-10-11,1.4861762145096076e-05
2021-10-12,6.499448517514482e-05
2021-10-13,9.265800456860994e-05
2021-10-14,0.00014292508967397464
2021-10-15,5.203034837593097e-05
2021-10-16,5.253844410008004e-05
2021-10-17,5.304653982423106e-05
2021-10-18,3.7377400373693785e-05
2021-10-19,0.00017445652156703937
2021-10-20,0.00015685767193874005
2021-10-21,0.0001670996813762231
2021-10-22,0.00011167821200932983
2021-10-23,0.00011227569166327055
2021-10-24,0.00011287317131720948
2021-10-25,5.864039632667243e-05
2021-10-26,-1.9305661207650703e-05
2021-10-27,-1.5184057769382928e-05
2021-10-28,-8.616455257486955e-05
2021-10-29,-0.00023003909818859064
2021-10-30,-0.0002298448214377724
2021-10-31,-0.0002296505446869483
2021-11-01,-0.00018555096040949416
2021-11-02,-0.0002718681088412764
2021-11-03,-0.0002264221959753102
2021-11-04,-0.00025451753216259047
2021-11-05,-0.0002586509065095725
2021-11-06,-0.00025849647966529163
2021-11-07,-0.00025834205282101476
2021-11-08,-0.00020499382341790222
2021-11-09,-0.00018257499407644336
2021-11-10,-0.00019345957116137763
2021-11-11,-0.00021211199348436548
2021-11-12,-0.0002000110223585171
2021-11-13,-0.0001997917198898662
2021-11-14,-0.00019957241742121128
2021-11-15,-0.00024498766669292223
2021-11-16,-0.00027290958849863383
2021-11-17,-0.0002220134091749647
2021-11-18,-0.0001379588359668709
2021-11-19,-0.00011698501055318908
2021-11-20,-0.00011666893729019424
2021-11-21,-0.00011635286402719963
2021-11-22,-0.0003476909370365431
2021-11-23,-0.00031104492432541895
2021-11-24,-0.0002985787427547704
2021-11-25,-0.0002985138669208806
2021-11-26,-0.00041126623170536516
2021-11-27,-0.0004113566086353386
2021-11-28,-0.0004114469855653162
2021-11-29,-0.0003887399242631155
2021-11-30,-0.0004655040895832134
2021-12-01,-0.0004123190336682566
2021-12-02,-0.00039673017845570234
2021-12-03,-0.00043206973361763006
2021-12-04,-0.00043217863816592394
2021-12-05,-0.00043228754271421575
2021-12-06,-0.000468937253294042
2021-12-07,-0.0004138405265610699
2021-12-08,-0.00039608496209795523
2021-12-09,-0.0004998838314730225
2021-12-10,-0.00050843366723725
2021-12-11,-0.0005086576436375204
2021-12-12,-0.0005088816200377916
2021-12-13,-0.0005102929469176148
2021-12-14,-0.000539332733987059
2021-12-15,-0.0005713213775824077
2021-12-16,-0.0005280147056031631
2021-12-17,-0.0006050115540813542
2021-12-18,-0.0006053562337789587
2021-12-19,-0.0006057009134765657
2021-12-20,-0.0006725459771318432
2021-12-21,-0.0006182289660206754
2021-12-22,-0.0006008377059877751
2021-12-23,-0.0006180015260600577
2021-12-24,-0.000618373338524218
2021-12-25,-0.0006187451509883818
2021-12-26,-0.0006191169634525422
2021-12-27,-0.0005808750779277434
2021-12-28,-0.0005734592113388482
2021-12-29,-0.0005862365968367527
2021-12-30,-0.0005408173261196247
2021-12-31,-0.0005171866108367531
2022-01-01,-0.0005173934374872645
2022-01-02,-0.0005176002641377783
2022-01-03,-0.00046598975658488815
2022-01-04,-0.00045010126349497514
2022-01-05,-0.0004312384579621051
2022-01-06,-0.00037845472406785685
2022-01-07,-0.0002453643119791688
2022-01-08,-0.00024519996707679417
2022-01-09,-0.00024503562217441615
2022-01-10,-0.00021237586852390546
2022-01-11,-0.0002080939745075246
2022-01-12,-0.00015062231996060987
2022-01-13,-0.00021710061142393635
2022-01-14,-0.00011170379366337699
2022-01-15,-0.00011137635885903184
2022-01-16,-0.00011104892405468649
2022-01-17,-0.00011072148925033842
2022-01-18,-1.980379762142083e-05
2022-01-19,-1.164500906318804e-05
2022-01-20,-3.2080458246353276e-05
2022-01-21,-3.485905615618619e-05
2022-01-22,-3.4563099698644564e-05
2022-01-23,-3.426714324110489e-05
2022-01-24,-7.5093121527814e-05
2022-01-25,-7.279782773545384e-05
2022-01-26,-0.0001146451339404139
2022-01-27,-0.0001466934697188498
2022-01-28,-0.00013703501204311496
2022-01-29,-0.0001370343540088386
2022-01-30,-0.00013703369597456048
2022-01-31,-5.440761303981501e-05
2022-02-01,-8.474550936883813e-05
2022-02-02,-4.340983712220641e-05
2022-02-03,-6.255822406831793e-05
2022-02-04,-8.693575799372866e-05
2022-02-05,-8.676419483390045e-05
2022-02-06,-8.659263167407256e-05
2022-02-07,-0.0001472921580473398
2022-02-08,-0.00015297441942858502
2022-02-09,-8.004571638471679e-05
2022-02-10,-0.0001457430662292219
2022-02-11,-0.00016574441648485345
2022-02-12,-0.0001657341122471151
2022-02-13,-0.0001657238080093799
2022-02-14,-0.00018293249178410846
2022-02-15,-0.00010447266194342237
2022-02-16,-0.0001220802540807019
2022-02-17,-0.00014658756402822766
2022-02-18,-0.00010975613237571155
2022-02-19,-0.00010962879795867642
2022-02-20,-0.00010950146354164042
2022-02-21,-0.0001093741291246054
2022-02-22,-9.545614724699883e-05
2022-02-23,-0.000121316265853322
2022-02-24,-0.00015230039999092435
2022-02-25,-0.00012196908124661988
2022-02-26,-0.00012189763281014645
2022-02-27,-0.0001218261843736753
2022-02-28,-0.0002371453878803637
2022-03-01,-0.0002863415209658404
2022-03-02,-0.0002613854883098683
2022-03-03,-0.00030673533642272945
2022-03-04,-0.00036811550981958425
2022-03-05,-0.00036874801574650774
2022-03-06,-0.00036938052167343046
2022-03-07,-0.0004555923158532088
2022-03-08,-0.0004448765506457358
2022-03-09,-0.0003297620688460718
2022-03-10,-0.0003791776812245094
2022-03-11,-0.0003981512100010527
2022-03-12,-0.0003988041563391905
2022-03-13,-0.0003994571026773293
2022-03-14,-0.0003610850235603717
2022-03-15,-0.0003372366934872421
2022-03-16,-0.00029388640155442874
2022-03-17,-0.0002875106390675616
2022-03-18,-0.00026011335901046434
2022-03-19,-0.00026032157883437083
2022-03-20,-0.00026052979865827885
2022-03-21,-0.0002870890803688172
2022-03-22,-0.00027168665364802453
2022-03-23,-0.00032656865854843926
2022-03-24,-0.0003168653587224423
2022-03-25,-0.00032834916559039526
2022-03-26,-0.00032874410254217935
2022-03-27,-0.00032913903949396213
2022-03-28,-0.0003321796698452478
2022-03-29,-0.0002932403111758227
2022-03-30,-0.00030889547310351687
2022-03-31,-0.00031017273248473264
2022-04-01,-0.0002806555355291736
2022-04-02,-0.00028077967222052435
2022-04-03,-0.0002809038089118751
2022-04-04,-0.00019670284786732213
2022-04-05,-0.0002312469178122206
2022-04-06,-0.0002471858271983142
2022-04-07,-0.00024894997466261715
2022-04-08,-0.00024623664867315137
2022-04-09,-0.0002462949354679839
2022-04-10,-0.00024635322226281725
2022-04-11,-0.0002603975425849612
2022-04-12,-0.0002808511877501936
2022-04-13,-0.0002858384685882503
2022-04-14,-0.00029871165082590414
2022-04-15,-0.000299144418258966
2022-04-16,-0.00029957718569202803
2022-04-17,-0.000300009953125089
2022-04-18,-0.00034664882110804025
2022-04-19,-0.0003115911095137797
2022-04-20,-0.0002596063495388166
2022-04-21,-0.0002969886150648688
2022-04-22,-0.0003669836186581915
2022-04-23,-0.0003677682690105908
2022-04-24,-0.00036855291936298967
2022-04-25,-0.0003481162607291285
2022-04-26,-0.00038949038796342727
2022-04-27,-0.0003859153526070087
2022-04-28,-0.0003646416843091733
2022-04-29,-0.00042732455393220607
2022-04-30,-0.0004280153625433529
2022-05-01,-0.000428706171154501
2022-05-02,-0.00040560040852376494
2022-05-03,-0.00038569595874267707
2022-05-04,-0.0003524048226877881
2022-05-05,-0.00042947224557880433
2022-05-06,-0.0004402434314171188
2022-05-07,-0.0004412972447888848
2022-05-08,-0.00044235105816065273
2022-05-09,-0.0004803491984793595
2022-05-10,-0.0005017618778524769
2022-05-11,-0.0005234496824609232
2022-05-12,-0.000536460457378363
2022-05-13,-0.0004887954067569358
2022-05-14,-0.0004897035943890191
2022-05-15,-0.0004906117820211041
2022-05-16,-0.0005140876110648464
2022-05-17,-0.00045632147610004045
2022-05-18,-0.0004985204248281653
2022-05-19,-0.0004902288565900492
2022-05-20,-0.000498310247595392
2022-05-21,-0.0004991485726442172
2022-05-22,-0.0004999868976930427
2022-05-23,-0.0004445578472148593
2022-05-24,-0.00045647087645682915
2022-05-25,-0.0004412851718467274
2022-05-26,-0.00040454674268309903
2022-05-27,-0.00036534176041128096
2022-05-28,-0.0003658101306030881
2022-05-29,-0.0003662785007948956
2022-05-30,-0.0003667468709867021
2022-05-31,-0.00038956870181565927
2022-06-01,-0.00039673621880980086
2022-06-02,-0.00038528560629647653
2022-06-03,-0.00040480814161853145
2022-06-04,-0.00040527684913361877
2022-06-05,-0.0004057455566487064
2022-06-06,-0.00040140608782733437
2022-06-07,-0.00039819851577614575
2022-06-08,-0.0004150802383108272
2022-06-09,-0.0004456957492493228
2022-06-10,-0.0004937526625908735
2022-06-11,-0.0004943157798517104
2022-06-12,-0.0004948788971125481
2022-06-13,-0.00047166208663032485
2022-06-14,-0.00047898023881267574
2022-06-15,-0.0004282214861222013
2022-06-16,-0.00044287386886703506
2022-06-17,-0.0005279669354379499
2022-06-18,-0.0005286719281509735
2022-06-19,-0.0005293769208639963
2022-06-20,-0.0005300819135770186
2022-06-21,-0.0005514480183128924
2022-06-22,-0.000547364909007035
2022-06-23,-0.0005561711074007583
2022-06-24,-0.0005059720839105549
2022-06-25,-0.0005063979835372603
2022-06-26,-0.0005068238831639653
2022-06-27,-0.0005086002144760808
2022-06-28,-0.0005025020617837736
2022-06-29,-0.0004867033864994236
2022-06-30,-0.0005149654369014701
2022-07-01,-0.0005092166241689353
2022-07-02,-0.0005098409438234735
2022-07-03,-0.0005104652634780103
2022-07-04,-0.0005110895831325491
2022-07-05,-0.000524609253629519
2022-07-06,-0.0005554827791637236
2022-07-07,-0.0005655227371867732
2022-07-08,-0.0005734463767489531
2022-07-09,-0.0005736553091368923
2022-07-10,-0.0005738642415248302
2022-07-11,-0.000576540590345253
2022-07-12,-0.0005702420789852236
2022-07-13,-0.0005581227416077707
2022-07-14,-0.0005897178485783276
2022-07-15,-0.0005597270000356017
2022-07-16,-0.0005600816778548487
2022-07-17,-0.0005604363556740975
2022-07-18,-0.0005133398357364251
2022-07-19,-0.00044756729912288906
2022-07-20,-0.00043452847188560264
2022-07-21,-0.00041480994063211314
2022-07-22,-0.0004206275297377166
2022-07-23,-0.000421100638488442
2022-07-24,-0.00042157374723916807
2022-07-25,-0.00041857527244076724
2022-07-26,-0.0004359049325393335
2022-07-27,-0.0004167319027834635
2022-07-28,-0.000396578991713806
2022-07-29,-0.0003879821781477531
2022-07-30,-0.00038813379811836906
2022-07-31,-0.0003882854180889857
2022-08-01,-0.0003861685308991995
2022-08-02,-0.0003962282958799152
2022-08-03,-0.0003856253376790769
2022-08-04,-0.00039226886721318416
2022-08-05,-0.00038750455357150124
2022-08-06,-0.00038766219765690906
2022-08-07,-0.0003878198417423162
2022-08-08,-0.0003853985644308572
2022-08-09,-0.0003850413627767694
2022-08-10,-0.00035900165181598927
2022-08-11,-0.0003667377974276066
2022-08-12,-0.0003473702264261392
2022-08-13,-0.00034734617876259577
2022-08-14,-0.00034732213109905366
2022-08-15,-0.00035758957413334325
2022-08-16,-0.0003728690284213489
2022-08-17,-0.00037853122019748187
2022-08-18,-0.00037884151914476774
2022-08-19,-0.0004066053846923513
2022-08-20,-0.0004068191346733416
2022-08-21,-0.0004070328846543308
2022-08-22,-0.0004248069403040508
2022-08-23,-0.0004260231987223864
2022-08-24,-0.0004172999457091823
2022-08-25,-0.00041669354584199887
2022-08-26,-0.00044836132965223
2022-08-27,-0.00044868627921637485
2022-08-28,-0.0004490112287805193
2022-08-29,-0.00045590793267737194
2022-08-30,-0.00045172174900958394
2022-08-31,-0.0004554853655701072
2022-09-01,-0.00044955706380377493
2022-09-02,-0.00045052826397296887
2022-09-03,-0.00045074059944462527
2022-09-04,-0.00045095293491628167
2022-09-05,-0.0004511652703879385
2022-09-06,-0.0004566178376936168
2022-09-07,-0.0004488830494671773
2022-09-08,-0.00044204288471313296
2022-09-09,-0.00044311687020369287
2022-09-10,-0.0004431641178405585
2022-09-11,-0.00044321136547742393
2022-09-12,-0.0004358843338193193
2022-09-13,-0.0004256115153015217
2022-09-14,-0.0004168261197634133
2022-09-15,-0.0004277176181025743
2022-09-16,-0.0004280692612500638
2022-09-17,-0.0004280023178496687
2022-09-18,-0.0004279353744492734
2022-09-19,-0.00042745044111643267
2022-09-20,-0.00042292268802039614
2022-09-21,-0.00042037204807829505
2022-09-22,-0.00041595549857182095
2022-09-23,-0.0004205259356786491
2022-09-24,-0.0004208398206972221
2022-09-25,-0.0004211537057157951
2022-09-26,-0.00043738102545804337
2022-09-27,-0.0004224818271287438
2022-09-28,-0.00039314162818417683
2022-09-29,-0.0004003585294010362
2022-09-30,-0.00044474727035432866
2022-10-01,-0.0004450579299674131
2022-10-02,-0.00044536858958049957
2022-10-03,-0.00042168843949017486
2022-10-04,-0.0004009937722921598
2022-10-05,-0.00041061601119787416
2022-10-06,-0.00041668984119971517
2022-10-07,-0.0004012443547904512
2022-10-08,-0.000401694079419098
2022-10-09,-0.0004021438040477444
2022-10-10,-0.00040735549386847984
2022-10-11,-0.00041518729316810635
2022-10-12,-0.00041879061142132464
2022-10-13,-0.00038061729829576806
2022-10-14,-0.00041425474947624926
2022-10-15,-0.0004146492561470068
2022-10-16,-0.0004150437628177655
2022-10-17,-0.000423371107670603
2022-10-18,-0.0004095445412480815
2022-10-19,-0.0004099666987075299
2022-10-20,-0.00040504347967552706
2022-10-21,-0.00037325344201622856
2022-10-22,-0.0003735928461637225
2022-10-23,-0.00037393225031121663
2022-10-24,-0.0003663925251276121
2022-10-25,-0.0003587664188850839
2022-10-26,-0.0003525619016157568
2022-10-27,-0.00035252674835056937
2022-10-28,-0.00034166238742084536
2022-10-29,-0.0003419763280674013
2022-10-30,-0.0003422902687139574
2022-10-31,-0.0003326351574689187
2022-11-01,-0.0003216825898023877
2022-11-02,-0.0003388539801593923
2022-11-03,-0.00033590421334532636
2022-11-04,-0.00031153218238348635
2022-11-05,-0.000311784695555624
2022-11-06,-0.0003120372087277608
2022-11-07,-0.0002920401194935159
2022-11-08,-0.0002816723286470722
2022-11-09,-0.0002931790080634856
2022-11-10,-0.0002534552213912923
2022-11-11,-0.00022088323351160378
2022-11-12,-0.00022082940868073386
2022-11-13,-0.00022077558384986438
2022-11-14,-0.00021845109707934883
2022-11-15,-0.00019319415393654303
2022-11-16,-0.00021713711448264348
2022-11-17,-0.0002221033666311345
2022-11-18,-0.0002229551859519235
2022-11-19,-0.00022291690590922663
2022-11-20,-0.00022287862586653148
2022-11-21,-0.00023440610284753468
2022-11-22,-0.0002265711526167459
2022-11-23,-0.00021299772822511056
2022-11-24,-0.0002129268668690054
2022-11-25,-0.00019802725989286323
2022-11-26,-0.00019790594112620383
2022-11-27,-0.00019778462235954227
2022-11-28,-0.00020711345760194796
2022-11-29,-0.00019475250302042487
2022-11-30,-0.0001693303277975366
2022-12-01,-0.000187158913852879
2022-12-02,-0.0002109870270386627
2022-12-03,-0.00021093064995704697
2022-12-04,-0.0002108742728754319
2022-12-05,-0.00019204326070074618
2022-12-06,-0.00017981914907650798
2022-12-07,-0.00018333605386940404
2022-12-08,-0.0001751955977365128
2022-12-09,-0.00016945518858583987
2022-12-10,-0.00016925515164273623
2022-12-11,-0.0001690551146996313
2022-12-12,-0.00016976097333202145
2022-12-13,-0.0001766155343874867
2022-12-14,-0.0001635343751829148
2022-12-15,-0.000151446133427035
2022-12-16,-0.00014130314800056142
2022-12-17,-0.00014102224650084944
2022-12-18,-0.00014074134500113682
2022-12-19,-0.00013761875182254774
2022-12-20,-0.0001327333851686176
2022-12-21,-0.00014912431028762073
2022-12-22,-0.00014625270294802068
2022-12-23,-0.00015053932043634704
2022-12-24,-0.00015041811983063699
2022-12-25,-0.00015029691922492715
2022-12-26,-0.00015017571861921752
2022-12-27,-0.0001434196470786735
2022-12-28,-0.00014194420556554654
2022-12-29,-0.0001443795605264636
2022-12-30,-0.00014397398598777855
2022-12-31,-0.00014371618680002088
2023-01-01,-0.0001434583876122632
2023-01-02,-0.00014320058842450618
2023-01-03,-0.00014785449378021463
2023-01-04,-0.00015187387369621202
2023-01-05,-0.0001494030953570985
2023-01-06,-0.00015273510448542723
2023-01-07,-0.00015258212319971764
2023-01-08,-0.00015242914191400847
2023-01-09,-0.00015804078028446326
2023-01-10,-0.00017400849497612955
2023-01-11,-0.00016761519630875102
2023-01-12,-0.0001701468440359823
2023-01-13,-0.000161846785294482
2023-01-14,-0.0001618132340740631
2023-01-15,-0.0001617796828536455
2023-01-16,-0.00016174613163322726
2023-01-17,-0.00014198374472774436
2023-01-18,-0.00013478300241191558
2023-01-19,-0.00013478500478501603
2023-01-20,-0.0001113672891227106
2023-01-21,-0.00011093952743592697
2023-01-22,-0.00011051176574914398
2023-01-23,-0.00012936864108353146
2023-01-24,-0.000124805879899384
2023-01-25,-0.00013929592544431125
2023-01-26,-0.0001404100020016678
2023-01-27,-0.00015114970591108366
2023-01-28,-0.00015115782091801853
2023-01-29,-0.00015116593592495362
2023-01-30,-0.00015099744456899505
2023-01-31,-0.00014503952686584654
2023-02-01,-0.0001732794908821053
2023-02-02,-0.00014692726427093655
2023-02-03,-0.0001427712855548752
2023-02-04,-0.00014272137464620225
2023-02-05,-0.00014267146373752844
2023-02-06,-0.00015029302556106012
2023-02-07,-0.00014949698670667128
2023-02-08,-0.0001408517717270863
2023-02-09,-0.00013542781387285716
2023-02-10,-0.0001354842290470675
2023-02-11,-0.00013540166042019688
2023-02-12,-0.00013531909179332583
2023-02-13,-0.00012742939308050464
2023-02-14,-0.0001141888174086361
2023-02-15,-0.00011988775290420204
2023-02-16,-0.00011613561382435881
2023-02-17,-0.00011078134997689394
2023-02-18,-0.00011057040947871888
2023-02-19,-0.00011035946898054448
2023-02-20,-0.00011014852848236986
2023-02-21,-0.00010229060952110947
2023-02-22,-0.00011037052823811215
2023-02-23,-0.00011207667516595636
2023-02-24,-0.00011783100937085987
2023-02-25,-0.00011780354161803285
2023-02-26,-0.0001177760738652054
2023-02-27,-0.00011707469076656352
2023-02-28,-0.00010219723891132697
2023-03-01,-9.770402710161598e-05
2023-03-02,-9.914472818838482e-05
2023-03-03,-0.00010334339200428503
2023-03-04,-0.00010321072545029712
2023-03-05,-0.00010307805889630942
2023-03-06,-0.00010077802147160611
2023-03-07,-8.740703997429521e-05
2023-03-08,-9.100799450058967e-05
2023-03-09,-8.146837749410532e-05
2023-03-10,-6.995719918718893e-05
2023-03-11,-6.994006787097219e-05
2023-03-12,-6.99229365547548e-05
2023-03-13,-6.919814309668047e-05
2023-03-14,-7.512165172838202e-05
2023-03-15,-4.999550323379746e-05
2023-03-16,-7.872325837685046e-05
2023-03-17,-7.621718513485857e-05
2023-03-18,-7.617023739555913e-05
2023-03-19,-7.61232896562612e-05
2023-03-20,-8.28709297393238e-05
2023-03-21,-9.36436842086173e-05
2023-03-22,-6.196563543646905e-05
2023-03-23,-7.30863906132286e-05
2023-03-24,-7.557533598375583e-05
2023-03-25,-7.556055606179266e-05
2023-03-26,-7.554577613982797e-05
2023-03-27,-8.920427556301236e-05
2023-03-28,-9.815999876574611e-05
2023-03-29,-0.00011902924324910824
2023-03-30,-0.00011922586356413723
2023-03-31,-0.00012969796485130065
2023-04-01,-0.00012949220458737193
2023-04-02,-0.00012928644432344408
2023-04-03,-0.00013009221881815592
2023-04-04,-0.00013097601626198426
2023-04-05,-0.00014621715684606123
2023-04-06,-0.00015587722563446794
2023-04-07,-0.00015549983858295494
2023-04-08,-0.00015512245153144109
2023-04-09,-0.00015474506447992744
2023-04-10,-0.0001441314426922683
2023-04-11,-0.0001602951674469187
2023-04-12,-0.0001800776457488453
2023-04-13,-0.00017954710845982983
2023-04-14,-0.00019883449644423983
2023-04-15,-0.00019838529020841321
2023-04-16,-0.0001979360839725853
2023-04-17,-0.00018693680671301146
2023-04-18,-0.00018098435968191373
2023-04-19,-0.00019651151168235872
2023-04-20,-0.00019850081714648709
2023-04-21,-0.00021292601237709002
2023-04-22,-0.00021246672053343144
2023-04-23,-0.00021200742868977265
2023-04-24,-0.0002141622097855669
2023-04-25,-0.00019767440201272227
2023-04-26,-0.0001930438609799663
2023-04-27,-0.00020093693961076363
2023-04-28,-0.0002053414437668778
2023-04-29,-0.00020497523883435077
2023-04-30,-0.00020460903390182332
2023-05-01,-0.0001998858588425148
2023-05-02,-0.00018280366362254368
2023-05-03,-0.0001736435049589217
2023-05-04,-0.00014569205032602525
2023-05-05,-0.00012328865235408226
2023-05-06,-0.0001230540976564496
2023-05-07,-0.00012281954295881585
2023-05-08,-0.00012405105526237044
2023-05-09,-0.00010359486763133682
2023-05-10,-0.00014600779305768276
2023-05-11,-0.00012067568085688627
2023-05-12,-0.00013646177456216576
2023-05-13,-0.00013611093640894956
2023-05-14,-0.00013576009825573467
2023-05-15,-0.00014079193057908138
2023-05-16,-0.00011742143279950255
2023-05-17,-0.00011828896188589562
2023-05-18,-0.00011425207365162258
2023-05-19,-0.00011058356333105653
2023-05-20,-0.00011038713472972064
2023-05-21,-0.00011019070612838366
2023-05-22,-0.00011123291343264263
2023-05-23,-8.730824593971469e-05
2023-05-24,-8.20890321820535e-05
2023-05-25,-6.506841445393942e-05
2023-05-26,-6.477312653899517e-05
2023-05-27,-6.474701333914574e-05
2023-05-28,-6.472090013929697e-05
2023-05-29,-6.469478693944754e-05
2023-05-30,-6.5563923398543e-05
2023-05-31,-6.50305234201579e-05
2023-06-01,-8.136495216150741e-05
2023-06-02,-9.23129331651157e-05
2023-06-03,-9.2185411091159e-05
2023-06-04,-9.205788901720229e-05
2023-06-05,-8.682774348520942e-05
2023-06-06,-6.468463504945873e-05
2023-06-07,-6.453368104459884e-05
2023-06-08,-6.143280684612956e-05
2023-06-09,-7.57285385204298e-05
2023-06-10,-7.56543923951759e-05
2023-06-11,-7.558024626992134e-05
2023-06-12,-4.7494658212508074e-05
2023-06-13,-5.66098156616244e-05
2023-06-14,-5.363631718852493e-05
2023-06-15,-5.5552142611116004e-05
2023-06-16,-8.221288529305665e-05
2023-06-17,-8.20854773611933e-05
2023-06-18,-8.19580694293308e-05
2023-06-19,-8.183066149746745e-05
2023-06-20,-7.911273786512046e-05
2023-06-21,-0.0001103939231631454
2023-06-22,-0.00011842424503971595
2023-06-23,-0.00012111394378253016
2023-06-24,-0.00012067742182681114
2023-06-25,-0.00012024089987109168
2023-06-26,-0.00010261973105493249
2023-06-27,-0.00012296443927867543
2023-06-28,-0.00012521095611357867
2023-06-29,-0.00014948239901935233
2023-06-30,-0.00015382814385904984
2023-07-01,-0.00015335688315651396
2023-07-02,-0.00015288562245397677
2023-07-03,-0.00018307738992538584
2023-07-04,-0.0001825447882482917
2023-07-05,-9.037199045320373e-05
2023-07-06,-7.313889903865336e-05
2023-07-07,-6.908873414110785e-05
2023-07-08,-6.884461449260196e-05
2023-07-09,-6.86004948440976e-05
2023-07-10,-6.83563751955915e-05
