Date,IBKR - GS Accumulated Oriented Area
2019-01-01,0.0
2019-01-02,0.0
2019-01-03,-1.92178338579467e-08
2019-01-04,1.979258500061607e-06
2019-01-05,1.9003413909764687e-06
2019-01-06,1.8214242818909613e-06
2019-01-07,1.1291677960850099e-05
2019-01-08,1.2090442089209907e-05
2019-01-09,1.4199132481100337e-05
2019-01-10,1.3466662526505953e-05
2019-01-11,1.526383713602954e-05
2019-01-12,1.5600029095363264e-05
2019-01-13,1.593622105469729e-05
2019-01-14,1.2562058958590801e-05
2019-01-15,4.164492530252949e-06
2019-01-16,-3.90858543713554e-05
2019-01-17,-7.322673663842096e-05
2019-01-18,-0.00011988305501228037
2019-01-19,-0.0001193226998285807
2019-01-20,-0.0001187623446448812
2019-01-21,-0.00011820198946118084
2019-01-22,-1.8747887643111325e-05
2019-01-23,3.9512477986535894e-05
2019-01-24,5.976693994152931e-05
2019-01-25,1.3566706822684677e-05
2019-01-26,1.4578981290886258e-05
2019-01-27,1.559125575908788e-05
2019-01-28,4.1930265207711735e-05
2019-01-29,2.691236004947117e-06
2019-01-30,7.347472473667106e-06
2019-01-31,3.856671509959912e-05
2019-02-01,7.32971221601475e-05
2019-02-02,7.433506460806732e-05
2019-02-03,7.537300705598786e-05
2019-02-04,5.117049543931647e-05
2019-02-05,2.3171014518283913e-05
2019-02-06,3.613903902521387e-05
2019-02-07,7.020267330143655e-05
2019-02-08,7.132811707612246e-05
2019-02-09,7.214554164239946e-05
2019-02-10,7.296296620867599e-05
2019-02-11,6.045234121038128e-05
2019-02-12,4.130652287762501e-05
2019-02-13,4.386493645968485e-06
2019-02-14,5.017478933323335e-06
2019-02-15,-8.678821238475418e-06
2019-02-16,-8.036727019955084e-06
2019-02-17,-7.394632801435496e-06
2019-02-18,-6.752538582916098e-06
2019-02-19,-4.9738185523235375e-05
2019-02-20,-4.4151305182913715e-05
2019-02-21,-7.787178266757069e-05
2019-02-22,-9.835822621247427e-05
2019-02-23,-9.813533574037171e-05
2019-02-24,-9.791244526826863e-05
2019-02-25,-0.00011504642198058272
2019-02-26,-7.308729679275785e-05
2019-02-27,-6.683388835348694e-05
2019-02-28,-5.9345127614280575e-05
2019-03-01,-6.545829346335055e-05
2019-03-02,-6.510123641224354e-05
2019-03-03,-6.474417936113628e-05
2019-03-04,-3.798523125961367e-05
2019-03-05,-1.680344993282715e-05
2019-03-06,-1.8360874276406988e-05
2019-03-07,-1.2258222994207935e-05
2019-03-08,2.047643838026686e-05
2019-03-09,2.118440615487993e-05
2019-03-10,2.1892373929493055e-05
2019-03-11,-2.059628157232421e-05
2019-03-12,-2.8886320520878618e-05
2019-03-13,-2.7423992323544206e-05
2019-03-14,-3.5928429446663925e-05
2019-03-15,-3.0856124513290334e-05
2019-03-16,-3.0331990202972824e-05
2019-03-17,-2.9807855892654575e-05
2019-03-18,-5.270226385063142e-05
2019-03-19,-2.4413874815072194e-05
2019-03-20,1.4019539407200536e-05
2019-03-21,4.53288997940367e-05
2019-03-22,0.00010092234101785
2019-03-23,0.0001017137715375433
2019-03-24,0.00010250520205723726
2019-03-25,0.0001107820408635008
2019-03-26,8.543686744675859e-05
2019-03-27,8.84151974945005e-05
2019-03-28,6.595298464331996e-05
2019-03-29,6.244005899172124e-05
2019-03-30,6.308861913947568e-05
2019-03-31,6.37371792872308e-05
2019-04-01,1.2541456435324738e-05
2019-04-02,-1.6094181419750965e-06
2019-04-03,3.842979929711299e-05
2019-04-04,8.216591484381619e-06
2019-04-05,5.6566034089933594e-06
2019-04-06,6.316604870217605e-06
2019-04-07,6.976606331441824e-06
2019-04-08,3.5300442689621415e-06
2019-04-09,2.1627175407768065e-05
2019-04-10,2.832108226454922e-05
2019-04-11,2.9444296099006328e-05
2019-04-12,-1.61237066210299e-05
2019-04-13,-1.5390210348971667e-05
2019-04-14,-1.4656714076912553e-05
2019-04-15,-1.6190369360154887e-05
2019-04-16,-3.957939582869369e-05
2019-04-17,-4.61873411358206e-06
2019-04-18,-2.697433189533398e-05
2019-04-19,-2.6368955567319203e-05
2019-04-20,-2.5763579239304352e-05
2019-04-21,-2.515820291128875e-05
2019-04-22,-2.3200979519748137e-05
2019-04-23,-2.6689962080966287e-05
2019-04-24,-3.066839082392395e-06
2019-04-25,-1.235412353111883e-05
2019-04-26,-2.317936948503563e-06
2019-04-27,-1.6930770585644843e-06
2019-04-28,-1.0682171686260834e-06
2019-04-29,-1.943901388663828e-05
2019-04-30,-3.7710653330217363e-06
2019-05-01,-3.351499859887665e-05
2019-05-02,-5.1269660068157406e-05
2019-05-03,-7.243409728633049e-05
2019-05-04,-7.200221062891469e-05
2019-05-05,-7.157032397149867e-05
2019-05-06,-0.00012941842656270629
2019-05-07,-9.630856463314509e-05
2019-05-08,-8.265018761506189e-05
2019-05-09,-7.38810681378375e-05
2019-05-10,-8.526980157913983e-05
2019-05-11,-8.493080918891378e-05
2019-05-12,-8.459181679868756e-05
2019-05-13,-5.2935008872644244e-05
2019-05-14,-6.0012724875057853e-05
2019-05-15,-4.2095877346207846e-05
2019-05-16,-7.2458784897692e-05
2019-05-17,-6.589817830172999e-05
2019-05-18,-6.554484330130057e-05
2019-05-19,-6.519150830087121e-05
2019-05-20,-3.802586824571831e-05
2019-05-21,-4.0921739809004487e-05
2019-05-22,-3.5774155663932116e-05
2019-05-23,-2.4272154939031305e-05
2019-05-24,-2.1897989633383865e-05
2019-05-25,-2.1416522109908746e-05
2019-05-26,-2.093505458643283e-05
2019-05-27,-2.045358706295721e-05
2019-05-28,-4.216019695347785e-06
2019-05-29,6.748665200451048e-06
2019-05-30,1.0054070467362979e-05
2019-05-31,4.027157794548895e-05
2019-06-01,4.082613933373135e-05
2019-06-02,4.138070072197496e-05
2019-06-03,3.586572628185579e-05
2019-06-04,-9.151921511909133e-06
2019-06-05,-3.0958729494560988e-06
2019-06-06,-1.6097822775846442e-05
2019-06-07,-1.803977568352675e-05
2019-06-08,-1.7763666708752794e-05
2019-06-09,-1.748755773397866e-05
2019-06-10,-2.5506903241569642e-05
2019-06-11,-2.4852108350717394e-05
2019-06-12,-1.0455283727272993e-07
2019-06-13,-1.2331553278502956e-05
2019-06-14,-1.6842753961590696e-05
2019-06-15,-1.6585700204634093e-05
2019-06-16,-1.632864644767749e-05
2019-06-17,-1.3052929469349736e-05
2019-06-18,-2.184273693656819e-05
2019-06-19,-1.6623418757683795e-05
2019-06-20,-1.7211834165725652e-05
2019-06-21,1.3448556529915547e-06
2019-06-22,1.914388356253713e-06
2019-06-23,2.4839210595158713e-06
2019-06-24,7.547304777206186e-06
2019-06-25,9.457615710440492e-06
2019-06-26,1.2558907118882394e-05
2019-06-27,-7.583748612343785e-06
2019-06-28,-4.838536734893216e-05
2019-06-29,-4.7729398243253875e-05
2019-06-30,-4.707342913757503e-05
2019-07-01,-4.1536151589139275e-05
2019-07-02,-1.7154541362052238e-05
2019-07-03,-3.731762515222946e-05
2019-07-04,-3.657839518290433e-05
2019-07-05,-6.87991496722027e-05
2019-07-06,-6.815178084758569e-05
2019-07-07,-6.75044120229693e-05
2019-07-08,-1.2137827557414424e-05
2019-07-09,-3.8848039007291895e-05
2019-07-10,-2.4692330768850555e-06
2019-07-11,-3.494801786863664e-05
2019-07-12,-2.396688152784911e-05
2019-07-13,-2.2874166388818073e-05
2019-07-14,-2.178145124978885e-05
2019-07-15,2.9824070018377833e-05
2019-07-16,2.8888269665252827e-05
2019-07-17,9.206926077897517e-05
2019-07-18,5.173143693541269e-05
2019-07-19,7.70443600110768e-05
2019-07-20,7.84617559899259e-05
2019-07-21,7.987915196877343e-05
2019-07-22,8.522683034145004e-05
2019-07-23,1.1586584855579121e-05
2019-07-24,1.678829073123271e-06
2019-07-25,9.773638125425388e-06
2019-07-26,-2.929383905374939e-05
2019-07-27,-2.7842168386312633e-05
2019-07-28,-2.639049771887734e-05
2019-07-29,-2.0186209294080493e-06
2019-07-30,-3.007409273163652e-05
2019-07-31,-3.150441284664339e-05
2019-08-01,3.9256266016994665e-05
2019-08-02,8.068747371498672e-05
2019-08-03,8.194286474591156e-05
2019-08-04,8.31982557768386e-05
2019-08-05,0.00018381666565886015
2019-08-06,0.00014237773002277217
2019-08-07,0.00016311512284592188
2019-08-08,0.00013977313343580764
2019-08-09,0.00016233908914740227
2019-08-10,0.0001638676404307671
2019-08-11,0.00016539619171413453
2019-08-12,0.0002745452842561806
2019-08-13,0.00022751177251088337
2019-08-14,0.0003715412340353917
2019-08-15,0.00036242097833949233
2019-08-16,0.0003031971314714705
2019-08-17,0.00030467628888558644
2019-08-18,0.00030615544629970207
2019-08-19,0.00025879120425870703
2019-08-20,0.00030237639083856174
2019-08-21,0.0002937172727523565
2019-08-22,0.0002733901670096753
2019-08-23,0.00038299457622776586
2019-08-24,0.00038458825567116544
2019-08-25,0.00038618193511456497
2019-08-26,0.00033703916414569717
2019-08-27,0.00036095646090226666
2019-08-28,0.00031964422606425803
2019-08-29,0.000266135065528514
2019-08-30,0.0002417779538303025
2019-08-31,0.00024329748995404057
2019-09-01,0.0002448170260777787
2019-09-02,0.0002463365622015147
2019-09-03,0.00031277531526162464
2019-09-04,0.0002772539143053202
2019-09-05,0.000196588187466988
2019-09-06,0.0001805602384375351
2019-09-07,0.0001819139795076043
2019-09-08,0.00018326772057767395
2019-09-09,0.00013430779432408086
2019-09-10,8.259225866420248e-05
2019-09-11,3.3189499188841396e-05
2019-09-12,5.124481170759284e-06
2019-09-13,-1.47116180885445e-05
2019-09-14,-1.3436950735583493e-05
2019-09-15,-1.216228338262311e-05
2019-09-16,-6.401993235766862e-06
2019-09-17,8.670076422218715e-06
2019-09-18,1.0035501981019396e-05
2019-09-19,2.274994174886289e-05
2019-09-20,2.4105206171483518e-05
2019-09-21,2.5202248815455185e-05
2019-09-22,2.6299291459424954e-05
2019-09-23,3.200949447919465e-05
2019-09-24,0.00011393129555544416
2019-09-25,7.087501300135664e-05
2019-09-26,8.993419769530076e-05
2019-09-27,5.2749334158885125e-05
2019-09-28,5.3595798362872534e-05
2019-09-29,5.444226256685894e-05
2019-09-30,5.819424736881157e-05
2019-10-01,0.00016280926078211984
2019-10-02,0.00023244118872590134
2019-10-03,0.00024997735471137987
2019-10-04,0.00019687148159824478
2019-10-05,0.00019826977654680429
2019-10-06,0.00019966807149536623
2019-10-07,0.00020657077954150263
2019-10-08,0.0002500837961353743
2019-10-09,0.0002631358197348648
2019-10-10,0.00021078588696513438
2019-10-11,0.00014094467916095114
2019-10-12,0.00014238492621828247
2019-10-13,0.0001438251732756162
2019-10-14,0.00014067615287572172
2019-10-15,0.00012774870546057883
2019-10-16,0.0001351883523958548
2019-10-17,0.00015731531460494363
2019-10-18,0.00016906057362992338
2019-10-19,0.00017094047187919554
2019-10-20,0.00017282037012847118
2019-10-21,0.0001250462262154441
2019-10-22,0.00010786796535900079
2019-10-23,9.472120725923688e-05
2019-10-24,9.357810527580346e-05
2019-10-25,2.658870486089575e-05
2019-10-26,2.8421952468114786e-05
2019-10-27,3.025520007533339e-05
2019-10-28,-4.6671264165756246e-05
2019-10-29,-5.3891430877103016e-05
2019-10-30,-3.5363123546034954e-05
2019-10-31,1.4353666742958414e-05
2019-11-01,-2.511646624555968e-05
2019-11-02,-2.3281402465205147e-05
2019-11-03,-2.1446338684851212e-05
2019-11-04,-3.9601234251061585e-05
2019-11-05,-1.593506673105619e-05
2019-11-06,-1.4994141385113197e-07
2019-11-07,-8.944382938128975e-05
2019-11-08,-9.590859077241587e-05
2019-11-09,-9.395697137798843e-05
2019-11-10,-9.200535198356126e-05
2019-11-11,-3.055513099588171e-07
2019-11-12,-3.018644321461293e-05
2019-11-13,-1.9219941443988204e-05
2019-11-14,-2.1712095303950453e-05
2019-11-15,-2.8413379563131712e-05
2019-11-16,-2.645306760534538e-05
2019-11-17,-2.4492755647559047e-05
2019-11-18,1.4084992707224728e-06
2019-11-19,-2.7746017284836202e-05
2019-11-20,-5.121255298986562e-06
2019-11-21,2.4310095074644273e-06
2019-11-22,-5.3313979097405076e-05
2019-11-23,-5.15468501148717e-05
2019-11-24,-4.9779721132340324e-05
2019-11-25,-0.00011875706303790046
2019-11-26,-0.00010058943726658833
2019-11-27,-0.00011342599692380783
2019-11-28,-0.00011177483313895217
2019-11-29,-6.777549735434332e-05
2019-11-30,-6.604993491409248e-05
2019-12-01,-6.432437247384462e-05
2019-12-02,2.832432508233023e-05
2019-12-03,0.00012519053993246924
2019-12-04,5.2372259307188426e-05
2019-12-05,3.0129762131215067e-05
2019-12-06,-6.273619369430179e-05
2019-12-07,-6.0782882022398154e-05
2019-12-08,-5.8829570350498156e-05
2019-12-09,1.2019821276501282e-05
2019-12-10,7.65163013451874e-06
2019-12-11,1.2129410077068757e-05
2019-12-12,-9.281028802873105e-05
2019-12-13,-3.759172161959509e-05
2019-12-14,-3.558468835460814e-05
2019-12-15,-3.3577655089618206e-05
2019-12-16,-6.882879947619732e-05
2019-12-17,-0.00012191683061748101
2019-12-18,-0.00011255316409317198
2019-12-19,-0.0001181485123591648
2019-12-20,-9.897346489052801e-05
2019-12-21,-9.694813237081908e-05
2019-12-22,-9.492279985110727e-05
2019-12-23,-8.326496417650756e-05
2019-12-24,-8.380816135010965e-05
2019-12-25,-8.168254423781369e-05
2019-12-26,-0.0001193756190331164
2019-12-27,-0.00010444968872545026
2019-12-28,-0.00010236904918184062
2019-12-29,-0.00010028840963822717
2019-12-30,-6.529457465581596e-05
2019-12-31,-6.686250208018889e-05
2020-01-01,-6.472559993940877e-05
2020-01-02,-0.00016848790348900604
2020-01-03,-0.00010692382190429964
2020-01-04,-0.00010483609865544522
2020-01-05,-0.00010274837540659004
2020-01-06,-0.0001416064196342849
2020-01-07,-0.0001504811947496357
2020-01-08,-0.0002167973493451289
2020-01-09,-0.0002985182903039818
2020-01-10,-0.0002862468763662834
2020-01-11,-0.00028413223202253544
2020-01-12,-0.00028201758767878863
2020-01-13,-0.0003415043434354593
2020-01-14,-0.0003445247635230906
2020-01-15,-0.0003130772868401575
2020-01-16,-0.00042522340473900443
2020-01-17,-0.0004396715563146661
2020-01-18,-0.00043763270289943367
2020-01-19,-0.00043559384948420104
2020-01-20,-0.00043355499606896966
2020-01-21,-0.00042867876849144034
2020-01-22,-0.00036031163578396566
2020-01-23,-0.0002930252154502795
2020-01-24,-0.00021527660764039523
2020-01-25,-0.0002130505138190857
2020-01-26,-0.0002108244199977791
2020-01-27,-0.00012529617371481602
2020-01-28,-0.00018681766713491175
2020-01-29,-0.00019560673993895074
2020-01-30,-0.00027282420879776626
2020-01-31,-0.00011606477761548885
2020-02-01,-0.00011382941319838249
2020-02-02,-0.00011159404878127835
2020-02-03,-0.0002886010685646562
2020-02-04,-0.0003971100082772447
2020-02-05,-0.00036349891997067524
2020-02-06,-0.0003230432502065975
2020-02-07,-0.0002875396011923086
2020-02-08,-0.0002859112974191995
2020-02-09,-0.00028428299364609136
2020-02-10,-0.000336996568703973
2020-02-11,-0.0003889050863600627
2020-02-12,-0.00039843103099906744
2020-02-13,-0.00039793110483265696
2020-02-14,-0.00038538494295285947
2020-02-15,-0.0003841772040731889
2020-02-16,-0.0003829694651935179
2020-02-17,-0.0003817617263138469
2020-02-18,-0.0003480647722847183
2020-02-19,-0.00040103437699336533
2020-02-20,-0.00041204560930398107
2020-02-21,-0.00035077053249380093
2020-02-22,-0.0003496752020797072
2020-02-23,-0.00034857987166561237
2020-02-24,-0.00028309842997348744
2020-02-25,-0.0001986962886669636
2020-02-26,-0.00019772050707592617
2020-02-27,-9.809405600991902e-05
2020-02-28,-4.417333851486829e-05
2020-02-29,-4.32279001697055e-05
2020-03-01,-4.228246182454043e-05
2020-03-02,-0.0001100116327832229
2020-03-03,-6.216324797161292e-05
2020-03-04,-0.00012962135148868458
2020-03-05,-5.313518869974853e-06
2020-03-06,9.111678686817164e-05
2020-03-07,9.227933643245693e-05
2020-03-08,9.344188599674216e-05
2020-03-09,0.00035482364316543935
2020-03-10,0.00022504660145448866
2020-03-11,0.0004077313525707617
2020-03-12,0.0007710013824101117
2020-03-13,0.00019180890500489803
2020-03-14,0.00019312658818467166
2020-03-15,0.0001944442713644441
2020-03-16,0.0005699399748368719
2020-03-17,0.0007036421964939637
2020-03-18,0.0009007221322147505
2020-03-19,0.0008238620142184831
2020-03-20,0.0009258959145765871
2020-03-21,0.0009270715721006505
2020-03-22,0.0009282472296247164
2020-03-23,0.0006804579208606766
2020-03-24,0.0005840261275716692
2020-03-25,0.0008162399552844185
2020-03-26,0.0004644650657646776
2020-03-27,0.0005546204048172597
2020-03-28,0.0005558352459521769
2020-03-29,0.0005570500870870956
2020-03-30,0.0005892774570596924
2020-03-31,0.0008453910548406291
2020-04-01,0.0011573694213214635
2020-04-02,0.001146242771397117
2020-04-03,0.0010456229553370945
2020-04-04,0.0010463103595696034
2020-04-05,0.0010469977638021075
2020-04-06,0.0009683653452589159
2020-04-07,0.0006460946450481282
2020-04-08,0.0004443671584130593
2020-04-09,0.0002905573279479829
2020-04-10,0.0002918511522247043
2020-04-11,0.0002931449765014262
2020-04-12,0.0002944388007781436
2020-04-13,0.0003665844137360815
2020-04-14,0.000436687707635998
2020-04-15,0.0003987340347510642
2020-04-16,0.0004800483759787386
2020-04-17,0.00035300392192806217
2020-04-18,0.00035422337719644115
2020-04-19,0.0003554428324648156
2020-04-20,0.0003530443467943203
2020-04-21,0.0004617250660808915
2020-04-22,0.00013576843570038764
2020-04-23,0.0001583458478266237
2020-04-24,4.810409704175244e-05
2020-04-25,5.02635087687379e-05
2020-04-26,5.2422920495729655e-05
2020-04-27,-8.038575040149678e-05
2020-04-28,-0.00022417812144780673
2020-04-29,-0.0002197704637578445
2020-04-30,-4.991879569050961e-05
2020-05-01,0.00015431769079877398
2020-05-02,0.00015609498791358336
2020-05-03,0.0001578722850283992
2020-05-04,0.00016519565823154813
2020-05-05,6.888819959135302e-05
2020-05-06,0.0001115168829846693
2020-05-07,-4.7485565345132576e-05
2020-05-08,-0.00010680217159317611
2020-05-09,-0.00010483510319488141
2020-05-10,-0.0001028680347965813
2020-05-11,-7.862628683719911e-05
2020-05-12,2.8237819833232898e-05
2020-05-13,0.00012658309643157807
2020-05-14,6.724731783470922e-05
2020-05-15,0.00013787746341812273
2020-05-16,0.0001401361377361739
2020-05-17,0.0001423948120542259
2020-05-18,-0.00010188021109928388
2020-05-19,4.766967512670581e-06
2020-05-20,-7.494874332547526e-05
2020-05-21,-3.972263871638161e-05
2020-05-22,-4.071118570013487e-05
2020-05-23,-3.8510938026164565e-05
2020-05-24,-3.631069035219572e-05
2020-05-25,-3.411044267823105e-05
2020-05-26,-0.00048364131679598673
2020-05-27,-0.0007801199884023616
2020-05-28,-0.0005792143980764504
2020-05-29,-0.00046583029673961864
2020-05-30,-0.00046378808594011963
2020-05-31,-0.0004617458751406214
2020-06-01,-0.0005420661730905629
2020-06-02,-0.0006447127426464767
2020-06-03,-0.0007830313638328193
2020-06-04,-0.0008853596688580619
2020-06-05,-0.0009557939702885516
2020-06-06,-0.0009534546704120586
2020-06-07,-0.0009511153705355701
2020-06-08,-0.0010124554029143
2020-06-09,-0.0009517255812447023
2020-06-10,-0.0008496187724744442
2020-06-11,-0.0003356617179729951
2020-06-12,-0.000546884570905569
2020-06-13,-0.000544600460525681
2020-06-14,-0.0005423163501457981
2020-06-15,-0.0006418135290385196
2020-06-16,-0.0007087161650155859
2020-06-17,-0.0006352012860758487
2020-06-18,-0.0005718574153923961
2020-06-19,-0.0005291017774068114
2020-06-20,-0.0005268240618967004
2020-06-21,-0.0005245463463865946
2020-06-22,-0.000581397031841022
2020-06-23,-0.0005988331414389178
2020-06-24,-0.00043306923837954647
2020-06-25,-0.0006630324912662443
2020-06-26,-0.0001869933402503306
2020-06-27,-0.00018479465375165042
2020-06-28,-0.00018259596725296275
2020-06-29,-0.0002618997299599843
2020-06-30,-0.00036493429643020116
2020-07-01,-0.0003433093877964272
2020-07-02,-0.0003081274176646681
2020-07-03,-0.00030616274227720846
2020-07-04,-0.000304198066889752
2020-07-05,-0.00030223339150229093
2020-07-06,-0.000489892792702126
2020-07-07,-0.00026295812185343564
2020-07-08,-0.0002644604144998241
2020-07-09,-0.0001590710345593763
2020-07-10,-0.00030309170922622345
2020-07-11,-0.0003018035929567447
2020-07-12,-0.0003005154766872627
2020-07-13,-0.0003482704536014609
2020-07-14,-0.00040456579148844744
2020-07-15,-0.00042040179866087175
2020-07-16,-0.0004033446940883605
2020-07-17,-0.00036464228904010986
2020-07-18,-0.0003634986623449251
2020-07-19,-0.0003623550356497405
2020-07-20,-0.0003636596312435493
2020-07-21,-0.0003689610608297038
2020-07-22,-0.00027777508531337037
2020-07-23,-0.0002695388261529584
2020-07-24,-0.0002584382570801813
2020-07-25,-0.0002572596378815628
2020-07-26,-0.00025608101868294464
2020-07-27,-0.000262081348966055
2020-07-28,-0.0002521673071677813
2020-07-29,-0.00024527893838830947
2020-07-30,-0.0002094591783607558
2020-07-31,-0.00018502659410261815
2020-08-01,-0.00018395507231181156
2020-08-02,-0.0001828835505210052
2020-08-03,-0.00016901206105538326
2020-08-04,-0.00019666675986910434
2020-08-05,-0.00021368800080718295
2020-08-06,-0.00023567938998028952
2020-08-07,-0.0002872169685133605
2020-08-08,-0.00028612065405794187
2020-08-09,-0.00028502433960252323
2020-08-10,-0.0003373560682040219
2020-08-11,-0.0003599081913443317
2020-08-12,-0.0003502299913141125
2020-08-13,-0.0003002326244415422
2020-08-14,-0.0002614277640938091
2020-08-15,-0.0002604547165734653
2020-08-16,-0.0002594816690531241
2020-08-17,-0.00019404407034987522
2020-08-18,-0.00016802170118189593
2020-08-19,-0.0001740435773746982
2020-08-20,-0.00016316105706800808
2020-08-21,-0.00019460947053751248
2020-08-22,-0.00019367663767282215
2020-08-23,-0.00019274380480813636
2020-08-24,-0.00025321987283300255
2020-08-25,-0.00023611056487751118
2020-08-26,-0.00023043871513306704
2020-08-27,-0.00026005285002749174
2020-08-28,-0.00022234769488829894
2020-08-29,-0.00022151525807914902
2020-08-30,-0.00022068282127000256
2020-08-31,-0.00018903190211678198
2020-09-01,-0.00018839518956438595
2020-09-02,-0.00024765790546850777
2020-09-03,-0.00022415490823943208
2020-09-04,-0.00029287385138972405
2020-09-05,-0.0002918042091757634
2020-09-06,-0.0002907345669617993
2020-09-07,-0.0002896649247478352
2020-09-08,-0.00024037384781211402
2020-09-09,-0.00025174886764934364
2020-09-10,-0.00023276352504076616
2020-09-11,-0.0002411177256281769
2020-09-12,-0.00023968596596605108
2020-09-13,-0.00023825420630391994
2020-09-14,-0.00023401612109742568
2020-09-15,-0.00017812916544797332
2020-09-16,-0.00021760668115077854
2020-09-17,-8.757746067347325e-05
2020-09-18,-6.942240516667243e-05
2020-09-19,-6.822127585315394e-05
2020-09-20,-6.702014653963177e-05
2020-09-21,-5.489284933698677e-05
2020-09-22,4.0662093311527245e-05
2020-09-23,6.913138598162595e-05
2020-09-24,-0.00015235373494178412
2020-09-25,-0.00011950338027956996
2020-09-26,-0.00011822168870471831
2020-09-27,-0.00011693999712986635
2020-09-28,-0.00016388053599930563
2020-09-29,-0.00012634942091236388
2020-09-30,-0.00020336941891091248
2020-10-01,-0.0001416408556218963
2020-10-02,-0.0001530979246822207
2020-10-03,-0.00015189623112354706
2020-10-04,-0.00015069453756487363
2020-10-05,-0.0001598577277714991
2020-10-06,-0.00012719905076874743
2020-10-07,-0.00015108144078130573
2020-10-08,-0.00019702364211146486
2020-10-09,-0.0002117129972353199
2020-10-10,-0.00021056382056820647
2020-10-11,-0.0002094146439010926
2020-10-12,-0.0002955628531235322
2020-10-13,-0.00025715830572823023
2020-10-14,-0.0002953288754832498
2020-10-15,-0.00023163354751968494
2020-10-16,-0.00017667027154610556
2020-10-17,-0.0001755222826754074
2020-10-18,-0.00017437429380471247
2020-10-19,-0.00020135399224840424
2020-10-20,-0.00022885361467804414
2020-10-21,-0.0001410243696182723
2020-10-22,-0.00018113208797125395
2020-10-23,-0.00018275422218394174
2020-10-24,-0.0001815006605786635
2020-10-25,-0.00018024709897338897
2020-10-26,-0.00014506768951255385
2020-10-27,-3.585028446611237e-05
2020-10-28,0.00010096448151184737
2020-10-29,8.002418198076232e-05
2020-10-30,9.081275137556638e-05
2020-10-31,9.194295962985542e-05
2020-11-01,9.307316788413752e-05
2020-11-02,8.209322857145786e-05
2020-11-03,-3.804332437473592e-05
2020-11-04,-5.938782223298487e-05
2020-11-05,-0.00012078255436716366
2020-11-06,-0.00010808319247393948
2020-11-07,-0.00010682114003245883
2020-11-08,-0.0001055590875909837
2020-11-09,-0.0003478917810591526
2020-11-10,-0.0003565127561633867
2020-11-11,-0.0003526558408164359
2020-11-12,-0.0002893694446724419
2020-11-13,-0.0003148912572544396
2020-11-14,-0.00031385540105863426
2020-11-15,-0.000312819544862825
2020-11-16,-0.00033482410927572503
2020-11-17,-0.0003525289631871112
2020-11-18,-0.00038051211080768524
2020-11-19,-0.00037427162427542977
2020-11-20,-0.00036225580660728196
2020-11-21,-0.0003610617901299792
2020-11-22,-0.0003598677736526732
2020-11-23,-0.00044033145173375194
2020-11-24,-0.0005582851797895729
2020-11-25,-0.0005437852664104501
2020-11-26,-0.0005422929222941154
2020-11-27,-0.0005231465347831899
2020-11-28,-0.000521850881104262
2020-11-29,-0.0005205552274253314
2020-11-30,-0.0004633401126796432
2020-12-01,-0.00047285157942585413
2020-12-02,-0.0005356744552278867
2020-12-03,-0.0005093290919589283
2020-12-04,-0.0005546900290611695
2020-12-05,-0.0005534271571611354
2020-12-06,-0.0005521642852611014
2020-12-07,-0.0005370140885778802
2020-12-08,-0.0005402597239490669
2020-12-09,-0.0005868351542283781
2020-12-10,-0.0006028487016849751
2020-12-11,-0.0005519009812265671
2020-12-12,-0.0005506327454473012
2020-12-13,-0.0005493645096680355
2020-12-14,-0.0005228875560440555
2020-12-15,-0.0005726935867108242
2020-12-16,-0.0005882164536449282
2020-12-17,-0.0005995061131721651
2020-12-18,-0.0005801103087715717
2020-12-19,-0.0005792540919647067
2020-12-20,-0.0005783978751578416
2020-12-21,-0.0006825876279371846
2020-12-22,-0.0006547196622174981
2020-12-23,-0.0006947986297362878
2020-12-24,-0.0006953947051730142
2020-12-25,-0.0006944898053827028
2020-12-26,-0.0006935849055923914
2020-12-27,-0.0006926800058020799
2020-12-28,-0.0007262800893425617
2020-12-29,-0.0007066898309800384
2020-12-30,-0.0006914060497689412
2020-12-31,-0.0007291985555063802
2021-01-01,-0.0007281466685708537
2021-01-02,-0.0007270947816353272
2021-01-03,-0.000726042894699802
2021-01-04,-0.0007379275227634517
2021-01-05,-0.0008053873352570954
2021-01-06,-0.0009424010035017031
2021-01-07,-0.0010197857083208749
2021-01-08,-0.0010460185029848028
2021-01-09,-0.0010454109617161465
2021-01-10,-0.00104480342044749
2021-01-11,-0.0010028663994814755
2021-01-12,-0.0010170750156184918
2021-01-13,-0.0010244884871488192
2021-01-14,-0.0009786158125676327
2021-01-15,-0.0009961707271650935
2021-01-16,-0.0009953185614689046
2021-01-17,-0.000994466395772713
2021-01-18,-0.0009936142300765237
2021-01-19,-0.0010257146247430154
2021-01-20,-0.0009689954608938487
2021-01-21,-0.0010050748585090253
2021-01-22,-0.0009946216588348554
2021-01-23,-0.000993930444272321
2021-01-24,-0.000993239229709785
2021-01-25,-0.0009500620133152018
2021-01-26,-0.0009014271513131779
2021-01-27,-0.000803204850444317
2021-01-28,-0.0008177637589935648
2021-01-29,-0.000743989182593113
2021-01-30,-0.0007428402437043519
2021-01-31,-0.0007416913048155906
2021-02-01,-0.0008540930788916419
2021-02-02,-0.0009430429359224694
2021-02-03,-0.0009579074008401982
2021-02-04,-0.000981939397828559
2021-02-05,-0.0010594232313674047
2021-02-06,-0.0010589459509441283
2021-02-07,-0.0010584686705208547
2021-02-08,-0.001044834455903717
2021-02-09,-0.001074256225430829
2021-02-10,-0.0010282701556345564
2021-02-11,-0.0010149496362220592
2021-02-12,-0.0010540391465144333
2021-02-13,-0.0010534359820704216
2021-02-14,-0.0010528328176264102
2021-02-15,-0.0010522296531823982
2021-02-16,-0.0011164720013223663
2021-02-17,-0.001095551023288761
2021-02-18,-0.0011185327787229917
2021-02-19,-0.0010963226048965994
2021-02-20,-0.0010957458523914781
2021-02-21,-0.0010951690998863566
2021-02-22,-0.0010450314347039782
2021-02-23,-0.0009897704223166093
2021-02-24,-0.0010894015672757685
2021-02-25,-0.0010433806979251838
2021-02-26,-0.0009794866815023007
2021-02-27,-0.000978670268844864
2021-02-28,-0.0009778538561874277
2021-03-01,-0.001157226741902776
2021-03-02,-0.0011019076431632267
2021-03-03,-0.0011005749942248773
2021-03-04,-0.001054537681356933
2021-03-05,-0.0010806155532602341
2021-03-06,-0.0010799316816434848
2021-03-07,-0.001079247810026734
2021-03-08,-0.001087182313837793
2021-03-09,-0.0012563605818768483
2021-03-10,-0.0011711840974469399
2021-03-11,-0.0011926053229019957
2021-03-12,-0.0011612240840085494
2021-03-13,-0.0011605591997610343
2021-03-14,-0.0011598943155135175
2021-03-15,-0.0011595266110782272
2021-03-16,-0.0010712709784286084
2021-03-17,-0.0010992854834950558
2021-03-18,-0.001116089297189423
2021-03-19,-0.0011577581127134693
2021-03-20,-0.0011571189932618677
2021-03-21,-0.0011564798738102646
2021-03-22,-0.0011548889340939695
2021-03-23,-0.0010956715309206817
2021-03-24,-0.0010268977465112345
2021-03-25,-0.0009794614016605634
2021-03-26,-0.0009447679521341587
2021-03-27,-0.000943895134687664
2021-03-28,-0.0009430223172411666
2021-03-29,-0.0009228089053859038
2021-03-30,-0.0009003607168895027
2021-03-31,-0.0009446720213916928
2021-04-01,-0.0009730638027785951
2021-04-02,-0.0009722456152316615
2021-04-03,-0.000971427427684727
2021-04-04,-0.0009706092401377901
2021-04-05,-0.0010486092992255753
2021-04-06,-0.0010198500526714305
2021-04-07,-0.0009860532418388569
2021-04-08,-0.000956090559395617
2021-04-09,-0.0009976515109349116
2021-04-10,-0.0009968587568034253
2021-04-11,-0.0009960660026719361
2021-04-12,-0.0009729451011460688
2021-04-13,-0.0009481559776462094
2021-04-14,-0.0010191712607768443
2021-04-15,-0.0010801641420660488
2021-04-16,-0.0010600244400650928
2021-04-17,-0.0010592534222299843
2021-04-18,-0.0010584824043948756
2021-04-19,-0.0010977403329514154
2021-04-20,-0.0009741586998550164
2021-04-21,-0.000924995241799505
2021-04-22,-0.0007999882579764713
2021-04-23,-0.000914655628748915
2021-04-24,-0.0009136479004001957
2021-04-25,-0.0009126401720514758
2021-04-26,-0.0008535054973224756
2021-04-27,-0.0008514864210831109
2021-04-28,-0.0008224847012551447
2021-04-29,-0.0008925257802381324
2021-04-30,-0.0007930970485945594
2021-05-01,-0.000791814385562828
2021-05-02,-0.0007905317225310969
2021-05-03,-0.0007233541699164978
2021-05-04,-0.0007201377882585032
2021-05-05,-0.0006956838912503412
2021-05-06,-0.0006698737648690605
2021-05-07,-0.0006689578934560715
2021-05-08,-0.000667222313055902
2021-05-09,-0.0006654867326557326
2021-05-10,-0.000539863572241107
2021-05-11,-0.00046926467312081565
2021-05-12,-0.0003655687749815489
2021-05-13,-0.000477551834433368
2021-05-14,-0.0006039774975607605
2021-05-15,-0.0006022163018150172
2021-05-16,-0.0006004551060692744
2021-05-17,-0.000572045435907825
2021-05-18,-0.00046898018672733143
2021-05-19,-0.0004004592982721491
2021-05-20,-0.00041601020925909255
2021-05-21,-0.0004554990086856831
2021-05-22,-0.00045359302164344373
2021-05-23,-0.00045168703460120524
2021-05-24,-0.0004338957189067654
2021-05-25,-0.0004259553663636113
2021-05-26,-0.00045473315627961395
2021-05-27,-0.0004348765785670795
2021-05-28,-0.0004607390763416246
2021-05-29,-0.00045877253739254223
2021-05-30,-0.00045680599844346095
2021-05-31,-0.00045483945949437426
2021-06-01,-0.0005055665439583357
2021-06-02,-0.00045727862438619225
2021-06-03,-0.000635545287465197
2021-06-04,-0.0005535368267489509
2021-06-05,-0.0005514328698673482
2021-06-06,-0.0005493289129857451
2021-06-07,-0.0004307527556434046
2021-06-08,-0.0004258218697472014
2021-06-09,-0.000282211441407757
2021-06-10,-0.0002760000280409892
2021-06-11,-0.00028106272242476075
2021-06-12,-0.0002788526473400453
2021-06-13,-0.000276642572255324
2021-06-14,-0.00018518689554387706
2021-06-15,-0.00019656238805764435
2021-06-16,-0.00024788460107374034
2021-06-17,-0.0001764802314336959
2021-06-18,-8.3387530854938e-06
2021-06-19,-6.27137101375636e-06
2021-06-20,-4.2039889420208715e-06
2021-06-21,-9.447583050934565e-05
2021-06-22,-9.63188371545555e-05
2021-06-23,-0.00016993569358664468
2021-06-24,-0.00022807288419075984
2021-06-25,-0.0003000058214416054
2021-06-26,-0.00029801789532138
2021-06-27,-0.00029602996920115895
2021-06-28,-0.00020604960634278027
2021-06-29,-0.00027631670586246914
2021-06-30,-0.0002595771747588107
2021-07-01,-0.00027720434129013165
2021-07-02,-0.0002263593649816523
2021-07-03,-0.00022420345232100343
2021-07-04,-0.0002220475396603589
2021-07-05,-0.00021989162699971522
2021-07-06,-0.00012674229291353392
2021-07-07,-0.00010717174305218714
2021-07-08,1.4255217674627799e-06
2021-07-09,-0.00018076968872097901
2021-07-10,-0.00017861836504626813
2021-07-11,-0.00017646704137155703
2021-07-12,-0.00018022896874865437
2021-07-13,-0.00011729328467530403
2021-07-14,-6.660864393085082e-05
2021-07-15,-6.333181592730708e-05
2021-07-16,4.382247137831724e-05
2021-07-17,4.611988167211537e-05
2021-07-18,4.841729196591177e-05
2021-07-19,0.00016832008288658238
2021-07-20,6.263966710300562e-05
2021-07-21,-2.1114473634049544e-06
2021-07-22,0.00014345205040527118
2021-07-23,0.00017202398996956367
2021-07-24,0.00017465344397114314
2021-07-25,0.0001772828979727198
2021-07-26,0.0001820461623469158
2021-07-27,0.00020708539650857974
2021-07-28,0.00012198570646185063
2021-07-29,5.5746071984870285e-05
2021-07-30,0.0001072926044192585
2021-07-31,0.00010982530913062824
2021-08-01,0.00011235801384199581
2021-08-02,2.1472464002524798e-05
2021-08-03,0.00013066425042992718
2021-08-04,9.835133534707692e-05
2021-08-05,2.7230247981173622e-05
2021-08-06,-0.00012488286210813942
2021-08-07,-0.000122250173183664
2021-08-08,-0.00011961748425918682
2021-08-09,-0.00015247821632996734
2021-08-10,-0.00018283055334256506
2021-08-11,-0.00021751729350527474
2021-08-12,-0.00017759960644310197
2021-08-13,-0.0001312786096795385
2021-08-14,-0.0001284727978917207
2021-08-15,-0.00012566698610390163
2021-08-16,-4.9609267243265e-05
2021-08-17,4.499486270326952e-05
2021-08-18,9.445055428263373e-05
2021-08-19,0.00019170620659701384
2021-08-20,8.810505921944553e-05
2021-08-21,9.087191866706816e-05
2021-08-22,9.363877811469773e-05
2021-08-23,3.2161512825357435e-05
2021-08-24,-6.355595618207088e-05
2021-08-25,-0.00017044697660293187
2021-08-26,-0.00013912722617252142
2021-08-27,-0.00030259904052530487
2021-08-28,-0.0002998978193673033
2021-08-29,-0.000297196598209297
2021-08-30,-0.0001966472976433749
2021-08-31,-0.0002124143993801138
2021-09-01,-0.00027266598283341714
2021-09-02,-0.00020998860241152814
2021-09-03,-0.00018237837721212088
2021-09-04,-0.00017969515566255848
2021-09-05,-0.00017701193411299087
2021-09-06,-0.00017432871256343
2021-09-07,-0.00017884222153727704
2021-09-08,-1.406083220250329e-05
2021-09-09,-1.8653177158839017e-05
2021-09-10,2.0733932430080405e-05
2021-09-11,2.350064984264896e-05
2021-09-12,2.6267367255217514e-05
2021-09-13,5.182488641612779e-05
2021-09-14,0.00015628647842807044
2021-09-15,0.0001471515021824613
2021-09-16,0.00019906745591245453
2021-09-17,0.00022781790294960805
2021-09-18,0.00023057772308787607
2021-09-19,0.00023333754322614497
2021-09-20,0.0004737479226575704
2021-09-21,0.0005141981649694309
2021-09-22,0.00037984352375377704
2021-09-23,0.00018873694786011885
2021-09-24,0.0001550263094485724
2021-09-25,0.0001576574323273992
2021-09-26,0.00016028855520622406
2021-09-27,-0.00011124445489416458
2021-09-28,-2.918221492125483e-05
2021-09-29,2.7414042684125893e-05
2021-09-30,0.00023763111592308892
2021-10-01,7.77840885619501e-05
2021-10-02,8.011012568010412e-05
2021-10-03,8.24361627982564e-05
2021-10-04,0.00015652974261960825
2021-10-05,-0.00010830613035753018
2021-10-06,-0.00025760409990339744
2021-10-07,-0.00035500648213466785
2021-10-08,-0.0004272928634227928
2021-10-09,-0.00042548501683587923
2021-10-10,-0.00042367717024896566
2021-10-11,-0.000429518741001634
2021-10-12,-0.0004197316664001534
2021-10-13,-0.0003700701203153047
2021-10-14,-0.00036428681367222217
2021-10-15,-0.00040328244789791454
2021-10-16,-0.0004012749082746832
2021-10-17,-0.0003992673686514516
2021-10-18,-0.00044756180052416255
2021-10-19,-0.0006029461864939583
2021-10-20,-0.0006925670753193153
2021-10-21,-0.0006271864489810644
2021-10-22,-0.0006534094630055412
2021-10-23,-0.0006516076990799797
2021-10-24,-0.0006498059351544181
2021-10-25,-0.0006074662577600569
2021-10-26,-0.0005167434532271408
2021-10-27,-0.0004338012620308145
2021-10-28,-0.00035042127052463683
2021-10-29,-0.0003648961005527397
2021-10-30,-0.0003627873531662268
2021-10-31,-0.0003606786057797132
2021-11-01,-0.0006281001849703749
2021-11-02,-0.0006169012493836955
2021-11-03,-0.000710026902356987
2021-11-04,-0.0006415978954895554
2021-11-05,-0.0005872800300141807
2021-11-06,-0.000585500796714781
2021-11-07,-0.0005837215634153768
2021-11-08,-0.0005706833339826978
2021-11-09,-0.0005206025325388889
2021-11-10,-0.0005306039807985116
2021-11-11,-0.0005280652831840872
2021-11-12,-0.0005432386857667775
2021-11-13,-0.0005414480413022274
2021-11-14,-0.000539657396837673
2021-11-15,-0.0005800399075816197
2021-11-16,-0.0005984492123545743
2021-11-17,-0.0005654229345608969
2021-11-18,-0.0006077906797199838
2021-11-19,-0.0005998830644986337
2021-11-20,-0.0005983896375702012
2021-11-21,-0.0005968962106417727
2021-11-22,-0.0006880791262692586
2021-11-23,-0.0007187094541359546
2021-11-24,-0.0007660318775534263
2021-11-25,-0.0007646397335058014
2021-11-26,-0.0005810602963565415
2021-11-27,-0.0005795241352460933
2021-11-28,-0.0005779879741356492
2021-11-29,-0.0006350216858152622
2021-11-30,-0.0005453560494834437
2021-12-01,-0.0006057756602144669
2021-12-02,-0.0006844542521772536
2021-12-03,-0.000594327031144571
2021-12-04,-0.0005929176586497201
2021-12-05,-0.0005915082861548693
2021-12-06,-0.0006244291146772385
2021-12-07,-0.0006959145182040044
2021-12-08,-0.0007191974915208767
2021-12-09,-0.000672711021020532
2021-12-10,-0.0006634840000916483
2021-12-11,-0.0006620890257054925
2021-12-12,-0.0006606940513193364
2021-12-13,-0.0006001635135772963
2021-12-14,-0.0006425941502967009
2021-12-15,-0.0006719859529730299
2021-12-16,-0.0007849729621903132
2021-12-17,-0.0007171888010748034
2021-12-18,-0.0007159767450125307
2021-12-19,-0.0007147646889502583
2021-12-20,-0.0006107327470070564
2021-12-21,-0.0007210147720341075
2021-12-22,-0.0007900974859579785
2021-12-23,-0.0008480141479592673
2021-12-24,-0.0008469955079970465
2021-12-25,-0.000845976868034825
2021-12-26,-0.0008449582280726047
2021-12-27,-0.0009032191580248489
2021-12-28,-0.0009114612145958137
2021-12-29,-0.0008893596168527168
2021-12-30,-0.000845156232976312
2021-12-31,-0.0008157954027462333
2022-01-01,-0.0008147596332169613
2022-01-02,-0.0008137238636876899
2022-01-03,-0.0007375403010626417
2022-01-04,-0.000768995987824161
2022-01-05,-0.0006169923597392117
2022-01-06,-0.0006657283363126609
2022-01-07,-0.0006601106378387679
2022-01-08,-0.0006587250853902994
2022-01-09,-0.0006573395329418309
2022-01-10,-0.000581563584719332
2022-01-11,-0.0006659733261595829
2022-01-12,-0.000666264743260183
2022-01-13,-0.0005737156415177788
2022-01-14,-0.0005174608014857421
2022-01-15,-0.0005160588738004367
2022-01-16,-0.0005146569461151281
2022-01-17,-0.0005132550184298232
2022-01-18,-0.0003418195320086172
2022-01-19,-0.0003314885036797698
2022-01-20,-0.0003352709239228119
2022-01-21,-0.00021920221112608877
2022-01-22,-0.00021777893665970104
2022-01-23,-0.00021635566219331136
2022-01-24,-0.00016797586840499841
2022-01-25,-7.863392415604644e-05
2022-01-26,-9.313765461831558e-05
2022-01-27,-4.091922045727412e-05
2022-01-28,-0.00011436377245621155
2022-01-29,-0.00011257676460760366
2022-01-30,-0.0001107897567589936
2022-01-31,-0.00023948157045509673
2022-02-01,-0.00036122233058302755
2022-02-02,-0.0003909387098577125
2022-02-03,-0.0003414597215381013
2022-02-04,-0.00048077892415786423
2022-02-05,-0.0004793837760694443
2022-02-06,-0.0004779886279810269
2022-02-07,-0.00047207394117096944
2022-02-08,-0.0005096009094117421
2022-02-09,-0.0005479373179515887
2022-02-10,-0.0005406750626382253
2022-02-11,-0.00047356879450010606
2022-02-12,-0.00047224157996533594
2022-02-13,-0.00047091436543056624
2022-02-14,-0.0004266076867326565
2022-02-15,-0.0005010032055255433
2022-02-16,-0.0005282427238462043
2022-02-17,-0.000372468956814148
2022-02-18,-0.00032726875472938784
2022-02-19,-0.0003258952340390341
2022-02-20,-0.0003245217133486817
2022-02-21,-0.00032314819265832776
2022-02-22,-0.0002533496271677747
2022-02-23,-0.00015643042049901142
2022-02-24,-0.000178043689933997
2022-02-25,-0.0002873632484512753
2022-02-26,-0.0002857886973473974
2022-02-27,-0.0002842141462435215
2022-02-28,-0.0001559227871291485
2022-03-01,5.423262393644979e-05
2022-03-02,-5.327787432339538e-05
2022-03-03,4.5643895359675016e-05
2022-03-04,0.00015607843313774315
2022-03-05,0.0001583699231054031
2022-03-06,0.00016066141307306673
2022-03-07,0.0002954160044177968
2022-03-08,0.00026899537015599023
2022-03-09,7.822867836774789e-05
2022-03-10,0.00011906310045425037
2022-03-11,0.0001621964755671888
2022-03-12,0.00016421343231700302
2022-03-13,0.00016623038906682028
2022-03-14,0.00017003236419258936
2022-03-15,0.00013259604743687172
2022-03-16,-6.755207160572658e-05
2022-03-17,-5.227473685896116e-05
2022-03-18,-0.0001263773198391866
2022-03-19,-0.00012469195584355092
2022-03-20,-0.0001230065918479135
2022-03-21,-4.076939631614458e-05
2022-03-22,-0.00013573692180100468
2022-03-23,-3.2241521983867715e-05
2022-03-24,-4.686564470531593e-05
2022-03-25,-4.4432933172251776e-05
2022-03-26,-4.278325510200529e-05
2022-03-27,-4.113357703175902e-05
2022-03-28,-4.129084676399164e-05
2022-03-29,-9.89608389273958e-05
2022-03-30,-5.714506408024847e-05
2022-03-31,1.264180137853523e-05
2022-04-01,-4.360037901058721e-06
2022-04-02,-2.8817635489145673e-06
2022-04-03,-1.4034891967691122e-06
2022-04-04,4.362963961765604e-06
2022-04-05,5.436471411891168e-05
2022-04-06,0.00014134612170730253
2022-04-07,0.00016645891107996275
2022-04-08,9.404337305063772e-05
2022-04-09,9.558348974859107e-05
2022-04-10,9.712360644654116e-05
2022-04-11,0.00010356854678946837
2022-04-12,0.0001112510391121362
2022-04-13,8.648167333640271e-05
2022-04-14,9.597473761157162e-05
2022-04-15,9.747733450491216e-05
2022-04-16,9.897993139825357e-05
2022-04-17,0.00010048252829159172
2022-04-18,5.5323540625349527e-05
2022-04-19,-2.479109159143596e-05
2022-04-20,-8.315675453054094e-05
2022-04-21,3.36902935215923e-05
2022-04-22,0.0002284181814774177
2022-04-23,0.00023032649113611083
2022-04-24,0.0002322348007947996
2022-04-25,0.00019584517178310038
2022-04-26,0.00029825088852280927
2022-04-27,0.00030029166124106955
2022-04-28,0.0002389651977944109
2022-04-29,0.0004068969552645913
2022-04-30,0.0004087521070146613
2022-05-01,0.0004106072587647348
2022-05-02,0.0003492926481524182
2022-05-03,0.00030559776160865495
2022-05-04,0.0001765209216358489
2022-05-05,0.00034942457573373356
2022-05-06,0.00037162572774940153
2022-05-07,0.00037410117241879317
2022-05-08,0.00037657661708818914
2022-05-09,0.00046213829239373353
2022-05-10,0.0005285707200584169
2022-05-11,0.0005915616835525854
2022-05-12,0.0006305509488556177
2022-05-13,0.0005043421703165873
2022-05-14,0.0005067115780160757
2022-05-15,0.0005090809857155685
2022-05-16,0.0005709491796276021
2022-05-17,0.00041491408828781906
2022-05-18,0.0005263870952697425
2022-05-19,0.0005025046171811681
2022-05-20,0.0005246581130497769
2022-05-21,0.0005268574989578819
2022-05-22,0.0005290568848659871
2022-05-23,0.0003827642818073247
2022-05-24,0.0004311072960841748
2022-05-25,0.00041386796809295633
2022-05-26,0.0002792297663818885
2022-05-27,0.0001992870897750546
2022-05-28,0.00020129757095778238
2022-05-29,0.00020330805214051036
2022-05-30,0.00020531853332323856
2022-05-31,0.00022144189150769054
2022-06-01,0.0002995927700355863
2022-06-02,0.0002607260300729953
2022-06-03,0.0003390248841951603
2022-06-04,0.00034101021192623274
2022-06-05,0.0003429955396573052
2022-06-06,0.0003184393303791149
2022-06-07,0.0003090183413932857
2022-06-08,0.0004096769233886302
2022-06-09,0.0005596546455453599
2022-06-10,0.000817633241650066
2022-06-11,0.0008195482495852683
2022-06-12,0.0008214632575204697
2022-06-13,0.0008490815839528748
2022-06-14,0.000890977038473378
2022-06-15,0.0007813603814239242
2022-06-16,0.0008451751584928611
2022-06-17,0.0009591784052245121
2022-06-18,0.000961043431080165
2022-06-19,0.0009629084569358166
2022-06-20,0.0009647734827914652
2022-06-21,0.000923549215020665
2022-06-22,0.0009138999245265587
2022-06-23,0.0008814846744060259
2022-06-24,0.0006438599459815122
2022-06-25,0.0006458094563317693
2022-06-26,0.0006477589666820226
2022-06-27,0.0006776027544705867
2022-06-28,0.000693804390389599
2022-06-29,0.0006328285422971707
2022-06-30,0.0007214032738361844
2022-07-01,0.0006940919457361278
2022-07-02,0.0006962674390101763
2022-07-03,0.0006984429322842206
2022-07-04,0.0007006184255582697
2022-07-05,0.0007469476314045059
2022-07-06,0.0007931492609105075
2022-07-07,0.0007291973120932766
2022-07-08,0.0007589918733900154
2022-07-09,0.0007610747637193864
2022-07-10,0.0007631576540487529
2022-07-11,0.000791781106807253
2022-07-12,0.0008071930556064536
2022-07-13,0.0008577655570622517
2022-07-14,0.0010061605152493587
2022-07-15,0.0008023385708557456
2022-07-16,0.0008045478612284502
2022-07-17,0.0008067571516011593
2022-07-18,0.0006809710056901127
2022-07-19,0.0004170952269328531
2022-07-20,0.00037008155118435117
2022-07-21,0.0002936465004643486
2022-07-22,0.00033905190479492837
2022-07-23,0.0003415119084928353
2022-07-24,0.00034397191219074676
2022-07-25,0.0003392426837314053
2022-07-26,0.0004318336897450477
2022-07-27,0.0003365607492003971
2022-07-28,0.00026691250711198804
2022-07-29,0.00020534426410994755
2022-07-30,0.0002076850124892852
2022-07-31,0.00021002576086862675
2022-08-01,0.00026003073276571623
2022-08-02,0.0003108668524789834
2022-08-03,0.0002249439719530376
2022-08-04,0.00022427567033158485
2022-08-05,0.0001877036064503665
2022-08-06,0.0001897726393111877
2022-08-07,0.0001918416721720089
2022-08-08,0.00019606414096874896
2022-08-09,0.00017840043355832726
2022-08-10,3.200349553240944e-05
2022-08-11,-3.427819039126352e-05
2022-08-12,-8.880475339109956e-05
2022-08-13,-8.686461453674818e-05
2022-08-14,-8.49244756823968e-05
2022-08-15,-0.00010850753509597869
2022-08-16,-0.00010543142548326842
2022-08-17,-7.880760791254904e-05
2022-08-18,-5.6668573464552924e-05
2022-08-19,2.5342434894006036e-05
2022-08-20,2.7472987150022488e-05
2022-08-21,2.9603539406038507e-05
2022-08-22,0.0001097272452617792
2022-08-23,0.00014367592720648022
2022-08-24,0.00011755067305676886
2022-08-25,5.539189329768681e-05
2022-08-26,0.00019647379340580846
2022-08-27,0.00019854633084882443
2022-08-28,0.00020061886829183737
2022-08-29,0.00023758836556814168
2022-08-30,0.0002466525720076452
2022-08-31,0.00025326500906599635
2022-09-01,0.0002349178274484358
2022-09-02,0.0002684257103453586
2022-09-03,0.0002704105258202641
2022-09-04,0.00027239534129516567
2022-09-05,0.00027438015677007073
2022-09-06,0.0003164294507138105
2022-09-07,0.0002721086790013058
2022-09-08,0.00022608501164017103
2022-09-09,0.00017226568198710828
2022-09-10,0.0001736591785130629
2022-09-11,0.0001750526750390149
2022-09-12,0.00015108583094200012
2022-09-13,0.00026481765770371537
2022-09-14,0.00026957018512849284
2022-09-15,0.00024202797063149176
2022-09-16,0.00029277641011680403
2022-09-17,0.0002941100981754606
2022-09-18,0.0002954437862341202
2022-09-19,0.0002740816784824176
2022-09-20,0.00032232862709960074
2022-09-21,0.0003461513316945701
2022-09-22,0.00041817168732371244
2022-09-23,0.0005221771556484396
2022-09-24,0.0005234592322967157
2022-09-25,0.0005247413089449948
2022-09-26,0.0005982723088617616
2022-09-27,0.000637980089054195
2022-09-28,0.0005581218612219969
2022-09-29,0.0005969387306751421
2022-09-30,0.0006258467473402541
2022-10-01,0.0006270674547328404
2022-10-02,0.0006282881621254299
2022-10-03,0.0005498886982580379
2022-10-04,0.00042838327668174095
2022-10-05,0.0004894763116089502
2022-10-06,0.0005514226656556996
2022-10-07,0.000573400299131857
2022-10-08,0.00057419212100362
2022-10-09,0.0005749839428753829
2022-10-10,0.0005762440211306724
2022-10-11,0.0006076665254797005
2022-10-12,0.0006116539190108403
2022-10-13,0.0005465287782028792
2022-10-14,0.0005735289678688951
2022-10-15,0.0005744213854116159
2022-10-16,0.0005753138029543367
2022-10-17,0.0005199921891456932
2022-10-18,0.0004904697782644656
2022-10-19,0.0005464647397036752
2022-10-20,0.0005481556965090434
2022-10-21,0.0004947294374179152
2022-10-22,0.0004952590764726928
2022-10-23,0.0004957887155274704
2022-10-24,0.0004815886000967705
2022-10-25,0.00046748489047641743
2022-10-26,0.00046033355674525715
2022-10-27,0.0004495394660533568
2022-10-28,0.00044108713497272327
2022-10-29,0.00044156208663248
2022-10-30,0.00044203703829223673
2022-10-31,0.00043703152291423345
2022-11-01,0.0004285090952709982
2022-11-02,0.0004274379025737806
2022-11-03,0.0004254907193105232
2022-11-04,0.0004206381510455338
2022-11-05,0.0004213616393790808
2022-11-06,0.00042208512771262845
2022-11-07,0.0004080786951838611
2022-11-08,0.00040304509075882286
2022-11-09,0.00043974679616345176
2022-11-10,0.0003876629316334958
2022-11-11,0.0004890906069701826
2022-11-12,0.0004906449145686232
2022-11-13,0.0004921992221670643
2022-11-14,0.0005033054451052176
2022-11-15,0.0004371433884857558
2022-11-16,0.0004851353661034284
2022-11-17,0.0004859842938351221
2022-11-18,0.0004881995635989582
2022-11-19,0.0004895546543878481
2022-11-20,0.0004909097451767346
2022-11-21,0.0004859621373322458
2022-11-22,0.00040980104811674865
2022-11-23,0.00039377282763030947
2022-11-24,0.0003949534004665642
2022-11-25,0.00040059267838769017
2022-11-26,0.00040184179103634884
2022-11-27,0.00040309090368500665
2022-11-28,0.00040320861562697665
2022-11-29,0.0003706254980707967
2022-11-30,0.00035445129430396356
2022-12-01,0.0004008133879340801
2022-12-02,0.000409564299883659
2022-12-03,0.000410633968295901
2022-12-04,0.0004117036367081439
2022-12-05,0.0004618702101418645
2022-12-06,0.0004736645930597883
2022-12-07,0.000519539643258702
2022-12-08,0.0005262570745473466
2022-12-09,0.0005323218055409771
2022-12-10,0.0005333992811074764
2022-12-11,0.0005344767566739773
2022-12-12,0.0005318134277001489
2022-12-13,0.0005352529514697955
2022-12-14,0.0006028028373680717
2022-12-15,0.0006971776937123616
2022-12-16,0.0007284911521554364
2022-12-17,0.0007299296637042776
2022-12-18,0.0007313681752531213
2022-12-19,0.0007478714758021405
2022-12-20,0.0007442120559327571
2022-12-21,0.0006985773938380686
2022-12-22,0.0007329048591753612
2022-12-23,0.0007266121501114421
2022-12-24,0.0007276625579215696
2022-12-25,0.0007287129657316972
2022-12-26,0.0007297633735418229
2022-12-27,0.0007546276682304049
2022-12-28,0.0007633357908721626
2022-12-29,0.0007472550313660428
2022-12-30,0.0007500562429729341
2022-12-31,0.0007511998300840264
2023-01-01,0.0007523434171951182
2023-01-02,0.0007534870043062081
2023-01-03,0.0007371623353186949
2023-01-04,0.0007250077188696734
2023-01-05,0.0007548368354085258
2023-01-06,0.0007217821582425456
2023-01-07,0.000722873573226852
2023-01-08,0.0007239649882111558
2023-01-09,0.0006904156459439704
2023-01-10,0.0006610647323948848
2023-01-11,0.0006387254942317841
2023-01-12,0.0006076731402723738
2023-01-13,0.0005537651964029886
2023-01-14,0.0005548788847909625
2023-01-15,0.000555992573178935
2023-01-16,0.0005571062615669102
2023-01-17,0.0006604076380663667
2023-01-18,0.0006504362207126423
2023-01-19,0.0006536223798332722
2023-01-20,0.0006863784863286437
2023-01-21,0.0006869495929996651
2023-01-22,0.0006875206996706854
2023-01-23,0.0006621010387709144
2023-01-24,0.0006683507490626564
2023-01-25,0.0006649646129419445
2023-01-26,0.000644895373609325
2023-01-27,0.0006581100674306051
2023-01-28,0.0006589487426905882
2023-01-29,0.0006597874179505726
2023-01-30,0.0006432696871902948
2023-01-31,0.0005951644073167951
2023-02-01,0.0005726380303422902
2023-02-02,0.0005789567442748196
2023-02-03,0.000541353503349287
2023-02-04,0.0005418691488654748
2023-02-05,0.0005423847943816622
2023-02-06,0.0005377476229663856
2023-02-07,0.0005186046553296438
2023-02-08,0.0005133956193121394
2023-02-09,0.000516054727416803
2023-02-10,0.0005167659424417062
2023-02-11,0.0005171462715041642
2023-02-12,0.0005175266005666224
2023-02-13,0.0005139687068043543
2023-02-14,0.0005168367195854497
2023-02-15,0.0005083362791835876
2023-02-16,0.0005041282631304375
2023-02-17,0.0005116734384293898
2023-02-18,0.000511982568396433
2023-02-19,0.0005122916983634762
2023-02-20,0.0005126008283305194
2023-02-21,0.0005119619921071699
2023-02-22,0.0005178187981693231
2023-02-23,0.0005167795625577009
2023-02-24,0.0005146942766185714
2023-02-25,0.0005149713963165442
2023-02-26,0.0005152485160145172
2023-02-27,0.00051515600118874
2023-02-28,0.0005246303103311563
2023-03-01,0.0005269451888808489
2023-03-02,0.0005282446312241521
2023-03-03,0.0005317106879564545
2023-03-04,0.0005316974007849283
2023-03-05,0.0005316841136134023
2023-03-06,0.000535032192206629
2023-03-07,0.0005319731034772203
2023-03-08,0.0005340038160173471
2023-03-09,0.000528096808072413
2023-03-10,0.0005232611296087746
2023-03-11,0.0005235329403740264
2023-03-12,0.0005238047511392783
2023-03-13,0.0005245724833987239
2023-03-14,0.0005517564788328972
2023-03-15,0.000532941688345556
2023-03-16,0.0005544520707238905
2023-03-17,0.000576223787197308
2023-03-18,0.0005765189274065908
2023-03-19,0.0005768140676158735
2023-03-20,0.0006112300712283216
2023-03-21,0.0006539509106043557
2023-03-22,0.0006151480398873493
2023-03-23,0.0006109662088660194
2023-03-24,0.0005699290874893099
2023-03-25,0.0005702559253586898
2023-03-26,0.000570582763228068
2023-03-27,0.0005901646190206616
2023-03-28,0.0005987595311773191
2023-03-29,0.0006088502594204436
2023-03-30,0.0006072522117147763
2023-03-31,0.0006089832364727127
2023-04-01,0.0006090702127013441
2023-04-02,0.000609157188929974
2023-04-03,0.0006092526758299987
2023-04-04,0.0006005932271116465
2023-04-05,0.000590766538429846
2023-04-06,0.0005762431203938877
2023-04-07,0.0005765130183948341
2023-04-08,0.0005767829163957805
2023-04-09,0.0005770528143967243
2023-04-10,0.0005763307509523694
2023-04-11,0.0005695251183428364
2023-04-12,0.0005733712103219381
2023-04-13,0.0005749131587994489
2023-04-14,0.0005728447127738485
2023-04-15,0.0005730151895427182
2023-04-16,0.0005731856663115881
2023-04-17,0.0005713838200585388
2023-04-18,0.0005932185632393735
2023-04-19,0.0005803336155578555
2023-04-20,0.0005547997154886971
2023-04-21,0.0005384718125459953
2023-04-22,0.0005388650614463026
2023-04-23,0.0005392583103466114
2023-04-24,0.0005294396647902622
2023-04-25,0.0005339154438240069
2023-04-26,0.0005302006745908157
2023-04-27,0.0005113219309610673
2023-04-28,0.0005013169916476632
2023-04-29,0.0005019957899441688
2023-04-30,0.000502674588240676
2023-05-01,0.0005139449931299035
2023-05-02,0.000528286117609662
2023-05-03,0.0005436292031031455
2023-05-04,0.0005902223704174685
2023-05-05,0.000643504077708278
2023-05-06,0.0006440700875655159
2023-05-07,0.0006446360974227538
2023-05-08,0.0006751299235413044
2023-05-09,0.0006835116349003189
2023-05-10,0.0006737633872997445
2023-05-11,0.0006689733253790386
2023-05-12,0.0006763179494205639
2023-05-13,0.0006768446672785256
2023-05-14,0.0006773713851364873
2023-05-15,0.0006778510757432799
2023-05-16,0.0006506355544118139
2023-05-17,0.0005719299336758069
2023-05-18,0.0005974917376303842
2023-05-19,0.0006174103376390956
2023-05-20,0.0006180588959170074
2023-05-21,0.0006187074541949172
2023-05-22,0.0006338146062881622
2023-05-23,0.0006253193885113245
2023-05-24,0.0006775209135538097
2023-05-25,0.0006801296260450598
2023-05-26,0.0006510168244738322
2023-05-27,0.0006515039005807761
2023-05-28,0.0006519909766877186
2023-05-29,0.0006524780527946625
2023-05-30,0.0006693755690508317
2023-05-31,0.0006799363925631256
2023-06-01,0.0007558693218655006
2023-06-02,0.0007616079955973204
2023-06-03,0.0007618086160246734
2023-06-04,0.000762009236452025
2023-06-05,0.0007702382088995543
2023-06-06,0.0007615650473784515
2023-06-07,0.000711103464251233
2023-06-08,0.0006960370782562817
2023-06-09,0.000698716766199511
2023-06-10,0.0006991403693139462
2023-06-11,0.0006995639724283833
2023-06-12,0.0006402393628812629
2023-06-13,0.0006450586671773013
2023-06-14,0.0006802802787935797
2023-06-15,0.0006896688733831497
2023-06-16,0.0006880788430076263
2023-06-17,0.0006884948108595512
2023-06-18,0.0006889107787114775
2023-06-19,0.0006893267465634025
2023-06-20,0.0007284989991513536
2023-06-21,0.000749982091143033
2023-06-22,0.0007738183133053896
2023-06-23,0.0008129254963796387
2023-06-24,0.0008130384548750891
2023-06-25,0.0008131514133705429
2023-06-26,0.0008118968116582019
2023-06-27,0.0008455887793607638
2023-06-28,0.0008244027266814345
2023-06-29,0.0008447557315580786
2023-06-30,0.000852704451842488
2023-07-01,0.0008526891754830274
2023-07-02,0.0008526738991235685
2023-07-03,0.0008504312626754821
2023-07-04,0.0008504249935895876
2023-07-05,0.0008867103550893336
2023-07-06,0.0009175679144750668
2023-07-07,0.0009514610267815872
2023-07-08,0.0009511136602022765
2023-07-09,0.000950766293622968
2023-07-10,0.0009504189270436595
