Date,MS - GS Accumulated Oriented Area
2019-01-01,0.0
2019-01-02,0.0
2019-01-03,6.274311333317957e-09
2019-01-04,1.0226467895884282e-07
2019-01-05,1.0581736381285548e-07
2019-01-06,1.0937004866669449e-07
2019-01-07,-3.273314566028003e-07
2019-01-08,-1.2218551902217358e-07
2019-01-09,9.968066333378172e-08
2019-01-10,-2.1959922136920812e-07
2019-01-11,7.487630175160907e-07
2019-01-12,7.681275579652112e-07
2019-01-13,7.874920984141038e-07
2019-01-14,-5.992802636239088e-07
2019-01-15,-8.031945467824754e-07
2019-01-16,3.161754457754312e-05
2019-01-17,9.897360923433785e-05
2019-01-18,6.946148183330494e-05
2019-01-19,7.009285024507292e-05
2019-01-20,7.072421865684032e-05
2019-01-21,7.135558706860773e-05
2019-01-22,0.00010172140450557541
2019-01-23,0.00010887678762272125
2019-01-24,0.00011379018247266199
2019-01-25,9.009245317134218e-05
2019-01-26,9.074566940246556e-05
2019-01-27,9.139888563358892e-05
2019-01-28,0.00010067151140795208
2019-01-29,0.00010793899170657078
2019-01-30,0.00010205754306475678
2019-01-31,0.00011111901142770314
2019-02-01,0.00012416228019936995
2019-02-02,0.00012481392865422834
2019-02-03,0.0001254655771090867
2019-02-04,0.0001090798251103943
2019-02-05,0.00011041292622965236
2019-02-06,0.00011110949217218256
2019-02-07,0.00013207002221088214
2019-02-08,0.000148361467451494
2019-02-09,0.00014897391119555426
2019-02-10,0.00014958635493961492
2019-02-11,0.0001637098654008042
2019-02-12,0.00013934569337065175
2019-02-13,0.00013893192850744177
2019-02-14,0.000152267955466253
2019-02-15,0.00011883905413215948
2019-02-16,0.00011953234266114813
2019-02-17,0.00012022563119013624
2019-02-18,0.00012091891971912442
2019-02-19,0.00011681118915441016
2019-02-20,0.00010999491028474543
2019-02-21,0.00012169258327689582
2019-02-22,0.00012660588755437254
2019-02-23,0.00012724409459669662
2019-02-24,0.00012788230163902025
2019-02-25,0.00011860673175631973
2019-02-26,0.00011325321560798225
2019-02-27,0.00010912710992812545
2019-02-28,0.0001242405223676932
2019-03-01,0.00011192990453620839
2019-03-02,0.00011255774398654404
2019-03-03,0.00011318558343687983
2019-03-04,0.00012569636079611476
2019-03-05,0.00012873123978079086
2019-03-06,0.00013626549672352285
2019-03-07,0.00014807018522551481
2019-03-08,0.00014218394919500777
2019-03-09,0.00014284662397769394
2019-03-10,0.00014350929876037996
2019-03-11,0.00013232071597698252
2019-03-12,0.0001285076869464545
2019-03-13,0.00011994136077020499
2019-03-14,0.00011377954766048277
2019-03-15,9.927365880700348e-05
2019-03-16,9.981327130226067e-05
2019-03-17,0.00010035288379751765
2019-03-18,8.88439865951627e-05
2019-03-19,8.910100611738726e-05
2019-03-20,0.00010231525545512641
2019-03-21,0.00010098631809785239
2019-03-22,0.00012511093488398354
2019-03-23,0.00012553380908760788
2019-03-24,0.0001259566832912324
2019-03-25,0.0001331163440880748
2019-03-26,0.00012213949204653015
2019-03-27,0.00013095679169699146
2019-03-28,0.00012169564260755147
2019-03-29,0.00011731462495424524
2019-03-30,0.00011778126543278529
2019-03-31,0.0001182479059113254
2019-04-01,9.489133946639556e-05
2019-04-02,9.252452182800332e-05
2019-04-03,8.210475694617143e-05
2019-04-04,7.137463711375239e-05
2019-04-05,7.302512958602075e-05
2019-04-06,7.352445287596571e-05
2019-04-07,7.402377616591124e-05
2019-04-08,7.279789504684148e-05
2019-04-09,8.776198483399283e-05
2019-04-10,8.732542448752469e-05
2019-04-11,7.826688412776473e-05
2019-04-12,4.030606200443473e-05
2019-04-13,4.078572584589683e-05
2019-04-14,4.126538968735826e-05
2019-04-15,2.8449267598313786e-05
2019-04-16,1.4741646029393643e-05
2019-04-17,1.2082289194959154e-05
2019-04-18,2.2286749050152084e-05
2019-04-19,2.262450250541753e-05
2019-04-20,2.2962255960682684e-05
2019-04-21,2.3300009415947274e-05
2019-04-22,2.4568023953296323e-05
2019-04-23,2.1327623450657115e-05
2019-04-24,4.784154296397274e-06
2019-04-25,1.0765032192653304e-05
2019-04-26,5.116207192014871e-06
2019-04-27,5.336357772541012e-06
2019-04-28,5.55650835306716e-06
2019-04-29,1.1083445112331208e-05
2019-04-30,1.1670287499461267e-05
2019-05-01,2.3516945389889687e-05
2019-05-02,1.901504142211422e-05
2019-05-03,2.4703013303362627e-05
2019-05-04,2.50385944242479e-05
2019-05-05,2.5374175545134027e-05
2019-05-06,3.0039247539250736e-05
2019-05-07,3.9929473362816796e-05
2019-05-08,3.8622598424401663e-05
2019-05-09,4.272578853476465e-05
2019-05-10,4.6676050602930895e-05
2019-05-11,4.7018405990782845e-05
2019-05-12,4.7360761378635304e-05
2019-05-13,7.494115477714561e-05
2019-05-14,7.834435116246325e-05
2019-05-15,8.052851996063066e-05
2019-05-16,7.509575735631408e-05
2019-05-17,8.233067747151241e-05
2019-05-18,8.278595703175605e-05
2019-05-19,8.324123659199967e-05
2019-05-20,8.387878507829831e-05
2019-05-21,7.561502683638893e-05
2019-05-22,9.106287718016076e-05
2019-05-23,0.0001050391515595209
2019-05-24,0.00010124730843783002
2019-05-25,0.00010166283097206414
2019-05-26,0.00010207835350629847
2019-05-27,0.00010249387604053303
2019-05-28,0.00011678339374518906
2019-05-29,0.00012048442257847646
2019-05-30,0.00012425101660095393
2019-05-31,0.00014384906068164394
2019-06-01,0.0001441758235059384
2019-06-02,0.00014450258633023354
2019-06-03,0.0001416687973469262
2019-06-04,0.00011498211514642212
2019-06-05,0.0001189976111625012
2019-06-06,0.00011433849294126863
2019-06-07,0.00011533061518580922
2019-06-08,0.00011567273892344923
2019-06-09,0.00011601486266108949
2019-06-10,0.00010367532075184402
2019-06-11,9.914782764289445e-05
2019-06-12,0.00011623773565585931
2019-06-13,0.00011174550372272273
2019-06-14,0.00011263602616753339
2019-06-15,0.00011302424886264179
2019-06-16,0.00011341247155775006
2019-06-17,0.0001179061346908565
2019-06-18,0.00010231891783796684
2019-06-19,0.00010384187644697538
2019-06-20,0.0001005154976656684
2019-06-21,9.921336693727008e-05
2019-06-22,9.965438303379255e-05
2019-06-23,0.00010009539913031503
2019-06-24,0.00010403214242448691
2019-06-25,0.00011309185614259184
2019-06-26,0.00010730958492210112
2019-06-27,9.63726324535227e-05
2019-06-28,8.321785821454048e-05
2019-06-29,8.38981836355897e-05
2019-06-30,8.457850905663894e-05
2019-07-01,7.924165748813332e-05
2019-07-02,8.382734727076769e-05
2019-07-03,8.098445822114791e-05
2019-07-04,8.16884715317603e-05
2019-07-05,7.523094650527807e-05
2019-07-06,7.596654911650368e-05
2019-07-07,7.670215172772931e-05
2019-07-08,9.673106068084279e-05
2019-07-09,8.739748681761345e-05
2019-07-10,0.00010209282001797614
2019-07-11,7.269791817238754e-05
2019-07-12,5.211864318507137e-05
2019-07-13,5.295993515470437e-05
2019-07-14,5.380122712433725e-05
2019-07-15,6.871406057282041e-05
2019-07-16,6.513427192195073e-05
2019-07-17,8.867777258295345e-05
2019-07-18,6.887336276950462e-05
2019-07-19,7.213482491341054e-05
2019-07-20,7.30142171859209e-05
2019-07-21,7.389360945843102e-05
2019-07-22,7.110304374445728e-05
2019-07-23,4.868830128838354e-05
2019-07-24,3.4893287511614213e-05
2019-07-25,5.8746413894082415e-05
2019-07-26,2.8900404143508126e-05
2019-07-27,2.9881703782656617e-05
2019-07-28,3.0863003421805786e-05
2019-07-29,4.98770717584285e-05
2019-07-30,6.885535324355511e-05
2019-07-31,7.532545354776835e-05
2019-08-01,0.00014378202048469195
2019-08-02,0.00017266581648735918
2019-08-03,0.00017366993387657955
2019-08-04,0.0001746740512658011
2019-08-05,0.0002471813485911149
2019-08-06,0.00021017765816280028
2019-08-07,0.0002254470566704344
2019-08-08,0.0002051990909639668
2019-08-09,0.00020215249145264443
2019-08-10,0.0002031532760430838
2019-08-11,0.0002041540606335241
2019-08-12,0.00025638064202893924
2019-08-13,0.00023542124734836811
2019-08-14,0.0003145220207897801
2019-08-15,0.00031160988507356713
2019-08-16,0.00027906356577761277
2019-08-17,0.0002800181630865372
2019-08-18,0.00028097276039546165
2019-08-19,0.00025659704862271773
2019-08-20,0.00027954210157764227
2019-08-21,0.00027472842830009484
2019-08-22,0.00025872625196728485
2019-08-23,0.00031790373396571413
2019-08-24,0.00031883070415838544
2019-08-25,0.0003197576743510567
2019-08-26,0.0002864002497396737
2019-08-27,0.00030286596603147463
2019-08-28,0.0002804400198086198
2019-08-29,0.00025025049601966413
2019-08-30,0.0002455917276897794
2019-08-31,0.00024650483516474046
2019-09-01,0.0002474179426397014
2019-09-02,0.0002483310501146614
2019-09-03,0.0002860576697715244
2019-09-04,0.0002641736602076687
2019-09-05,0.00022312387721154747
2019-09-06,0.00022806113891058803
2019-09-07,0.00022899536686317267
2019-09-08,0.00022992959481575728
2019-09-09,0.00019077299468245042
2019-09-10,0.00016671735352114995
2019-09-11,0.00015459133450911944
2019-09-12,0.00013956974559824079
2019-09-13,0.00011440394423408188
2019-09-14,0.00011538285003825504
2019-09-15,0.0001163617558424277
2019-09-16,0.00013438399144552623
2019-09-17,0.0001524002825052121
2019-09-18,0.0001460877867540408
2019-09-19,0.00016122515671675237
2019-09-20,0.0001754757443884626
2019-09-21,0.0001764375751950908
2019-09-22,0.00017739940600171826
2019-09-23,0.0001818275306269258
2019-09-24,0.00022809900040963316
2019-09-25,0.00020935729542237018
2019-09-26,0.0002262800605078594
2019-09-27,0.00021983472962331144
2019-09-28,0.00022074824634920378
2019-09-29,0.0002216617630750955
2019-09-30,0.0002342117182618176
2019-10-01,0.0002780118344704027
2019-10-02,0.0003208802678169295
2019-10-03,0.00033044672451249863
2019-10-04,0.00029948394112350656
2019-10-05,0.00030038367729213057
2019-10-06,0.00030128341346075593
2019-10-07,0.000305997102772037
2019-10-08,0.00033663506263132347
2019-10-09,0.00034133909182945633
2019-10-10,0.00031561867739417367
2019-10-11,0.00027537925113840876
2019-10-12,0.0002762662224926158
2019-10-13,0.00027715319384682404
2019-10-14,0.0002673243531112725
2019-10-15,0.00026113282792197086
2019-10-16,0.00025329294186790855
2019-10-17,0.0002516589059525298
2019-10-18,0.0002497129962443308
2019-10-19,0.00025046627245801716
2019-10-20,0.0002512195486717044
2019-10-21,0.00022483787133869613
2019-10-22,0.00021907631827936805
2019-10-23,0.00020754103732827854
2019-10-24,0.00021110383061180875
2019-10-25,0.00019457952449610205
2019-10-26,0.00019527593998626124
2019-10-27,0.00019597235547642048
2019-10-28,0.0001813231702928394
2019-10-29,0.00018245418506710826
2019-10-30,0.00019787196970646236
2019-10-31,0.00020806323646551623
2019-11-01,0.0001783467311095425
2019-11-02,0.00017903703897893285
2019-11-03,0.00017972734684832325
2019-11-04,0.00014863333259206629
2019-11-05,0.00015079918823145057
2019-11-06,0.00015515017086229223
2019-11-07,0.0001528100161995289
2019-11-08,0.00014191334139477318
2019-11-09,0.0001425808894333569
2019-11-10,0.00014324843747194063
2019-11-11,0.000144394755144659
2019-11-12,0.00014672557128165244
2019-11-13,0.0001601659293959849
2019-11-14,0.00015640164192060713
2019-11-15,0.00014925423260340705
2019-11-16,0.0001498637339198237
2019-11-17,0.00015047323523624084
2019-11-18,0.0001503378863836218
2019-11-19,0.00014508511968328491
2019-11-20,0.00014983086887484856
2019-11-21,0.00015490482740922567
2019-11-22,0.00014745850759678952
2019-11-23,0.00014804418926220338
2019-11-24,0.00014862987092761768
2019-11-25,0.00013546670930871237
2019-11-26,0.00014758756423145704
2019-11-27,0.00014048308509335264
2019-11-28,0.00014109241326968388
2019-11-29,0.00014756209704140457
2019-11-30,0.00014815564040232754
2019-12-01,0.00014874918376325008
2019-12-02,0.00015734466695388163
2019-12-03,0.00017612000960004216
2019-12-04,0.00016328222287210055
2019-12-05,0.00015959970205047674
2019-12-06,0.00014499869640168867
2019-12-07,0.00014565140535162548
2019-12-08,0.0001463041143015622
2019-12-09,0.00015114786790256388
2019-12-10,0.00015039300099093384
2019-12-11,0.00015527264422340718
2019-12-12,0.0001316085429940275
2019-12-13,0.0001414802229537036
2019-12-14,0.00014210254835305702
2019-12-15,0.0001427248737524104
2019-12-16,0.0001339984707299548
2019-12-17,0.00013241359523018608
2019-12-18,0.00013886754392875578
2019-12-19,0.00013424381841472654
2019-12-20,0.00013848421438963042
2019-12-21,0.0001391706421941383
2019-12-22,0.0001398570699986461
2019-12-23,0.00013990319927708253
2019-12-24,0.0001416764711820475
2019-12-25,0.0001423889571047362
2019-12-26,0.00013340467011215495
2019-12-27,0.00013423008357739955
2019-12-28,0.0001349258315468419
2019-12-29,0.0001356215795162841
2019-12-30,0.00013897340336474064
2019-12-31,0.00013594006027146786
2020-01-01,0.00013661373755938518
2020-01-02,0.00011825924580527789
2020-01-03,0.0001380013980019125
2020-01-04,0.00013871141215727765
2020-01-05,0.00013942142631264275
2020-01-06,0.0001457599817882397
2020-01-07,0.00014970917663487536
2020-01-08,0.0001331192524921748
2020-01-09,0.00012320577491838113
2020-01-10,0.00011869947703760565
2020-01-11,0.00011958977321574571
2020-01-12,0.00012048006939388572
2020-01-13,0.00010672240774187546
2020-01-14,0.00010561471530341911
2020-01-15,0.00010310685455728114
2020-01-16,-2.821373702265658e-06
2020-01-17,-3.99466806613351e-05
2020-01-18,-3.932421729937026e-05
2020-01-19,-3.8701753937404635e-05
2020-01-20,-3.807929057543872e-05
2020-01-21,-1.4443402868389308e-06
2020-01-22,6.0677175647688155e-06
2020-01-23,1.2275573050676478e-05
2020-01-24,3.1943420783008876e-05
2020-01-25,3.2624744903654254e-05
2020-01-26,3.330606902429947e-05
2020-01-27,6.679484436533062e-05
2020-01-28,4.9661196771386346e-05
2020-01-29,5.5335707838208265e-05
2020-01-30,5.950343544573107e-05
2020-01-31,9.69916544627684e-05
2020-02-01,9.776663756658313e-05
2020-02-02,9.854162067039738e-05
2020-02-03,9.112714317966583e-05
2020-02-04,5.6238601891808325e-05
2020-02-05,3.3910520216296587e-05
2020-02-06,2.7445605743405162e-05
2020-02-07,1.731169297658944e-05
2020-02-08,1.785256250234424e-05
2020-02-09,1.8393432028099667e-05
2020-02-10,9.329658854831429e-06
2020-02-11,-3.0732898082044824e-06
2020-02-12,-4.946610427374124e-06
2020-02-13,6.379137349419044e-07
2020-02-14,-7.805650570134165e-07
2020-02-15,-3.31370697412471e-07
2020-02-16,1.1782366218782408e-07
2020-02-17,5.670180217880649e-07
2020-02-18,-3.491988133139329e-06
2020-02-19,-7.374197433494156e-06
2020-02-20,3.7517659855420914e-05
2020-02-21,6.239345663820338e-05
2020-02-22,6.29684626995879e-05
2020-02-23,6.354346876097242e-05
2020-02-24,0.00011552622566172853
2020-02-25,0.00015556827074074262
2020-02-26,0.00016977084031906097
2020-02-27,0.00023057346482213743
2020-02-28,0.0002636390430038352
2020-02-29,0.0002640761793221911
2020-03-01,0.00026451331564054855
2020-03-02,0.00021476276606228117
2020-03-03,0.0002496618802761213
2020-03-04,0.00021329966697352892
2020-03-05,0.00028265873371573474
2020-03-06,0.00033686359288545543
2020-03-07,0.0003373973965974098
2020-03-08,0.0003379312003093637
2020-03-09,0.0004939917714549748
2020-03-10,0.0003778799423821487
2020-03-11,0.00048785833884795336
2020-03-12,0.0006257156061135747
2020-03-13,0.00038786828309877487
2020-03-14,0.0003883947773256508
2020-03-15,0.0003889212715525259
2020-03-16,0.0005577758047591798
2020-03-17,0.0006307853465918631
2020-03-18,0.0009211180093439224
2020-03-19,0.0005887098181252117
2020-03-20,0.0008600966803758739
2020-03-21,0.0008602078106783798
2020-03-22,0.0008603189409808845
2020-03-23,0.000731330571134389
2020-03-24,0.0006974610963416777
2020-03-25,0.0007249739707227965
2020-03-26,0.0005825544591821987
2020-03-27,0.0006456201309843689
2020-03-28,0.0006459161097277861
2020-03-29,0.0006462120884712029
2020-03-30,0.0006812596739557682
2020-03-31,0.000747712636398201
2020-04-01,0.000795742494700381
2020-04-02,0.0008968643769086747
2020-04-03,0.0009834824430719471
2020-04-04,0.0009833441601618915
2020-04-05,0.0009832058772518315
2020-04-06,0.0009760445937364961
2020-04-07,0.0007930147363338687
2020-04-08,0.0007159483070094781
2020-04-09,0.0006712859897355166
2020-04-10,0.0006716272095667964
2020-04-11,0.0006719684293980759
2020-04-12,0.0006723096492293533
2020-04-13,0.0006922810184033847
2020-04-14,0.0007213846558336416
2020-04-15,0.0006485045348329491
2020-04-16,0.0006751680714347894
2020-04-17,0.0005901595808628776
2020-04-18,0.0005907065012102378
2020-04-19,0.0005912534215575954
2020-04-20,0.000617055183091875
2020-04-21,0.0006796573121612529
2020-04-22,0.0006816638683159993
2020-04-23,0.0006830255472431237
2020-04-24,0.0006700380810087986
2020-04-25,0.0006705007132407914
2020-04-26,0.0006709633454727872
2020-04-27,0.0006102621465526468
2020-04-28,0.0005835589656446133
2020-04-29,0.0005588939796875024
2020-04-30,0.0006179018855920326
2020-05-01,0.0006878578554922586
2020-05-02,0.0006882714896408468
2020-05-03,0.0006886851237894383
2020-05-04,0.000694150320441383
2020-05-05,0.0006428760946842493
2020-05-06,0.0006366501279081127
2020-05-07,0.0006027482627704036
2020-05-08,0.0006015338724408832
2020-05-09,0.0006020271567798066
2020-05-10,0.0006025204411187336
2020-05-11,0.0006307751680461898
2020-05-12,0.000675186631443807
2020-05-13,0.00070864826475771
2020-05-14,0.0007001923385398347
2020-05-15,0.0007255685711637144
2020-05-16,0.0007259359473211042
2020-05-17,0.0007263033234784955
2020-05-18,0.0006889957028976081
2020-05-19,0.0007164996006944332
2020-05-20,0.0007364031484679012
2020-05-21,0.0007243000923276396
2020-05-22,0.0007195069236950168
2020-05-23,0.0007198120440959743
2020-05-24,0.0007201171644969333
2020-05-25,0.0007204222848978877
2020-05-26,0.0006115729322082403
2020-05-27,0.0005305481406398351
2020-05-28,0.0005765524111469933
2020-05-29,0.0006253369989427874
2020-05-30,0.000625729326483619
2020-05-31,0.0006261216540244513
2020-06-01,0.0005995624565771426
2020-06-02,0.0005730000876675763
2020-06-03,0.0005330586118187832
2020-06-04,0.0005149045208016757
2020-06-05,0.0005001077376421581
2020-06-06,0.000500601309887178
2020-06-07,0.0005010948821321968
2020-06-08,0.0004872826329531028
2020-06-09,0.0005002861146692708
2020-06-10,0.0005192553447281819
2020-06-11,0.0006219424560750023
2020-06-12,0.0005828335223560259
2020-06-13,0.0005831737543563705
2020-06-14,0.0005835139863567135
2020-06-15,0.0005631184509055196
2020-06-16,0.0005534452438914063
2020-06-17,0.0005684315548226512
2020-06-18,0.0005843065598649885
2020-06-19,0.0005913893234600423
2020-06-20,0.0005916600659085546
2020-06-21,0.0005919308083570643
2020-06-22,0.0005852051733991233
2020-06-23,0.0005831149513339446
2020-06-24,0.0006214462557281307
2020-06-25,0.0005838729096170727
2020-06-26,0.0006878087886793533
2020-06-27,0.0006876791632476576
2020-06-28,0.0006875495378159619
2020-06-29,0.000653657644105914
2020-06-30,0.000646542081763376
2020-07-01,0.000630318959012789
2020-07-02,0.0006362451660303122
2020-07-03,0.0006363020017502697
2020-07-04,0.0006363588374702267
2020-07-05,0.0006364156731901842
2020-07-06,0.000579107736758389
2020-07-07,0.0006179480531369711
2020-07-08,0.0006252452309765686
2020-07-09,0.0006372891819902621
2020-07-10,0.0006190592847446189
2020-07-11,0.0006191713492019974
2020-07-12,0.0006192834136593765
2020-07-13,0.0006052481383877126
2020-07-14,0.0005791683022579547
2020-07-15,0.0005706529083307202
2020-07-16,0.0005888272296582053
2020-07-17,0.0005991372408334238
2020-07-18,0.0005991825907882102
2020-07-19,0.0005992279407429964
2020-07-20,0.0005920705357318149
2020-07-21,0.0005963624241364046
2020-07-22,0.000606551975334901
2020-07-23,0.0006157937590304642
2020-07-24,0.0006176719958604538
2020-07-25,0.0006176260611220725
2020-07-26,0.0006175801263836906
2020-07-27,0.0006317555827304085
2020-07-28,0.0006181638012306753
2020-07-29,0.0006189628986870927
2020-07-30,0.000603630793282652
2020-07-31,0.0006145134414623906
2020-08-01,0.0006144825328472197
2020-08-02,0.0006144516242320476
2020-08-03,0.0006179580720651558
2020-08-04,0.000595961890854738
2020-08-05,0.0005853784275842342
2020-08-06,0.0005810750258228227
2020-08-07,0.0005692694779467478
2020-08-08,0.0005694102873698725
2020-08-09,0.0005695510967929965
2020-08-10,0.0005661197974109957
2020-08-11,0.0005736357565184274
2020-08-12,0.000576126907174678
2020-08-13,0.0005914257522003793
2020-08-14,0.0005954074729186767
2020-08-15,0.0005953625308225
2020-08-16,0.0005953175887263231
2020-08-17,0.000602936973248331
2020-08-18,0.0006058171695264303
2020-08-19,0.0006051249282825197
2020-08-20,0.0005996581160702926
2020-08-21,0.000602647051058564
2020-08-22,0.0006025455050659683
2020-08-23,0.0006024439590733722
2020-08-24,0.0005995868336708279
2020-08-25,0.000600748715803336
2020-08-26,0.0005873886136833614
2020-08-27,0.0005867254737387177
2020-08-28,0.0006032020004602045
2020-08-29,0.0006030971848671384
2020-08-30,0.0006029923692740722
2020-08-31,0.0006054853088127918
2020-09-01,0.0006087077872826768
2020-09-02,0.0005981897917301791
2020-09-03,0.0006015462286503117
2020-09-04,0.0005836061909997941
2020-09-05,0.0005836113826558258
2020-09-06,0.0005836165743118593
2020-09-07,0.0005836217659678921
2020-09-08,0.0005875700511235435
2020-09-09,0.0006113801205919621
2020-09-10,0.0006078095445559491
2020-09-11,0.0006021728816992806
2020-09-12,0.0006020945206211396
2020-09-13,0.0006020161595430007
2020-09-14,0.0006197379971946944
2020-09-15,0.0006237876707954144
2020-09-16,0.0006246166239015267
2020-09-17,0.0006430185375777442
2020-09-18,0.0006368657872229259
2020-09-19,0.000636625645525981
2020-09-20,0.0006363855038290392
2020-09-21,0.0005849365241849468
2020-09-22,0.0005837211227954779
2020-09-23,0.0005998365753714317
2020-09-24,0.0004924212526042358
2020-09-25,0.0005099773384160695
2020-09-26,0.0005100316549871157
2020-09-27,0.000510085971558162
2020-09-28,0.0005088848244270993
2020-09-29,0.000497050746680714
2020-09-30,0.00048601243108960354
2020-10-01,0.0004792194969691912
2020-10-02,0.0004865703604418803
2020-10-03,0.00048668645984855513
2020-10-04,0.00048680255925523017
2020-10-05,0.00048553632871649864
2020-10-06,0.0004679997330317262
2020-10-07,0.00046907902884010355
2020-10-08,0.0004331396221160925
2020-10-09,0.0004337975137820491
2020-10-10,0.0004340596599334331
2020-10-11,0.00043432180608481727
2020-10-12,0.0004141293524610975
2020-10-13,0.00043569644351079684
2020-10-14,0.0004365655145692805
2020-10-15,0.0004713705647840828
2020-10-16,0.0005009536071093573
2020-10-17,0.0005008970649848152
2020-10-18,0.0005008405228602705
2020-10-19,0.00048283316315129
2020-10-20,0.0004766770129693242
2020-10-21,0.0004914612386205052
2020-10-22,0.0005079254997759903
2020-10-23,0.000513072817597024
2020-10-24,0.0005129797690149893
2020-10-25,0.000512886720432952
2020-10-26,0.0005020525602687992
2020-10-27,0.000499536268690574
2020-10-28,0.0005288782246282804
2020-10-29,0.0005509110965813461
2020-10-30,0.0005630372584450449
2020-10-31,0.0005627951678792675
2020-11-01,0.000562553077313486
2020-11-02,0.0006029621007430719
2020-11-03,0.0005954805480278451
2020-11-04,0.000604174245208512
2020-11-05,0.000586732707995522
2020-11-06,0.0005852784862828949
2020-11-07,0.0005850872168501496
2020-11-08,0.0005848959474174015
2020-11-09,0.0006024758949333398
2020-11-10,0.0005876386835580879
2020-11-11,0.0005937237846592486
2020-11-12,0.0005958322218918197
2020-11-13,0.0005934931818623226
2020-11-14,0.0005933969223205356
2020-11-15,0.0005933006627787485
2020-11-16,0.000601334367279989
2020-11-17,0.0006031476355391227
2020-11-18,0.0006036957413350407
2020-11-19,0.0006013698505328944
2020-11-20,0.0005962511503871386
2020-11-21,0.0005961749560760077
2020-11-22,0.0005960987617648769
2020-11-23,0.0006060086297807754
2020-11-24,0.0006175319531013378
2020-11-25,0.0006161210447215089
2020-11-26,0.0006159591322036787
2020-11-27,0.0006147324976476084
2020-11-28,0.000614514778395371
2020-11-29,0.0006142970591431333
2020-11-30,0.0006038490221140509
2020-12-01,0.0006111457841275908
2020-12-02,0.0006191443365860347
2020-12-03,0.000615963395542142
2020-12-04,0.0006233040271083614
2020-12-05,0.0006231098172610684
2020-12-06,0.0006229156074137752
2020-12-07,0.0006209060299215319
2020-12-08,0.0006211637784114927
2020-12-09,0.000625646238083244
2020-12-10,0.0006276242080825564
2020-12-11,0.0006249949619963602
2020-12-12,0.0006249331328280002
2020-12-13,0.0006248713036596403
2020-12-14,0.0006237431134792492
2020-12-15,0.0006248096139778348
2020-12-16,0.0006256134666501718
2020-12-17,0.0006252571628516791
2020-12-18,0.0006233736640679981
2020-12-19,0.0006233031636556782
2020-12-20,0.0006232326632433581
2020-12-21,0.0006337729322812315
2020-12-22,0.0006240154356700158
2020-12-23,0.0006302719593588115
2020-12-24,0.0006304355663518768
2020-12-25,0.0006304332609930385
2020-12-26,0.0006304309556342009
2020-12-27,0.0006304286502753628
2020-12-28,0.000641322525785666
2020-12-29,0.0006402933026227807
2020-12-30,0.0006431193954833261
2020-12-31,0.0006479877711342138
2021-01-01,0.000648132664574558
2021-01-02,0.0006482775580149028
2021-01-03,0.0006484224514552476
2021-01-04,0.0006550526777256403
2021-01-05,0.0006572727221540202
2021-01-06,0.0006414062022716013
2021-01-07,0.0006460167237160818
2021-01-08,0.0006296392933266134
2021-01-09,0.0006299299328933407
2021-01-10,0.0006302205724600682
2021-01-11,0.0006333836083721913
2021-01-12,0.0006910734707126795
2021-01-13,0.0007027605343418487
2021-01-14,0.0007048899139139109
2021-01-15,0.0007021360475016215
2021-01-16,0.0007026529323906476
2021-01-17,0.000703169817279673
2021-01-18,0.0007036867021686989
2021-01-19,0.0006733121589089653
2021-01-20,0.0006568249627891005
2021-01-21,0.0006543809307828356
2021-01-22,0.0006678534787318961
2021-01-23,0.0006681994270588414
2021-01-24,0.0006685453753857854
2021-01-25,0.0006766313919213242
2021-01-26,0.0006952572650004887
2021-01-27,0.0007200278443281109
2021-01-28,0.0007099645869708109
2021-01-29,0.0007380841776203901
2021-01-30,0.0007385009191380291
2021-01-31,0.000738917660655669
2021-02-01,0.000735602566614718
2021-02-02,0.0007046734591266543
2021-02-03,0.0007182845245998521
2021-02-04,0.0006971119087508559
2021-02-05,0.0006738113761981816
2021-02-06,0.0006743008737215633
2021-02-07,0.0006747903712449456
2021-02-08,0.0006793713606278551
2021-02-09,0.0006811052073799537
2021-02-10,0.0006968101805495963
2021-02-11,0.0007058513655849286
2021-02-12,0.0006991315025199967
2021-02-13,0.0006997942186769562
2021-02-14,0.0007004569348339177
2021-02-15,0.0007011196509908787
2021-02-16,0.0006861281254938113
2021-02-17,0.0007092730253725199
2021-02-18,0.0007157422460097968
2021-02-19,0.000707258555005456
2021-02-20,0.0007080177553340694
2021-02-21,0.0007087769556626852
2021-02-22,0.0006713364569948172
2021-02-23,0.0006815594697647085
2021-02-24,0.0006666927279662229
2021-02-25,0.0007024930154656973
2021-02-26,0.000712236771707289
2021-02-27,0.0007130171158930792
2021-02-28,0.0007137974600788719
2021-03-01,0.0006928169775429322
2021-03-02,0.0006417783730799306
2021-03-03,0.0006200245835750252
2021-03-04,0.0006203042427011425
2021-03-05,0.0006168402082749409
2021-03-06,0.0006175331341850797
2021-03-07,0.0006182260600952226
2021-03-08,0.000654183524024433
2021-03-09,0.0006411997691510665
2021-03-10,0.0006353672640663733
2021-03-11,0.0006306828297787405
2021-03-12,0.0006362117398564319
2021-03-13,0.0006370959804706067
2021-03-14,0.0006379802210847869
2021-03-15,0.0006383026510590929
2021-03-16,0.0006603790254457096
2021-03-17,0.0006329031886483865
2021-03-18,0.000651714033071267
2021-03-19,0.0006657625321318966
2021-03-20,0.0006666435666207947
2021-03-21,0.0006675246011096975
2021-03-22,0.0006754584061688638
2021-03-23,0.0007334158802534598
2021-03-24,0.0007101806604453758
2021-03-25,0.0006943280754855756
2021-03-26,0.0006821584336459848
2021-03-27,0.0006829032692023092
2021-03-28,0.0006836481047586295
2021-03-29,0.0007450244423470311
2021-03-30,0.0007362240815241674
2021-03-31,0.0007613096099683126
2021-04-01,0.0007464624214182781
2021-04-02,0.0007473155389868731
2021-04-03,0.0007481686565554695
2021-04-04,0.0007490217741240623
2021-04-05,0.0007372936698396583
2021-04-06,0.0007204699048602944
2021-04-07,0.0007202692329650625
2021-04-08,0.0007070485891053828
2021-04-09,0.0006886340936884845
2021-04-10,0.0006893994320355283
2021-04-11,0.0006901647703825681
2021-04-12,0.0007146186844061836
2021-04-13,0.0007149198062067217
2021-04-14,0.0007145407908609399
2021-04-15,0.000731865395925858
2021-04-16,0.000833782186499489
2021-04-17,0.0008348805228473764
2021-04-18,0.0008359788591952612
2021-04-19,0.0007864894588734948
2021-04-20,0.000834831058950643
2021-04-21,0.0007830548386766314
2021-04-22,0.0007962416464500457
2021-04-23,0.0007471727584992148
2021-04-24,0.0007480803268271165
2021-04-25,0.0007489878951550154
2021-04-26,0.0007517757472273404
2021-04-27,0.0007534712191635095
2021-04-28,0.0007339400913585813
2021-04-29,0.000728656600713025
2021-04-30,0.0007450274087064848
2021-05-01,0.0007460052538069586
2021-05-02,0.0007469830989074299
2021-05-03,0.000760881535940693
2021-05-04,0.0007532874525729429
2021-05-05,0.0007272761016458573
2021-05-06,0.0006879063364578162
2021-05-07,0.0006858829511672518
2021-05-08,0.0006869596785395013
2021-05-09,0.0006880364059117508
2021-05-10,0.0007261280120021915
2021-05-11,0.0007358197659936296
2021-05-12,0.0007528285620361788
2021-05-13,0.0007338720753811508
2021-05-14,0.0006975965525020903
2021-05-15,0.000698656933814242
2021-05-16,0.0006997173151263927
2021-05-17,0.0006736200455552599
2021-05-18,0.0006886787877761463
2021-05-19,0.0006859949238183062
2021-05-20,0.0006797303152632156
2021-05-21,0.0006506095258996564
2021-05-22,0.0006515757603815075
2021-05-23,0.0006525419948633612
2021-05-24,0.0006143500139942323
2021-05-25,0.0006209300187548965
2021-05-26,0.0006230572241779841
2021-05-27,0.0006147615136172256
2021-05-28,0.0005945092824610269
2021-05-29,0.0005954351053484267
2021-05-30,0.0005963609282358319
2021-05-31,0.000597286751123232
2021-06-01,0.000628199839574659
2021-06-02,0.0006094030638090894
2021-06-03,0.0006257000327747298
2021-06-04,0.0006213668398105532
2021-06-05,0.0006224515936240121
2021-06-06,0.0006235363474374721
2021-06-07,0.0006318363384158818
2021-06-08,0.0006246169683214298
2021-06-09,0.0006162329606488417
2021-06-10,0.0005914745067040752
2021-06-11,0.0006080143626562765
2021-06-12,0.0006089822818221712
2021-06-13,0.0006099502009880663
2021-06-14,0.0006269150065536772
2021-06-15,0.000617196459462677
2021-06-16,0.000600501310248801
2021-06-17,0.0006574714389792982
2021-06-18,0.0007205605964227416
2021-06-19,0.000721459011548968
2021-06-20,0.0007223574266751953
2021-06-21,0.0007059771209516192
2021-06-22,0.0007155843601404682
2021-06-23,0.0007301060045325528
2021-06-24,0.0007290485853838741
2021-06-25,0.0006789101025450922
2021-06-26,0.0006799148366656584
2021-06-27,0.0006809195707862276
2021-06-28,0.0007085688678366297
2021-06-29,0.0006210489469785951
2021-06-30,0.0006282860522368389
2021-07-01,0.0005843247879078345
2021-07-02,0.0005789417401009225
2021-07-03,0.0005798475778369019
2021-07-04,0.0005807534155728841
2021-07-05,0.0005816592533088691
2021-07-06,0.0006220016313507554
2021-07-07,0.0006151947491774494
2021-07-08,0.0006474350300377306
2021-07-09,0.0006303932936759188
2021-07-10,0.0006313467074346097
2021-07-11,0.0006323001211932975
2021-07-12,0.0005993254361662531
2021-07-13,0.000550224592703761
2021-07-14,0.0005680395142604576
2021-07-15,0.0005551407888391981
2021-07-16,0.0005461872387562538
2021-07-17,0.0005469781718125085
2021-07-18,0.0005477691048687684
2021-07-19,0.0005461639024555397
2021-07-20,0.0005150627746556336
2021-07-21,0.00046330997621144856
2021-07-22,0.0004617289602178833
2021-07-23,0.0005092752128283366
2021-07-24,0.0005100534495768542
2021-07-25,0.0005108316863253711
2021-07-26,0.00045437182716508563
2021-07-27,0.0004487659492786102
2021-07-28,0.00045917402912008906
2021-07-29,0.0004783922742516908
2021-07-30,0.0004690647407089776
2021-07-31,0.0004697865913435768
2021-08-01,0.00047050844197817554
2021-08-02,0.0004879047616348866
2021-08-03,0.00049202432327125
2021-08-04,0.00048468202883928963
2021-08-05,0.0004797522386521282
2021-08-06,0.0005173938828686821
2021-08-07,0.0005183006290614334
2021-08-08,0.0005192073752541786
2021-08-09,0.0004963628987340095
2021-08-10,0.0005127209541012671
2021-08-11,0.0004883952344873705
2021-08-12,0.0004661764204809762
2021-08-13,0.0004598233883391107
2021-08-14,0.0004607320645386519
2021-08-15,0.000461640740738186
2021-08-16,0.0004501083634290068
2021-08-17,0.0004556163241313726
2021-08-18,0.00046740756662609737
2021-08-19,0.00048420980181868175
2021-08-20,0.0004682630397785961
2021-08-21,0.00046909551072376406
2021-08-22,0.00046992798166892863
2021-08-23,0.0004593624385970215
2021-08-24,0.00048368745984715634
2021-08-25,0.00048310472912388284
2021-08-26,0.00048814717902053036
2021-08-27,0.0004857880314688369
2021-08-28,0.0004867604396554374
2021-08-29,0.0004877328478420345
2021-08-30,0.0004921133807638563
2021-08-31,0.00047843435153700634
2021-09-01,0.0004855303133557531
2021-09-02,0.00047257406091765863
2021-09-03,0.0004693743737256723
2021-09-04,0.00047027704657024816
2021-09-05,0.0004711797194148243
2021-09-06,0.00047208239225939963
2021-09-07,0.000467320654475293
2021-09-08,0.00044683170487887214
2021-09-09,0.0004337059959556396
2021-09-10,0.00043357003709955497
2021-09-11,0.00043438369170206085
2021-09-12,0.0004351973463045673
2021-09-13,0.0004550092014952115
2021-09-14,0.0005065856255011684
2021-09-15,0.0004501129786393034
2021-09-16,0.0004284362282405234
2021-09-17,0.0004122414492325412
2021-09-18,0.00041295542469355615
2021-09-19,0.00041366940015457134
2021-09-20,0.0004161928398596342
2021-09-21,0.0004103077244912378
2021-09-22,0.00040248879050202484
2021-09-23,0.000361230860462559
2021-09-24,0.0003755472591026722
2021-09-25,0.00037619892899110464
2021-09-26,0.00037685059887954293
2021-09-27,0.0003764743663350294
2021-09-28,0.0003983297328361225
2021-09-29,0.0004481305008468279
2021-09-30,0.00047365943126369075
2021-10-01,0.0004314839701665819
2021-10-02,0.0004321419439194869
2021-10-03,0.00043279991767239726
2021-10-04,0.0004522920840030042
2021-10-05,0.000469405505056643
2021-10-06,0.0004899830252621115
2021-10-07,0.0005198056711700643
2021-10-08,0.0004925642550329882
2021-10-09,0.0004933781629343271
2021-10-10,0.0004941920708356714
2021-10-11,0.0005374670075547086
2021-10-12,0.0005302130808208844
2021-10-13,0.0005024038669387933
2021-10-14,0.0004552820418981577
2021-10-15,0.0005278126084480175
2021-10-16,0.0005287322923054483
2021-10-17,0.0005296519761628798
2021-10-18,0.0006149222384711827
2021-10-19,0.0005914946202370319
2021-10-20,0.0006040972663465503
2021-10-21,0.000617627435641496
2021-10-22,0.0006072234707451455
2021-10-23,0.0006082813758806306
2021-10-24,0.0006093392810161165
2021-10-25,0.0006091577900489207
2021-10-26,0.0005697305709487006
2021-10-27,0.0005843159406406571
2021-10-28,0.0005887172524618615
2021-10-29,0.0005680983204333576
2021-10-30,0.0005690973094824546
2021-10-31,0.0005700962985315523
2021-11-01,0.0005489253790339927
2021-11-02,0.0005779247977650886
2021-11-03,0.0006167090236811583
2021-11-04,0.0006592553387593438
2021-11-05,0.0006506740280434876
2021-11-06,0.0006517135332418881
2021-11-07,0.0006527530384402853
2021-11-08,0.0006546069395595214
2021-11-09,0.0006493658499349898
2021-11-10,0.0006819737665027816
2021-11-11,0.0006627058957874902
2021-11-12,0.0006446834718471905
2021-11-13,0.0006456913053589134
2021-11-14,0.0006466991388706395
2021-11-15,0.0006338007302801678
2021-11-16,0.0006057879184491555
2021-11-17,0.0006375351851815364
2021-11-18,0.0006373281114358735
2021-11-19,0.0006398571377720166
2021-11-20,0.0006407343253052812
2021-11-21,0.0006416115128385432
2021-11-22,0.0006155716708002609
2021-11-23,0.000594805306358141
2021-11-24,0.0005727902940778648
2021-11-25,0.0005736524780012076
2021-11-26,0.0006187881180900658
2021-11-27,0.0006196479580031255
2021-11-28,0.0006205077979161843
2021-11-29,0.0006270357011993631
2021-11-30,0.0006736109265395522
2021-12-01,0.0006362785377411484
2021-12-02,0.0005907643923772795
2021-12-03,0.0005818140217871298
2021-12-04,0.0005825553271938521
2021-12-05,0.000583296632600574
2021-12-06,0.0005918503281619441
2021-12-07,0.000558157747984936
2021-12-08,0.0005819171102262842
2021-12-09,0.0005996458128940054
2021-12-10,0.0006374331292645136
2021-12-11,0.0006382953581428067
2021-12-12,0.0006391575870210986
2021-12-13,0.0006424915920293058
2021-12-14,0.0006161193707085908
2021-12-15,0.0006042654451741021
2021-12-16,0.0006235228858812285
2021-12-17,0.0006315781959333178
2021-12-18,0.0006323561568391737
2021-12-19,0.0006331341177450254
2021-12-20,0.0006288558478348871
2021-12-21,0.0006094042983694227
2021-12-22,0.0006062533764818305
2021-12-23,0.0005921707997084296
2021-12-24,0.0005928955346413893
2021-12-25,0.0005936202695743537
2021-12-26,0.0005943450045073132
2021-12-27,0.0005816531142500752
2021-12-28,0.0005927738145413339
2021-12-29,0.0006227003523906151
2021-12-30,0.0006173454474457058
2021-12-31,0.0006198805000393755
2022-01-01,0.0006206213067967386
2022-01-02,0.0006213621135540994
2022-01-03,0.0006349486933232122
2022-01-04,0.0005802547201918338
2022-01-05,0.0006079636426730075
2022-01-06,0.000542306319297512
2022-01-07,0.0005273000958142225
2022-01-08,0.0005280035302451648
2022-01-09,0.0005287069646761099
2022-01-10,0.0005382928361334209
2022-01-11,0.0005096342596228665
2022-01-12,0.0005098250373287054
2022-01-13,0.0005285241511650068
2022-01-14,0.0005748652369653461
2022-01-15,0.0005755462821341658
2022-01-16,0.0005762273273029852
2022-01-17,0.000576908372471802
2022-01-18,0.0005609629349649049
2022-01-19,0.0004908751319484387
2022-01-20,0.0004181082420936864
2022-01-21,0.00040911947889654297
2022-01-22,0.0004091776499678219
2022-01-23,0.00040923582103910235
2022-01-24,0.000419712181408487
2022-01-25,0.00039222358710700963
2022-01-26,0.00038063766782984445
2022-01-27,0.0003534964584649613
2022-01-28,0.0003836248259915813
2022-01-29,0.0003836012604890493
2022-01-30,0.00038357769498651925
2022-01-31,0.00042273078485031263
2022-02-01,0.0004594771342497012
2022-02-02,0.00045320628121496196
2022-02-03,0.00045867077107377666
2022-02-04,0.0004795829462510468
2022-02-05,0.00047980651119258473
2022-02-06,0.00048003007613412504
2022-02-07,0.0004603283616472283
2022-02-08,0.00044874600635904684
2022-02-09,0.0004290820115858663
2022-02-10,0.00042432438014076935
2022-02-11,0.00043323685322018985
2022-02-12,0.0004333640779379641
2022-02-13,0.0004334913026557425
2022-02-14,0.00045545875544357743
2022-02-15,0.0004623995699188587
2022-02-16,0.00048496723786983645
2022-02-17,0.0005214778696940986
2022-02-18,0.0005203514930187097
2022-02-19,0.0005206122662005399
2022-02-20,0.00052087303938237
2022-02-21,0.0005211338125642004
2022-02-22,0.0005248094454906966
2022-02-23,0.0005316868768211603
2022-02-24,0.0005560089448875358
2022-02-25,0.0005476841135721915
2022-02-26,0.0005480590459668348
2022-02-27,0.0005484339783614811
2022-02-28,0.0005827150128660326
2022-03-01,0.000593448203052971
2022-03-02,0.0006017729182660715
2022-03-03,0.0006043565758533931
2022-03-04,0.0006168886579934853
2022-03-05,0.0006173184085161911
2022-03-06,0.0006177481590388955
2022-03-07,0.000643526748315891
2022-03-08,0.0006451338055521935
2022-03-09,0.0006109779022289506
2022-03-10,0.0006259562255251632
2022-03-11,0.0006312138296364223
2022-03-12,0.0006316580450551799
2022-03-13,0.0006321022604739365
2022-03-14,0.0006357844668014698
2022-03-15,0.0006224431631897333
2022-03-16,0.000575122004032765
2022-03-17,0.0005519021142103724
2022-03-18,0.0005452623175190119
2022-03-19,0.0005455408206296386
2022-03-20,0.0005458193237402632
2022-03-21,0.0005559879827645904
2022-03-22,0.0005469218329226914
2022-03-23,0.0005470366444505789
2022-03-24,0.0005525394505206266
2022-03-25,0.0005534544879593881
2022-03-26,0.0005537134285998888
2022-03-27,0.0005539723692403896
2022-03-28,0.0005622688895461194
2022-03-29,0.0005674215440417566
2022-03-30,0.0005780515753193276
2022-03-31,0.0006026728111356481
2022-04-01,0.0006079365608853008
2022-04-02,0.0006083426298245844
2022-04-03,0.0006087486987638676
2022-04-04,0.0006032674392078394
2022-04-05,0.0006191580800390378
2022-04-06,0.0006345490691089444
2022-04-07,0.0006352222347382067
2022-04-08,0.0006290547925047192
2022-04-09,0.0006294550858818449
2022-04-10,0.0006298553792589701
2022-04-11,0.0006305054253622146
2022-04-12,0.0006315187500805981
2022-04-13,0.0006304825001020738
2022-04-14,0.0006257095139273461
2022-04-15,0.0006260759297863302
2022-04-16,0.0006264423456453147
2022-04-17,0.0006268087615042997
2022-04-18,0.0006158962266922402
2022-04-19,0.000596111696012999
2022-04-20,0.0005841557052976528
2022-04-21,0.0005933501853890365
2022-04-22,0.0006194668392963778
2022-04-23,0.0006197987842251876
2022-04-24,0.0006201307291539969
2022-04-25,0.0006185562070737869
2022-04-26,0.0006369739751015604
2022-04-27,0.0006379004669095675
2022-04-28,0.0006285101433824256
2022-04-29,0.0006525362822486071
2022-04-30,0.0006528233869977232
2022-05-01,0.0006531104917468387
2022-05-02,0.0006438585406650125
2022-05-03,0.0006343341564486503
2022-05-04,0.0006156176918972434
2022-05-05,0.0006242717614159152
2022-05-06,0.000627048002941158
2022-05-07,0.0006272767442884529
2022-05-08,0.0006275054856357482
2022-05-09,0.0006399964308450531
2022-05-10,0.0006481369737615036
2022-05-11,0.0006558837070565228
2022-05-12,0.0006614168479032482
2022-05-13,0.0006451703645029678
2022-05-14,0.0006454902386907654
2022-05-15,0.0006458101128785636
2022-05-16,0.000653650983496287
2022-05-17,0.0006347516689561461
2022-05-18,0.0006483382383324807
2022-05-19,0.0006461513366275953
2022-05-20,0.0006503440048938459
2022-05-21,0.0006507282514269174
2022-05-22,0.0006511124979599883
2022-05-23,0.0006256469714973534
2022-05-24,0.0006311440924209185
2022-05-25,0.0006292495143211329
2022-05-26,0.0006081387319137777
2022-05-27,0.0005973934403087373
2022-05-28,0.0005977981370657722
2022-05-29,0.0005982028338228074
2022-05-30,0.0005986075305798426
2022-05-31,0.0006013589860718288
2022-06-01,0.0006103947694857921
2022-06-02,0.0006084355646591582
2022-06-03,0.000618152217629541
2022-06-04,0.0006184975318293943
2022-06-05,0.0006188428460292478
2022-06-06,0.0006144723773992057
2022-06-07,0.0006120224675024526
2022-06-08,0.0006265050527249523
2022-06-09,0.0006461204531436116
2022-06-10,0.000679056915792779
2022-06-11,0.0006791516701363377
2022-06-12,0.000679246424479896
2022-06-13,0.0006730422017199667
2022-06-14,0.0006746822543031565
2022-06-15,0.0006479974980293118
2022-06-16,0.0006546238222306011
2022-06-17,0.000673390562323421
2022-06-18,0.0006736086353969744
2022-06-19,0.0006738267084705283
2022-06-20,0.0006740447815440796
2022-06-21,0.0006660989935933701
2022-06-22,0.0006651772661742394
2022-06-23,0.0006510550683926145
2022-06-24,0.000597660342483984
2022-06-25,0.0005980553726881357
2022-06-26,0.000598450402892287
2022-06-27,0.0006053713699324509
2022-06-28,0.0006142981315185609
2022-06-29,0.0006000342182902287
2022-06-30,0.0006175228417469459
2022-07-01,0.000611451907589009
2022-07-02,0.0006118400746386436
2022-07-03,0.0006122282416882773
2022-07-04,0.0006126164087379112
2022-07-05,0.0006189101194580789
2022-07-06,0.0006321888710821384
2022-07-07,0.0006193356290565021
2022-07-08,0.0006279964561066184
2022-07-09,0.0006283293093196259
2022-07-10,0.0006286621625326324
2022-07-11,0.0006384366221742696
2022-07-12,0.0006432515148533245
2022-07-13,0.0006474142453082275
2022-07-14,0.0006949601294285075
2022-07-15,0.0006690378106557842
2022-07-16,0.0006692374950258459
2022-07-17,0.0006694371793959097
2022-07-18,0.0006442052282797479
2022-07-19,0.0005939020936385044
2022-07-20,0.0005849830494430942
2022-07-21,0.000568985875743724
2022-07-22,0.0005778601274143219
2022-07-23,0.0005783996333237386
2022-07-24,0.0005789391392331555
2022-07-25,0.0005786096171596898
2022-07-26,0.0005987931995824112
2022-07-27,0.0005784110635359879
2022-07-28,0.0005661961838779072
2022-07-29,0.0005502826841831585
2022-07-30,0.000550893318026094
2022-07-31,0.0005515039518690298
2022-08-01,0.0005558633330400081
2022-08-02,0.0005679472976267694
2022-08-03,0.0005505749706487088
2022-08-04,0.0005514134691016509
2022-08-05,0.0005434178122657087
2022-08-06,0.000543951807482704
2022-08-07,0.0005444858026996985
2022-08-08,0.0005456305197199301
2022-08-09,0.0005414652937351637
2022-08-10,0.000510954753836585
2022-08-11,0.0004966719605809604
2022-08-12,0.0004809697667670541
2022-08-13,0.00048155339459167164
2022-08-14,0.00048213702241628985
2022-08-15,0.00047934149056659266
2022-08-16,0.00048194522688129664
2022-08-17,0.0004876131414333952
2022-08-18,0.0004840591195883184
2022-08-19,0.0005029735840455024
2022-08-20,0.0005035628537619287
2022-08-21,0.0005041521234783555
2022-08-22,0.0005221016709178283
2022-08-23,0.0005256697145411583
2022-08-24,0.000522557077282565
2022-08-25,0.0005097207572294024
2022-08-26,0.0005420042353591011
2022-08-27,0.0005425330590841631
2022-08-28,0.0005430618828092244
2022-08-29,0.0005555633484115817
2022-08-30,0.000561174276998914
2022-08-31,0.0005603239755501031
2022-09-01,0.0005550859270828782
2022-09-02,0.0005581604963147595
2022-09-03,0.0005586214906503474
2022-09-04,0.0005590824849859351
2022-09-05,0.0005595434793215228
2022-09-06,0.0005734734180652436
2022-09-07,0.0005616881808819356
2022-09-08,0.0005493218839893001
2022-09-09,0.0005398273748969476
2022-09-10,0.0005402828902674945
2022-09-11,0.0005407384056380414
2022-09-12,0.0005350666877452735
2022-09-13,0.0005653794450214294
2022-09-14,0.0005674268420289479
2022-09-15,0.0005587592091459838
2022-09-16,0.0005688041167947651
2022-09-17,0.0005691121586194245
2022-09-18,0.0005694202004440845
2022-09-19,0.0005643638377946382
2022-09-20,0.0005741375045237005
2022-09-21,0.0005789298618475091
2022-09-22,0.0005943552781594497
2022-09-23,0.0006123161750260881
2022-09-24,0.0006124797193793822
2022-09-25,0.0006126432637326763
2022-09-26,0.0006290704327914448
2022-09-27,0.0006425458769132445
2022-09-28,0.0006199365244554231
2022-09-29,0.0006253082662075809
2022-09-30,0.0006312688658153068
2022-10-01,0.00063139457305546
2022-10-02,0.000631520280295614
2022-10-03,0.0006157785846427255
2022-10-04,0.0005772071209320941
2022-10-05,0.0005937392231818675
2022-10-06,0.0005985928383328012
2022-10-07,0.0005949918247829696
2022-10-08,0.0005952871547057021
2022-10-09,0.0005955824846284336
2022-10-10,0.0005935489244089257
2022-10-11,0.0006164225999835704
2022-10-12,0.0006038832541394427
2022-10-13,0.0005610144435601932
2022-10-14,0.0005674323459305321
2022-10-15,0.0005679248116901936
2022-10-16,0.0005684172774498562
2022-10-17,0.0005411704813948564
2022-10-18,0.0005157133794931768
2022-10-19,0.0005174331204621868
2022-10-20,0.0005169911702747147
2022-10-21,0.0004430820702518213
2022-10-22,0.0004438285515921542
2022-10-23,0.00044457503293248704
2022-10-24,0.0004263492536079683
2022-10-25,0.00040787795609445237
2022-10-26,0.00039242257906605023
2022-10-27,0.00038690258000143767
2022-10-28,0.0003616462808783104
2022-10-29,0.0003625255929894612
2022-10-30,0.00036340490510061154
2022-10-31,0.0003533663608165198
2022-11-01,0.00032941339407781224
2022-11-02,0.00032178311480369863
2022-11-03,0.0003309168905712926
2022-11-04,0.0002912702410342717
2022-11-05,0.00029228351063821873
2022-11-06,0.00029329678024216446
2022-11-07,0.00027285581279037083
2022-11-08,0.00027269584376881035
2022-11-09,0.0003004610365181571
2022-11-10,0.0001879122799763656
2022-11-11,0.00014703270648126028
2022-11-12,0.00014817914567028965
2022-11-13,0.00014932558485931686
2022-11-14,0.00017021362998268126
2022-11-15,0.00015973022679771545
2022-11-16,0.00017234847884490178
2022-11-17,0.00019139323853290284
2022-11-18,0.00018996060129738371
2022-11-19,0.00019109351808273192
2022-11-20,0.00019222643486807838
2022-11-21,0.00019315485091646887
2022-11-22,0.00017838387305681418
2022-11-23,0.00017119765334417487
2022-11-24,0.0001724049839067483
2022-11-25,0.0001531972649916778
2022-11-26,0.00015439520187971682
2022-11-27,0.00015559313876775498
2022-11-28,0.00018378792931347983
2022-11-29,0.00016478222066814612
2022-11-30,0.0001325179462528369
2022-12-01,0.00013688942388119562
2022-12-02,0.00015443802931970228
2022-12-03,0.00015544410762859855
2022-12-04,0.00015645018593749395
2022-12-05,0.00020139699779941856
2022-12-06,0.00024671914586240663
2022-12-07,0.00025819573326408673
2022-12-08,0.0002533567930504228
2022-12-09,0.0002458952908909449
2022-12-10,0.0002466825784250108
2022-12-11,0.0002474698659590772
2022-12-12,0.00022696543626529297
2022-12-13,0.00020467041814101975
2022-12-14,0.00023851317722714972
2022-12-15,0.00028168667153253375
2022-12-16,0.00029684587535713444
2022-12-17,0.00029754983111447263
2022-12-18,0.0002982537868718121
2022-12-19,0.00030881601767494046
2022-12-20,0.0003109630507974505
2022-12-21,0.0002852641739900779
2022-12-22,0.00030372509886187476
2022-12-23,0.0003053583672126968
2022-12-24,0.00030608789679723806
2022-12-25,0.00030681742638177887
2022-12-26,0.0003075469559663184
2022-12-27,0.0003241700368835465
2022-12-28,0.0003301648193100217
2022-12-29,0.0003190889197702998
2022-12-30,0.0003203593071677761
2022-12-31,0.00032111044058646607
2023-01-01,0.0003218615740051556
2023-01-02,0.0003226127074238438
2023-01-03,0.00031034701046401365
2023-01-04,0.0003031678645483548
2023-01-05,0.0003205679605491592
2023-01-06,0.0003020035034345548
2023-01-07,0.00030270047262998673
2023-01-08,0.0003033974418254178
2023-01-09,0.0002868028220625817
2023-01-10,0.00026761043373300713
2023-01-11,0.0002444963748425388
2023-01-12,0.00022207272052738106
2023-01-13,0.00020309840145813158
2023-01-14,0.00020402039087168708
2023-01-15,0.0002049423802852426
2023-01-16,0.00020586436969879723
2023-01-17,0.00020927552876701897
2023-01-18,0.0002112506506467297
2023-01-19,0.00021506984213051465
2023-01-20,0.0002246412817064193
2023-01-21,0.0002247877118639282
2023-01-22,0.00022493414202143713
2023-01-23,0.00021782067776121529
2023-01-24,0.00022160239220106025
2023-01-25,0.0002200380077416542
2023-01-26,0.00021210306357297279
2023-01-27,0.00021253030286079314
2023-01-28,0.0002128548821212677
2023-01-29,0.00021317946138174225
2023-01-30,0.0002125154136566206
2023-01-31,0.00019754425579986959
2023-02-01,0.00019283155469004918
2023-02-02,0.0001849097262430024
2023-02-03,0.00018369644279366904
2023-02-04,0.00018417307894889618
2023-02-05,0.00018464971510412376
2023-02-06,0.00018855567088909815
2023-02-07,0.00018506791079727584
2023-02-08,0.00018745106594849487
2023-02-09,0.00019907718812854028
2023-02-10,0.00019461885081531417
2023-02-11,0.000195163979629136
2023-02-12,0.00019570910844295738
2023-02-13,0.00018738426468436565
2023-02-14,0.00018028952680747235
2023-02-15,0.0001784621672249894
2023-02-16,0.00018897328864082462
2023-02-17,0.00019062174156991765
2023-02-18,0.0001910706756051649
2023-02-19,0.00019151960964041218
2023-02-20,0.00019196854367565944
2023-02-21,0.00020765566496345426
2023-02-22,0.00020967446054264566
2023-02-23,0.0002043736899503593
2023-02-24,0.00020555495528366222
2023-02-25,0.00020601191118815518
2023-02-26,0.0002064688670926477
2023-02-27,0.0002093888888611826
2023-02-28,0.00023140994333447056
2023-03-01,0.00024061413764227442
2023-03-02,0.0002358339775425343
2023-03-03,0.00022236129760704092
2023-03-04,0.0002226739174570223
2023-03-05,0.00022298653730700368
2023-03-06,0.0002232383218028853
2023-03-07,0.00024086154627289387
2023-03-08,0.00023494355102652393
2023-03-09,0.00024808205100058066
2023-03-10,0.00028874552683786107
2023-03-11,0.00028894330290130544
2023-03-12,0.00028914107896475024
2023-03-13,0.0003234800738599452
2023-03-14,0.0003148376939351651
2023-03-15,0.0003119636995478916
2023-03-16,0.00031703969935375316
2023-03-17,0.00034405465124291885
2023-03-18,0.00034409972476514335
2023-03-19,0.0003441447982873696
2023-03-20,0.0003298408577092774
2023-03-21,0.00032983315303847715
2023-03-22,0.00033290808728038326
2023-03-23,0.000303676538674491
2023-03-24,0.00029215284485580376
2023-03-25,0.0002923894872268926
2023-03-26,0.00029262612959797974
2023-03-27,0.0002630311962511728
2023-03-28,0.00026685786586751366
2023-03-29,0.00026942430221846714
2023-03-30,0.0002657847641039722
2023-03-31,0.0002503082676584517
2023-04-01,0.0002506134492659519
2023-04-02,0.00025091863087345085
2023-04-03,0.0002484469909272294
2023-04-04,0.00024764245782565083
2023-04-05,0.00024396574352906
2023-04-06,0.00024281896883717943
2023-04-07,0.00024323120530199242
2023-04-08,0.00024364344176680455
2023-04-09,0.00024405567823161493
2023-04-10,0.00022512978915309716
2023-04-11,0.00022102828731441603
2023-04-12,0.00020711700070756654
2023-04-13,0.00019793343999166243
2023-04-14,0.00017788026342631033
2023-04-15,0.00017842387745049815
2023-04-16,0.00017896749147468726
2023-04-17,0.0001805965264120024
2023-04-18,0.00021199560844794695
2023-04-19,0.00020281979928394537
2023-04-20,0.00019490464360161263
2023-04-21,0.00018619074097795578
2023-04-22,0.00018658854943380413
2023-04-23,0.0001869863578896529
2023-04-24,0.00017289712658807768
2023-04-25,0.0001843337911016851
2023-04-26,0.0002028275983496329
2023-04-27,0.00018962698710561256
2023-04-28,0.0001800308242344683
2023-04-29,0.00018051948091068765
2023-04-30,0.00018100813758690744
2023-05-01,0.00018501429298287174
2023-05-02,0.00021540754403919643
2023-05-03,0.00023177482176733833
2023-05-04,0.00026040468647914577
2023-05-05,0.00024693250462244154
2023-05-06,0.0002473935240132341
2023-05-07,0.0002478545434040258
2023-05-08,0.0002467022044486994
2023-05-09,0.0002588436021778639
2023-05-10,0.0002671808753315977
2023-05-11,0.00026669807215681275
2023-05-12,0.0002734481217379547
2023-05-13,0.00027390588775060747
2023-05-14,0.00027436365376325936
2023-05-15,0.0002623650216024955
2023-05-16,0.0002574895234611382
2023-05-17,0.00021073410057172474
2023-05-18,0.00022203824199242385
2023-05-19,0.00022200343059573715
2023-05-20,0.00022259534746430724
2023-05-21,0.00022318726433287386
2023-05-22,0.0002342017172190236
2023-05-23,0.00025077472033859785
2023-05-24,0.00026205458907297514
2023-05-25,0.00025466507652510597
2023-05-26,0.00020334823708682273
2023-05-27,0.00020395571821451523
2023-05-28,0.00020456319934220642
2023-05-29,0.00020517068046989892
2023-05-30,0.00020943965328758685
2023-05-31,0.00024520163777573155
2023-06-01,0.0003152530827857077
2023-06-02,0.000292196027669135
2023-06-03,0.00029262302788408924
2023-06-04,0.0002930500280990426
2023-06-05,0.00029895783859731385
2023-06-06,0.0002914167992790358
2023-06-07,0.0002373102982510364
2023-06-08,0.0002378640512302188
2023-06-09,0.00023366665940067555
2023-06-10,0.00023422088802497153
2023-06-11,0.00023477511664927054
2023-06-12,0.00022370736090940356
2023-06-13,0.0002122939204639864
2023-06-14,0.00023557587744329773
2023-06-15,0.00023746328408152462
2023-06-16,0.00023812776951903734
2023-06-17,0.0002386229644535105
2023-06-18,0.00023911815938798629
2023-06-19,0.0002396133543224612
2023-06-20,0.0002759451052118055
2023-06-21,0.0003113716741761259
2023-06-22,0.00032529286736693265
2023-06-23,0.00034982452521415243
2023-06-24,0.0003501233602117566
2023-06-25,0.00035042219520936557
2023-06-26,0.0003712087328278102
2023-06-27,0.000378579969873108
2023-06-28,0.0003685518260726369
2023-06-29,0.0003134986620985901
2023-06-30,0.00032068722981991706
2023-07-01,0.00032103565883971185
2023-07-02,0.00032138408785950794
2023-07-03,0.0003059796236621697
2023-07-04,0.0003063497916171291
2023-07-05,0.0003489268831259819
2023-07-06,0.00036017024069967844
2023-07-07,0.00034167355797507046
2023-07-08,0.0003419935778869068
2023-07-09,0.000342313597798744
2023-07-10,0.0003426336177105821
