Date,MS - HDB Accumulated Oriented Area
2019-01-01,0.0
2019-01-02,0.0
2019-01-03,8.861033457953538e-08
2019-01-04,4.364781814358693e-06
2019-01-05,4.3222001063645664e-06
2019-01-06,4.279618398370346e-06
2019-01-07,3.359812865453691e-06
2019-01-08,5.042513938482663e-06
2019-01-09,2.952927856024245e-06
2019-01-10,2.0269446544956612e-06
2019-01-11,2.0339537176974326e-06
2019-01-12,1.9135502648386352e-06
2019-01-13,1.7931468119798353e-06
2019-01-14,-8.640696166633647e-07
2019-01-15,8.201912075764749e-06
2019-01-16,1.391487177516188e-05
2019-01-17,1.1739165350376597e-05
2019-01-18,1.6669814092241914e-05
2019-01-19,1.6518470720927335e-05
2019-01-20,1.636712734961276e-05
2019-01-21,1.6215783978298194e-05
2019-01-22,4.122713395634762e-06
2019-01-23,-3.3394994290422707e-06
2019-01-24,-8.057547627011432e-06
2019-01-25,2.4203387540386587e-06
2019-01-26,2.0222647892094104e-06
2019-01-27,1.624190824380379e-06
2019-01-28,-7.775745773625288e-06
2019-01-29,-1.7570572881076544e-05
2019-01-30,-1.5198921631875098e-05
2019-01-31,-1.5286358056633732e-05
2019-02-01,-2.0407215454045477e-05
2019-02-02,-2.0764841784858893e-05
2019-02-03,-2.112246811567238e-05
2019-02-04,-1.3174603633523621e-05
2019-02-05,-1.1228602712415317e-05
2019-02-06,-1.1050290157303536e-05
2019-02-07,-1.948362701789538e-05
2019-02-08,-2.616612998563255e-05
2019-02-09,-2.6401515835498895e-05
2019-02-10,-2.6636901685365432e-05
2019-02-11,-3.3569992328907444e-05
2019-02-12,-2.9113844986356192e-05
2019-02-13,-2.8552048842807925e-05
2019-02-14,-3.1461984554121284e-05
2019-02-15,-1.813299273491504e-05
2019-02-16,-1.842329554695437e-05
2019-02-17,-1.87135983589935e-05
2019-02-18,-1.9003901171032627e-05
2019-02-19,-1.9343423736929792e-05
2019-02-20,-1.3926363025899589e-05
2019-02-21,-1.898981223370814e-05
2019-02-22,-2.1061149079292043e-05
2019-02-23,-2.1339518425523803e-05
2019-02-24,-2.161788777175536e-05
2019-02-25,-1.7415459250873562e-05
2019-02-26,-1.7238988394711285e-05
2019-02-27,-1.6852318439445525e-05
2019-02-28,-2.185524857234232e-05
2019-03-01,-1.7793437286542927e-05
2019-03-02,-1.808684974939816e-05
2019-03-03,-1.838026221225346e-05
2019-03-04,-2.393005492877846e-05
2019-03-05,-2.5053754914536426e-05
2019-03-06,-2.6935490222426714e-05
2019-03-07,-2.875352232962187e-05
2019-03-08,-3.056984210155171e-05
2019-03-09,-3.05894456673649e-05
2019-03-10,-3.06090492331781e-05
2019-03-11,-3.386741523061585e-05
2019-03-12,-3.555183084884335e-05
2019-03-13,-3.898503939863061e-05
2019-03-14,-4.2361962554036277e-05
2019-03-15,-4.876434078989639e-05
2019-03-16,-4.83731924158183e-05
2019-03-17,-4.798204404174019e-05
2019-03-18,-5.5329637242813454e-05
2019-03-19,-5.723004543207562e-05
2019-03-20,-3.5602426748702235e-05
2019-03-21,-3.7364777479166134e-05
2019-03-22,-1.013047693307601e-05
2019-03-23,-9.65600371571695e-06
2019-03-24,-9.181530498357978e-06
2019-03-25,-1.8964757749016098e-07
2019-03-26,-1.839539920435266e-05
2019-03-27,-4.75377847655364e-06
2019-03-28,-1.4767935347193229e-05
2019-03-29,-2.2946549862643235e-05
2019-03-30,-2.228382323072318e-05
2019-03-31,-2.162109659880307e-05
2019-04-01,-5.315920386800502e-05
2019-04-02,-5.593999512754136e-05
2019-04-03,-7.174943343090886e-05
2019-04-04,-8.783816841220529e-05
2019-04-05,-8.595155838578961e-05
2019-04-06,-8.548593229491949e-05
2019-04-07,-8.502030620404852e-05
2019-04-08,-8.627711864008293e-05
2019-04-09,-7.235333135867703e-05
2019-04-10,-7.868348445032414e-05
2019-04-11,-8.467246076804139e-05
2019-04-12,-0.00011347695413552116
2019-04-13,-0.00011312593428891191
2019-04-14,-0.00011277491444230305
2019-04-15,-9.637811871541662e-05
2019-04-16,-0.00010517583849323395
2019-04-17,-0.0001302983860872878
2019-04-18,-0.00011021407985545246
2019-04-19,-0.0001097504568134116
2019-04-20,-0.00010928683377136935
2019-04-21,-0.00010882321072932848
2019-04-22,-0.00011010554377467521
2019-04-23,-0.00011874952851334954
2019-04-24,-0.00010337791160109303
2019-04-25,-0.0001107800098121025
2019-04-26,-0.00011901628031354771
2019-04-27,-0.00011860621820610903
2019-04-28,-0.0001181961560986694
2019-04-29,-0.00013498417335769917
2019-04-30,-0.0001296672531864202
2019-05-01,-0.00010144265885734334
2019-05-02,-8.065791906069441e-05
2019-05-03,-8.164968707638516e-05
2019-05-04,-8.098193810331423e-05
2019-05-05,-8.031418913024334e-05
2019-05-06,-8.265678496215534e-05
2019-05-07,-6.484736710798087e-05
2019-05-08,-7.131810693577597e-05
2019-05-09,-6.715843063487089e-05
2019-05-10,-5.73478580876311e-05
2019-05-11,-5.6773228818909214e-05
2019-05-12,-5.6198599550187864e-05
2019-05-13,-1.1986306502748278e-05
2019-05-14,-7.196353942708669e-06
2019-05-15,-4.602633226727256e-06
2019-05-16,-1.1434550318666248e-05
2019-05-17,-1.0618508152611046e-06
2019-05-18,-4.083674048103582e-07
2019-05-19,2.451160056403814e-07
2019-05-20,1.816938201553987e-07
2019-05-21,-1.8543082603838187e-05
2019-05-22,1.525673995014537e-05
2019-05-23,4.859095536084533e-05
2019-05-24,3.271534797644684e-05
2019-05-25,3.372454651366427e-05
2019-05-26,3.473374505088196e-05
2019-05-27,3.5742943588100095e-05
2019-05-28,6.291733608270798e-05
2019-05-29,6.625040729634185e-05
2019-05-30,7.845595449672249e-05
2019-05-31,0.0001250954667023151
2019-06-01,0.00012627237590569668
2019-06-02,0.0001274492851090782
2019-06-03,0.0001130649397388759
2019-06-04,2.7395757754044554e-05
2019-06-05,2.811933988839896e-05
2019-06-06,1.251649281535279e-05
2019-06-07,1.5764056583235845e-05
2019-06-08,1.7099596956818518e-05
2019-06-09,1.8435137330400282e-05
2019-06-10,-8.295866670978684e-06
2019-06-11,-2.8669171900153847e-05
2019-06-12,2.9188774937328783e-05
2019-06-13,1.804681941072926e-05
2019-06-14,2.2500905734257497e-05
2019-06-15,2.3808672348507442e-05
2019-06-16,2.51164389627569e-05
2019-06-17,4.570380168860071e-05
2019-06-18,1.0897710934325997e-05
2019-06-19,2.132054601595615e-05
2019-06-20,1.9395384259449387e-06
2019-06-21,2.62858432602824e-06
2019-06-22,3.829919848500646e-06
2019-06-23,5.031255370972747e-06
2019-06-24,2.6641105226964936e-05
2019-06-25,4.649451463252923e-05
2019-06-26,3.165934504609507e-05
2019-06-27,6.462759679492747e-06
2019-06-28,-1.0873279296769546e-05
2019-06-29,-9.514952787438137e-06
2019-06-30,-8.156626278106728e-06
2019-07-01,-1.586682004916832e-05
2019-07-02,-9.098426259591656e-06
2019-07-03,-1.5897676249436047e-05
2019-07-04,-1.448214454328045e-05
2019-07-05,-2.0866826920593584e-05
2019-07-06,-1.9536389268894785e-05
2019-07-07,-1.820595161719575e-05
2019-07-08,2.512067087675428e-05
2019-07-09,2.05449593409586e-05
2019-07-10,3.242415103463764e-05
2019-07-11,-8.317950156047329e-06
2019-07-12,-3.266881510230434e-05
2019-07-13,-3.156113403359166e-05
2019-07-14,-3.04534529648791e-05
2019-07-15,-1.178573718480892e-05
2019-07-16,-9.267576567566536e-06
2019-07-17,1.609252921564992e-05
2019-07-18,-1.3247199324401823e-05
2019-07-19,-2.1379862747186097e-06
2019-07-20,-1.1492770016289288e-06
2019-07-21,-1.605677285389565e-07
2019-07-22,1.1946644118096388e-05
2019-07-23,4.4039324219657676e-06
2019-07-24,-4.2077833783954765e-06
2019-07-25,9.885493346084702e-06
2019-07-26,-4.655282566657083e-06
2019-07-27,-4.170098296132839e-06
2019-07-28,-3.6849140256082667e-06
2019-07-29,5.67809759943442e-06
2019-07-30,1.729327928451053e-05
2019-07-31,1.6572102114684116e-05
2019-08-01,4.679963130591285e-05
2019-08-02,6.61341065699067e-05
2019-08-03,6.668006560350199e-05
2019-08-04,6.722602463709756e-05
2019-08-05,0.0001313532889269734
2019-08-06,9.796337106347995e-05
2019-08-07,0.00011520249740061676
2019-08-08,8.845544343082576e-05
2019-08-09,8.30280691597193e-05
2019-08-10,8.354358627151584e-05
2019-08-11,8.405910338331343e-05
2019-08-12,9.868553733938042e-05
2019-08-13,0.00011956839901632698
2019-08-14,0.0001581258087143551
2019-08-15,0.00014916417213806202
2019-08-16,0.00013183572006259366
2019-08-17,0.0001322754474089923
2019-08-18,0.0001327151747553895
2019-08-19,0.00015399452583209755
2019-08-20,0.00014889727573842476
2019-08-21,0.000149683838704684
2019-08-22,0.00020994924968722092
2019-08-23,0.0001933978740434389
2019-08-24,0.00019359798697762785
2019-08-25,0.0001937980999118168
2019-08-26,0.00018203279372429717
2019-08-27,0.00016661287316612692
2019-08-28,0.0001833541850084915
2019-08-29,0.00018498921424375312
2019-08-30,0.00017469045157843908
2019-08-31,0.00017490342200763063
2019-09-01,0.00017511639243682336
2019-09-02,0.0001753293628660161
2019-09-03,0.00021034254340146578
2019-09-04,0.00020937473617299194
2019-09-05,0.00023720412869063755
2019-09-06,0.00022646508268379576
2019-09-07,0.00022643352478483828
2019-09-08,0.00022640196688587978
2019-09-09,0.0002338136602057978
2019-09-10,0.00024305120995243496
2019-09-11,0.00023609655266971016
2019-09-12,0.00023907718088436811
2019-09-13,0.0002442259161315259
2019-09-14,0.00024412173802460094
2019-09-15,0.0002440175599176764
2019-09-16,0.0002464792011244802
2019-09-17,0.00024125015865824828
2019-09-18,0.00024924911775307557
2019-09-19,0.0002475499357951893
2019-09-20,0.00017174517059281887
2019-09-21,0.00017213500635556448
2019-09-22,0.0001725248421183093
2019-09-23,0.0001257432758081245
2019-09-24,0.00017016165809517596
2019-09-25,0.0001703986263688062
2019-09-26,0.00014962398109610015
2019-09-27,0.00016108077598294454
2019-09-28,0.00016175179075012577
2019-09-29,0.00016242280551730735
2019-09-30,0.00019029660702958505
2019-10-01,0.0002009057772109488
2019-10-02,0.00024554140177670446
2019-10-03,0.00020854986601273194
2019-10-04,0.00027914338004041096
2019-10-05,0.00027954470990253634
2019-10-06,0.00027994603976466323
2019-10-07,0.0002624841690138046
2019-10-08,0.00026626175213436326
2019-10-09,0.0002311300656387469
2019-10-10,0.00023573508117147402
2019-10-11,0.00023823775839576912
2019-10-12,0.00023868973261947506
2019-10-13,0.0002391417068431797
2019-10-14,0.00024288251941008166
2019-10-15,0.0002108778118381786
2019-10-16,0.00020104357042834917
2019-10-17,0.000184239721891444
2019-10-18,0.00019371955721636985
2019-10-19,0.00019422395170450192
2019-10-20,0.00019472834619263396
2019-10-21,0.0001498901768234624
2019-10-22,0.00014087257854661028
2019-10-23,0.0001246302750892408
2019-10-24,0.0001232147242519027
2019-10-25,0.0001080372577235592
2019-10-26,0.00010878191212022805
2019-10-27,0.00010952656651689729
2019-10-28,9.92690991445002e-05
2019-10-29,9.609126734672156e-05
2019-10-30,0.00010867918666235341
2019-10-31,0.00011664931281350287
2019-11-01,7.816834259885625e-05
2019-11-02,7.903800657998733e-05
2019-11-03,7.990767056111814e-05
2019-11-04,3.835979328594655e-05
2019-11-05,4.115092961835254e-05
2019-11-06,4.676921014212317e-05
2019-11-07,4.457136733868397e-05
2019-11-08,3.104459726176547e-05
2019-11-09,3.187678581438995e-05
2019-11-10,3.270897436701437e-05
2019-11-11,3.52613997868458e-05
2019-11-12,3.819400799563555e-05
2019-11-13,5.596661104303396e-05
2019-11-14,4.954256032870504e-05
2019-11-15,3.954737642407363e-05
2019-11-16,4.0400996675514926e-05
2019-11-17,4.125461692695682e-05
2019-11-18,4.120787263552359e-05
2019-11-19,3.410865928988181e-05
2019-11-20,4.115065751208378e-05
2019-11-21,4.920177161975693e-05
2019-11-22,3.894595214579744e-05
2019-11-23,3.975337709485077e-05
2019-11-24,4.05608020439047e-05
2019-11-25,2.2288060293304326e-05
2019-11-26,3.998231554464212e-05
2019-11-27,2.9702379268730948e-05
2019-11-28,3.067964342852396e-05
2019-11-29,3.9497463849090016e-05
2019-11-30,4.03120564496123e-05
2019-12-01,4.1126649050134e-05
2019-12-02,5.27250611775624e-05
2019-12-03,8.153078034344896e-05
2019-12-04,5.866013648595104e-05
2019-12-05,5.267157241685633e-05
2019-12-06,3.2318344454812056e-05
2019-12-07,3.319012074180956e-05
2019-12-08,3.40618970288071e-05
2019-12-09,4.068052091124639e-05
2019-12-10,3.915292315377801e-05
2019-12-11,4.6794245901759146e-05
2019-12-12,8.662409248287642e-06
2019-12-13,2.3968163082741154e-05
2019-12-14,2.493627652102201e-05
2019-12-15,2.5904389959302853e-05
2019-12-16,1.1441556062926381e-05
2019-12-17,9.569415858549466e-06
2019-12-18,2.0026006999742536e-05
2019-12-19,1.2720827945515526e-05
2019-12-20,2.0138018061186714e-05
2019-12-21,2.118917748132258e-05
2019-12-22,2.2240336901458344e-05
2019-12-23,2.114984640541966e-05
2019-12-24,2.312567373230529e-05
2019-12-25,2.4113064596925707e-05
2019-12-26,1.084718789507519e-05
2019-12-27,1.1854568356644882e-05
2019-12-28,1.2759199188765452e-05
2019-12-29,1.3663830020886167e-05
2019-12-30,1.80376079856625e-05
2019-12-31,1.5052239182426243e-05
2020-01-01,1.5982988620027734e-05
2020-01-02,-1.0216405244720461e-05
2020-01-03,8.298189956656403e-06
2020-01-04,9.083316356946086e-06
2020-01-05,9.86844275723562e-06
2020-01-06,1.3005638044443514e-05
2020-01-07,1.5582851341259507e-05
2020-01-08,3.080014323732092e-06
2020-01-09,-3.992089493746437e-06
2020-01-10,-1.0024332327571668e-05
2020-01-11,-9.283586932332701e-06
2020-01-12,-8.542841537093476e-06
2020-01-13,-1.73316446035915e-05
2020-01-14,-1.896512619661441e-05
2020-01-15,-2.2644382389894775e-05
2020-01-16,-0.00011589997791166466
2020-01-17,-0.00013674876216945877
2020-01-18,-0.00013618681475407383
2020-01-19,-0.00013562486733868838
2020-01-20,-0.00013506291992330228
2020-01-21,-0.000155919623433751
2020-01-22,-0.00015791460199430347
2020-01-23,-0.0001558625396889158
2020-01-24,-0.00013566027958927362
2020-01-25,-0.00013528352034575855
2020-01-26,-0.00013490676110224445
2020-01-27,-0.0001268861458301156
2020-01-28,-0.00013670155689925244
2020-01-29,-0.0001318641459289543
2020-01-30,-0.00013741798596809764
2020-01-31,-0.00012583287013044164
2020-02-01,-0.0001256050382456642
2020-02-02,-0.00012537720636088674
2020-02-03,-0.00012703818342484424
2020-02-04,-0.00013375911670303586
2020-02-05,-0.00014600121304426473
2020-02-06,-0.00013888702857643443
2020-02-07,-0.00014839518589813055
2020-02-08,-0.00014808559735273168
2020-02-09,-0.00014777600880733278
2020-02-10,-0.00015036979496187912
2020-02-11,-0.00014688463020641587
2020-02-12,-0.00014869394639012995
2020-02-13,-0.00014561948750428636
2020-02-14,-0.00015767083489087432
2020-02-15,-0.00015738793330575193
2020-02-16,-0.00015710503172063024
2020-02-17,-0.00015682213013550853
2020-02-18,-0.0001525987573417853
2020-02-19,-0.00016544385869188695
2020-02-20,-0.00014405981728344034
2020-02-21,-0.00013363179812902941
2020-02-22,-0.0001333815185789265
2020-02-23,-0.00013313123902882355
2020-02-24,-0.00011100911138211853
2020-02-25,-9.424428798321377e-05
2020-02-26,-8.806441899421274e-05
2020-02-27,-7.843037135780938e-05
2020-02-28,-7.493186100579881e-05
2020-02-29,-7.474068781311655e-05
2020-03-01,-7.454951462043284e-05
2020-03-02,-6.524334725027712e-05
2020-03-03,-4.939654149876575e-05
2020-03-04,-1.8279840654752904e-05
2020-03-05,-1.6949175555347881e-06
2020-03-06,-1.1910826710170318e-05
2020-03-07,-1.2024965278645088e-05
2020-03-08,-1.2139103847122437e-05
2020-03-09,7.142054428082477e-06
2020-03-10,-3.5948069937497554e-05
2020-03-11,4.143393191895491e-05
2020-03-12,0.00010219889563486755
2020-03-13,0.00016400572153963983
2020-03-14,0.00016357818331956198
2020-03-15,0.0001631506450994833
2020-03-16,0.0002539592161923408
2020-03-17,-1.2759949938678006e-05
2020-03-18,0.00041991281788990537
2020-03-19,0.0011754359071861034
2020-03-20,0.0010747920104859988
2020-03-21,0.0010728650019688082
2020-03-22,0.0010709379934516208
2020-03-23,0.0018755591984160008
2020-03-24,0.0023860164039101518
2020-03-25,0.0019310721500463736
2020-03-26,0.0016247590743742855
2020-03-27,0.0016699477397781226
2020-03-28,0.0016684125749356707
2020-03-29,0.0016668774100932144
2020-03-30,0.0018239916575825631
2020-03-31,0.0017627979426761376
2020-04-01,0.0017851548535062424
2020-04-02,0.001877419093994406
2020-04-03,0.002274964347417333
2020-04-04,0.002272593893664777
2020-04-05,0.0022702234399122213
2020-04-06,0.0024004173477445824
2020-04-07,0.0023824020644438197
2020-04-08,0.002468761189315015
2020-04-09,0.0024717385281257604
2020-04-10,0.002470126187546311
2020-04-11,0.0024685138469668585
2020-04-12,0.0024669015063874086
2020-04-13,0.002419603169297101
2020-04-14,0.002333100313297657
2020-04-15,0.002403813913363859
2020-04-16,0.002482903497418637
2020-04-17,0.0023463473521343975
2020-04-18,0.0023446890625104526
2020-04-19,0.002343030772886505
2020-04-20,0.002151946936193149
2020-04-21,0.0022520865454319764
2020-04-22,0.0021533676723142006
2020-04-23,0.0021118146400778484
2020-04-24,0.002246227270071573
2020-04-25,0.002244614311009539
2020-04-26,0.002243001351947508
2020-04-27,0.0023058780853495754
2020-04-28,0.0023542031397466856
2020-04-29,0.0020985158676699762
2020-04-30,0.002126660064749518
2020-05-01,0.002154130988052426
2020-05-02,0.002152844723109954
2020-05-03,0.002151558458167479
2020-05-04,0.0022527794588389476
2020-05-05,0.002235672822419531
2020-05-06,0.0021743588753366226
2020-05-07,0.002352310440634752
2020-05-08,0.0024392860415846742
2020-05-09,0.002437687376503789
2020-05-10,0.0024360887114229057
2020-05-11,0.0025880636647631666
2020-05-12,0.002279144775046498
2020-05-13,0.002377687745302822
2020-05-14,0.002511476683311124
2020-05-15,0.0025742647570241237
2020-05-16,0.0025720758412770984
2020-05-17,0.0025698869255300788
2020-05-18,0.002915952845172519
2020-05-19,0.0028643340796575024
2020-05-20,0.0028830952539772785
2020-05-21,0.0028492311406394313
2020-05-22,0.0028719777573529975
2020-05-23,0.00286971651408689
2020-05-24,0.002867455270820784
2020-05-25,0.002865194027554676
2020-05-26,0.0031708227459150955
2020-05-27,0.0032642815684128922
2020-05-28,0.0030649216467758984
2020-05-29,0.003006466482465625
2020-05-30,0.003004902494300713
2020-05-31,0.0030033385061358038
2020-06-01,0.0029983778978395466
2020-06-02,0.0029444603096166304
2020-06-03,0.002945566654859352
2020-06-04,0.0030522048948304335
2020-06-05,0.0030228269734498053
2020-06-06,0.0030219256886290765
2020-06-07,0.003021024403808351
2020-06-08,0.0030898873260497765
2020-06-09,0.003148528977024199
2020-06-10,0.0030603716471660275
2020-06-11,0.0029161795626374354
2020-06-12,0.0029527870126115105
2020-06-13,0.002951224423850533
2020-06-14,0.0029496618350895536
2020-06-15,0.0030481390096897
2020-06-16,0.003084831850509986
2020-06-17,0.0030337410756703653
2020-06-18,0.002980318417178562
2020-06-19,0.002904185842998054
2020-06-20,0.002902957548373564
2020-06-21,0.002901729253749073
2020-06-22,0.002923083271451791
2020-06-23,0.0029198369464956196
2020-06-24,0.0029231076192420564
2020-06-25,0.0029571514305755386
2020-06-26,0.0028921034009254188
2020-06-27,0.0028909295716681633
2020-06-28,0.0028897557424109044
2020-06-29,0.0028756649113635376
2020-06-30,0.002932107772592324
2020-07-01,0.0028091058549292703
2020-07-02,0.0028214675142799865
2020-07-03,0.002820646788321923
2020-07-04,0.0028198260623638624
2020-07-05,0.0028190053364058006
2020-07-06,0.002816838456463017
2020-07-07,0.0028023623190127226
2020-07-08,0.002825928871100443
2020-07-09,0.0027808502071264905
2020-07-10,0.002863457908515506
2020-07-11,0.0028626546472023152
2020-07-12,0.002861851385889124
2020-07-13,0.0029158321841392773
2020-07-14,0.002946453351906986
2020-07-15,0.0029695167252566826
2020-07-16,0.0030259278999652623
2020-07-17,0.0030006975345817804
2020-07-18,0.0029996558543365737
2020-07-19,0.002998614174091364
2020-07-20,0.0028990340709805105
2020-07-21,0.0028979389668082178
2020-07-22,0.0029085635769650277
2020-07-23,0.002895834336319072
2020-07-24,0.002882724209714591
2020-07-25,0.0028821568552136485
2020-07-26,0.002881589500712705
2020-07-27,0.002959180204823342
2020-07-28,0.002924800600909251
2020-07-29,0.0029288357120160645
2020-07-30,0.002907533126979539
2020-07-31,0.0029324126704410856
2020-08-01,0.0029314133260593227
2020-08-02,0.0029304139816775593
2020-08-03,0.002991614211165831
2020-08-04,0.002961514050990057
2020-08-05,0.0029793597266955492
2020-08-06,0.002967706843112587
2020-08-07,0.002998329589583455
2020-08-08,0.002997249585461313
2020-08-09,0.0029961695813391677
2020-08-10,0.003017358942579572
2020-08-11,0.0030409114758228164
2020-08-12,0.0030604882811676175
2020-08-13,0.0030517430028884126
2020-08-14,0.003066806260564036
2020-08-15,0.0030656824958735975
2020-08-16,0.003064558731183163
2020-08-17,0.0030408910173382797
2020-08-18,0.0029746870443956553
2020-08-19,0.0030020515135744446
2020-08-20,0.002963704958990988
2020-08-21,0.0029532720107278724
2020-08-22,0.0029524270038273287
2020-08-23,0.002951581996926786
2020-08-24,0.0029557678969607663
2020-08-25,0.0029373137213414965
2020-08-26,0.0029367549945631785
2020-08-27,0.0029694171187057174
2020-08-28,0.0029390855905040624
2020-08-29,0.002938539528107616
2020-08-30,0.00293799346571117
2020-08-31,0.0029556520652333513
2020-09-01,0.0029234614787726123
2020-09-02,0.0029262547816366388
2020-09-03,0.002933569739213346
2020-09-04,0.0029499826874254333
2020-09-05,0.0029493133420416427
2020-09-06,0.0029486439966578543
2020-09-07,0.002947974651274065
2020-09-08,0.0028932426873395614
2020-09-09,0.002906410527145628
2020-09-10,0.0029016411689995565
2020-09-11,0.002900749590032954
2020-09-12,0.002900054775283251
2020-09-13,0.0028993599605335475
2020-09-14,0.0029412909300689525
2020-09-15,0.0028941021786101796
2020-09-16,0.0028831655737811338
2020-09-17,0.0028660459857488955
2020-09-18,0.0029048120381563354
2020-09-19,0.0029040806280391292
2020-09-20,0.002903349217921924
2020-09-21,0.0028782887167624113
2020-09-22,0.002840932565248414
2020-09-23,0.002802610253797506
2020-09-24,0.002833951212149159
2020-09-25,0.0027973427706154343
2020-09-26,0.002796667501133064
2020-09-27,0.0027959922316506958
2020-09-28,0.0028492375597571748
2020-09-29,0.0027868727802871376
2020-09-30,0.002774591525435336
2020-10-01,0.002659626621261393
2020-10-02,0.002675954075453521
2020-10-03,0.002675658502084702
2020-10-04,0.002675362928715881
2020-10-05,0.0026550887705368903
2020-10-06,0.002605576698873335
2020-10-07,0.0025910884606180056
2020-10-08,0.0025579861076875043
2020-10-09,0.00250281236089222
2020-10-10,0.0025030306287522593
2020-10-11,0.0025032488966123013
2020-10-12,0.0025301637702115974
2020-10-13,0.0025297888383603627
2020-10-14,0.0025075523168453812
2020-10-15,0.002543579025857536
2020-10-16,0.0025288925467706626
2020-10-17,0.0025289845824682314
2020-10-18,0.002529076618165798
2020-10-19,0.0024844016998627405
2020-10-20,0.0024376254913831465
2020-10-21,0.0024185581254321693
2020-10-22,0.0023993372929614243
2020-10-23,0.002389526716766821
2020-10-24,0.0023901123222922443
2020-10-25,0.0023906979278176675
2020-10-26,0.0024329199560925497
2020-10-27,0.002431318461989364
2020-10-28,0.002495150935617873
2020-10-29,0.0025371375016306217
2020-10-30,0.002544497565535211
2020-10-31,0.002544880806254374
2020-11-01,0.002545264046973539
2020-11-02,0.002476699823678006
2020-11-03,0.0024250682209102947
2020-11-04,0.002383546556732852
2020-11-05,0.0023474109565698323
2020-11-06,0.002326729910233838
2020-11-07,0.002327650103292782
2020-11-08,0.0023285702963517264
2020-11-09,0.002153622676414955
2020-11-10,0.0021546585337019197
2020-11-11,0.002150400243786375
2020-11-12,0.0021719574513952337
2020-11-13,0.002122856119919919
2020-11-14,0.0021240732944598395
2020-11-15,0.0021252904689997615
2020-11-16,0.0020699376293750495
2020-11-17,0.0020487564666789955
2020-11-18,0.0020603562408852256
2020-11-19,0.002070289360880391
2020-11-20,0.0020942314747343206
2020-11-21,0.002095274285839419
2020-11-22,0.0020963170969445187
2020-11-23,0.0020321867447501596
2020-11-24,0.0019392318714990713
2020-11-25,0.0019374937803136386
2020-11-26,0.001938547434928505
2020-11-27,0.0019276578831415698
2020-11-28,0.0019286642805857702
2020-11-29,0.0019296706780299693
2020-11-30,0.0019922073127928595
2020-12-01,0.0019486787068050849
2020-12-02,0.0019236925931071858
2020-12-03,0.0019148429658788623
2020-12-04,0.0018873838631897196
2020-12-05,0.0018883289615346534
2020-12-06,0.0018892740598795853
2020-12-07,0.001908152332311705
2020-12-08,0.001918358062577502
2020-12-09,0.0019077785676522953
2020-12-10,0.0019070380641838724
2020-12-11,0.001933211441158378
2020-12-12,0.0019341276805950075
2020-12-13,0.0019350439200316362
2020-12-14,0.001971084202965109
2020-12-15,0.0019191696362604916
2020-12-16,0.0019134661249658458
2020-12-17,0.0019066195007041164
2020-12-18,0.0019243107356444343
2020-12-19,0.0019255581017726016
2020-12-20,0.0019268054679007671
2020-12-21,0.0018032870400855184
2020-12-22,0.0018367113331899988
2020-12-23,0.0018021306329084245
2020-12-24,0.001812729347852717
2020-12-25,0.0018137939686499543
2020-12-26,0.0018148585894471939
2020-12-27,0.001815923210244431
2020-12-28,0.0018309750576098825
2020-12-29,0.0018442075990848996
2020-12-30,0.0018553289181396971
2020-12-31,0.0018358994173492062
2021-01-01,0.0018372052306042832
2021-01-02,0.001838511043859362
2021-01-03,0.0018398168571144397
2021-01-04,0.0018200715464040998
2021-01-05,0.001805497737833367
2021-01-06,0.0016639464678842482
2021-01-07,0.001655950956197959
2021-01-08,0.001671403332882641
2021-01-09,0.0016726116917786704
2021-01-10,0.0016738200506746979
2021-01-11,0.0016566294619159286
2021-01-12,0.0017083655285532815
2021-01-13,0.0017399553281909831
2021-01-14,0.0017075921398193488
2021-01-15,0.001734233363100759
2021-01-16,0.0017356176861419122
2021-01-17,0.0017370020091830613
2021-01-18,0.0017383863322242127
2021-01-19,0.001749555412640983
2021-01-20,0.0017631627595591452
2021-01-21,0.0017290326922104165
2021-01-22,0.0017680947645316613
2021-01-23,0.0017694482567508967
2021-01-24,0.0017708017489701335
2021-01-25,0.0018225619628340292
2021-01-26,0.0018493368945633223
2021-01-27,0.001882880860528826
2021-01-28,0.0018919580268711089
2021-01-29,0.0019704209873484106
2021-01-30,0.001971748711324748
2021-01-31,0.001973076435301088
2021-02-01,0.0019894283725412614
2021-02-02,0.0018570684129279012
2021-02-03,0.001878172863081094
2021-02-04,0.0017923650688836314
2021-02-05,0.001784981554186966
2021-02-06,0.0017870061248766813
2021-02-07,0.0017890306955664014
2021-02-08,0.001749959681550354
2021-02-09,0.0017325786918919717
2021-02-10,0.0017168553310017238
2021-02-11,0.0017524591182025173
2021-02-12,0.00174692410479484
2021-02-13,0.0017490043139418538
2021-02-14,0.0017510845230888712
2021-02-15,0.001753164732235887
2021-02-16,0.0016832353982695258
2021-02-17,0.001689150258181078
2021-02-18,0.0017139143239401718
2021-02-19,0.0016837433526906034
2021-02-20,0.0016857664355544926
2021-02-21,0.001687789518418384
2021-02-22,0.001567783598194114
2021-02-23,0.0015598169167573847
2021-02-24,0.0015205937681964225
2021-02-25,0.0015717867502727959
2021-02-26,0.0015805793783616844
2021-02-27,0.0015822925793934337
2021-02-28,0.0015840057804251879
2021-03-01,0.0015553929076386067
2021-03-02,0.0014993290142354522
2021-03-03,0.001434948595059056
2021-03-04,0.001444780077766947
2021-03-05,0.0014838608141209257
2021-03-06,0.0014857456388667645
2021-03-07,0.0014876304636126066
2021-03-08,0.0014490502815649503
2021-03-09,0.0015190615834429105
2021-03-10,0.00141025173408029
2021-03-11,0.0014279709717677958
2021-03-12,0.0012877993991508194
2021-03-13,0.0012894918474956039
2021-03-14,0.0012911842958403892
2021-03-15,0.0013142194271078815
2021-03-16,0.0014187712910039407
2021-03-17,0.00128421509234147
2021-03-18,0.0012204115079498378
2021-03-19,0.0012582884123168584
2021-03-20,0.0012597619083511103
2021-03-21,0.0012612354043853669
2021-03-22,0.00131585436739617
2021-03-23,0.001450617013228729
2021-03-24,0.001416748828043771
2021-03-25,0.0013910295262152244
2021-03-26,0.0014309188162694333
2021-03-27,0.0014325922709199233
2021-03-28,0.001434265725570409
2021-03-29,0.0015057794231521891
2021-03-30,0.00150350862604124
2021-03-31,0.0014927185159800654
2021-04-01,0.0014737894682875508
2021-04-02,0.0014753558931418088
2021-04-03,0.0014769223179960666
2021-04-04,0.0014784887428503236
2021-04-05,0.0014462087919959795
2021-04-06,0.001400619571499349
2021-04-07,0.001383322298337603
2021-04-08,0.0013399358094963645
2021-04-09,0.001311256836762774
2021-04-10,0.0013124242152685638
2021-04-11,0.001313591593774351
2021-04-12,0.0011947507445573746
2021-04-13,0.001217562540347451
2021-04-14,0.0012256944354903025
2021-04-15,0.00125335062747659
2021-04-16,0.0013208737789187305
2021-04-17,0.001321909280668188
2021-04-18,0.001322944782417642
2021-04-19,0.0012006348829104734
2021-04-20,0.0012638792974386194
2021-04-21,0.0012229191345941963
2021-04-22,0.0012631111775793658
2021-04-23,0.0012099603653941725
2021-04-24,0.0012107242004668257
2021-04-25,0.001211488035539479
2021-04-26,0.0012467094515912264
2021-04-27,0.001264359393990321
2021-04-28,0.0013050280818351126
2021-04-29,0.0012473515692708935
2021-04-30,0.0011883768645872825
2021-05-01,0.0011891881675528898
2021-05-02,0.0011899994705184954
2021-05-03,0.001178101032760074
2021-05-04,0.0011569323918784818
2021-05-05,0.0011394520289353274
2021-05-06,0.001115326686740481
2021-05-07,0.0011282354714168858
2021-05-08,0.001129048834469242
2021-05-09,0.001129862197521596
2021-05-10,0.001086390037041132
2021-05-11,0.0011073047647700762
2021-05-12,0.0011070657840110806
2021-05-13,0.0011194207933609792
2021-05-14,0.0010892042818622435
2021-05-15,0.001089902253339591
2021-05-16,0.001090600224816939
2021-05-17,0.0011342023968874543
2021-05-18,0.001248356336429839
2021-05-19,0.0012595800307563841
2021-05-20,0.001243962577362101
2021-05-21,0.0012971042296535094
2021-05-22,0.0012983559635607904
2021-05-23,0.0012996076974680691
2021-05-24,0.0012266186168825176
2021-05-25,0.00115535230750753
2021-05-26,0.0011795582723126729
2021-05-27,0.0012180644399187248
2021-05-28,0.0012348985413395731
2021-05-29,0.0012361093237558325
2021-05-30,0.0012373201061720968
2021-05-31,0.0012385308885883562
2021-06-01,0.0011856219639719426
2021-06-02,0.00118385896656773
2021-06-03,0.0011822461401425287
2021-06-04,0.001168355980825957
2021-06-05,0.001169538943942985
2021-06-06,0.001170721907060016
2021-06-07,0.0011975219983276367
2021-06-08,0.001212524173806604
2021-06-09,0.0012295083423626875
2021-06-10,0.0012606742641447246
2021-06-11,0.0012590598800704793
2021-06-12,0.0012603301721611235
2021-06-13,0.0012616004642517673
2021-06-14,0.001275422027688112
2021-06-15,0.0013001485510590776
2021-06-16,0.0011935679347316987
2021-06-17,0.0012707707468425063
2021-06-18,0.0013771699300980725
2021-06-19,0.0013783276074469228
2021-06-20,0.001379485284795777
2021-06-21,0.0013493272383179042
2021-06-22,0.001344565950717257
2021-06-23,0.0013297821008174293
2021-06-24,0.0013074159307812849
2021-06-25,0.0012771394780815245
2021-06-26,0.0012782559196063649
2021-06-27,0.0012793723611312074
2021-06-28,0.0012817771165366467
2021-06-29,0.001188986141369227
2021-06-30,0.001135486649910253
2021-07-01,0.001097107271191121
2021-07-02,0.0011306303377095965
2021-07-03,0.0011315236198542159
2021-07-04,0.0011324169019988348
2021-07-05,0.0011333101841434537
2021-07-06,0.0012279664459437583
2021-07-07,0.001225949881782161
2021-07-08,0.0012585646108641444
2021-07-09,0.0011989741070291297
2021-07-10,0.001199932732928421
2021-07-11,0.0012008913588277125
2021-07-12,0.0011327238596164839
2021-07-13,0.0011168181776419585
2021-07-14,0.0011720552525854057
2021-07-15,0.0012059136338132413
2021-07-16,0.0012282989435836553
2021-07-17,0.0012293349650834382
2021-07-18,0.0012303709865832207
2021-07-19,0.0010810261764625862
2021-07-20,0.001034495677046539
2021-07-21,0.0010155298020438296
2021-07-22,0.0009872045388694991
2021-07-23,0.001017343659891542
2021-07-24,0.0010178884073836522
2021-07-25,0.0010184331548757633
2021-07-26,0.0010063781751946145
2021-07-27,0.0009807426247017239
2021-07-28,0.0010121981187379897
2021-07-29,0.0010511455701266775
2021-07-30,0.0010274616404293306
2021-07-31,0.0010280479317204183
2021-08-01,0.0010286342230115045
2021-08-02,0.0010321961569709544
2021-08-03,0.001087413636695757
2021-08-04,0.0011515695883520512
2021-08-05,0.001132354608386421
2021-08-06,0.0010988376193572407
2021-08-07,0.001099669075813681
2021-08-08,0.0011005005322701161
2021-08-09,0.0011350426014572973
2021-08-10,0.0011144544466847352
2021-08-11,0.0010546389864198157
2021-08-12,0.0010414852403336525
2021-08-13,0.0011378188692579931
2021-08-14,0.0011388114875014307
2021-08-15,0.0011398041057448696
2021-08-16,0.0010763702887820355
2021-08-17,0.001159545864392627
2021-08-18,0.0011341320821949296
2021-08-19,0.0011854887925917168
2021-08-20,0.001224705014497278
2021-08-21,0.0012257641699463698
2021-08-22,0.0012268233253954612
2021-08-23,0.0012168202488820022
2021-08-24,0.0012141253961773751
2021-08-25,0.0012216600094166652
2021-08-26,0.0011687990363191147
2021-08-27,0.0011619171474771507
2021-08-28,0.001162999968828348
2021-08-29,0.0011640827901795389
2021-08-30,0.0012129873853114893
2021-08-31,0.0012122661160097806
2021-09-01,0.0012431178314924406
2021-09-02,0.001200581170945664
2021-09-03,0.0011367022066820082
2021-09-04,0.0011376941452893644
2021-09-05,0.0011386860838967243
2021-09-06,0.0011396780225040783
2021-09-07,0.0011651058399078248
2021-09-08,0.0011630411257367496
2021-09-09,0.0011140124014028874
2021-09-10,0.00110143617651964
2021-09-11,0.0011023351010734867
2021-09-12,0.0011032340256273301
2021-09-13,0.001073821142522307
2021-09-14,0.0010760052776209175
2021-09-15,0.001032101866132069
2021-09-16,0.0011059358790132794
2021-09-17,0.001089022730465434
2021-09-18,0.0010898419981871378
2021-09-19,0.0010906612659088446
2021-09-20,0.0010972916267688298
2021-09-21,0.0010920045704828608
2021-09-22,0.0010508082579894493
2021-09-23,0.0010544162913534495
2021-09-24,0.001052564706994315
2021-09-25,0.0010533159693177263
2021-09-26,0.001054067231641139
2021-09-27,0.001047630353296221
2021-09-28,0.0009903791064867075
2021-09-29,0.0010952687784868435
2021-09-30,0.0011364801893621874
2021-10-01,0.0011255978527572523
2021-10-02,0.0011264184351796754
2021-10-03,0.0011272390176020977
2021-10-04,0.0011260838056621602
2021-10-05,0.0011083531202424057
2021-10-06,0.0011003043096227654
2021-10-07,0.0011325225715580792
2021-10-08,0.0010697116269605847
2021-10-09,0.0010704246255992041
2021-10-10,0.001071137624237828
2021-10-11,0.0011222322025328053
2021-10-12,0.001154400536647822
2021-10-13,0.0011573074210111647
2021-10-14,0.0011647932579052188
2021-10-15,0.0011425572081262517
2021-10-16,0.0011435072263068532
2021-10-17,0.001144457244487457
2021-10-18,0.001186039702761581
2021-10-19,0.001266135745972465
2021-10-20,0.0012625121723229703
2021-10-21,0.0012788804851043257
2021-10-22,0.001233636049953971
2021-10-23,0.0012347447287621178
2021-10-24,0.0012358534075702636
2021-10-25,0.001198210505535039
2021-10-26,0.0011195960450895081
2021-10-27,0.0011310223319132657
2021-10-28,0.0010834859104407366
2021-10-29,0.0009711285745679914
2021-10-30,0.0009717243511964892
2021-10-31,0.0009723201278249915
2021-11-01,0.0009941317071926869
2021-11-02,0.0009454280689869692
2021-11-03,0.0009946213747605694
2021-11-04,0.0009948517104359411
2021-11-05,0.0009883015883065686
2021-11-06,0.0009888633182031765
2021-11-07,0.0009894250480997806
2021-11-08,0.001025870858709954
2021-11-09,0.001038321524443085
2021-11-10,0.0010470298248122373
2021-11-11,0.001025651994544376
2021-11-12,0.0010251871351945792
2021-11-13,0.0010258166097177172
2021-11-14,0.0010264460842408594
2021-11-15,0.0009897509188465852
2021-11-16,0.0009582120737828313
2021-11-17,0.0010074432747943798
2021-11-18,0.001064178707824103
2021-11-19,0.0010797227455030364
2021-11-20,0.0010804233115740067
2021-11-21,0.0010811238776449752
2021-11-22,0.0009110580960389181
2021-11-23,0.0009290323214487259
2021-11-24,0.0009293562925977504
2021-11-25,0.000929745113255027
2021-11-26,0.0008658606726370717
2021-11-27,0.000866059307714608
2021-11-28,0.0008662579427921412
2021-11-29,0.0008838249766830927
2021-11-30,0.0008466779665798165
2021-12-01,0.0008711578978627167
2021-12-02,0.000867763963713743
2021-12-03,0.0008393852477261818
2021-12-04,0.0008395187088673898
2021-12-05,0.0008396521700085993
2021-12-06,0.0008153993289767668
2021-12-07,0.0008466172267503339
2021-12-08,0.0008670017193199866
2021-12-09,0.0007967632561529628
2021-12-10,0.0007992298291012714
2021-12-11,0.0007992663866837776
2021-12-12,0.0007993029442662834
2021-12-13,0.0007990728296457329
2021-12-14,0.0007736324131049283
2021-12-15,0.0007488687171380538
2021-12-16,0.0007829061125983825
2021-12-17,0.0007307503223603557
2021-12-18,0.0007306094029514853
2021-12-19,0.0007304684835426127
2021-12-20,0.0006838986522306947
2021-12-21,0.0007207310537036288
2021-12-22,0.0007328628888435539
2021-12-23,0.0007186670947166158
2021-12-24,0.000718473965713173
2021-12-25,0.000718280836709728
2021-12-26,0.0007180877077062851
2021-12-27,0.0007447497278390367
2021-12-28,0.0007519436414343487
2021-12-29,0.000747227328651844
2021-12-30,0.0007784765008157278
2021-12-31,0.0007957498807494742
2022-01-01,0.0007957637386605376
2022-01-02,0.0007957775965715991
2022-01-03,0.0008351531308996512
2022-01-04,0.0008315103213639537
2022-01-05,0.0008532090161368
2022-01-06,0.0008715196555862734
2022-01-07,0.0009692403880212019
2022-01-08,0.0009696934961235966
2022-01-09,0.000970146604225995
2022-01-10,0.0010001984520356948
2022-01-11,0.0009894958187637176
2022-01-12,0.0010356083102119721
2022-01-13,0.000992588435668206
2022-01-14,0.0010971588615887214
2022-01-15,0.0010978028290398248
2022-01-16,0.001098446796490928
2022-01-17,0.001099090763942032
2022-01-18,0.0011558283452361919
2022-01-19,0.0011098015147113002
2022-01-20,0.0010351891542410927
2022-01-21,0.0010256860495116967
2022-01-22,0.001026067888156856
2022-01-23,0.0010264497268020149
2022-01-24,0.000986779751406516
2022-01-25,0.000973591951051833
2022-01-26,0.0009162181022980992
2022-01-27,0.0008642577268470612
2022-01-28,0.0008871358387553775
2022-01-29,0.000887128176479291
2022-01-30,0.0008871205142032076
2022-01-31,0.001004170923946307
2022-02-01,0.000990684102549284
2022-02-02,0.0010315657961938586
2022-02-03,0.001014140476049082
2022-02-04,0.0009996694615080034
2022-02-05,0.0009999590022278767
2022-02-06,0.0010002485429477512
2022-02-07,0.0009279142051798539
2022-02-08,0.0009172221304462496
2022-02-09,0.0009882848934011155
2022-02-10,0.0009128680604639414
2022-02-11,0.0008940993028061275
2022-02-12,0.0008941575692003247
2022-02-13,0.0008942158355945201
2022-02-14,0.0008833489917306811
2022-02-15,0.0009685809551483091
2022-02-16,0.000961370462845139
2022-02-17,0.0009536681909797152
2022-02-18,0.0009864602913266943
2022-02-19,0.0009867092567497787
2022-02-20,0.000986958222172864
2022-02-21,0.0009872071875959483
2022-02-22,0.001001667751313618
2022-02-23,0.0009825159921202158
2022-02-24,0.0009670005446125939
2022-02-25,0.0009873082231121935
2022-02-26,0.0009875300373053896
2022-02-27,0.0009877518514985846
2022-02-28,0.0009119822776434391
2022-03-01,0.0008795671799869116
2022-03-02,0.0008923897969093473
2022-03-03,0.0008673041892125053
2022-03-04,0.0008300991450827462
2022-03-05,0.0008294821194730079
2022-03-06,0.0008288650938632709
2022-03-07,0.0007705681755656725
2022-03-08,0.0007699599613205223
2022-03-09,0.0008402609705975071
2022-03-10,0.0008099444932805824
2022-03-11,0.0007986919700836846
2022-03-12,0.0007980552115361867
2022-03-13,0.0007974184529886896
2022-03-14,0.000806242365879519
2022-03-15,0.0008206184251010492
2022-03-16,0.0008545705559242307
2022-03-17,0.0008605559430736391
2022-03-18,0.0008833290780520517
2022-03-19,0.0008831751759339628
2022-03-20,0.0008830212738158725
2022-03-21,0.000861301684913205
2022-03-22,0.0008740332758337145
2022-03-23,0.0008275815685129043
2022-03-24,0.000834335409907268
2022-03-25,0.0008248386425355823
2022-03-26,0.0008244499965144314
2022-03-27,0.0008240613504932817
2022-03-28,0.000819320066810604
2022-03-29,0.0008469519814156634
2022-03-30,0.0008351083157785479
2022-03-31,0.000830482891489801
2022-04-01,0.0008430788753096246
2022-04-02,0.000843073341586555
2022-04-03,0.0008430678078634853
2022-04-04,0.0008760975165234473
2022-04-05,0.0008757173191094787
2022-04-06,0.0008797681840414754
2022-04-07,0.0008800324495649745
2022-04-08,0.000879037197321159
2022-04-09,0.0008791098984004008
2022-04-10,0.0008791825994796426
2022-04-11,0.0008785589152228851
2022-04-12,0.0008776440399384139
2022-04-13,0.0008781365887385417
2022-04-14,0.0008808032269731108
2022-04-15,0.0008804070489868315
2022-04-16,0.0008800108710005517
2022-04-17,0.000879614693014272
2022-04-18,0.0008847570688474563
2022-04-19,0.0009276548259079928
2022-04-20,0.0009679584165956777
2022-04-21,0.000938391018602547
2022-04-22,0.0008718640637757327
2022-04-23,0.0008710263533582074
2022-04-24,0.0008701886429406833
2022-04-25,0.0008750999874271157
2022-04-26,0.0008369708995744401
2022-04-27,0.0008311286786679464
2022-04-28,0.0008464043646610733
2022-04-29,0.0008095745829877852
2022-04-30,0.0008088352136108101
2022-05-01,0.0008080958442338344
2022-05-02,0.0008269645745875594
2022-05-03,0.0008517090332998374
2022-05-04,0.0009023715881949488
2022-05-05,0.0008561178207586151
2022-05-06,0.0008408934100946119
2022-05-07,0.0008396903620280924
2022-05-08,0.0008384873139615709
2022-05-09,0.0007658011525704618
2022-05-10,0.0007085276894761649
2022-05-11,0.0006836682982023608
2022-05-12,0.000684899532733564
2022-05-13,0.0007239159420646754
2022-05-14,0.0007229232318545096
2022-05-15,0.0007219305216443427
2022-05-16,0.0007081054986495638
2022-05-17,0.0007548847816075357
2022-05-18,0.000722065387650835
2022-05-19,0.0007074991846153534
2022-05-20,0.0006759430313899669
2022-05-21,0.0006750586471371657
2022-05-22,0.0006741742628843621
2022-05-23,0.0007364734671685889
2022-05-24,0.0007229625846476897
2022-05-25,0.0007074850037267418
2022-05-26,0.0007410558733920035
2022-05-27,0.0007535537979098955
2022-05-28,0.0007531279500308653
2022-05-29,0.0007527021021518343
2022-05-30,0.0007522762542728041
2022-05-31,0.0007489850691231916
2022-06-01,0.0007353734332180476
2022-06-02,0.0007349725344050512
2022-06-03,0.0007271461171645385
2022-06-04,0.0007266985274886104
2022-06-05,0.000726250937812682
2022-06-06,0.0007332007351604913
2022-06-07,0.0007367065674178519
2022-06-08,0.0007152227703531707
2022-06-09,0.0007013719809781569
2022-06-10,0.0006929738459651022
2022-06-11,0.0006923211138885776
2022-06-12,0.0006916683818120506
2022-06-13,0.0007142508124831603
2022-06-14,0.0007064321534743826
2022-06-15,0.000728001642934739
2022-06-16,0.0007186086633787443
2022-06-17,0.0006110978117868986
2022-06-18,0.0006103163473257363
2022-06-19,0.0006095348828645775
2022-06-20,0.0006087534184034152
2022-06-21,0.000559936327414844
2022-06-22,0.000565600856191276
2022-06-23,0.0005283714201408323
2022-06-24,0.000548080111459929
2022-06-25,0.0005477025876960052
2022-06-26,0.0005473250639320811
2022-06-27,0.0005642832096300072
2022-06-28,0.0006150451519928369
2022-06-29,0.0006057709657317407
2022-06-30,0.000580694173304362
2022-07-01,0.0005779257915610473
2022-07-02,0.0005773038128728302
2022-07-03,0.0005766818341846141
2022-07-04,0.0005760598554963955
2022-07-05,0.0005556156291160161
2022-07-06,0.0005059708374738791
2022-07-07,0.00045945045552434256
2022-07-08,0.0004498062153942134
2022-07-09,0.0004496709669747365
2022-07-10,0.00044953571855526155
2022-07-11,0.00045400895703796287
2022-07-12,0.00047288288233475104
2022-07-13,0.0005031490301748357
2022-07-14,0.000505872841881835
2022-07-15,0.0005233693766606624
2022-07-16,0.0005230085449453403
2022-07-17,0.0005226477132300176
2022-07-18,0.0005723903139823559
2022-07-19,0.0005968474191008078
2022-07-20,0.0005916665145622474
2022-07-21,0.000595675603630797
2022-07-22,0.0005843406642684508
2022-07-23,0.0005839574612002366
2022-07-24,0.000583574258132023
2022-07-25,0.0005765227865433835
2022-07-26,0.0005678617433967899
2022-07-27,0.0005607436404255336
2022-07-28,0.0005333401810873287
2022-07-29,0.0005276167225638816
2022-07-30,0.000527651151068909
2022-07-31,0.0005276855795739368
2022-08-01,0.0005244809299054325
2022-08-02,0.0005352728314253297
2022-08-03,0.0005270332670184233
2022-08-04,0.0005335246830930451
2022-08-05,0.0005317651729015089
2022-08-06,0.0005317647256616763
2022-08-07,0.0005317642784218434
2022-08-08,0.0005296425117100503
2022-08-09,0.0005299750246238856
2022-08-10,0.0005164452837694816
2022-08-11,0.0005130881896556892
2022-08-12,0.0005092450040939105
2022-08-13,0.0005094839731802625
2022-08-14,0.0005097229422666146
2022-08-15,0.0005073636609212093
2022-08-16,0.000506041529743488
2022-08-17,0.0005065192412757704
2022-08-18,0.000505930156101627
2022-08-19,0.0005059819874712991
2022-08-20,0.0005059329692208526
2022-08-21,0.0005058839509704061
2022-08-22,0.0005054179276594935
2022-08-23,0.0005044952349351822
2022-08-24,0.0005019708309162356
2022-08-25,0.000504493824485783
2022-08-26,0.000502481063514374
2022-08-27,0.0005022747157703983
2022-08-28,0.0005020683680264225
2022-08-29,0.000496456330272899
2022-08-30,0.00048294096673262826
2022-08-31,0.0004907094318519845
2022-09-01,0.000486927625409713
2022-09-02,0.00048556656324482035
2022-09-03,0.0004854731931812834
2022-09-04,0.0004853798231177467
2022-09-05,0.00048528645305421017
2022-09-06,0.0004807395567373901
2022-09-07,0.00047017258063265506
2022-09-08,0.00046150398524433625
2022-09-09,0.00046022857917210874
2022-09-10,0.00046033457933426867
2022-09-11,0.00046044057949642795
2022-09-12,0.00045586734252076435
2022-09-13,0.0004645345159762584
2022-09-14,0.00044093316116534335
2022-09-15,0.0004412234738871961
2022-09-16,0.0004608873708956012
2022-09-17,0.00046107966351891286
2022-09-18,0.0004612719561422247
2022-09-19,0.00044862305637117465
2022-09-20,0.00045968526005365053
2022-09-21,0.0004773831696586433
2022-09-22,0.0005096023159408822
2022-09-23,0.000524249250321076
2022-09-24,0.0005239251871958436
2022-09-25,0.0005236011240706119
2022-09-26,0.0005166659564944916
2022-09-27,0.0005520254934563507
2022-09-28,0.0005652952595946712
2022-09-29,0.0005617521408833213
2022-09-30,0.0005026073750249696
2022-10-01,0.0005022736543376016
2022-10-02,0.0005019399336502312
2022-10-03,0.0005215280616103666
2022-10-04,0.0005089650549842735
2022-10-05,0.0005122030139457891
2022-10-06,0.0005066042513392959
2022-10-07,0.0005314569309027154
2022-10-08,0.000531014537917832
2022-10-09,0.0005305721449329491
2022-10-10,0.0005174594150844528
2022-10-11,0.0005338607192004901
2022-10-12,0.0005111980585685086
2022-10-13,0.0005266093405600877
2022-10-14,0.00045577505686429025
2022-10-15,0.0004554708185712834
2022-10-16,0.0004551665802782754
2022-10-17,0.00040159723426758695
2022-10-18,0.0004113117996475408
2022-10-19,0.0004124848209043851
2022-10-20,0.0004290475970385849
2022-10-21,0.0004148135729667322
2022-10-22,0.0004146677799681949
2022-10-23,0.000414521986969657
2022-10-24,0.00040718611446234317
2022-10-25,0.0003958023249478631
2022-10-26,0.0003888769002183593
2022-10-27,0.0004026159423796093
2022-10-28,0.000397935665799986
2022-10-29,0.0003978686408846947
2022-10-30,0.0003978016159694052
2022-10-31,0.0003760973497687007
2022-11-01,0.0003617041429622599
2022-11-02,0.0004013924934593695
2022-11-03,0.0003876025774455316
2022-11-04,0.000366109047129682
2022-11-05,0.0003661650560640038
2022-11-06,0.000366221064998325
2022-11-07,0.0003447901398529916
2022-11-08,0.0003334363673955039
2022-11-09,0.0003484965939051176
2022-11-10,0.0002971576258395587
2022-11-11,0.00026933233557194106
2022-11-12,0.0002698097840103898
2022-11-13,0.00027028723244883787
2022-11-14,0.0002785526108225441
2022-11-15,0.00026342139161161446
2022-11-16,0.0002792657089274906
2022-11-17,0.0002898997593959755
2022-11-18,0.0002897390059901483
2022-11-19,0.0002901926389816073
2022-11-20,0.00029064627197306655
2022-11-21,0.0002971021911979451
2022-11-22,0.0002876875062386968
2022-11-23,0.0002786410438273155
2022-11-24,0.00027916114209412986
2022-11-25,0.0002639882141504237
2022-11-26,0.0002645664751706278
2022-11-27,0.0002651447361908309
2022-11-28,0.00028314060871960606
2022-11-29,0.0002680413505449456
2022-11-30,0.00024066477849143107
2022-12-01,0.0002478305487131783
2022-12-02,0.0002641317381892605
2022-12-03,0.00026456188123475267
2022-12-04,0.00026499202428024483
2022-12-05,0.0002782357521037848
2022-12-06,0.00029624699349527325
2022-12-07,0.0003088383795611302
2022-12-08,0.00029414058309501956
2022-12-09,0.0002803954132919496
2022-12-10,0.0002809221710951559
2022-12-11,0.00028144892889836134
2022-12-12,0.0002624160282804497
2022-12-13,0.0002465820752404987
2022-12-14,0.00026928048990366624
2022-12-15,0.00030289033835148495
2022-12-16,0.00029937313894859495
2022-12-17,0.0002999685847369321
2022-12-18,0.00030056403052526994
2022-12-19,0.0003140600553030522
2022-12-20,0.00029125937656807434
2022-12-21,0.0002905820481788571
2022-12-22,0.00031869341602476313
2022-12-23,0.00034523067073593573
2022-12-24,0.0003456405342573581
2022-12-25,0.0003460503977787816
2022-12-26,0.0003464602613002048
2022-12-27,0.00033143214414096066
2022-12-28,0.00034002124306553344
2022-12-29,0.0003166806830031388
2022-12-30,0.00031801645210208186
2022-12-31,0.0003186006690734796
2023-01-01,0.0003191848860448763
2023-01-02,0.000319769103016274
2023-01-03,0.0003160504292616722
2023-01-04,0.00032312269454429416
2023-01-05,0.0003458228808311829
2023-01-06,0.0003304315494444829
2023-01-07,0.0003308684763420654
2023-01-08,0.0003313054032396483
2023-01-09,0.0003313931035858555
2023-01-10,0.00036225031136484336
2023-01-11,0.0003444071724025262
2023-01-12,0.0003397375459304084
2023-01-13,0.0003247889505078817
2023-01-14,0.0003251610505267848
2023-01-15,0.0003255331505456888
2023-01-16,0.0003259052505645923
2023-01-17,0.00031073317533460436
2023-01-18,0.0003061967301002874
2023-01-19,0.0003172345911617363
2023-01-20,0.0002936609994108905
2023-01-21,0.00029423528839362116
2023-01-22,0.00029480957737635207
2023-01-23,0.00028619491714006835
2023-01-24,0.0002987524917483777
2023-01-25,0.00032954576251885393
2023-01-26,0.0003197052110162147
2023-01-27,0.00033122916961906353
2023-01-28,0.000331335862597677
2023-01-29,0.00033144255557629064
2023-01-30,0.0003310514011279444
2023-01-31,0.00031990401615802867
2023-02-01,0.0003303660512377817
2023-02-02,0.0003227345680203279
2023-02-03,0.0003215462283537255
2023-02-04,0.00032177830806195094
2023-02-05,0.0003220103877701766
2023-02-06,0.0003251795911357069
2023-02-07,0.0003237428377321158
2023-02-08,0.0003231180861616781
2023-02-09,0.00032774070098661855
2023-02-10,0.0003251129679172852
2023-02-11,0.00032540947919820697
2023-02-12,0.0003257059904791283
2023-02-13,0.0003179908830518827
2023-02-14,0.00031009702656001727
2023-02-15,0.0003087812008615105
2023-02-16,0.0003177107921378487
2023-02-17,0.00031794406178509214
2023-02-18,0.00031836257972490804
2023-02-19,0.0003187810976647237
2023-02-20,0.00031919961560453983
2023-02-21,0.00033366772948182125
2023-02-22,0.0003445077651096757
2023-02-23,0.00034182452912247577
2023-02-24,0.00034740631717417774
2023-02-25,0.0003476039563864782
2023-02-26,0.000347801595598778
2023-02-27,0.0003485828647787584
2023-02-28,0.00034439391033715865
2023-03-01,0.00035419100363785045
2023-03-02,0.00035509291834921503
2023-03-03,0.0003407579988383533
2023-03-04,0.00034103209073200243
2023-03-05,0.00034130618262565135
2023-03-06,0.0003376007390013388
2023-03-07,0.0003507562667679491
2023-03-08,0.00035098861311502164
2023-03-09,0.0003858452405234832
2023-03-10,0.00041916735723772467
2023-03-11,0.00041925929208708646
2023-03-12,0.00041935122693644977
2023-03-13,0.0004312707839452337
2023-03-14,0.00042046427579948303
2023-03-15,0.0004560784866541332
2023-03-16,0.00041623200563818815
2023-03-17,0.0004274240796113362
2023-03-18,0.00042749752682009145
2023-03-19,0.00042757097402884516
2023-03-20,0.0004146991874455193
2023-03-21,0.0004001547179629582
2023-03-22,0.00044350078437698946
2023-03-23,0.00041618556511792307
2023-03-24,0.00040832034872697177
2023-03-25,0.00040842337675749346
2023-03-26,0.00040852640478801754
2023-03-27,0.0003766646514878494
2023-03-28,0.0003612260086862831
2023-03-29,0.00032424755801535544
2023-03-30,0.0003240171671449997
2023-03-31,0.000305657413641882
2023-04-01,0.00030601797752820075
2023-04-02,0.00030637854141451776
2023-04-03,0.00030516472586895557
2023-04-04,0.00030351565281989024
2023-04-05,0.00027326996863215867
2023-04-06,0.00025370997836694103
2023-04-07,0.0002543183097800017
2023-04-08,0.00025492664119306494
2023-04-09,0.0002555349726061282
2023-04-10,0.00028524399314333723
2023-04-11,0.00024990573335241626
2023-04-12,0.000211108853679524
2023-04-13,0.00021974663588677688
2023-04-14,0.0001837482563727727
2023-04-15,0.00018449136846603845
2023-04-16,0.0001852344805593066
2023-04-17,0.00021766225909126166
2023-04-18,0.0002091784108240412
2023-04-19,0.0001815124826304651
2023-04-20,0.000185077258201333
2023-04-21,0.00015668981966085438
2023-04-22,0.0001573928581647525
2023-04-23,0.00015809589666864994
2023-04-24,0.00017469032458529063
2023-04-25,0.00021501831067014345
2023-04-26,0.00021076979180843737
2023-04-27,0.00020169126086326257
2023-04-28,0.00019915329124478858
2023-04-29,0.00019977543552038009
2023-04-30,0.00020039757979597225
2023-05-01,0.0002113935764676228
2023-05-02,0.00023355159726961964
2023-05-03,0.0002453846122373888
2023-05-04,0.00029388395166675754
2023-05-05,0.00034457497458415193
2023-05-06,0.00034502663309408065
2023-05-07,0.00034547829160401174
2023-05-08,0.00034294636595366495
2023-05-09,0.00038597356163055474
2023-05-10,0.00029832070422454384
2023-05-11,0.0003493595205837413
2023-05-12,0.0003168248630962139
2023-05-13,0.0003174171702872311
2023-05-14,0.00031800947747824613
2023-05-15,0.00031065971689577324
2023-05-16,0.00035956785018365685
2023-05-17,0.0003618202560471309
2023-05-18,0.00037073276528649035
2023-05-19,0.00037935047099469407
2023-05-20,0.0003798026503624547
2023-05-21,0.0003802548297302179
2023-05-22,0.0003776818489802389
2023-05-23,0.00043118983001102823
2023-05-24,0.0004440592758672751
2023-05-25,0.0004776541181588578
2023-05-26,0.0004629475469054259
2023-05-27,0.00046319760326663005
2023-05-28,0.00046344765962783203
2023-05-29,0.0004636977159890362
2023-05-30,0.0004627759574756811
2023-05-31,0.00047458749153358277
2023-06-01,0.0004594378519214169
2023-06-02,0.0004348895703898566
2023-06-03,0.00043519847395456
2023-06-04,0.00043550737751926337
2023-06-05,0.00044647514685241824
2023-06-06,0.0004870890471608644
2023-06-07,0.0004697524830715254
2023-06-08,0.00047762541215896426
2023-06-09,0.000440725850619113
2023-06-10,0.0004410153586425836
2023-06-11,0.00044130486666605663
2023-06-12,0.0005098187973200047
2023-06-13,0.0004787540954356302
2023-06-14,0.0004971553765850765
2023-06-15,0.0004933039598528108
2023-06-16,0.0004283192662560785
2023-06-17,0.0004286525263749769
2023-06-18,0.0004289857864938733
2023-06-19,0.00042931904661277164
2023-06-20,0.00043773902504699283
2023-06-21,0.0003770364054657847
2023-06-22,0.0003607622207030907
2023-06-23,0.000351613624184458
2023-06-24,0.00035225334134350323
2023-06-25,0.00035289305850254803
2023-06-26,0.0003770230351120721
2023-06-27,0.00034504224206227175
2023-06-28,0.00034369709934204524
2023-06-29,0.00031799646517151575
2023-06-30,0.000308044379284806
2023-07-01,0.00030874427755305596
2023-07-02,0.0003094441758213079
2023-07-03,0.00026231092960484945
2023-07-04,0.0002630934469665088
2023-07-05,0.00040913194362814423
2023-07-06,0.00043636481753996006
2023-07-07,0.0004418393229104103
2023-07-08,0.0004422519992092668
2023-07-09,0.0004426646755081205
2023-07-10,0.00044307735180697705
