Date,MS - IBKR Accumulated Oriented Area
2019-01-01,0.0
2019-01-02,0.0
2019-01-03,2.906545896946936e-08
2019-01-04,-2.138840550598547e-06
2019-01-05,-2.039408033297533e-06
2019-01-06,-1.9399755159964134e-06
2019-01-07,-1.389228561090406e-05
2019-01-08,-1.513284140096517e-05
2019-01-09,-1.802680484920176e-05
2019-01-10,-1.6596066088462975e-05
2019-01-11,-2.0400338043989493e-05
2019-01-12,-2.079298303374663e-05
2019-01-13,-2.1185628023503622e-05
2019-01-14,-1.4752060584879965e-05
2019-01-15,-4.116937089145314e-06
2019-01-16,1.65399251770607e-05
2019-01-17,2.4344162388241704e-05
2019-01-18,3.8147702875319944e-05
2019-01-19,3.803060673879533e-05
2019-01-20,3.791351060227067e-05
2019-01-21,3.7796414465745675e-05
2019-01-22,3.185042664176087e-06
2019-01-23,-1.3941790194808666e-05
2019-01-24,-2.143026465771439e-05
2019-01-25,5.014977931358e-06
2019-01-26,4.366325114595895e-06
2019-01-27,3.7176722978337894e-06
2019-01-28,-9.098128177629751e-06
2019-01-29,-3.750873831051134e-06
2019-01-30,-2.0702325442439374e-06
2019-01-31,-1.4175223422947375e-05
2019-02-01,-2.9524241260344568e-05
2019-02-02,-3.0205604515002265e-05
2019-02-03,-3.088696776966005e-05
2019-02-04,-1.3970131507101632e-05
2019-02-05,-8.787178593184331e-06
2019-02-06,-1.1896208463329812e-05
2019-02-07,-3.1967904137037503e-05
2019-02-08,-4.6650739217661735e-05
2019-02-09,-4.7098327163547374e-05
2019-02-10,-4.7545915109433454e-05
2019-02-11,-6.253300995747608e-05
2019-02-12,-4.9596364121480984e-05
2019-02-13,-5.176138643388602e-05
2019-02-14,-5.5203004788983954e-05
2019-02-15,-4.889621688890058e-05
2019-02-16,-4.905746154197026e-05
2019-02-17,-4.921870619503979e-05
2019-02-18,-4.937995084810932e-05
2019-02-19,-4.5606834831417005e-05
2019-02-20,-4.6887096397546595e-05
2019-02-21,-4.12738131949776e-05
2019-02-22,-3.8548120115895574e-05
2019-02-23,-3.8247516204455356e-05
2019-02-24,-3.7946912293015355e-05
2019-02-25,-4.2205896680716515e-05
2019-02-26,-4.8668659546628306e-05
2019-02-27,-5.071174474463753e-05
2019-02-28,-4.750720183421917e-05
2019-03-01,-5.011711601572323e-05
2019-03-02,-4.9989438530206043e-05
2019-03-03,-4.986176104468886e-05
2019-03-04,-4.949424832034332e-05
2019-03-05,-4.9543721628536464e-05
2019-03-06,-5.064625732203288e-05
2019-03-07,-5.159012440730539e-05
2019-03-08,-4.284365369903894e-05
2019-03-09,-4.311269548912768e-05
2019-03-10,-4.338173727921631e-05
2019-03-11,-4.422751599025022e-05
2019-03-12,-4.411545523751193e-05
2019-03-13,-4.3283303677283175e-05
2019-03-14,-4.22341103010159e-05
2019-03-15,-4.2276241189346496e-05
2019-03-16,-4.24314630801794e-05
2019-03-17,-4.2586684971012455e-05
2019-03-18,-3.6801107676746055e-05
2019-03-19,-4.497909912074493e-05
2019-03-20,-5.7347995630666526e-05
2019-03-21,-6.203914609384868e-05
2019-03-22,-9.26081786955944e-05
2019-03-23,-9.31940984042306e-05
2019-03-24,-9.378001811286686e-05
2019-03-25,-0.00010522969923860802
2019-03-26,-9.432042671036918e-05
2019-03-27,-0.000106947112342922
2019-03-28,-0.00010212766553973966
2019-03-29,-9.8303401801311e-05
2019-03-30,-9.86758232700842e-05
2019-03-31,-9.90482447388574e-05
2019-04-01,-8.31353395794809e-05
2019-04-02,-7.973890385194502e-05
2019-04-03,-8.770673822043574e-05
2019-04-04,-7.345161268531946e-05
2019-04-05,-7.28363651770029e-05
2019-04-06,-7.319342555569595e-05
2019-04-07,-7.355048593438913e-05
2019-04-08,-7.199448682295112e-05
2019-04-09,-8.187263508801029e-05
2019-04-10,-8.354260140783184e-05
2019-04-11,-8.040389565733824e-05
2019-04-12,-5.045425385483026e-05
2019-04-13,-5.091858070745878e-05
2019-04-14,-5.138290756008768e-05
2019-04-15,-4.8734293657517795e-05
2019-04-16,-3.2347633144943524e-05
2019-04-17,-5.824813016130272e-05
2019-04-18,-4.2950961273452365e-05
2019-04-19,-4.338632120727883e-05
2019-04-20,-4.382168114110529e-05
2019-04-21,-4.425704107493226e-05
2019-04-22,-4.567242581230117e-05
2019-04-23,-4.309429889948271e-05
2019-04-24,-5.925204536958834e-05
2019-04-25,-5.2786122756211675e-05
2019-04-26,-5.988345383580238e-05
2019-04-27,-6.044805902407606e-05
2019-04-28,-6.101266421234916e-05
2019-04-29,-4.709986482661054e-05
2019-04-30,-5.952556739182899e-05
2019-05-01,-3.847678708669734e-05
2019-05-02,-2.5823995273925578e-05
2019-05-03,-9.525861499999066e-06
2019-05-04,-9.751584878654537e-06
2019-05-05,-9.977308257309953e-06
2019-05-06,3.1760293950272795e-05
2019-05-07,1.4981706118961606e-05
2019-05-08,6.284389072383065e-06
2019-05-09,1.7083630382373687e-06
2019-05-10,8.750369906548042e-06
2019-05-11,8.644014932545469e-06
2019-05-12,8.537659958542916e-06
2019-05-13,-2.352415575711654e-06
2019-05-14,-2.2611860851962676e-06
2019-05-15,-3.540591053766514e-06
2019-05-16,-6.154618381972631e-07
2019-05-17,-9.702735179116203e-07
2019-05-18,-9.928335996209104e-07
2019-05-19,-1.0153936813302004e-06
2019-05-20,-5.291926417833655e-07
2019-05-21,3.864682088522913e-06
2019-05-22,-4.322106812541109e-06
2019-05-23,-1.0472847818388523e-05
2019-05-24,-5.1634025289847176e-06
2019-05-25,-5.377890743147684e-06
2019-05-26,-5.592378957310488e-06
2019-05-27,-5.806867171473685e-06
2019-05-28,-1.335761549274137e-05
2019-05-29,-4.7872203549013655e-06
2019-05-30,-1.3101461918127272e-05
2019-05-31,-1.3987926499891656e-05
2019-06-01,-1.4371171409418448e-05
2019-06-02,-1.4754416318946254e-05
2019-06-03,-6.644423778177569e-06
2019-06-04,4.254532190576483e-06
2019-06-05,1.5336484876584295e-06
2019-06-06,-8.671465984442736e-06
2019-06-07,-1.2840441712497368e-05
2019-06-08,-1.2870312931006578e-05
2019-06-09,-1.2900184149515869e-05
2019-06-10,-8.735320223647922e-06
2019-06-11,-5.1472362493088495e-06
2019-06-12,-8.159950317185907e-06
2019-06-13,-1.6988475070264927e-05
2019-06-14,-2.3177848506960046e-05
2019-06-15,-2.314313203015072e-05
2019-06-16,-2.3108415553341286e-05
2019-06-17,-2.2315207776064724e-05
2019-06-18,-2.036680846382093e-05
2019-06-19,-1.7775380343846003e-05
2019-06-20,-1.5885252342088226e-05
2019-06-21,-4.36669687418823e-06
2019-06-22,-4.665721518132455e-06
2019-06-23,-4.964746162076667e-06
2019-06-24,-7.645480794397526e-06
2019-06-25,-2.0516380531731754e-05
2019-06-26,-8.03246388948922e-06
2019-06-27,-4.8231244074298105e-06
2019-06-28,-9.11377533239275e-06
2019-06-29,-9.303568768289711e-06
2019-06-30,-9.493362204186496e-06
2019-07-01,-4.813140655609172e-06
2019-07-02,-1.7439484827866012e-06
2019-07-03,-5.100667863760418e-06
2019-07-04,-5.370758059072001e-06
2019-07-05,-9.664687695539885e-06
2019-07-06,-9.794411717572451e-06
2019-07-07,-9.924135739605152e-06
2019-07-08,-5.241067807392499e-06
2019-07-09,-7.802391562177719e-06
2019-07-10,-5.600664879435336e-06
2019-07-11,8.964011470466264e-06
2019-07-12,2.6421655344207893e-05
2019-07-13,2.5843592262801847e-05
2019-07-14,2.5265529181395734e-05
2019-07-15,1.8161813111104656e-05
2019-07-16,2.2055425541615934e-05
2019-07-17,6.1255150683527825e-06
2019-07-18,2.3396403673969364e-05
2019-07-19,2.4023026690478397e-05
2019-07-20,2.3083162351523144e-05
2019-07-21,2.2143298012567905e-05
2019-07-22,2.725114010849352e-05
2019-07-23,4.5099302916644916e-05
2019-07-24,5.9129488446510475e-05
2019-07-25,3.457927309002819e-05
2019-07-26,6.17004207651839e-05
2019-07-27,6.081016101743725e-05
2019-07-28,5.991990126968999e-05
2019-07-29,4.2610230091716324e-05
2019-07-30,2.0612189734095648e-05
2019-07-31,1.4465217601124692e-05
2019-08-01,-3.403244225057939e-05
2019-08-02,-4.767496634877005e-05
2019-08-03,-4.8305380532229905e-05
2019-08-04,-4.8935794715689955e-05
2019-08-05,-8.584362462700628e-05
2019-08-06,-4.656104206357057e-05
2019-08-07,-5.7971971854065944e-05
2019-08-08,-3.639412495943157e-05
2019-08-09,-3.4355365933076903e-07
2019-08-10,-1.310098734969027e-06
2019-08-11,-2.276643810606694e-06
2019-08-12,-1.615841457488262e-05
2019-08-13,-1.816170494332153e-05
2019-08-14,-7.109439649512254e-05
2019-08-15,-9.402309860203554e-05
2019-08-16,-9.088915440346987e-05
2019-08-17,-9.183688706559836e-05
2019-08-18,-9.27846197277277e-05
2019-08-19,-0.00010140571997358087
2019-08-20,-9.569740952683738e-05
2019-08-21,-9.528574993424413e-05
2019-08-22,-6.774839837213356e-05
2019-08-23,-8.361773848782236e-05
2019-08-24,-8.472992028306291e-05
2019-08-25,-8.584210207830343e-05
2019-08-26,1.4623408691571618e-05
2019-08-27,-3.620466479671615e-05
2019-08-28,-1.0257853228590367e-05
2019-08-29,3.1582640561456915e-05
2019-08-30,4.670386155600981e-06
2019-08-31,3.6361941690945775e-06
2019-09-01,2.602002182588296e-06
2019-09-02,1.567810196082582e-06
2019-09-03,-3.378727837313602e-05
2019-09-04,-1.2132592165803973e-06
2019-09-05,2.4116521045046635e-05
2019-09-06,-1.3238792033528208e-05
2019-09-07,-1.4051839291164523e-05
2019-09-08,-1.4864886548800164e-05
2019-09-09,3.0582000640147325e-05
2019-09-10,3.9191224187901104e-05
2019-09-11,2.7939194338169327e-05
2019-09-12,3.310621942116234e-05
2019-09-13,5.469042340848947e-05
2019-09-14,5.4013886721536054e-05
2019-09-15,5.3337350034582965e-05
2019-09-16,3.494065842000718e-05
2019-09-17,2.077255960412428e-05
2019-09-18,2.9674228357460153e-05
2019-09-19,1.7010186832452017e-05
2019-09-20,-1.9835718046160646e-06
2019-09-21,-2.458795799858664e-06
2019-09-22,-2.934019795101738e-06
2019-09-23,-4.5795272852230235e-06
2019-09-24,-2.421989805964116e-06
2019-09-25,-1.8984424271433964e-05
2019-09-26,-2.8429506227177766e-05
2019-09-27,-7.114402945170805e-05
2019-09-28,-7.135698741124344e-05
2019-09-29,-7.156994537077929e-05
2019-09-30,-8.59370659363318e-05
2019-10-01,2.3139620599812506e-05
2019-10-02,1.2105362387117046e-05
2019-10-03,3.1937234088463555e-05
2019-10-04,3.461930593723182e-05
2019-10-05,3.372098426447745e-05
2019-10-06,3.2822662591724114e-05
2019-10-07,2.5614265292181834e-05
2019-10-08,-3.0279470494623485e-05
2019-10-09,0.00011705047896056694
2019-10-10,7.641100145193372e-05
2019-10-11,0.00010649917782164426
2019-10-12,0.0001055382427275054
2019-10-13,0.00010457730763336655
2019-10-14,0.00015489271648524947
2019-10-15,0.0001579797742182297
2019-10-16,0.00021804015701249287
2019-10-17,0.0002732811331480219
2019-10-18,0.00030961674967347816
2019-10-19,0.00030799970620652944
2019-10-20,0.0003063826627395814
2019-10-21,0.0003991435767724781
2019-10-22,0.00041186944490444275
2019-10-23,0.00045791475124763676
2019-10-24,0.00044000364117855394
2019-10-25,0.00046655392683749713
2019-10-26,0.00046494277668936536
2019-10-27,0.0004633316265412334
2019-10-28,0.0004773846281001206
2019-10-29,0.00047182638445931687
2019-10-30,0.0004371624231825987
2019-10-31,0.0004339888366581133
2019-11-01,0.0005144537473371955
2019-11-02,0.0005128349040090246
2019-11-03,0.0005112160606808536
2019-11-04,0.0006027002503608394
2019-11-05,0.0005958620111061431
2019-11-06,0.0005821365043812778
2019-11-07,0.0005859693935504073
2019-11-08,0.0006137283129183575
2019-11-09,0.0006119469060245822
2019-11-10,0.0006101654991308068
2019-11-11,0.0006033618678984104
2019-11-12,0.00059656170765082
2019-11-13,0.0005555131803472377
2019-11-14,0.0005670788072428382
2019-11-15,0.0005888795413827293
2019-11-16,0.0005870354684083339
2019-11-17,0.0005851913954339372
2019-11-18,0.0005861929567445474
2019-11-19,0.0006032039494187384
2019-11-20,0.0005879545677984984
2019-11-21,0.0005712984371892375
2019-11-22,0.000591979700595964
2019-11-23,0.0005903498653170924
2019-11-24,0.0005887200300382196
2019-11-25,0.0006249647965696924
2019-11-26,0.0005965281865661185
2019-11-27,0.0006132092498395053
2019-11-28,0.0006117420533687876
2019-11-29,0.0005945423122868717
2019-11-30,0.0005929702223658533
2019-12-01,0.0005913981324448361
2019-12-02,0.0005692543336342297
2019-12-03,0.0005088772302345383
2019-12-04,0.0005467007085941218
2019-12-05,0.0005572673915351436
2019-12-06,0.0005984883333304984
2019-12-07,0.0005966915527018511
2019-12-08,0.0005948947720732039
2019-12-09,0.0005809663706427662
2019-12-10,0.0005833602990497242
2019-12-11,0.000567275979779331
2019-12-12,0.0006387692757383928
2019-12-13,0.0006073824706537455
2019-12-14,0.0006054929196865557
2019-12-15,0.0006036033687193658
2019-12-16,0.0006304567789969435
2019-12-17,0.0006406686330424943
2019-12-18,0.0006246473675466319
2019-12-19,0.0006360268796545529
2019-12-20,0.0006239777459900685
2019-12-21,0.0006221233739669394
2019-12-22,0.0006202690019438102
2019-12-23,0.0006192183824065581
2019-12-24,0.000614759578262666
2019-12-25,0.0006128062736000098
2019-12-26,0.0006381413997989852
2019-12-27,0.0006344675109686435
2019-12-28,0.0006325540471346229
2019-12-29,0.0006306405833006023
2019-12-30,0.000618814803304294
2019-12-31,0.0006269983028524529
2020-01-01,0.0006249964259102469
2020-01-02,0.0006840360013287779
2020-01-03,0.0006306082376677986
2020-01-04,0.0006286989306680355
2020-01-05,0.0006267896236682724
2020-01-06,0.0006148101469567604
2020-01-07,0.0006065288586999749
2020-01-08,0.0006448457916267767
2020-01-09,0.0006722356630836798
2020-01-10,0.0006776281355614904
2020-01-11,0.0006758476993097627
2020-01-12,0.0006740672630580353
2020-01-13,0.0007056444951309667
2020-01-14,0.000707842745454186
2020-01-15,0.0007052489413733582
2020-01-16,0.0008910052982915813
2020-01-17,0.0009439780953758908
2020-01-18,0.0009420498608451107
2020-01-19,0.0009401216263143296
2020-01-20,0.000938193391783549
2020-01-21,0.0008908168173475826
2020-01-22,0.0008491385823950865
2020-01-23,0.0008098110157169544
2020-01-24,0.0007440929522657306
2020-01-25,0.0007419891574787377
2020-01-26,0.0007398853626917463
2020-01-27,0.0006451941766713946
2020-01-28,0.0006976935124212058
2020-01-29,0.0006889770432678408
2020-01-30,0.0007020721952463949
2020-01-31,0.0005984702978846735
2020-02-01,0.0005964392038957381
2020-02-02,0.0005944081099068041
2020-02-03,0.0006298082309747436
2020-02-04,0.000696942847154472
2020-02-05,0.0007107425859690302
2020-02-06,0.000703542725889375
2020-02-07,0.000703091281895519
2020-02-08,0.000701590561384426
2020-02-09,0.0007000898408733328
2020-02-10,0.0007361066180689514
2020-02-11,0.0007758101283838933
2020-02-12,0.0007827186215755471
2020-02-13,0.0007774856064904095
2020-02-14,0.0007721875176215313
2020-02-15,0.0007711174831492469
2020-02-16,0.000770047448676963
2020-02-17,0.0007689774142046789
2020-02-18,0.0007553190044651106
2020-02-19,0.0007890372638270772
2020-02-20,0.0007571011395555975
2020-02-21,0.0007207434276330704
2020-02-22,0.0007199233309066235
2020-02-23,0.0007191032341801767
2020-02-24,0.0006467189830034314
2020-02-25,0.0006125845494172443
2020-02-26,0.000543703414613503
2020-02-27,0.0005404282894864157
2020-02-28,0.0005405450586083329
2020-02-29,0.0005397841059492225
2020-03-01,0.0005390231532901121
2020-03-02,0.0004966802453672482
2020-03-03,0.0005000547918895186
2020-03-04,0.0005838776395867293
2020-03-05,0.0005267151254246809
2020-03-06,0.0004845718080361385
2020-03-07,0.0004836327757032008
2020-03-08,0.0004826937433702618
2020-03-09,0.0004003073746698723
2020-03-10,0.00035812390317899406
2020-03-11,0.00027782628964914544
2020-03-12,-4.21449870265971e-05
2020-03-13,0.0004411657874317093
2020-03-14,0.0004400310005923282
2020-03-15,0.00043889621375294696
2020-03-16,0.00016074223700147906
2020-03-17,8.439159383578996e-05
2020-03-18,0.00026807611623915525
2020-03-19,-0.00012477528507217315
2020-03-20,0.0001392441065807533
2020-03-21,0.0001379099727492097
2020-03-22,0.00013657583891766147
2020-03-23,0.00026471087866944084
2020-03-24,0.000340216989255801
2020-03-25,7.018333769110532e-05
2020-03-26,0.00033648088811014283
2020-03-27,0.0003171764430540105
2020-03-28,0.000315960320647517
2020-03-29,0.0003147441982410209
2020-03-30,0.0003293555926715804
2020-03-31,8.752362717861878e-05
2020-04-01,-0.00025401788965062817
2020-04-02,-0.00011971147091370527
2020-04-03,0.00010528567315217226
2020-04-04,0.00010432329444523368
2020-04-05,0.00010336091573829497
2020-04-06,0.00018434425387062352
2020-04-07,0.0003114736887388276
2020-04-08,0.0004560704155814509
2020-04-09,0.0005964005938812697
2020-04-10,0.0005951287238080774
2020-04-11,0.0005938568537348836
2020-04-12,0.0005925849836616914
2020-04-13,0.0005241529961277935
2020-04-14,0.0004807490444315764
2020-04-15,0.0003797316259769773
2020-04-16,0.00030016908020974334
2020-04-17,0.0003348496560446214
2020-04-18,0.00033385298740718405
2020-04-19,0.0003328563187697486
2020-04-20,0.0004008761789856916
2020-04-21,0.00035625303146424446
2020-04-22,0.0009057371679543507
2020-04-23,0.000872044708594331
2020-04-24,0.0010184368489936186
2020-04-25,0.0010162182237119818
2020-04-26,0.001013999598430344
2020-04-27,0.0010502989312496241
2020-04-28,0.0012262333026980554
2020-04-29,0.0011164917715734536
2020-04-30,0.0009978564662568303
2020-05-01,0.0008519181440626385
2020-05-02,0.0008501215905592106
2020-05-03,0.0008483250370557812
2020-05-04,0.000851039194558944
2020-05-05,0.0008704072759423101
2020-05-06,0.000777933645116111
2020-05-07,0.0009630139365920717
2020-05-08,0.0010689837994685137
2020-05-09,0.0010670272460934066
2020-05-10,0.0010650706927183022
2020-05-11,0.00111687001346631
2020-05-12,0.001077774930128318
2020-05-13,0.001019242200511158
2020-05-14,0.001087988561049569
2020-05-15,0.0010514430573465264
2020-05-16,0.0010490179335516806
2020-05-17,0.001046592809756837
2020-05-18,0.0013157082524840145
2020-05-19,0.0012359480460848301
2020-05-20,0.001420519673161824
2020-05-21,0.0013280734479750838
2020-05-22,0.0013142651644524228
2020-05-23,0.0013118554567325745
2020-05-24,0.0013094457490127336
2020-05-25,0.001307036041292885
2020-05-26,0.001651389644456883
2020-05-27,0.0018303899594848917
2020-05-28,0.0016062081426068823
2020-05-29,0.0016153316387241521
2020-05-30,0.0016131928901634807
2020-05-31,0.0016110541416028148
2020-06-01,0.0016428420830371855
2020-06-02,0.0017238516437080118
2020-06-03,0.0018040531794037355
2020-06-04,0.001995985627262103
2020-06-05,0.0020735313480773725
2020-06-06,0.002071121085822085
2020-06-07,0.0020687108235668016
2020-06-08,0.002073351850520162
2020-06-09,0.002119625187129321
2020-06-10,0.002012812037163418
2020-06-11,0.0016025702549479657
2020-06-12,0.0017846463710251854
2020-06-13,0.0017821658790011289
2020-06-14,0.0017796853869770724
2020-06-15,0.0018535594573399735
2020-06-16,0.001934553487221632
2020-06-17,0.0018875745203996682
2020-06-18,0.0018696389445481015
2020-06-19,0.0018339339214182727
2020-06-20,0.0018313989000867067
2020-06-21,0.0018288638787551357
2020-06-22,0.001892324984811896
2020-06-23,0.0019116075763785088
2020-06-24,0.0018545934357689722
2020-06-25,0.0020120928275905244
2020-06-26,0.0018937079610139758
2020-06-27,0.0018909102137080341
2020-06-28,0.0018881124664020853
2020-06-29,0.0018472649437677622
2020-06-30,0.0019425308630227566
2020-07-01,0.0018405606479072138
2020-07-02,0.0018193662785432247
2020-07-03,0.0018170211727668692
2020-07-04,0.0018146760669905159
2020-07-05,0.0018123309612141588
2020-07-06,0.0018185183895763277
2020-07-07,0.0016194515337694683
2020-07-08,0.0016476257316148457
2020-07-09,0.0015407997580789649
2020-07-10,0.0016819248522146502
2020-07-11,0.001680454403515618
2020-07-12,0.0016789839548165828
2020-07-13,0.0016935019159374288
2020-07-14,0.001664183677022953
2020-07-15,0.00164799088102743
2020-07-16,0.0017367389013776713
2020-07-17,0.0017346175424520827
2020-07-18,0.0017332634714444344
2020-07-19,0.0017319094004367834
2020-07-20,0.0016985408551138297
2020-07-21,0.0017282106973746808
2020-07-22,0.0016473387658163194
2020-07-23,0.0016673221489828338
2020-07-24,0.0016605382270643155
2020-07-25,0.001659059602353262
2020-07-26,0.0016575809776422055
2020-07-27,0.0017079350771401556
2020-07-28,0.0016554335726661623
2020-07-29,0.0016500802917707614
2020-07-30,0.0015641300586193962
2020-07-31,0.0015634493671424624
2020-08-01,0.0015621148342124533
2020-08-02,0.0015607803012824412
2020-08-03,0.0015534865069423169
2020-08-04,0.0015309085957336253
2020-08-05,0.00152487802692731
2020-08-06,0.001543386399905818
2020-08-07,0.0015815725276023377
2020-08-08,0.001580361779785097
2020-08-09,0.0015791510319678535
2020-08-10,0.001648726423611254
2020-08-11,0.0017179018182079306
2020-08-12,0.0017153787109831758
2020-08-13,0.0017134008734625541
2020-08-14,0.0016827938286612283
2020-08-15,0.0016815668059841113
2020-08-16,0.0016803397833069964
2020-08-17,0.0016313372386129845
2020-08-18,0.0016114742733772088
2020-08-19,0.001616010851886721
2020-08-20,0.0015918821860940774
2020-08-21,0.00163221669876246
2020-08-22,0.001630987950545771
2020-08-23,0.001629759202329086
2020-08-24,0.0016858559239677615
2020-08-25,0.001671051367512161
2020-08-26,0.0016270593378282384
2020-08-27,0.0016604426025911148
2020-08-28,0.0016671339326170967
2020-08-29,0.001666024693049778
2020-08-30,0.0016649154534824624
2020-08-31,0.0016400035406856795
2020-09-01,0.0016470400570760698
2020-09-02,0.0016782903773472958
2020-09-03,0.0016634619940298248
2020-09-04,0.0016847154257949677
2020-09-05,0.001683415565161185
2020-09-06,0.0016821157045274037
2020-09-07,0.0016808158438936203
2020-09-08,0.00163386504543249
2020-09-09,0.0017198956041530567
2020-09-10,0.0016887879087057985
2020-09-11,0.0016808013843981437
2020-09-12,0.0016789849492481598
2020-09-13,0.0016771685140981778
2020-09-14,0.0017262787752544621
2020-09-15,0.0016820649078927543
2020-09-16,0.0017234409695804959
2020-09-17,0.001649066849650582
2020-09-18,0.0016177752367399743
2020-09-19,0.0016160949659100577
2020-09-20,0.0016144146950801447
2020-09-21,0.0014833090413279176
2020-09-22,0.0013755366713377143
2020-09-23,0.0013765725971981173
2020-09-24,0.0014034463988893962
2020-09-25,0.0014035450798342494
2020-09-26,0.001402030669842375
2020-09-27,0.0014005162598505004
2020-09-28,0.001457870749833277
2020-09-29,0.0013791336990184328
2020-09-30,0.001455009731994439
2020-10-01,0.0013513656449268055
2020-10-02,0.0013856774677693709
2020-10-03,0.0013843160378557617
2020-10-04,0.0013829546079421528
2020-10-05,0.0013923788951865055
2020-10-06,0.0013024968734151791
2020-10-07,0.001340017767648864
2020-10-08,0.0013164340221768164
2020-10-09,0.0013430480409412516
2020-10-10,0.0013418816557810068
2020-10-11,0.001340715270620762
2020-10-12,0.0014265839068086307
2020-10-13,0.0014352902061503165
2020-10-14,0.001500504683180632
2020-10-15,0.001524881144714707
2020-10-16,0.001544504760751828
2020-10-17,0.0015430539780091287
2020-10-18,0.0015416031952664266
2020-10-19,0.0015226231397235713
2020-10-20,0.0015386995111633095
2020-10-21,0.0014723468294805648
2020-10-22,0.0015625677705055246
2020-10-23,0.0015786916068042428
2020-10-24,0.0015770793250442358
2020-10-25,0.0015754670432842253
2020-10-26,0.0015073674926893484
2020-10-27,0.0013774257028448767
2020-10-28,0.0012877723685763038
2020-10-29,0.0013523667155228697
2020-10-30,0.001365138009346487
2020-10-31,0.0013635424845918416
2020-11-01,0.0013619469598371953
2020-11-02,0.0014510918561734508
2020-11-03,0.0015464568277750146
2020-11-04,0.001586080173213971
2020-11-05,0.0016011829081940799
2020-11-06,0.0015851450030122563
2020-11-07,0.0015834342671676499
2020-11-08,0.0015817235313230421
2020-11-09,0.0018625133171523813
2020-11-10,0.001810293091666162
2020-11-11,0.0018313730632935786
2020-11-12,0.0017791216030911025
2020-11-13,0.0017952728143672614
2020-11-14,0.0017939231623270396
2020-11-15,0.001792573510286814
2020-11-16,0.0018427875369665646
2020-11-17,0.001864463502245832
2020-11-18,0.0018882209814472192
2020-11-19,0.0018709341108650319
2020-11-20,0.001834292239740847
2020-11-21,0.0018327676955681702
2020-11-22,0.00183124315139549
2020-11-23,0.0019570591952885754
2020-11-24,0.002116919081522798
2020-11-25,0.002108340580268403
2020-11-26,0.00210637531622285
2020-11-27,0.002131361854100941
2020-11-28,0.0021295864147025533
2020-11-29,0.002127810975304168
2020-11-30,0.002029653257247658
2020-12-01,0.002097566002027171
2020-12-02,0.0021318042704607625
2020-12-03,0.002131018486836396
2020-12-04,0.0021693754562092933
2020-12-05,0.0021676610835738197
2020-12-06,0.0021659467109383483
2020-12-07,0.002118535238853234
2020-12-08,0.0021062325673496113
2020-12-09,0.0021340326094953484
2020-12-10,0.0021367215044179313
2020-12-11,0.00208783786461388
2020-12-12,0.0020862356886139468
2020-12-13,0.0020846335126140157
2020-12-14,0.0020225217475871686
2020-12-15,0.0021049194569984315
2020-12-16,0.0021210044731241467
2020-12-17,0.0021436768230026176
2020-12-18,0.0021244768760167658
2020-12-19,0.002123369413639456
2020-12-20,0.0021222619512621475
2020-12-21,0.002211158568805249
2020-12-22,0.002205246780110197
2020-12-23,0.0022417060465138696
2020-12-24,0.002242103060351182
2020-12-25,0.0022409973923291876
2020-12-26,0.0022398917243071914
2020-12-27,0.0022387860562851965
2020-12-28,0.0022570100924498362
2020-12-29,0.0022389374746787246
2020-12-30,0.0022183933291884737
2020-12-31,0.0022445841502268075
2021-01-01,0.002243431248592848
2021-01-02,0.0022422783469588864
2021-01-03,0.0022411254453249263
2021-01-04,0.0022413283846531356
2021-01-05,0.0022923610084253617
2021-01-06,0.0024120594299549295
2021-01-07,0.0024783947137072943
2021-01-08,0.0024982973273605614
2021-01-09,0.00249781706848487
2021-01-10,0.0024973368096091785
2021-01-11,0.002460562713894532
2021-01-12,0.0024788478868393196
2021-01-13,0.0024859758549564534
2021-01-14,0.0024526952133459047
2021-01-15,0.00246530912955087
2021-01-16,0.0024647334607796932
2021-01-17,0.0024641577920085137
2021-01-18,0.0024635821232373363
2021-01-19,0.0024842821150781245
2021-01-20,0.002436086279111751
2021-01-21,0.0024666829196387436
2021-01-22,0.0024593190990530147
2021-01-23,0.002458786402640937
2021-01-24,0.002458253706228858
2021-01-25,0.0024239031696671734
2021-01-26,0.0023844218828426808
2021-01-27,0.0023085598061515005
2021-01-28,0.0023254697044555158
2021-01-29,0.0022576450390148013
2021-01-30,0.002256617607552082
2021-01-31,0.0022555901760893627
2021-02-01,0.0023043188794035696
2021-02-02,0.0023560863418938837
2021-02-03,0.002364743440699025
2021-02-04,0.0023763611232462327
2021-02-05,0.0024197775119785604
2021-02-06,0.002419634481856112
2021-02-07,0.002419491451733664
2021-02-08,0.0024120513986095955
2021-02-09,0.002431831288536966
2021-02-10,0.002408093872050709
2021-02-11,0.0024025121290000215
2021-02-12,0.0024240308914998615
2021-02-13,0.002423889703161902
2021-02-14,0.002423748514823943
2021-02-15,0.0024236073264859836
2021-02-16,0.002457424954659548
2021-02-17,0.0024547504188395138
2021-02-18,0.002471120665511538
2021-02-19,0.0024542704032161832
2021-02-20,0.0024542479675243377
2021-02-21,0.0024542255318324925
2021-02-22,0.0024086238330434102
2021-02-23,0.0023760719008731083
2021-02-24,0.0024356923219734355
2021-02-25,0.002419399002467289
2021-02-26,0.0023833794408693295
2021-02-27,0.0023830836846724522
2021-02-28,0.002382787928475575
2021-03-01,0.0024851462782548473
2021-03-02,0.0024258290078454418
2021-03-03,0.0024158006263276413
2021-03-04,0.0023832481078879483
2021-03-05,0.0024004782061569445
2021-03-06,0.002400265685257114
2021-03-07,0.002400053164357284
2021-03-08,0.002419932444186514
2021-03-09,0.0025280086221669577
2021-03-10,0.0024662248511404124
2021-03-11,0.0024786470193962963
2021-03-12,0.002459746709476651
2021-03-13,0.0024597289442192306
2021-03-14,0.002459711178961812
2021-03-15,0.0024596184348059003
2021-03-16,0.0024098435191698994
2021-03-17,0.0024171246570101495
2021-03-18,0.002437101890034432
2021-03-19,0.0024717379544625068
2021-03-20,0.0024717487357860954
2021-03-21,0.002471759517109686
2021-03-22,0.0024746173059209675
2021-03-23,0.0024643095936518534
2021-03-24,0.0024137623158381008
2021-03-25,0.00237895679412952
2021-03-26,0.0023533395912289042
2021-03-27,0.002352943195394375
2021-03-28,0.0023525467995598433
2021-03-29,0.002353679377698316
2021-03-30,0.0023390877186243494
2021-03-31,0.0023692527575448685
2021-04-01,0.00238134860614978
2021-04-02,0.0023811159591283033
2021-04-03,0.0023808833121068272
2021-04-04,0.0023806506650853486
2021-04-05,0.0024215707396676657
2021-04-06,0.002398408701617572
2021-04-07,0.0023778409107789254
2021-04-08,0.002355795315523626
2021-04-09,0.00237712242773871
2021-04-10,0.0023768420656454796
2021-04-11,0.002376561703552246
2021-04-12,0.002369031647301794
2021-04-13,0.0023538729057693253
2021-04-14,0.0023974153861873685
2021-04-15,0.0024406780674800788
2021-04-16,0.0024697553941930824
2021-04-17,0.0024698002225636917
2021-04-18,0.0024698450509342993
2021-04-19,0.0024700043318555435
2021-04-20,0.0024243304383137366
2021-04-21,0.0023865536435378463
2021-04-22,0.0023214547353868097
2021-04-23,0.0023792234350115482
2021-04-24,0.0023788084666791377
2021-04-25,0.002378393498346727
2021-04-26,0.002344334268277879
2021-04-27,0.0023433757135160158
2021-04-28,0.0023240936597215653
2021-04-29,0.0023655625495964277
2021-04-30,0.002308133229168764
2021-05-01,0.0023074459896953144
2021-05-02,0.002306758750221865
2021-05-03,0.0022682488928592896
2021-05-04,0.0022663807862483712
2021-05-05,0.0022521740351024305
2021-05-06,0.002237441079943379
2021-05-07,0.002236944692130322
2021-05-08,0.002235793774480426
2021-05-09,0.002234642856830531
2021-05-10,0.0021531387083429075
2021-05-11,0.0021088915581450756
2021-05-12,0.002043383201374659
2021-05-13,0.00211428911666023
2021-05-14,0.002196994775219284
2021-05-15,0.0021957979559994976
2021-05-16,0.0021946011367797113
2021-05-17,0.0021788819829989562
2021-05-18,0.002110503008669104
2021-05-19,0.002067330896673036
2021-05-20,0.002078751584663899
2021-05-21,0.002110697135767016
2021-05-22,0.002109239286939316
2021-05-23,0.002107781438111616
2021-05-24,0.0021033427167177743
2021-05-25,0.0020964569018465714
2021-05-26,0.002115862467590438
2021-05-27,0.002103779966585389
2021-05-28,0.0021259160216283734
2021-05-29,0.0021243480777142143
2021-05-30,0.0021227801338000547
2021-05-31,0.002121212189885892
2021-06-01,0.002151145078230414
2021-06-02,0.002120970148060754
2021-06-03,0.002242340986965826
2021-06-04,0.002186245378812833
2021-06-05,0.002184652394819289
2021-06-06,0.0021830594108257443
2021-06-07,0.002100200456446147
2021-06-08,0.002098255195745353
2021-06-09,0.002000967261404189
2021-06-10,0.002003834262748295
2021-06-11,0.0020025681457161975
2021-06-12,0.002000740947406415
2021-06-13,0.001998913749096628
2021-06-14,0.0019300815707440026
2021-06-15,0.001941366017739642
2021-06-16,0.0019827890754220653
2021-06-17,0.0019146701346160933
2021-06-18,0.001780499738922341
2021-06-19,0.001778784225184289
2021-06-20,0.0017770687114462371
2021-06-21,0.0018396131557918399
2021-06-22,0.001836443479849605
2021-06-23,0.0018743254974490173
2021-06-24,0.0019089611934987674
2021-06-25,0.001967796090311002
2021-06-26,0.0019662728420912602
2021-06-27,0.0019647495938715197
2021-06-28,0.001900666458441898
2021-06-29,0.0019734903958053
2021-06-30,0.0019600935134457685
2021-07-01,0.0019851922051998473
2021-07-02,0.0019511110305845242
2021-07-03,0.0019492942041417541
2021-07-04,0.0019474773776989862
2021-07-05,0.0019456605512562176
2021-07-06,0.0018667612962263934
2021-07-07,0.0018563852838394245
2021-07-08,0.0017692685882759367
2021-07-09,0.0018961279651986786
2021-07-10,0.0018943594085312036
2021-07-11,0.0018925908518637297
2021-07-12,0.0019070548032346594
2021-07-13,0.0018815886406209187
2021-07-14,0.0018377837301246991
2021-07-15,0.0018412015549501178
2021-07-16,0.0017682719714790616
2021-07-17,0.001766179513652027
2021-07-18,0.0017640870558249902
2021-07-19,0.0016781335567074025
2021-07-20,0.0017754344466998913
2021-07-21,0.0018532355653257766
2021-07-22,0.0017373716454912459
2021-07-23,0.0016850623767492186
2021-07-24,0.0016825535762167811
2021-07-25,0.0016800447756843456
2021-07-26,0.001712825381707941
2021-07-27,0.0016962343550429816
2021-07-28,0.001758400082914067
2021-07-29,0.0018001141069117579
2021-07-30,0.001764567099347187
2021-07-31,0.0017621257172834599
2021-08-01,0.0017596843352197349
2021-08-02,0.001821624236392802
2021-08-03,0.0017341647123599857
2021-08-04,0.0017637442922227103
2021-08-05,0.0018223428478285563
2021-08-06,0.0019222948120035564
2021-08-07,0.0019198973322564561
2021-08-08,0.001917499852509357
2021-08-09,0.001952398831178794
2021-08-10,0.0019691909603056076
2021-08-11,0.0020053948652312323
2021-08-12,0.0019827015151946737
2021-08-13,0.0019486463385768509
2021-08-14,0.0019460394522716287
2021-08-15,0.0019434325659664076
2021-08-16,0.0018880824437258613
2021-08-17,0.0018100372912413583
2021-08-18,0.0017646511276697959
2021-08-19,0.0016788670881623285
2021-08-20,0.001769069889301007
2021-08-21,0.0017664421565968616
2021-08-22,0.0017638144238927126
2021-08-23,0.0018179066438221948
2021-08-24,0.0018815752726512943
2021-08-25,0.001965165364831945
2021-08-26,0.0019387543058775017
2021-08-27,0.0020667822395739523
2021-08-28,0.0020643600743598563
2021-08-29,0.0020619379091457567
2021-08-30,0.0019823099176960665
2021-08-31,0.0019997489543170906
2021-09-01,0.0020442422706603218
2021-09-02,0.001999863252670873
2021-09-03,0.001979375327954396
2021-09-04,0.0019769125659121574
2021-09-05,0.0019744498038699147
2021-09-06,0.0019719870418276777
2021-09-07,0.0019774043041996016
2021-09-08,0.0018555235339285004
2021-09-09,0.001865542798841797
2021-09-10,0.0018338048027382575
2021-09-11,0.0018311603660129145
2021-09-12,0.0018285159292875711
2021-09-13,0.0017978482539670372
2021-09-14,0.0016878555875871465
2021-09-15,0.0017277641389685768
2021-09-16,0.001698771774958076
2021-09-17,0.0016852744784218061
2021-09-18,0.0016825490466788942
2021-09-19,0.0016798236149359823
2021-09-20,0.0014802534818911918
2021-09-21,0.0014518812643762203
2021-09-22,0.0015696943116667089
2021-09-23,0.0017597913519634895
2021-09-24,0.001780297918119419
2021-09-25,0.0017776735586044583
2021-09-26,0.0017750491990894959
2021-09-27,0.0020069222107563602
2021-09-28,0.0019282711142051888
2021-09-29,0.0018583310312734087
2021-09-30,0.0016776798139765175
2021-10-01,0.0018304468312718939
2021-10-02,0.0018282002033362331
2021-10-03,0.0018259535754005705
2021-10-04,0.001755178411235618
2021-10-05,0.0019554871396568196
2021-10-06,0.0020643599895424592
2021-10-07,0.002131274345662158
2021-10-08,0.0021896000851019297
2021-10-09,0.0021881252979589786
2021-10-10,0.002186650510816027
2021-10-11,0.002185723550053194
2021-10-12,0.0021794854140845645
2021-10-13,0.002146684575831046
2021-10-14,0.002150251803016216
2021-10-15,0.0021686033860562033
2021-10-16,0.002166979932045338
2021-10-17,0.002165356478034472
2021-10-18,0.0021884769537559873
2021-10-19,0.0022983765660099394
2021-10-20,0.002361009775486285
2021-10-21,0.002315892588551492
2021-10-22,0.002334065136526375
2021-10-23,0.002332816620054439
2021-10-24,0.002331568103582503
2021-10-25,0.0023022736306391907
2021-10-26,0.002240528866141968
2021-10-27,0.00218013714087052
2021-10-28,0.0021207220156871875
2021-10-29,0.00213452705932735
2021-10-30,0.0021328513065474565
2021-10-31,0.0021311755537675634
2021-11-01,0.002325769018412756
2021-11-02,0.0023172418572824927
2021-11-03,0.0023826580132483995
2021-11-04,0.0023368242785664285
2021-11-05,0.002300861918232811
2021-11-06,0.0022996243759741317
2021-11-07,0.0022983868337154503
2021-11-08,0.0022895914890567097
2021-11-09,0.002256499274687735
2021-11-10,0.002260298703203013
2021-11-11,0.0022602351166340923
2021-11-12,0.002271774923934673
2021-11-13,0.002270495057019921
2021-11-14,0.002269215190105165
2021-11-15,0.0022973344797991005
2021-11-16,0.002311213557904408
2021-11-17,0.002286963016217302
2021-11-18,0.0023156217815544617
2021-11-19,0.002310210955542997
2021-11-20,0.0023091763876318143
2021-11-21,0.0023081418197206344
2021-11-22,0.002370360848856881
2021-11-23,0.002390746375466398
2021-11-24,0.0024229007613492466
2021-11-25,0.0024219762588705584
2021-11-26,0.0022932904814334364
2021-11-27,0.002292188235768106
2021-11-28,0.002291085990102779
2021-11-29,0.002329876431125147
2021-11-30,0.00226871285339306
2021-12-01,0.0023104720523500185
2021-12-02,0.0023647693062064474
2021-12-03,0.002299251385077702
2021-12-04,0.002298197449569583
2021-12-05,0.0022971435140614633
2021-12-06,0.0023208248186775736
2021-12-07,0.0023724750346779296
2021-12-08,0.002391246900908536
2021-12-09,0.0023586342194540514
2021-12-10,0.00235341222467369
2021-12-11,0.0023524843106849185
2021-12-12,0.0023515563966961467
2021-12-13,0.00231040591840508
2021-12-14,0.0023400210614325026
2021-12-15,0.0023605966553806508
2021-12-16,0.0024421010313323
2021-12-17,0.0023958851983711133
2021-12-18,0.002395104784600674
2021-12-19,0.002394324370830234
2021-12-20,0.0023223737062444006
2021-12-21,0.0023999563457103626
2021-12-22,0.002449274574623928
2021-12-23,0.0024888394224152044
2021-12-24,0.00248824715477026
2021-12-25,0.002487654887125316
2021-12-26,0.0024870626194803715
2021-12-27,0.0025270912662097023
2021-12-28,0.0025362868455392953
2021-12-29,0.0025284640088741616
2021-12-30,0.002495916179049467
2021-12-31,0.002475595283093359
2022-01-01,0.002474996540082529
2022-01-02,0.0024743977970716996
2022-01-03,0.0024230359472011565
2022-01-04,0.0024392164409639473
2022-01-05,0.0023306417356232594
2022-01-06,0.0023651415473500315
2022-01-07,0.002360076295470599
2022-01-08,0.0023590174422587363
2022-01-09,0.002357958589046874
2022-01-10,0.002298871893866849
2022-01-11,0.0023651554037092933
2022-01-12,0.002365397430684568
2022-01-13,0.002292164257231618
2022-01-14,0.002245997218401713
2022-01-15,0.002244898312271498
2022-01-16,0.002243799406141281
2022-01-17,0.0022427005000110667
2022-01-18,0.002119633948841305
2022-01-19,0.0021395502601805044
2022-01-20,0.0021736922683618714
2022-01-21,0.002046646475608026
2022-01-22,0.0020449628508326786
2022-01-23,0.0020432792260573276
2022-01-24,0.001979627592875807
2022-01-25,0.001904669651869792
2022-01-26,0.0019362012141110518
2022-01-27,0.0019023696616770553
2022-01-28,0.0019607095732358908
2022-01-29,0.0019585090321768404
2022-01-30,0.001956308491117786
2022-01-31,0.002073156002948544
2022-02-01,0.0021839180215250365
2022-02-02,0.0022188896146029947
2022-02-03,0.0021629756316238775
2022-02-04,0.002299931918312903
2022-02-05,0.0022984309453678796
2022-02-06,0.002296929972422859
2022-02-07,0.0022968410966410363
2022-02-08,0.0023402942220172498
2022-02-09,0.0023866515038100094
2022-02-10,0.0023794908128493943
2022-02-11,0.0023026183035714442
2022-02-12,0.0023011137692357884
2022-02-13,0.0022996092349001317
2022-02-14,0.002243568770346183
2022-02-15,0.002319280888372124
2022-02-16,0.0023416535292558223
2022-02-17,0.0021787942257132805
2022-02-18,0.002138693097236647
2022-02-19,0.002137251874479901
2022-02-20,0.0021358106517231565
2022-02-21,0.0021343694289664107
2022-02-22,0.0020684919741876615
2022-02-23,0.001975215131791978
2022-02-24,0.001959965733152801
2022-02-25,0.002053921066462474
2022-02-26,0.002052337065124773
2022-02-27,0.0020507530637870705
2022-02-28,0.001918278804712807
2022-03-01,0.0017639286654309626
2022-03-02,0.001806931311895675
2022-03-03,0.00174786046986252
2022-03-04,0.0016580907461654622
2022-03-05,0.0016556815474102868
2022-03-06,0.001653272348655114
2022-03-07,0.0015099472801627615
2022-03-08,0.001507561053102061
2022-03-09,0.0016841660800184686
2022-03-10,0.001627320092865986
2022-03-11,0.001596557017755056
2022-03-12,0.0015944956092280472
2022-03-13,0.001592434200701041
2022-03-14,0.001579507036625194
2022-03-15,0.0016330772544504936
2022-03-16,0.0018509222454154255
2022-03-17,0.0018764889738149984
2022-03-18,0.0019484249085010138
2022-03-19,0.0019466192697962085
2022-03-20,0.0019448136310914051
2022-03-21,0.0018613043306336984
2022-03-22,0.001953106308305354
2022-03-23,0.0018653567265927767
2022-03-24,0.0018677062274481625
2022-03-25,0.0018641525910819822
2022-03-26,0.0018623729278379382
2022-03-27,0.001860593264593896
2022-03-28,0.0018460957859726818
2022-03-29,0.0018802087379788603
2022-03-30,0.001835255073272421
2022-03-31,0.0017487793413555343
2022-04-01,0.0017448485106200595
2022-04-02,0.001743409854556414
2022-04-03,0.0017419711984927699
2022-04-04,0.0017511195701228597
2022-04-05,0.001694232411384074
2022-04-06,0.0016294093792290991
2022-04-07,0.0016283133720948555
2022-04-08,0.001655070248754733
2022-04-09,0.0016535509904606845
2022-04-10,0.0016520317321666385
2022-04-11,0.0016493548625533371
2022-04-12,0.0016452762317962293
2022-04-13,0.0016497363969890152
2022-04-14,0.001665409973925471
2022-04-15,0.0016639060878336337
2022-04-16,0.0016624022017417944
2022-04-17,0.0016608983156499548
2022-04-18,0.001705732520161664
2022-04-19,0.001786523617547766
2022-04-20,0.0018399928773883095
2022-04-21,0.001759303422584239
2022-04-22,0.0015962839643696698
2022-04-23,0.0015942543593931919
2022-04-24,0.001592224754416717
2022-04-25,0.0016033856669093844
2022-04-26,0.0015044264943986215
2022-04-27,0.0014972903537203378
2022-04-28,0.001538565917987296
2022-04-29,0.0014359694192625002
2022-04-30,0.001433964425534977
2022-05-01,0.001431959431807453
2022-05-02,0.001487574594358468
2022-05-03,0.0015714509796453799
2022-05-04,0.0017211620897637833
2022-05-05,0.0016100305357802784
2022-05-06,0.0015734586972814047
2022-05-07,0.0015706448561409435
2022-05-08,0.0015678310150004779
2022-05-09,0.0013964304668338968
2022-05-10,0.0013162565281621963
2022-05-11,0.0012348123353970214
2022-05-12,0.0012225978941859381
2022-05-13,0.0013112995709287792
2022-05-14,0.0013086967918989382
2022-05-15,0.0013060940128690928
2022-05-16,0.0012750869413197252
2022-05-17,0.0014285648553374161
2022-05-18,0.0013173870501793018
2022-05-19,0.0012566427804243804
2022-05-20,0.001193219772743101
2022-05-21,0.001190882087891811
2022-05-22,0.0011885444030405163
2022-05-23,0.0013284240110926597
2022-05-24,0.001318359227822775
2022-05-25,0.0013207778129006732
2022-05-26,0.001437087323451762
2022-05-27,0.0014937339974585302
2022-05-28,0.0014916450403133458
2022-05-29,0.0014895560831681576
2022-05-30,0.001487467126022973
2022-05-31,0.001473215220916949
2022-06-01,0.0014274542990640542
2022-06-02,0.0014299509784073882
2022-06-03,0.0013874240760041795
2022-06-04,0.0013853125326248874
2022-06-05,0.0013832009892455926
2022-06-06,0.0014103864408955584
2022-06-07,0.0014278112381912044
2022-06-08,0.001341218579231242
2022-06-09,0.0012507776856858588
2022-06-10,0.0010716425716154445
2022-06-11,0.001069392050371299
2022-06-12,0.0010671415291271511
2022-06-13,0.0009886310439899113
2022-06-14,0.0009323517617730148
2022-06-15,0.0009633767888724909
2022-06-16,0.0008835406397299642
2022-06-17,0.0007812763901842866
2022-06-18,0.0007791974364767047
2022-06-19,0.0007771184827691296
2022-06-20,0.000775039529061548
2022-06-21,0.0008068811015025403
2022-06-22,0.0008189770846918796
2022-06-23,0.0008037187911926526
2022-06-24,0.0009671757313467434
2022-06-25,0.0009651524628047725
2022-06-26,0.0009631291942628038
2022-06-27,0.0009455584732325144
2022-06-28,0.0009996571189951884
2022-06-29,0.0010118952062410935
2022-06-30,0.0009402667825743093
2022-07-01,0.0009554257955059452
2022-07-02,0.0009531207661926553
2022-07-03,0.0009508157368793677
2022-07-04,0.0009485107075660757
2022-07-05,0.0008774209194680517
2022-07-06,0.0008702930075769927
2022-07-07,0.0009227474392067465
2022-07-08,0.000924511453838471
2022-07-09,0.0009222697479570161
2022-07-10,0.0009200280420755657
2022-07-11,0.0009336457460847058
2022-07-12,0.0009374822384326765
2022-07-13,0.0008629500847925596
2022-07-14,0.0008775254509346781
2022-07-15,0.0010523553185765378
2022-07-16,0.0010498400121024677
2022-07-17,0.001047324705628402
2022-07-18,0.0010860690983266845
2022-07-19,0.001198128616755416
2022-07-20,0.0012164289102044295
2022-07-21,0.0012778600994366276
2022-07-22,0.001249126172802901
2022-07-23,0.0012466099022605613
2022-07-24,0.0012440936317182254
2022-07-25,0.0012369543511185472
2022-07-26,0.0011522240151196207
2022-07-27,0.0012209923710825683
2022-07-28,0.0012286793573415852
2022-07-29,0.001288213093887783
2022-07-30,0.0012859060630042054
2022-07-31,0.001283599032120628
2022-08-01,0.0013030363154794891
2022-08-02,0.0012484893865322847
2022-08-03,0.0013027047252787585
2022-08-04,0.0012953023412215518
2022-08-05,0.0013218050366238313
2022-08-06,0.0013197606446041655
2022-08-07,0.001317716252584503
2022-08-08,0.0013131700937547468
2022-08-09,0.001327858754512768
2022-08-10,0.0014238605256095083
2022-08-11,0.0014691376957619174
2022-08-12,0.0015190147721258424
2022-08-13,0.0015171720947949091
2022-08-14,0.0015153294174639765
2022-08-15,0.0015258653785300434
2022-08-16,0.001518728354376459
2022-08-17,0.0015007691667747462
2022-08-18,0.0015091179905885631
2022-08-19,0.0014437392121203901
2022-08-20,0.0014416693703485238
2022-08-21,0.001439599528576657
2022-08-22,0.0013779392328971676
2022-08-23,0.001372138709461371
2022-08-24,0.0013787155024454828
2022-08-25,0.0014225057789351789
2022-08-26,0.0013101810789346252
2022-08-27,0.0013081277742373215
2022-08-28,0.0013060744695400184
2022-08-29,0.0012462926827213915
2022-08-30,0.0012080918495226503
2022-08-31,0.001228479647156114
2022-09-01,0.0012492815657400708
2022-09-02,0.0012695304195087494
2022-09-03,0.001267523259712099
2022-09-04,0.0012655160999154448
2022-09-05,0.0012635089401187938
2022-09-06,0.0011707580921075601
2022-09-07,0.001208848196672636
2022-09-08,0.0012497307767385328
2022-09-09,0.0012653986746278272
2022-09-10,0.001264107762927143
2022-09-11,0.0012628168512264558
2022-09-12,0.0012756960563697832
2022-09-13,0.0012022800200196116
2022-09-14,0.0011885655487951594
2022-09-15,0.0012185104921034902
2022-09-16,0.0012128352983894206
2022-09-17,0.0012114850522497312
2022-09-18,0.0012101348061100395
2022-09-19,0.0012354736189158111
2022-09-20,0.0012035326603313527
2022-09-21,0.0011817214864803562
2022-09-22,0.0011419103660074291
2022-09-23,0.0010481212491473282
2022-09-24,0.001046704340957197
2022-09-25,0.001045287432767063
2022-09-26,0.000995456064323851
2022-09-27,0.0009845687787571756
2022-09-28,0.0010205188110421993
2022-09-29,0.0009804867840171848
2022-09-30,0.0009575624255377651
2022-10-01,0.0009561864243874825
2022-10-02,0.000954810423237197
2022-10-03,0.0010185127058237075
2022-10-04,0.0010600715617301614
2022-10-05,0.0010165361724325532
2022-10-06,0.0009150344957362445
2022-10-07,0.0008617920650883938
2022-10-08,0.0008610912677512344
2022-10-09,0.0008603904704140731
2022-10-10,0.0008521611453821483
2022-10-11,0.0008547786234308597
2022-10-12,0.000816617581463128
2022-10-13,0.0008310420630978301
2022-10-14,0.0007865471510944855
2022-10-15,0.0007859004892204822
2022-10-16,0.0007852538273464813
2022-10-17,0.000834915472477357
2022-10-18,0.0008200050779892764
2022-10-19,0.000628036098432647
2022-10-20,0.0006210440440907313
2022-10-21,0.0006342970878227862
2022-10-22,0.0006343207026390119
2022-10-23,0.0006343443174552366
2022-10-24,0.0006522714689779405
2022-10-25,0.0005956258212079411
2022-10-26,0.0006167403454166972
2022-10-27,0.0005630251439904886
2022-10-28,0.0005755675556197333
2022-10-29,0.0005757770082821349
2022-10-30,0.000575986460944537
2022-10-31,0.0005751375290036279
2022-11-01,0.0005836979816913764
2022-11-02,0.0005899471312202217
2022-11-03,0.0005762813309403
2022-11-04,0.0006064858947964558
2022-11-05,0.0006065123890485083
2022-11-06,0.0006065388833005625
2022-11-07,0.0006068063340480992
2022-11-08,0.0006014143961098888
2022-11-09,0.0006218664319247438
2022-11-10,0.000674630006544559
2022-11-11,0.0007546723974347731
2022-11-12,0.0007538050847203809
2022-11-13,0.0007529377720059908
2022-11-14,0.0007315799989028814
2022-11-15,0.0007171157680757438
2022-11-16,0.0007229202449469166
2022-11-17,0.0007011832287468296
2022-11-18,0.0007040072207107665
2022-11-19,0.0007033707405281375
2022-11-20,0.0007027342603455093
2022-11-21,0.0006990239025518286
2022-11-22,0.0006757514004320472
2022-11-23,0.0006740483642766538
2022-11-24,0.0006736914683365795
2022-11-25,0.0006898811861200688
2022-11-26,0.0006894322745826882
2022-11-27,0.000688983363045308
2022-11-28,0.0006678774833768157
2022-11-29,0.0006662154859615188
2022-11-30,0.0006787735910773424
2022-12-01,0.0006876863562491507
2022-12-02,0.0006771587303260867
2022-12-03,0.0006767565790971421
2022-12-04,0.0006763544278681984
2022-12-05,0.0006592592725486459
2022-12-06,0.0006153148211778699
2022-12-07,0.0006562742479516393
2022-12-08,0.0006757551304965104
2022-12-09,0.0007001730861926653
2022-12-10,0.0006995651699655541
2022-12-11,0.0006989572537384435
2022-12-12,0.0007447557219967839
2022-12-13,0.0007996130059873658
2022-12-14,0.0007526904165622407
2022-12-15,0.0007011276651319193
2022-12-16,0.0006782866325018963
2022-12-17,0.0006771636588826407
2022-12-18,0.0006760406852633826
2022-12-19,0.000637969923669003
2022-12-20,0.0005880798083632433
2022-12-21,0.0006038170983189797
2022-12-22,0.0005973078589161626
2022-12-23,0.0005473160656344908
2022-12-24,0.000546689355011884
2022-12-25,0.0005460626443892767
2022-12-26,0.0005454359337666713
2022-12-27,0.0005368270459881561
2022-12-28,0.0005299514632653949
2022-12-29,0.0005428675624573626
2022-12-30,0.0005515519865758785
2022-12-31,0.0005508310135527651
2023-01-01,0.0005501100405296494
2023-01-02,0.0005493890675065355
2023-01-03,0.0005919581238125581
2023-01-04,0.0005983129483995828
2023-01-05,0.0005849380161196687
2023-01-06,0.0005836110815325183
2023-01-07,0.0005829051543514824
2023-01-08,0.0005821992271704446
2023-01-09,0.0005587152557271627
2023-01-10,0.0005622222983398266
2023-01-11,0.0005943720437006329
2023-01-12,0.0006119854292462358
2023-01-13,0.0005977885358342597
2023-01-14,0.0005972572753944016
2023-01-15,0.0005967260149545421
2023-01-16,0.0005961947545146842
2023-01-17,0.000677807026461407
2023-01-18,0.0006551715375828499
2023-01-19,0.00064336299897096
2023-01-20,0.0006679547252761452
2023-01-21,0.0006673895533461168
2023-01-22,0.0006668243814160874
2023-01-23,0.0006709778405436487
2023-01-24,0.0006581599902434699
2023-01-25,0.0006611755491044515
2023-01-26,0.0006698331532210857
2023-01-27,0.0006817195654778346
2023-01-28,0.0006809878616319846
2023-01-29,0.0006802561577861361
2023-01-30,0.0006649061756910507
2023-01-31,0.0006685791606257077
2023-02-01,0.0006663100106364319
2023-02-02,0.000677589088064991
2023-02-03,0.0006730382854382112
2023-02-04,0.0006728369299538049
2023-02-05,0.0006726355744693974
2023-02-06,0.0006695868126047934
2023-02-07,0.0006669114975083454
2023-02-08,0.0006655421359640817
2023-02-09,0.0006647205453583303
2023-02-10,0.0006657670260200139
2023-02-11,0.000665792134379401
2023-02-12,0.0006658172427387882
2023-02-13,0.0006662175182326579
2023-02-14,0.0006677526463715071
2023-02-15,0.0006674204541573044
2023-02-16,0.0006668417825711475
2023-02-17,0.0006687604696271384
2023-02-18,0.0006687861296510247
2023-02-19,0.0006688117896749106
2023-02-20,0.0006688374496987967
2023-02-21,0.0006660652563969742
2023-02-22,0.0006715736663227979
2023-02-23,0.0006732370141644514
2023-02-24,0.0006709840604020459
2023-02-25,0.0006710559547843421
2023-02-26,0.0006711278491666397
2023-02-27,0.000669880469898673
2023-02-28,0.0006711682737041151
2023-03-01,0.0006606943008046098
2023-03-02,0.0006493502474254405
2023-03-03,0.0006413736354788848
2023-03-04,0.0006416702434327453
2023-03-05,0.0006419668513866063
2023-03-06,0.000648218556395465
2023-03-07,0.000647532006888238
2023-03-08,0.00064251449011417
2023-03-09,0.0006856719782210078
2023-03-10,0.0007635893891604364
2023-03-11,0.000763435287884473
2023-03-12,0.0007632811866085107
2023-03-13,0.0008199537361159406
2023-03-14,0.0007684635421440307
2023-03-15,0.0007916464340723954
2023-03-16,0.000767966863235339
2023-03-17,0.000775135548382364
2023-03-18,0.0007748160289720832
2023-03-19,0.0007744965095618044
2023-03-20,0.0007119070589375973
2023-03-21,0.0006542283144030732
2023-03-22,0.0007091763358764371
2023-03-23,0.0006817225420529926
2023-03-24,0.0007312375442004857
2023-03-25,0.0007310511937957426
2023-03-26,0.0007308648433909993
2023-03-27,0.0006570260445923426
2023-03-28,0.0006462761460921333
2023-03-29,0.0006313165910420302
2023-03-30,0.0006300571488357986
2023-03-31,0.0006093228123079111
2023-04-01,0.0006094904690389098
2023-04-02,0.0006096581257699113
2023-04-03,0.0006067143920673705
2023-04-04,0.0006232902604218916
2023-04-05,0.000638737954990184
2023-04-06,0.0006672055370925841
2023-04-07,0.0006672461280065756
2023-04-08,0.0006672867189205661
2023-04-09,0.0006673273098345587
2023-04-10,0.0006413912504071645
2023-04-11,0.0006508150343096167
2023-04-12,0.0006204817484499405
2023-04-13,0.0006029699675154767
2023-04-14,0.0005793155490454627
2023-04-15,0.0005795952309725423
2023-04-16,0.0005798749128996235
2023-04-17,0.0005879485877366404
2023-04-18,0.0005696569888668122
2023-04-19,0.0005892229573693309
2023-04-20,0.0006407810767942105
2023-04-21,0.000666424983116825
2023-04-22,0.000666302196246914
2023-04-23,0.0006661794093770024
2023-04-24,0.0006584460447287852
2023-04-25,0.0006774781758903249
2023-04-26,0.0007427856026072336
2023-04-27,0.0007530058412782705
2023-04-28,0.0007491068617158294
2023-04-29,0.000748717309662403
2023-04-30,0.0007483277576089749
2023-05-01,0.0007255886443397598
2023-05-02,0.0007855874799735092
2023-05-03,0.0007984116524428508
2023-05-04,0.0007748022852419004
2023-05-05,0.0006304213234297699
2023-05-06,0.0006301445370646228
2023-05-07,0.000629867750699474
2023-05-08,0.0005611779487380694
2023-05-09,0.0005643589977486257
2023-05-10,0.0005987260611388301
2023-05-11,0.0006074944063890093
2023-05-12,0.0006049078264566553
2023-05-13,0.0006046760418340913
2023-05-14,0.0006044442572115253
2023-05-15,0.0005824725594646017
2023-05-16,0.0006295134419912346
2023-05-17,0.0007024463487495239
2023-05-18,0.0006686698229671595
2023-05-19,0.0006218076395107929
2023-05-20,0.0006215475864889022
2023-05-21,0.0006212875334670092
2023-05-22,0.0006093408770759213
2023-05-23,0.0006616496786452939
2023-05-24,0.0005738414334157383
2023-05-25,0.0005556886960888466
2023-05-26,0.0005289701697985631
2023-05-27,0.0005289210179595064
2023-05-28,0.0005288718661204505
2023-05-29,0.0005288227142813938
2023-05-30,0.0004941841123166663
2023-05-31,0.0005314499108324845
2023-06-01,0.0004827403518943541
2023-06-02,0.0004431720220748046
2023-06-03,0.0004433103450152203
2023-06-04,0.00044344866795563757
2023-06-05,0.00043482992901740713
2023-06-06,0.0004423620118869712
2023-06-07,0.00047351437050966805
2023-06-08,0.0005118484996410445
2023-06-09,0.0004971174534825558
2023-06-10,0.0004970979475908321
2023-06-11,0.0004970784416991098
2023-06-12,0.0006252846218599039
2023-06-13,0.0005811962117628932
2023-06-14,0.000541436621699443
2023-06-15,0.0005220287749824648
2023-06-16,0.0005271826601387507
2023-06-17,0.0005271195160455842
2023-06-18,0.0005270563719524189
2023-06-19,0.0005269932278592544
2023-06-20,0.0005014368685618779
2023-06-21,0.0005104608509846824
2023-06-22,0.0004866294524099161
2023-06-23,0.0004495698396380363
2023-06-24,0.0004497001162759183
2023-06-25,0.00044983039291379874
2023-06-26,0.00047345656565848764
2023-06-27,0.00042979833099650007
2023-06-28,0.00045224539088590805
2023-06-29,0.00036580893742068255
2023-06-30,0.0003583131468377419
2023-07-01,0.00035864429966538645
2023-07-02,0.00035897545249302903
2023-07-03,0.0003493838098997616
2023-07-04,0.00034972347626388805
2023-07-05,0.00032171351752220863
2023-07-06,0.00028039456494674715
2023-07-07,0.0002170068446881372
2023-07-08,0.00021771752760518922
2023-07-09,0.0002184282105222382
2023-07-10,0.00021913889343928763
