Date,UBS - C Accumulated Oriented Area
2019-01-01,0.0
2019-01-02,0.0
2019-01-03,1.469011346929248e-07
2019-01-04,-1.7914121298210135e-07
2019-01-05,6.390069295658131e-08
2019-01-06,3.069425988954537e-07
2019-01-07,-1.3440183737420193e-06
2019-01-08,-3.6314078753888393e-06
2019-01-09,6.441946649705062e-06
2019-01-10,-1.3435077918309837e-06
2019-01-11,-3.3006221266137074e-06
2019-01-12,-2.8140218082496337e-06
2019-01-13,-2.3274214898859044e-06
2019-01-14,1.854972445579164e-05
2019-01-15,5.440705682166907e-05
2019-01-16,1.4241753641141899e-05
2019-01-17,2.8624007098752632e-05
2019-01-18,1.9005700404284428e-05
2019-01-19,2.022730030814323e-05
2019-01-20,2.1448900212001922e-05
2019-01-21,2.267050011586163e-05
2019-01-22,0.00012984192601658568
2019-01-23,0.00011335448189056848
2019-01-24,0.00011507259754505787
2019-01-25,0.00012032808629829321
2019-01-26,0.00012152099662562213
2019-01-27,0.00012271390695295142
2019-01-28,0.00013533425245399817
2019-01-29,0.00013860655393565488
2019-01-30,0.00010813730720660413
2019-01-31,0.00016349137226844083
2019-02-01,0.00018105525751235905
2019-02-02,0.00018216309364586076
2019-02-03,0.0001832709297793623
2019-02-04,0.0001939379044240304
2019-02-05,0.0001532992908181845
2019-02-06,0.00016123377949155542
2019-02-07,0.0002045565952191906
2019-02-08,0.00022284415179883298
2019-02-09,0.00022375060919969754
2019-02-10,0.00022465706660056202
2019-02-11,0.00022425990032293354
2019-02-12,0.00020098489786484028
2019-02-13,0.00018491237944300186
2019-02-14,0.0002308798435191141
2019-02-15,0.00017717407946810614
2019-02-16,0.0001783561249052746
2019-02-17,0.0001795381703424444
2019-02-18,0.00018072021577961414
2019-02-19,0.00018894282882334507
2019-02-20,0.0002968131421579119
2019-02-21,0.0003312940669508223
2019-02-22,0.00033156791870837815
2019-02-23,0.000332595116593049
2019-02-24,0.0003336223144777199
2019-02-25,0.0003032376634395684
2019-02-26,0.0002714559496671819
2019-02-27,0.0002622640043114387
2019-02-28,0.0002601595900670352
2019-03-01,0.0002506956788689357
2019-03-02,0.00025184087334476367
2019-03-03,0.0002529860678205918
2019-03-04,0.0002749037209824632
2019-03-05,0.0003109027959595367
2019-03-06,0.0003423105302021888
2019-03-07,0.00042176381227261047
2019-03-08,0.00043570739011938094
2019-03-09,0.0004364382197814246
2019-03-10,0.0004371690494434671
2019-03-11,0.00039882400257350596
2019-03-12,0.00038987759387787104
2019-03-13,0.0003479627126118038
2019-03-14,0.00033635406315805417
2019-03-15,0.00033668294655857993
2019-03-16,0.0003377803718090675
2019-03-17,0.0003388777970595558
2019-03-18,0.0002582847590037162
2019-03-19,0.00024569996980448096
2019-03-20,0.00032209625295299613
2019-03-21,0.0003471587791287297
2019-03-22,0.00047463531590752
2019-03-23,0.00047524914147920294
2019-03-24,0.0004758629670508859
2019-03-25,0.0004961513647131466
2019-03-26,0.00046472443606980496
2019-03-27,0.0004566526957738342
2019-03-28,0.00043909308666955596
2019-03-29,0.00041065965458437657
2019-03-30,0.0004114501387174888
2019-03-31,0.0004122406228505999
2019-04-01,0.00031702834564485043
2019-04-02,0.0003149686973159122
2019-04-03,0.0002795595570563742
2019-04-04,0.00025872826969736867
2019-04-05,0.00027013666447505904
2019-04-06,0.0002713456870426591
2019-04-07,0.0002725547096102591
2019-04-08,0.0002773203759533393
2019-04-09,0.00028930879998922726
2019-04-10,0.00030049629656311714
2019-04-11,0.00023132979835973805
2019-04-12,0.00018881730608741372
2019-04-13,0.00019026143417399607
2019-04-14,0.0001917055622605784
2019-04-15,0.00017275759590552433
2019-04-16,0.00011108559468784767
2019-04-17,4.6648731997647526e-05
2019-04-18,6.909496982755751e-05
2019-04-19,7.082759374918933e-05
2019-04-20,7.256021767082132e-05
2019-04-21,7.42928415924533e-05
2019-04-22,7.456964626747111e-05
2019-04-23,0.0001303809811040823
2019-04-24,0.00010661089514603318
2019-04-25,6.767231049652149e-05
2019-04-26,7.462862286277165e-05
2019-04-27,7.635423921046927e-05
2019-04-28,7.807985555816659e-05
2019-04-29,6.74727999994915e-06
2019-04-30,3.743352800889517e-05
2019-05-01,9.031902343774702e-05
2019-05-02,5.993474068039732e-05
2019-05-03,7.959347272254928e-05
2019-05-04,8.142656966903642e-05
2019-05-05,8.325966661552536e-05
2019-05-06,0.0003553937990430628
2019-05-07,0.0005043385355285909
2019-05-08,0.000488293552995309
2019-05-09,0.000548772848680194
2019-05-10,0.0005417122371409671
2019-05-11,0.0005430279838999687
2019-05-12,0.0005443437306589704
2019-05-13,0.0007274180188342268
2019-05-14,0.0006994991263398907
2019-05-15,0.0007164667974040805
2019-05-16,0.0006325284201057229
2019-05-17,0.0006632578760707329
2019-05-18,0.000664278261454441
2019-05-19,0.0006652986468381493
2019-05-20,0.000657750389430905
2019-05-21,0.0006219958262574973
2019-05-22,0.0006937848642723572
2019-05-23,0.0007526104338157007
2019-05-24,0.0007031009046436928
2019-05-25,0.0007040463149406325
2019-05-26,0.0007049917252375726
2019-05-27,0.0007059371355345111
2019-05-28,0.0007906335003773663
2019-05-29,0.0008045271370247292
2019-05-30,0.0008217473138995936
2019-05-31,0.0009086192619461662
2019-06-01,0.0009092320212327323
2019-06-02,0.0009098447805192963
2019-06-03,0.0008839591295849568
2019-06-04,0.0006965252079181819
2019-06-05,0.0007065303022859277
2019-06-06,0.0006815076354692295
2019-06-07,0.000695509992968462
2019-06-08,0.0006965470101520547
2019-06-09,0.0006975840273356492
2019-06-10,0.0006401905326188112
2019-06-11,0.0006014482943947036
2019-06-12,0.0006919944945606174
2019-06-13,0.0007014706601820941
2019-06-14,0.0007406196114925251
2019-06-15,0.0007417508388287529
2019-06-16,0.0007428820661649826
2019-06-17,0.0007963782345726824
2019-06-18,0.0006854208931304552
2019-06-19,0.0006672024715599703
2019-06-20,0.0006534658405370554
2019-06-21,0.000700886760081118
2019-06-22,0.0007020866189645288
2019-06-23,0.0007032864778479395
2019-06-24,0.0007153391255335333
2019-06-25,0.0007718266635494878
2019-06-26,0.0007173123441326895
2019-06-27,0.0006353907219907951
2019-06-28,0.0005805663161757451
2019-06-29,0.0005819969413494424
2019-06-30,0.0005834275665231397
2019-07-01,0.0005460240844869415
2019-07-02,0.0005435886256539015
2019-07-03,0.0005108926962602939
2019-07-04,0.0005124274229258138
2019-07-05,0.0004408705189412845
2019-07-06,0.0004424881016674428
2019-07-07,0.0004441056843936012
2019-07-08,0.000524957928383126
2019-07-09,0.000547872524195258
2019-07-10,0.0005033990598254033
2019-07-11,0.00043685674236625187
2019-07-12,0.00041052729316649054
2019-07-13,0.00041219510143519896
2019-07-14,0.00041386290970390593
2019-07-15,0.00044551874913528733
2019-07-16,0.0004725956114155066
2019-07-17,0.0005146290783974432
2019-07-18,0.00045594676727503966
2019-07-19,0.00054474553357809
2019-07-20,0.0005462812021842854
2019-07-21,0.0005478168707904844
2019-07-22,0.00048802532592302517
2019-07-23,0.00039622805503640614
2019-07-24,0.0005654566326095627
2019-07-25,0.0007863689813214397
2019-07-26,0.000794671561456973
2019-07-27,0.0007961608990295483
2019-07-28,0.0007976502366021212
2019-07-29,0.0008232253215443156
2019-07-30,0.0008755889028240614
2019-07-31,0.0009352101540491939
2019-08-01,0.0011962676638443794
2019-08-02,0.0011327825048065379
2019-08-03,0.0011338154826855732
2019-08-04,0.0011348484605646087
2019-08-05,0.001336349006511964
2019-08-06,0.0012483653062526526
2019-08-07,0.00136855078688637
2019-08-08,0.0012632395680353245
2019-08-09,0.0012965418683257186
2019-08-10,0.0012973712230958414
2019-08-11,0.0012982005778659643
2019-08-12,0.0014808798748289853
2019-08-13,0.0014497896641633445
2019-08-14,0.001818885169557961
2019-08-15,0.0018257134277452312
2019-08-16,0.0016056456958460023
2019-08-17,0.0016061051179073725
2019-08-18,0.0016065645399687433
2019-08-19,0.0015276326616709536
2019-08-20,0.0016082364081072636
2019-08-21,0.0016013357629889647
2019-08-22,0.0015105474313738218
2019-08-23,0.0016800491102306656
2019-08-24,0.0016803858807108748
2019-08-25,0.0016807226511910802
2019-08-26,0.0015998551754149565
2019-08-27,0.0017002378710346037
2019-08-28,0.001645771197901167
2019-08-29,0.0015262329929087277
2019-08-30,0.0014923091549570672
2019-08-31,0.0014929060301613578
2019-09-01,0.0014935029053656538
2019-09-02,0.0014940997805699496
2019-09-03,0.001592714942865217
2019-09-04,0.0015026937439843113
2019-09-05,0.001304647670976978
2019-09-06,0.001300704049849427
2019-09-07,0.0013015261852262336
2019-09-08,0.00130234832060304
2019-09-09,0.0010589087886805587
2019-09-10,0.0009110570223894946
2019-09-11,0.000879954896105644
2019-09-12,0.0008851794613030238
2019-09-13,0.0007630675318093729
2019-09-14,0.0007644985795394179
2019-09-15,0.0007659296272694628
2019-09-16,0.0008506215982891533
2019-09-17,0.0009237977869936378
2019-09-18,0.000899391890577343
2019-09-19,0.0008822149920724007
2019-09-20,0.0009280788103631844
2019-09-21,0.0009293496943089809
2019-09-22,0.0009306205782547771
2019-09-23,0.0009644653543992387
2019-09-24,0.0010902698876207144
2019-09-25,0.0010210768767197937
2019-09-26,0.0010434009920472441
2019-09-27,0.0009825880750948248
2019-09-28,0.0009838346084777517
2019-09-29,0.0009850811418606784
2019-09-30,0.0010078899475264495
2019-10-01,0.0011227144044079049
2019-10-02,0.0013868140549917034
2019-10-03,0.00139888942038121
2019-10-04,0.0012701781627222856
2019-10-05,0.0012711554966262357
2019-10-06,0.0012721328305301829
2019-10-07,0.0012957494407870294
2019-10-08,0.001440987402306278
2019-10-09,0.0013805507645984938
2019-10-10,0.0012263900272009962
2019-10-11,0.0010087837887963803
2019-10-12,0.0010100268763274017
2019-10-13,0.001011269963858424
2019-10-14,0.0010275913519461857
2019-10-15,0.0008856294753955762
2019-10-16,0.0010055055012542404
2019-10-17,0.0009676141813009639
2019-10-18,0.0009238057557492594
2019-10-19,0.0009250840853841507
2019-10-20,0.0009263624150190419
2019-10-21,0.000751927364483225
2019-10-22,0.00076135328535794
2019-10-23,0.0006815672921273258
2019-10-24,0.0006658468082286822
2019-10-25,0.000596669896774255
2019-10-26,0.0005983417493272173
2019-10-27,0.0006000136018801795
2019-10-28,0.0005010352745247115
2019-10-29,0.0004584976300501853
2019-10-30,0.000576201789351883
2019-10-31,0.0006518902307952959
2019-11-01,0.0004926798219879382
2019-11-02,0.0004944533608186908
2019-11-03,0.0004962268996494433
2019-11-04,0.00027789389564900936
2019-11-05,0.00026930107132973357
2019-11-06,0.00028253002779255246
2019-11-07,0.0001754847532961897
2019-11-08,0.000224245642377375
2019-11-09,0.00022630963150028214
2019-11-10,0.00022837362062318916
2019-11-11,0.0002494011975645511
2019-11-12,0.00030057002971767765
2019-11-13,0.00042456590739994393
2019-11-14,0.0004286381616577617
2019-11-15,0.0003840011739051399
2019-11-16,0.00038588093971553825
2019-11-17,0.00038776070552593717
2019-11-18,0.00038964047133633814
2019-11-19,0.0004124149482680065
2019-11-20,0.0004885506568341382
2019-11-21,0.0004810470539498901
2019-11-22,0.00037815221740815743
2019-11-23,0.0003800719176562222
2019-11-24,0.00038199161790428637
2019-11-25,0.0002900045232488469
2019-11-26,0.00037902393058473745
2019-11-27,0.0003426141217554603
2019-11-28,0.0003446107389231275
2019-11-29,0.00042103132142649207
2019-11-30,0.0004229538781790035
2019-12-01,0.0004248764349315153
2019-12-02,0.0004919865707363697
2019-12-03,0.0006305442734743528
2019-12-04,0.0005590573901296307
2019-12-05,0.0005233643252316585
2019-12-06,0.00046566633825518417
2019-12-07,0.00046761398624853355
2019-12-08,0.00046956163424188347
2019-12-09,0.0004936626964932477
2019-12-10,0.0005207052239879825
2019-12-11,0.0005468539738635
2019-12-12,0.00036393662772407317
2019-12-13,0.0003291594882506196
2019-12-14,0.0003312109939213545
2019-12-15,0.0003332624995920889
2019-12-16,0.00022589400199665613
2019-12-17,0.00014729078124334574
2019-12-18,0.00020865099124468475
2019-12-19,0.0001975043802629015
2019-12-20,0.0002235941604433355
2019-12-21,0.00022583752915863824
2019-12-22,0.0002280808978739414
2019-12-23,0.00020099587328499253
2019-12-24,0.0002136949073491298
2019-12-25,0.00021595149909474235
2019-12-26,0.00014937010444028055
2019-12-27,0.00014484759600853032
2019-12-28,0.00014720449001055227
2019-12-29,0.0001495613840125688
2019-12-30,0.00011130627534148316
2019-12-31,0.00010353210979395825
2020-01-01,0.00010592430944829563
2020-01-02,-0.00011698962605423977
2020-01-03,3.945959784826085e-05
2020-01-04,4.1868038034716245e-05
2020-01-05,4.427647822117294e-05
2020-01-06,6.974702408546257e-05
2020-01-07,-5.302248332430127e-05
2020-01-08,-0.0001541949203073056
2020-01-09,-0.00018187189773224803
2020-01-10,-7.550724003610801e-05
2020-01-11,-7.30703209401596e-05
2020-01-12,-7.063340184421108e-05
2020-01-13,-0.0001578188031824537
2020-01-14,-0.0002080274122641169
2020-01-15,-0.00015809016392831726
2020-01-16,-0.00021830830345348344
2020-01-17,-0.00018435261192936638
2020-01-18,-0.0001817405129012678
2020-01-19,-0.000179128413873169
2020-01-20,-0.0001765163148450702
2020-01-21,0.0002139110770634753
2020-01-22,2.9187218710292895e-05
2020-01-23,5.029129348913062e-05
2020-01-24,0.00017758342461046976
2020-01-25,0.0001798814184013678
2020-01-26,0.00018217941219226608
2020-01-27,0.00033761497500440964
2020-01-28,0.00032823602414276903
2020-01-29,0.0003171897064268508
2020-01-30,0.0002638958872697258
2020-01-31,0.00046644497183557696
2020-02-01,0.0004683640655323345
2020-02-02,0.0004702831592290948
2020-02-03,0.0004672153590604486
2020-02-04,0.0003555883706834661
2020-02-05,0.00012638039566625946
2020-02-06,6.522801235258615e-05
2020-02-07,3.108808390214898e-05
2020-02-08,3.347591420212539e-05
2020-02-09,3.5863744502097035e-05
2020-02-10,-1.5807296887771697e-05
2020-02-11,-8.585737221691403e-05
2020-02-12,-0.0002111695057089931
2020-02-13,-0.00010077900423938494
2020-02-14,-4.554126324773358e-05
2020-02-15,-4.3107272438723835e-05
2020-02-16,-4.0673281629712466e-05
2020-02-17,-3.823929082070424e-05
2020-02-18,-1.8914594690049675e-05
2020-02-19,-3.2429768795153567e-05
2020-02-20,-9.663785687990319e-05
2020-02-21,0.00011821480695517386
2020-02-22,0.00012042754601536887
2020-02-23,0.0001226402850755642
2020-02-24,0.0005933806667837102
2020-02-25,0.0009279619423307732
2020-02-26,0.0010086957169782923
2020-02-27,0.0014168943007691745
2020-02-28,0.0015832070669320433
2020-02-29,0.0015838305987887
2020-03-01,0.0015844541306453573
2020-03-02,0.0012108975245164488
2020-03-03,0.001526954445115935
2020-03-04,0.0012787809550319621
2020-03-05,0.0017807477519371114
2020-03-06,0.0020036587321031534
2020-03-07,0.0020039250752105445
2020-03-08,0.002004191418317935
2020-03-09,0.003343192232061482
2020-03-10,0.002727855597139452
2020-03-11,0.003368731884564201
2020-03-12,0.004528327384511959
2020-03-13,0.00323540925103933
2020-03-14,0.003234164479811543
2020-03-15,0.0032329197085837562
2020-03-16,0.004940757575908173
2020-03-17,0.005408582172313896
2020-03-18,0.006174583088369838
2020-03-19,0.005611899882282562
2020-03-20,0.005823854478098635
2020-03-21,0.005820548839345531
2020-03-22,0.005817243200592419
2020-03-23,0.006355343229080669
2020-03-24,0.005632225263704565
2020-03-25,0.005481836362630572
2020-03-26,0.004948750451632468
2020-03-27,0.005208453380752832
2020-03-28,0.00520639050906295
2020-03-29,0.0052043276373730735
2020-03-30,0.005185426534088802
2020-03-31,0.005452017150194201
2020-04-01,0.006013238921515193
2020-04-02,0.005904378453450319
2020-04-03,0.006192622126100397
2020-04-04,0.0061894634746368455
2020-04-05,0.0061863048231732935
2020-04-06,0.0057555101316967405
2020-04-07,0.005739699578212684
2020-04-08,0.005257991819164802
2020-04-09,0.004857796849238249
2020-04-10,0.004856416237536228
2020-04-11,0.004855035625834208
2020-04-12,0.004853655014132187
2020-04-13,0.004931982613283943
2020-04-14,0.005125648394381503
2020-04-15,0.005437028511050698
2020-04-16,0.005792305457154957
2020-04-17,0.0050623622313861975
2020-04-18,0.005060606863234458
2020-04-19,0.005058851495082719
2020-04-20,0.005279309666657954
2020-04-21,0.005594224054199474
2020-04-22,0.005467759943267562
2020-04-23,0.005449882297382638
2020-04-24,0.005355912337460371
2020-04-25,0.005353769263744664
2020-04-26,0.005351626190028954
2020-04-27,0.004864197655511802
2020-04-28,0.004807704468163081
2020-04-29,0.0044713354212567065
2020-04-30,0.004648807963553307
2020-05-01,0.004983312379001799
2020-05-02,0.004981787898529601
2020-05-03,0.004980263418057398
2020-05-04,0.005007163182722552
2020-05-05,0.005108736357417039
2020-05-06,0.005255272071951523
2020-05-07,0.005020997377645019
2020-05-08,0.004793395523523083
2020-05-09,0.004791846768179912
2020-05-10,0.004790298012836746
2020-05-11,0.005095264093387767
2020-05-12,0.005338246567589797
2020-05-13,0.005599600076494643
2020-05-14,0.005317764376799096
2020-05-15,0.005316932161807205
2020-05-16,0.005314576175791518
2020-05-17,0.005312220189775831
2020-05-18,0.004821339024787677
2020-05-19,0.004987110764647279
2020-05-20,0.00486402037760616
2020-05-21,0.004921105313037234
2020-05-22,0.005026294426061872
2020-05-23,0.005024414190864321
2020-05-24,0.00502253395566677
2020-05-25,0.005020653720469219
2020-05-26,0.00450386724559731
2020-05-27,0.004025936752112979
2020-05-28,0.004356473548910722
2020-05-29,0.00449540278474674
2020-05-30,0.004494270129901472
2020-05-31,0.004493137475056205
2020-06-01,0.0043208654471668185
2020-06-02,0.004166237255630876
2020-06-03,0.003897989456761885
2020-06-04,0.0037150942824055078
2020-06-05,0.0034664582933945803
2020-06-06,0.0034668060280727193
2020-06-07,0.0034671537627508566
2020-06-08,0.0032269007996570493
2020-06-09,0.0034114133174975763
2020-06-10,0.0037348582154817407
2020-06-11,0.004534244517312415
2020-06-12,0.00410602976520848
2020-06-13,0.004105463022889866
2020-06-14,0.004104896280571259
2020-06-15,0.00402404737554514
2020-06-16,0.0038598261073590377
2020-06-17,0.004001652524334544
2020-06-18,0.003994808043108607
2020-06-19,0.004040075762137314
2020-06-20,0.004039568552279079
2020-06-21,0.004039061342420844
2020-06-22,0.004096515546379069
2020-06-23,0.0039883511041094956
2020-06-24,0.004226500664581563
2020-06-25,0.004003774923162468
2020-06-26,0.004308327904355241
2020-06-27,0.004307539779843624
2020-06-28,0.004306751655332005
2020-06-29,0.004229445677729784
2020-06-30,0.004143965386534709
2020-07-01,0.004220599522915864
2020-07-02,0.004186863463465544
2020-07-03,0.004186302048263926
2020-07-04,0.004185740633062309
2020-07-05,0.004185179217860691
2020-07-06,0.004044395421916375
2020-07-07,0.00419690226066946
2020-07-08,0.004138755924375991
2020-07-09,0.004271156076054587
2020-07-10,0.003984603743712664
2020-07-11,0.003984355072412632
2020-07-12,0.0039841064011126
2020-07-13,0.004034298994970052
2020-07-14,0.004166261259322816
2020-07-15,0.004044459569616208
2020-07-16,0.00407306328368996
2020-07-17,0.0041687037916386055
2020-07-18,0.0041682081723347746
2020-07-19,0.00416771255303094
2020-07-20,0.004176467150682744
2020-07-21,0.00403396804539166
2020-07-22,0.004033962687116327
2020-07-23,0.004023126393124831
2020-07-24,0.004052374707088715
2020-07-25,0.004052073057374352
2020-07-26,0.004051771407659992
2020-07-27,0.004067718240044355
2020-07-28,0.004087830330441154
2020-07-29,0.003999957465197004
2020-07-30,0.004160026432080945
2020-07-31,0.004239969533966601
2020-08-01,0.004239351754143783
2020-08-02,0.004238733974320965
2020-08-03,0.004194447118309452
2020-08-04,0.004204653221908096
2020-08-05,0.004117821316414644
2020-08-06,0.004126413415072932
2020-08-07,0.004038039566584395
2020-08-08,0.004037794429747166
2020-08-09,0.0040375492929099355
2020-08-10,0.003972110978945876
2020-08-11,0.0039023735263517315
2020-08-12,0.0039022313768169725
2020-08-13,0.00394783324295561
2020-08-14,0.003955063080806039
2020-08-15,0.003954943599970502
2020-08-16,0.003954824119134966
2020-08-17,0.00406980675783835
2020-08-18,0.004165454656201157
2020-08-19,0.004168322465280448
2020-08-20,0.0042334420939735655
2020-08-21,0.004256612716344584
2020-08-22,0.004255997137289123
2020-08-23,0.0042553815582336615
2020-08-24,0.004096458879279839
2020-08-25,0.004054556555314267
2020-08-26,0.004101172398237215
2020-08-27,0.004043776078247425
2020-08-28,0.003994157345655109
2020-08-29,0.003993971452263928
2020-08-30,0.003993785558872745
2020-08-31,0.004104568669703396
2020-09-01,0.0040941396672091995
2020-09-02,0.0040125942762612
2020-09-03,0.004067216816255177
2020-09-04,0.00398189789557676
2020-09-05,0.003981722477616588
2020-09-06,0.003981547059656419
2020-09-07,0.00398137164169625
2020-09-08,0.004128983021586336
2020-09-09,0.004070968540930871
2020-09-10,0.0041163294389542264
2020-09-11,0.004108390471811975
2020-09-12,0.00410803046610649
2020-09-13,0.0041076704604010045
2020-09-14,0.004316839314220522
2020-09-15,0.004589683836558691
2020-09-16,0.004485348097355625
2020-09-17,0.004523976076404974
2020-09-18,0.004571524116321197
2020-09-19,0.004570346353806197
2020-09-20,0.0045691685912911985
2020-09-21,0.004614321387663324
2020-09-22,0.004675835812873399
2020-09-23,0.0048192497081769575
2020-09-24,0.004747792084115975
2020-09-25,0.004726808881480826
2020-09-26,0.004724841807554547
2020-09-27,0.004722874733628268
2020-09-28,0.0046130776138861435
2020-09-29,0.0047262442554989225
2020-09-30,0.004651891318906403
2020-10-01,0.004616280665834032
2020-10-02,0.004600317709473958
2020-10-03,0.004598803635289601
2020-10-04,0.004597289561105244
2020-10-05,0.004468220619013386
2020-10-06,0.0045241774315877056
2020-10-07,0.004487429681986697
2020-10-08,0.0045010760524865365
2020-10-09,0.004469828860036385
2020-10-10,0.004468570474684389
2020-10-11,0.004467312089332387
2020-10-12,0.004370812477266224
2020-10-13,0.004599174381653341
2020-10-14,0.004660105038787487
2020-10-15,0.004580788864454859
2020-10-16,0.004648498636564895
2020-10-17,0.004646992272360339
2020-10-18,0.004645485908155787
2020-10-19,0.004692513537953192
2020-10-20,0.004692180882735114
2020-10-21,0.004725366336315889
2020-10-22,0.004654476122165985
2020-10-23,0.0046532754600179665
2020-10-24,0.004652074797869951
2020-10-25,0.004650874135721936
2020-10-26,0.004710201211929654
2020-10-27,0.004812868280316844
2020-10-28,0.004819935996973496
2020-10-29,0.004751980507689178
2020-10-30,0.004795638943104534
2020-10-31,0.004793901091436555
2020-11-01,0.004792163239768575
2020-11-02,0.0047346467824353694
2020-11-03,0.004689066499991239
2020-11-04,0.004801949679885217
2020-11-05,0.00476161103632139
2020-11-06,0.004796648488761783
2020-11-07,0.00479542127958961
2020-11-08,0.004794194070417437
2020-11-09,0.00446750298510999
2020-11-10,0.004463669363202441
2020-11-11,0.004391020667283741
2020-11-12,0.004436706735843476
2020-11-13,0.004406083418676578
2020-11-14,0.004405768206380162
2020-11-15,0.004405452994083747
2020-11-16,0.004282464430425955
2020-11-17,0.0042497403410616495
2020-11-18,0.004259064713271969
2020-11-19,0.004192955506231347
2020-11-20,0.004217333277074565
2020-11-21,0.0042175313480328925
2020-11-22,0.004217729418991219
2020-11-23,0.00413976697615435
2020-11-24,0.0039847600315964845
2020-11-25,0.00401433804752878
2020-11-26,0.004015170251923144
2020-11-27,0.004043105799564507
2020-11-28,0.0040438829468382
2020-11-29,0.004044660094111896
2020-11-30,0.004184287988089472
2020-12-01,0.004104934150048073
2020-12-02,0.004037179933240378
2020-12-03,0.0040678115560013614
2020-12-04,0.004009630571570774
2020-12-05,0.004010586783739256
2020-12-06,0.004011542995907736
2020-12-07,0.004022832132268692
2020-12-08,0.004024832782519985
2020-12-09,0.004002208370214274
2020-12-10,0.004018101659216684
2020-12-11,0.004138490370214801
2020-12-12,0.004139377957540668
2020-12-13,0.004140265544866535
2020-12-14,0.0041547647679675715
2020-12-15,0.004024291172755889
2020-12-16,0.00404593455501388
2020-12-17,0.004061645892986607
2020-12-18,0.0041178947477995085
2020-12-19,0.004118816584423863
2020-12-20,0.004119738421048214
2020-12-21,0.0040952746820617164
2020-12-22,0.004226115878505513
2020-12-23,0.004035047663923615
2020-12-24,0.004059260058388956
2020-12-25,0.004060334382193787
2020-12-26,0.004061408705998618
2020-12-27,0.004062483029803448
2020-12-28,0.004036765249005953
2020-12-29,0.004038421375171549
2020-12-30,0.004056206270033886
2020-12-31,0.004002639029000922
2021-01-01,0.004003832188552145
2021-01-02,0.004005025348103369
2021-01-03,0.004006218507654589
2021-01-04,0.004023369525083973
2021-01-05,0.0038756246253656363
2021-01-06,0.0036177620166483633
2021-01-07,0.0034524968924478784
2021-01-08,0.003552582566965861
2021-01-09,0.0035543572552129143
2021-01-10,0.0035561319434599687
2021-01-11,0.0035551120668449263
2021-01-12,0.003505483755504373
2021-01-13,0.00359379930455563
2021-01-14,0.003496597108176904
2021-01-15,0.0036503933019715537
2021-01-16,0.0036520320622134925
2021-01-17,0.003653670822455431
2021-01-18,0.0036553095826973693
2021-01-19,0.0037467558290913043
2021-01-20,0.0037450957721141325
2021-01-21,0.003793319880773015
2021-01-22,0.0038257455322501807
2021-01-23,0.0038270597760943687
2021-01-24,0.0038283740199385585
2021-01-25,0.003955915966981762
2021-01-26,0.0038299693386547205
2021-01-27,0.003986141041618142
2021-01-28,0.00381034365761658
2021-01-29,0.004077467808819286
2021-01-30,0.004078349391730342
2021-01-31,0.004079230974641397
2021-02-01,0.00400187002792415
2021-02-02,0.003911117970488474
2021-02-03,0.0038379797065970726
2021-02-04,0.0037868751147571017
2021-02-05,0.003795390521456228
2021-02-06,0.0037968348797149565
2021-02-07,0.003798279237973686
2021-02-08,0.003641185377423796
2021-02-09,0.0036558158875148353
2021-02-10,0.0036172138241472476
2021-02-11,0.003669975007024172
2021-02-12,0.0036294283238057705
2021-02-13,0.0036310635222245443
2021-02-14,0.0036326987206433173
2021-02-15,0.003634333919062091
2021-02-16,0.003479908408769928
2021-02-17,0.003547290743999933
2021-02-18,0.0036592075254786474
2021-02-19,0.0035570532753086545
2021-02-20,0.0035589093913847045
2021-02-21,0.0035607655074607553
2021-02-22,0.0034955462563626316
2021-02-23,0.0035152383412798607
2021-02-24,0.003354063064442416
2021-02-25,0.0034357600131480824
2021-02-26,0.0035693431397252305
2021-02-27,0.0035712083043120428
2021-02-28,0.003573073468898855
2021-03-01,0.003392764195123895
2021-03-02,0.003338978519886365
2021-03-03,0.0033921329386783702
2021-03-04,0.0035664278705455155
2021-03-05,0.0034646645317037462
2021-03-06,0.003466931476139092
2021-03-07,0.0034691984205744405
2021-03-08,0.0034108068168767908
2021-03-09,0.0034767139777869666
2021-03-10,0.0033927788749415913
2021-03-11,0.0035102981475132293
2021-03-12,0.003461971180150356
2021-03-13,0.0034646095584920317
2021-03-14,0.0034672479368337067
2021-03-15,0.0035153888281130355
2021-03-16,0.0034865203494599184
2021-03-17,0.0033737121530149727
2021-03-18,0.003249684930484477
2021-03-19,0.003260558117008842
2021-03-20,0.003263131089315488
2021-03-21,0.003265704061622134
2021-03-22,0.0032539142345172785
2021-03-23,0.0034404378239309323
2021-03-24,0.003430353201875335
2021-03-25,0.00328672746062326
2021-03-26,0.003277358159018048
2021-03-27,0.0032799337922831146
2021-03-28,0.0032825094255481808
2021-03-29,0.003510322113312423
2021-03-30,0.003477713813728125
2021-03-31,0.0035167028032348628
2021-04-01,0.0033664163375002054
2021-04-02,0.0033689664883390837
2021-04-03,0.0033715166391779603
2021-04-04,0.0033740667900168386
2021-04-05,0.0033123071642832055
2021-04-06,0.00322100084246844
2021-04-07,0.003226619951240162
2021-04-08,0.0032475314167106535
2021-04-09,0.0032444036220210404
2021-04-10,0.003246959480149713
2021-04-11,0.003249515338278388
2021-04-12,0.0032609702268918133
2021-04-13,0.003509161498823422
2021-04-14,0.003426005315425718
2021-04-15,0.003404675472802516
2021-04-16,0.0032986940724578466
2021-04-17,0.0033012359110516916
2021-04-18,0.0033037777496455365
2021-04-19,0.0033864542786526787
2021-04-20,0.003598784229985131
2021-04-21,0.0036254883675661525
2021-04-22,0.0037676207623633332
2021-04-23,0.0036626365112063675
2021-04-24,0.0036649428525509157
2021-04-25,0.003667249193895464
2021-04-26,0.003624241471119186
2021-04-27,0.003678473386478547
2021-04-28,0.0035292267683732113
2021-04-29,0.0034902109889828597
2021-04-30,0.0036998834924104355
2021-05-01,0.003702170407440069
2021-05-02,0.003704457322469701
2021-05-03,0.0036617499382724764
2021-05-04,0.003810939436894128
2021-05-05,0.0036003872000282926
2021-05-06,0.003431177034469236
2021-05-07,0.0033593782261063356
2021-05-08,0.0033620749676468407
2021-05-09,0.003364771709187345
2021-05-10,0.0035474317107078088
2021-05-11,0.003717427534651047
2021-05-12,0.003815855788366987
2021-05-13,0.0036296784572301148
2021-05-14,0.003485685498076054
2021-05-15,0.003488439878444277
2021-05-16,0.0034911942588125022
2021-05-17,0.0034256685026224838
2021-05-18,0.003474418313929645
2021-05-19,0.0034864171412311287
2021-05-20,0.0033790209959036503
2021-05-21,0.0032886953343437856
2021-05-22,0.0032916056462811375
2021-05-23,0.003294515958218486
2021-05-24,0.003232740148767811
2021-05-25,0.0032456414210687923
2021-05-26,0.003274243750769251
2021-05-27,0.0030988969698670142
2021-05-28,0.003030535427322599
2021-05-29,0.00303361830262233
2021-05-30,0.003036701177922055
2021-05-31,0.0030397840532217857
2021-06-01,0.0029649153091394595
2021-06-02,0.0029980941451201826
2021-06-03,0.002957524680159797
2021-06-04,0.002988754371184466
2021-06-05,0.002991914008414145
2021-06-06,0.002995073645643824
2021-06-07,0.003000924198797561
2021-06-08,0.003017925922649104
2021-06-09,0.0031292595724036697
2021-06-10,0.0032009125629047274
2021-06-11,0.0031817653084359205
2021-06-12,0.003184653386319507
2021-06-13,0.0031875414642030934
2021-06-14,0.0032056368984301137
2021-06-15,0.0031817711711540843
2021-06-16,0.0033152672550208918
2021-06-17,0.003505030772920998
2021-06-18,0.003688215963911127
2021-06-19,0.003690235533812306
2021-06-20,0.0036922551037134824
2021-06-21,0.0036396958990247714
2021-06-22,0.0036960793262940965
2021-06-23,0.003646153107402333
2021-06-24,0.0035234095737592614
2021-06-25,0.0035102220707929625
2021-06-26,0.0035126093872269787
2021-06-27,0.0035149967036610004
2021-06-28,0.0035773095006782466
2021-06-29,0.0036681240077779346
2021-06-30,0.003696469671112014
2021-07-01,0.0036316935919239925
2021-07-02,0.0036803797432019125
2021-07-03,0.0036826199855030557
2021-07-04,0.0036848602278042016
2021-07-05,0.0036871004701053483
2021-07-06,0.0038627093566217826
2021-07-07,0.003921620258490218
2021-07-08,0.004141271316200948
2021-07-09,0.003941641991411121
2021-07-10,0.00394363031272359
2021-07-11,0.0039456186340360595
2021-07-12,0.0038557121795407164
2021-07-13,0.0039219650770785045
2021-07-14,0.003915017920908788
2021-07-15,0.003931226738644454
2021-07-16,0.004066301720904372
2021-07-17,0.004068131794852052
2021-07-18,0.004069961868799732
2021-07-19,0.00429102257332616
2021-07-20,0.003952370436431842
2021-07-21,0.0036885277307725523
2021-07-22,0.0037645522487148144
2021-07-23,0.0036807346830834177
2021-07-24,0.0036827515893859573
2021-07-25,0.003684768495688497
2021-07-26,0.0035494851043920183
2021-07-27,0.0035463114033367675
2021-07-28,0.003557253435391754
2021-07-29,0.0034078999805698977
2021-07-30,0.003451545246562278
2021-07-31,0.00345374331037176
2021-08-01,0.0034559413741812404
2021-08-02,0.0034327427889167977
2021-08-03,0.0033493039710775704
2021-08-04,0.0033982048046937675
2021-08-05,0.0033217013468108524
2021-08-06,0.0032381793367470416
2021-08-07,0.0032407465401552275
2021-08-08,0.003243313743563418
2021-08-09,0.0032510065905093314
2021-08-10,0.0031992906652913763
2021-08-11,0.0031195765551796355
2021-08-12,0.0031293729208924947
2021-08-13,0.003119707233569536
2021-08-14,0.0031224830393587525
2021-08-15,0.0031252588451479656
2021-08-16,0.00316425720459918
2021-08-17,0.0032604036085859744
2021-08-18,0.0033104517062208533
2021-08-19,0.00342276505299708
2021-08-20,0.0033997204580246466
2021-08-21,0.003402170844345458
2021-08-22,0.0034046212306662695
2021-08-23,0.0033475432859262034
2021-08-24,0.00328504066188106
2021-08-25,0.0031930550158599576
2021-08-26,0.0033291319264503114
2021-08-27,0.0032458860917266423
2021-08-28,0.0032486138367201507
2021-08-29,0.0032513415817136578
2021-08-30,0.00338118797688284
2021-08-31,0.0033830788264798467
2021-09-01,0.0033589842963425475
2021-09-02,0.0033619881436701693
2021-09-03,0.0033756782024561187
2021-09-04,0.0033782256140228407
2021-09-05,0.003380773025589563
2021-09-06,0.0033833204371562843
2021-09-07,0.0033975568663343614
2021-09-08,0.003472403162848907
2021-09-09,0.0034986577132077286
2021-09-10,0.003510128687204816
2021-09-11,0.003512506853945204
2021-09-12,0.00351488502068559
2021-09-13,0.003415703664568969
2021-09-14,0.0035246498235801957
2021-09-15,0.003430027734801132
2021-09-16,0.00342990533677437
2021-09-17,0.0035805086052306916
2021-09-18,0.0035828931107025072
2021-09-19,0.0035852776161743234
2021-09-20,0.004099543848886432
2021-09-21,0.004166756186157323
2021-09-22,0.003972674629523254
2021-09-23,0.003798901952703571
2021-09-24,0.003754535403196318
2021-09-25,0.0037569274794863636
2021-09-26,0.003759319555776409
2021-09-27,0.003603039800261892
2021-09-28,0.0037163050654627893
2021-09-29,0.003631650398881371
2021-09-30,0.0037670494122545462
2021-10-01,0.003740249115950515
2021-10-02,0.003742652359515108
2021-10-03,0.0037450556030797014
2021-10-04,0.0037300735806785057
2021-10-05,0.0035961198301745555
2021-10-06,0.0036254107475793525
2021-10-07,0.0034868367423013117
2021-10-08,0.0033629962959806584
2021-10-09,0.0033656381207757173
2021-10-10,0.0033682799455707754
2021-10-11,0.0034095092501414933
2021-10-12,0.0034157865390588562
2021-10-13,0.0034104487357857014
2021-10-14,0.0032322091093086435
2021-10-15,0.0031520973427964084
2021-10-16,0.0031548334890896222
2021-10-17,0.0031575696353828364
2021-10-18,0.0032028068232144513
2021-10-19,0.0031726393595084695
2021-10-20,0.003109954528487924
2021-10-21,0.0031380031511464633
2021-10-22,0.0030242295896928946
2021-10-23,0.003026955488487824
2021-10-24,0.003029681387282757
2021-10-25,0.0029980907561629744
2021-10-26,0.0029257904319510723
2021-10-27,0.0028998917315691364
2021-10-28,0.0028418759535382607
2021-10-29,0.002870330498778674
2021-10-30,0.0028729483449249247
2021-10-31,0.0028755661910711753
2021-11-01,0.0027346326103374814
2021-11-02,0.0027228107753454467
2021-11-03,0.002716577638430357
2021-11-04,0.002865385744010621
2021-11-05,0.002822020374596996
2021-11-06,0.0028244807543604342
2021-11-07,0.002826941134123873
2021-11-08,0.0028403145324061036
2021-11-09,0.0028242370626177463
2021-11-10,0.0029206851877173878
2021-11-11,0.0028977822133588425
2021-11-12,0.0029127567055269483
2021-11-13,0.002915366388014937
2021-11-14,0.0029179760705029256
2021-11-15,0.0029597000021895073
2021-11-16,0.0029740528663105424
2021-11-17,0.0028991413277452797
2021-11-18,0.002999045682643423
2021-11-19,0.003187878329824174
2021-11-20,0.003190138580749368
2021-11-21,0.003192398831674563
2021-11-22,0.0031884735844693074
2021-11-23,0.0031336939472792107
2021-11-24,0.003112117976154202
2021-11-25,0.003114492339263481
2021-11-26,0.0033788952744595955
2021-11-27,0.003381005953614545
2021-11-28,0.003383116632769493
2021-11-29,0.0033646613367037522
2021-11-30,0.0033546661317848813
2021-12-01,0.003415160161086366
2021-12-02,0.0032144384679789785
2021-12-03,0.003307905126252752
2021-12-04,0.00330983830796139
2021-12-05,0.0033117714896700266
2021-12-06,0.003249436278861103
2021-12-07,0.0031549843982076704
2021-12-08,0.0031604194034529323
2021-12-09,0.0032008062037407153
2021-12-10,0.0032326284397889756
2021-12-11,0.0032344289904977213
2021-12-12,0.0032362295412064644
2021-12-13,0.0032843440145616395
2021-12-14,0.003279920185353726
2021-12-15,0.003338315972683003
2021-12-16,0.003245940309646458
2021-12-17,0.0034083152312375615
2021-12-18,0.003409917724421227
2021-12-19,0.0034115202176048937
2021-12-20,0.0034899879150651126
2021-12-21,0.0034060170738730937
2021-12-22,0.00336670046182212
2021-12-23,0.003291497743445457
2021-12-24,0.0032932357762698577
2021-12-25,0.0032949738090942565
2021-12-26,0.003296711841918656
2021-12-27,0.003220017417800654
2021-12-28,0.003211036442564706
2021-12-29,0.0032339284893539424
2021-12-30,0.003271596495250214
2021-12-31,0.0032882843415508443
2022-01-01,0.003290048447656613
2022-01-02,0.0032918125537623817
2022-01-03,0.003170183457281348
2022-01-04,0.003008554427877337
2022-01-05,0.0030904624758795315
2022-01-06,0.0028758102981800036
2022-01-07,0.00276828044233194
2022-01-08,0.002770789275559105
2022-01-09,0.002773298108786275
2022-01-10,0.0028119455780911463
2022-01-11,0.002772146061850655
2022-01-12,0.0027025633218398454
2022-01-13,0.002705992611175157
2022-01-14,0.0026900617203343934
2022-01-15,0.0026927148004565185
2022-01-16,0.002695367880578646
2022-01-17,0.0026980209607007743
2022-01-18,0.002776462531285516
2022-01-19,0.0028518985446396626
2022-01-20,0.00285653394323476
2022-01-21,0.0029053609959890604
2022-01-22,0.00290758873572753
2022-01-23,0.002909816475466
2022-01-24,0.0030896089029864636
2022-01-25,0.003029974466595829
2022-01-26,0.0029636474054722285
2022-01-27,0.003097741825948096
2022-01-28,0.003089125181112699
2022-01-29,0.003091390325463331
2022-01-30,0.0030936554698139623
2022-01-31,0.003009891849563952
2022-02-01,0.002439417957632365
2022-02-02,0.0023970850516031295
2022-02-03,0.00244072744992109
2022-02-04,0.0024381018938197828
2022-02-05,0.0024407956605895583
2022-02-06,0.0024434894273593338
2022-02-07,0.0023850400108367783
2022-02-08,0.0022599709619980984
2022-02-09,0.0021907711582625994
2022-02-10,0.002226809252363653
2022-02-11,0.0023777810648708928
2022-02-12,0.002380613695148223
2022-02-13,0.0023834463254255533
2022-02-14,0.0024178247620051333
2022-02-15,0.0023842512635894597
2022-02-16,0.002458657076425852
2022-02-17,0.0025441339564168286
2022-02-18,0.0025527905688113844
2022-02-19,0.0025552703640950884
2022-02-20,0.002557750159378792
2022-02-21,0.0025602299546624956
2022-02-22,0.0027809032439589116
2022-02-23,0.00286733780020016
2022-02-24,0.0032825029270725347
2022-02-25,0.0029943749650679675
2022-02-26,0.0029964518736162117
2022-02-27,0.0029985287821644537
2022-02-28,0.003249879703742932
2022-03-01,0.003477364729693454
2022-03-02,0.003410855673929453
2022-03-03,0.003614089879868905
2022-03-04,0.003970879687149646
2022-03-05,0.00397190913312216
2022-03-06,0.003972938579094672
2022-03-07,0.00424830010292133
2022-03-08,0.004031513621256359
2022-03-09,0.0038036503399233967
2022-03-10,0.003915652897218477
2022-03-11,0.0039589516519729605
2022-03-12,0.0039598508005544205
2022-03-13,0.003960749949135882
2022-03-14,0.003873883073860356
2022-03-15,0.0038129350658117683
2022-03-16,0.003529847876041026
2022-03-17,0.0034612360293219176
2022-03-18,0.003390931286911202
2022-03-19,0.0033925077993342346
2022-03-20,0.003394084311757267
2022-03-21,0.0033686684590645767
2022-03-22,0.0032568194924777988
2022-03-23,0.0033399418568948198
2022-03-24,0.0032978696198314996
2022-03-25,0.003242109584093938
2022-03-26,0.0032437362629551686
2022-03-27,0.0032453629418163995
2022-03-28,0.0032862885348587294
2022-03-29,0.0031810983121285034
2022-03-30,0.00323635609360231
2022-03-31,0.0032346025545037854
2022-04-01,0.003217175966527171
2022-04-02,0.0032183737637171686
2022-04-03,0.003219571560907168
2022-04-04,0.0031749606620950256
2022-04-05,0.003352053864957832
2022-04-06,0.0034265254495232473
2022-04-07,0.003439009155980074
2022-04-08,0.003428016410729728
2022-04-09,0.003428867133931409
2022-04-10,0.0034297178571330903
2022-04-11,0.003458183614519252
2022-04-12,0.0035503392636520616
2022-04-13,0.003552126033935331
2022-04-14,0.0035608362940197594
2022-04-15,0.0035615421669888585
2022-04-16,0.003562248039957957
2022-04-17,0.003562953912927055
2022-04-18,0.003508726279815871
2022-04-19,0.0034386153723366193
2022-04-20,0.0034257454586189163
2022-04-21,0.0035246489631403323
2022-04-22,0.0036243720948418174
2022-04-23,0.0036250569707491206
2022-04-24,0.0036257418466564256
2022-04-25,0.0036209727843693035
2022-04-26,0.003747669959213511
2022-04-27,0.0037186162025807596
2022-04-28,0.0036959030241793746
2022-04-29,0.003851321888216374
2022-04-30,0.0038515685093987485
2022-05-01,0.0038518151305811225
2022-05-02,0.003817057113928253
2022-05-03,0.003682039030294437
2022-05-04,0.0035049148141983698
2022-05-05,0.0036657799817924764
2022-05-06,0.003659902502755225
2022-05-07,0.003660608479936833
2022-05-08,0.0036613144571184405
2022-05-09,0.0038745715054560198
2022-05-10,0.003881449219814543
2022-05-11,0.0039757166699831495
2022-05-12,0.004043110947301167
2022-05-13,0.003919416303542535
2022-05-14,0.003919673538968304
2022-05-15,0.0039199307743940735
2022-05-16,0.003950361639000952
2022-05-17,0.003708633347845633
2022-05-18,0.0038275216000675776
2022-05-19,0.003756792252896111
2022-05-20,0.0037399643595234676
2022-05-21,0.0037405656773639145
2022-05-22,0.0037411669952043605
2022-05-23,0.0035328575642932254
2022-05-24,0.0034717431251894844
2022-05-25,0.0035164017658204996
2022-05-26,0.0034104131550558763
2022-05-27,0.0034101487997495964
2022-05-28,0.003411381415922658
2022-05-29,0.0034126140320957198
2022-05-30,0.0034138466482687814
2022-05-31,0.0034393545198356853
2022-06-01,0.00348649864139277
2022-06-02,0.003427822325997799
2022-06-03,0.0035060723596577565
2022-06-04,0.0035070167694555804
2022-06-05,0.003507961179253405
2022-06-06,0.0034826323513838364
2022-06-07,0.0034797219638074976
2022-06-08,0.003672672972457017
2022-06-09,0.003836134401093514
2022-06-10,0.004028875297692167
2022-06-11,0.004029063329782075
2022-06-12,0.004029251361871981
2022-06-13,0.004259022918029405
2022-06-14,0.00424399368140687
2022-06-15,0.004084403287661416
2022-06-16,0.0042185923482994415
2022-06-17,0.004237728469373209
2022-06-18,0.004237556975736844
2022-06-19,0.004237385482100478
2022-06-20,0.004237213988464114
2022-06-21,0.004088669189182281
2022-06-22,0.004127174545910564
2022-06-23,0.00423443902190906
2022-06-24,0.004001426516248985
2022-06-25,0.004001626217756548
2022-06-26,0.004001825919264113
2022-06-27,0.00400277471054385
2022-06-28,0.004078942175425453
2022-06-29,0.004107511437978646
2022-06-30,0.004210132507641276
2022-07-01,0.004147480419782695
2022-07-02,0.004147431651733318
2022-07-03,0.004147382883683943
2022-07-04,0.0041473341156345635
2022-07-05,0.004211226571268573
2022-07-06,0.004276784614220822
2022-07-07,0.004180440328867862
2022-07-08,0.004167344788275801
2022-07-09,0.004167256452875206
2022-07-10,0.004167168117474614
2022-07-11,0.004247867328647112
2022-07-12,0.004233157700519803
2022-07-13,0.004311021876465804
2022-07-14,0.00448099879977293
2022-07-15,0.0038640408302903833
2022-07-16,0.0038642947933150784
2022-07-17,0.003864548756339776
2022-07-18,0.0038216727589106053
2022-07-19,0.003567581610347272
2022-07-20,0.003589927207085274
2022-07-21,0.0034813674404679494
2022-07-22,0.003555192564441637
2022-07-23,0.0035558228823482944
2022-07-24,0.003556453200254954
2022-07-25,0.003486936400691461
2022-07-26,0.003950519517539943
2022-07-27,0.0037615508086781
2022-07-28,0.0036599247517318766
2022-07-29,0.003598317925401146
2022-07-30,0.0035988965079403394
2022-07-31,0.003599475090479535
2022-08-01,0.003619562991239148
2022-08-02,0.003755957426904463
2022-08-03,0.003653127704020825
2022-08-04,0.0036036060509613407
2022-08-05,0.003626677773722455
2022-08-06,0.003627225099553196
2022-08-07,0.003627772425383936
2022-08-08,0.0035835017244816086
2022-08-09,0.0035799981373978457
2022-08-10,0.003400365497117362
2022-08-11,0.0033104640460608283
2022-08-12,0.0032267346602118945
2022-08-13,0.0032277629697516127
2022-08-14,0.00322879127929133
2022-08-15,0.003296069827620306
2022-08-16,0.0032831785186409708
2022-08-17,0.0033701690525447265
2022-08-18,0.003372912171945239
2022-08-19,0.0035678817202940472
2022-08-20,0.0035685485198432647
2022-08-21,0.003569215319392484
2022-08-22,0.003770240837042282
2022-08-23,0.0037964394364588547
2022-08-24,0.003815904762082717
2022-08-25,0.003659644086533591
2022-08-26,0.003940176412642464
2022-08-27,0.003940397051544567
2022-08-28,0.003940617690446672
2022-08-29,0.003923069780400918
2022-08-30,0.003950555439673224
2022-08-31,0.003991407907993733
2022-09-01,0.004069332530556267
2022-09-02,0.0040422203343583206
2022-09-03,0.004042302731036256
2022-09-04,0.004042385127714189
2022-09-05,0.004042467524392124
2022-09-06,0.004087206107720123
2022-09-07,0.00403509619645129
2022-09-08,0.003850337994984591
2022-09-09,0.0037049326976327382
2022-09-10,0.003705426152931391
2022-09-11,0.003705919608230044
2022-09-12,0.003630651144552581
2022-09-13,0.0037727518899895174
2022-09-14,0.003840852465495221
2022-09-15,0.0038180102682855883
2022-09-16,0.003903234788570794
2022-09-17,0.003903396099672961
2022-09-18,0.0039035574107751277
2022-09-19,0.0038914149626408743
2022-09-20,0.004019908063506802
2022-09-21,0.004136444733276713
2022-09-22,0.00425720745335929
2022-09-23,0.00446359995286796
2022-09-24,0.004462977136736668
2022-09-25,0.004462354320605374
2022-09-26,0.004645434564060986
2022-09-27,0.00469952509711929
2022-09-28,0.004571749321859703
2022-09-29,0.004719991630329205
2022-09-30,0.004824060793702723
2022-10-01,0.004822998309995885
2022-10-02,0.00482193582628905
2022-10-03,0.004689286419436258
2022-10-04,0.004407672824702049
2022-10-05,0.0045019595541869566
2022-10-06,0.0046349919912285955
2022-10-07,0.004756679711728501
2022-10-08,0.004755721538057467
2022-10-09,0.004754763364386431
2022-10-10,0.004844716312041409
2022-10-11,0.00502040275655478
2022-10-12,0.004956011083163323
2022-10-13,0.004622811300887229
2022-10-14,0.004609885556926844
2022-10-15,0.004608973922667561
2022-10-16,0.004608062288408274
2022-10-17,0.0045291063080702965
2022-10-18,0.004427546857518217
2022-10-19,0.004547096491293179
2022-10-20,0.004604318407035411
2022-10-21,0.004413006064489729
2022-10-22,0.004412387215281608
2022-10-23,0.004411768366073489
2022-10-24,0.004371204653354129
2022-10-25,0.004158203359265598
2022-10-26,0.004175327926376021
2022-10-27,0.0041946901634208455
2022-10-28,0.004101787312734545
2022-10-29,0.0041016474145628146
2022-10-30,0.004101507516391085
2022-10-31,0.0041622743483380655
2022-11-01,0.0041142305646994885
2022-11-02,0.004211114790596269
2022-11-03,0.004320667270003284
2022-11-04,0.004194969306014297
2022-11-05,0.004194749725445124
2022-11-06,0.004194530144875949
2022-11-07,0.004128737082498148
2022-11-08,0.004091584630622943
2022-11-09,0.004174600651451541
2022-11-10,0.0037810836297275776
2022-11-11,0.0035053398565825285
2022-11-12,0.0035061204034553734
2022-11-13,0.003506900950328219
2022-11-14,0.0036236288556275717
2022-11-15,0.0035987592551910324
2022-11-16,0.0036521660195053167
2022-11-17,0.0036667264937605046
2022-11-18,0.00363799774133103
2022-11-19,0.003638547372762889
2022-11-20,0.0036390970041947474
2022-11-21,0.003624181861415408
2022-11-22,0.003596477202182504
2022-11-23,0.0036405387901006976
2022-11-24,0.0036410609287179244
2022-11-25,0.0036259728342439785
2022-11-26,0.0036265155364719305
2022-11-27,0.0036270582386998796
2022-11-28,0.0037568325566087616
2022-11-29,0.003709813762391951
2022-11-30,0.003636249279474038
2022-12-01,0.0036649766423991104
2022-12-02,0.0036999749823218566
2022-12-03,0.003700372341508622
2022-12-04,0.0037007697006953885
2022-12-05,0.003792346109276503
2022-12-06,0.003851035746886275
2022-12-07,0.003876309372413519
2022-12-08,0.00387837056727854
2022-12-09,0.0038629257173563624
2022-12-10,0.003862979665408133
2022-12-11,0.0038630336134599036
2022-12-12,0.0038022404337418178
2022-12-13,0.0036989159046250603
2022-12-14,0.0037724080813293093
2022-12-15,0.003911542329178512
2022-12-16,0.003945714228449438
2022-12-17,0.003945619480917002
2022-12-18,0.003945524733384564
2022-12-19,0.003967983530479488
2022-12-20,0.003965231883244151
2022-12-21,0.003859545193248483
2022-12-22,0.003922194921264645
2022-12-23,0.0038879016719933464
2022-12-24,0.0038879364301285463
2022-12-25,0.003887971188263747
2022-12-26,0.0038880059463989487
2022-12-27,0.0038785139190087724
2022-12-28,0.003872557709291363
2022-12-29,0.0038171339585871596
2022-12-30,0.003825456998181234
2022-12-31,0.003825628830322834
2023-01-01,0.003825800662464435
2023-01-02,0.0038259724946060353
2023-01-03,0.0037656890658921824
2023-01-04,0.0036279356095085128
2023-01-05,0.0036527773098486327
2023-01-06,0.0035906242887904878
2023-01-07,0.003591251265753828
2023-01-08,0.0035918782427171673
2023-01-09,0.0035713039035777773
2023-01-10,0.0035166161099756095
2023-01-11,0.003476239890048342
2023-01-12,0.003433208759268133
2023-01-13,0.003393843140651557
2023-01-14,0.0033949195364949268
2023-01-15,0.0033959959323382975
2023-01-16,0.003397072328181666
2023-01-17,0.0033209598668880323
2023-01-18,0.003323290669922983
2023-01-19,0.0033673779568283964
2023-01-20,0.003310456061951828
2023-01-21,0.003311725484297764
2023-01-22,0.0033129949066437007
2023-01-23,0.003284006915815854
2023-01-24,0.00329882021012135
2023-01-25,0.0032685061336747835
2023-01-26,0.0032068478017340425
2023-01-27,0.003256900962494505
2023-01-28,0.0032582969963929594
2023-01-29,0.003259693030291413
2023-01-30,0.003292213453298746
2023-01-31,0.0032524342822021356
2023-02-01,0.003210022851410502
2023-02-02,0.0032124902566781945
2023-02-03,0.003228039916506178
2023-02-04,0.0032293661693653082
2023-02-05,0.003230692422224438
2023-02-06,0.0032827302141757867
2023-02-07,0.003231872572999202
2023-02-08,0.0032433188566530144
2023-02-09,0.003252775345377607
2023-02-10,0.0032679171226154616
2023-02-11,0.0032691279389279234
2023-02-12,0.0032703387552403835
2023-02-13,0.0032116605002032966
2023-02-14,0.0031670891937807507
2023-02-15,0.003172074716195237
2023-02-16,0.0032020284833120987
2023-02-17,0.003202122327454011
2023-02-18,0.0032035358276802164
2023-02-19,0.003204949327906422
2023-02-20,0.003206362828132626
2023-02-21,0.0032666772523231484
2023-02-22,0.0033042398424480237
2023-02-23,0.0032718344417916644
2023-02-24,0.0033127828880964594
2023-02-25,0.0033139786147574016
2023-02-26,0.003315174341418344
2023-02-27,0.0032585343428034237
2023-02-28,0.003248179051253076
2023-03-01,0.0032665408620543446
2023-03-02,0.0032968717477841634
2023-03-03,0.003162552708773408
2023-03-04,0.0031640971620296087
2023-03-05,0.0031656416152858096
2023-03-06,0.0031613894803123616
2023-03-07,0.003287204010260953
2023-03-08,0.003326034296532227
2023-03-09,0.003452021593281834
2023-03-10,0.0035480956336562965
2023-03-11,0.003548917112187136
2023-03-12,0.003549738590717974
2023-03-13,0.003840975475816566
2023-03-14,0.0036328466428125223
2023-03-15,0.003927946828361825
2023-03-16,0.0038211862964328126
2023-03-17,0.00402420704284652
2023-03-18,0.004024172939218882
2023-03-19,0.004024138835591246
2023-03-20,0.003982439895216
2023-03-21,0.0037305318547249493
2023-03-22,0.0038349116586588045
2023-03-23,0.003939874479671934
2023-03-24,0.00397527428444658
2023-03-25,0.003975210451717612
2023-03-26,0.003975146618988642
2023-03-27,0.0038345818741679777
2023-03-28,0.003821621892726259
2023-03-29,0.003691973505393781
2023-03-30,0.0036408857698656052
2023-03-31,0.003517143160741045
2023-04-01,0.003517925255973043
2023-04-02,0.0035187073512050397
2023-04-03,0.0036033482266264972
2023-04-04,0.0035902794499571723
2023-04-05,0.003624901425055705
2023-04-06,0.0036254467988911156
2023-04-07,0.003626015043289615
2023-04-08,0.003626583287688114
2023-04-09,0.003627151532086614
2023-04-10,0.003610019428230374
2023-04-11,0.0034904167810047805
2023-04-12,0.0035275967847800964
2023-04-13,0.003473214063283608
2023-04-14,0.0033869480917639756
2023-04-15,0.003388138077465719
2023-04-16,0.003389328063167462
2023-04-17,0.00352220075140506
2023-04-18,0.003523115134202659
2023-04-19,0.0035472481136410894
2023-04-20,0.0036662508860104666
2023-04-21,0.003694524833117329
2023-04-22,0.003695423453010393
2023-04-23,0.003696322072903456
2023-04-24,0.0036531794074673666
2023-04-25,0.0038587197303890444
2023-04-26,0.0038634837564485024
2023-04-27,0.003809183851164367
2023-04-28,0.0038160538322791213
2023-04-29,0.0038167035976823735
2023-04-30,0.0038173533630856283
2023-05-01,0.003838138766231023
2023-05-02,0.003920376390101509
2023-05-03,0.00400699102366964
2023-05-04,0.0041033606930328155
2023-05-05,0.0039232744608449464
2023-05-06,0.003923750063055152
2023-05-07,0.003924225665265358
2023-05-08,0.003930087327804362
2023-05-09,0.003929015574614741
2023-05-10,0.0039662360169942365
2023-05-11,0.004014466429302092
2023-05-12,0.004057648140675268
2023-05-13,0.004057925543188994
2023-05-14,0.004058202945702718
2023-05-15,0.003991883054694979
2023-05-16,0.004077734586918493
2023-05-17,0.003903992091527837
2023-05-18,0.003926547041398023
2023-05-19,0.00391444538644921
2023-05-20,0.003914897031929547
2023-05-21,0.003915348677409886
2023-05-22,0.003899816516104667
2023-05-23,0.003932209276815294
2023-05-24,0.004039661833279312
2023-05-25,0.004063179538948282
2023-05-26,0.004015942897629996
2023-05-27,0.004016212541071564
2023-05-28,0.004016482184513132
2023-05-29,0.0040167518279546986
2023-05-30,0.004049901140660817
2023-05-31,0.00413525694736032
2023-06-01,0.004034461794767525
2023-06-02,0.0038912002143399677
2023-06-03,0.003891713097521835
2023-06-04,0.0038922259807037014
2023-06-05,0.0038933651906455542
2023-06-06,0.0038009349704330765
2023-06-07,0.003767760563365343
2023-06-08,0.003765551395959803
2023-06-09,0.003765666361693603
2023-06-10,0.0037664610043663133
2023-06-11,0.0037672556470390232
2023-06-12,0.003744250597618551
2023-06-13,0.0037347102945934673
2023-06-14,0.0037234339162418657
2023-06-15,0.003720203969180611
2023-06-16,0.0037406693488212755
2023-06-17,0.0037414824815809908
2023-06-18,0.003742295614340706
2023-06-19,0.0037431087471004204
2023-06-20,0.0038239432266294303
2023-06-21,0.003841784971277738
2023-06-22,0.003909109335701219
2023-06-23,0.003965687870786623
2023-06-24,0.003966130764273103
2023-06-25,0.003966573657759582
2023-06-26,0.003979243221394146
2023-06-27,0.003926294806589526
2023-06-28,0.0039439538372159685
2023-06-29,0.003916851985390833
2023-06-30,0.0038978138039174417
2023-07-01,0.0038983346960316445
2023-07-02,0.0038988555881458477
2023-07-03,0.0038352898920386196
2023-07-04,0.003835929725955863
2023-07-05,0.003914623678681358
2023-07-06,0.004075909437368588
2023-07-07,0.0039945859437829035
2023-07-08,0.003995005932190111
2023-07-09,0.003995425920597319
2023-07-10,0.003995845909004526
