Date,UBS - USB Accumulated Oriented Area
2019-01-01,0.0
2019-01-02,0.0
2019-01-03,9.310186173438952e-08
2019-01-04,2.243374868549861e-06
2019-01-05,2.3290198097100197e-06
2019-01-06,2.4146647508703757e-06
2019-01-07,-3.254364770065293e-07
2019-01-08,2.2298740391207005e-06
2019-01-09,7.575282048881835e-06
2019-01-10,3.472656446409586e-06
2019-01-11,3.3371546125329905e-06
2019-01-12,3.527014569846184e-06
2019-01-13,3.7168745271592527e-06
2019-01-14,6.331177342235416e-06
2019-01-15,1.0444361408490215e-05
2019-01-16,1.3944382981211352e-05
2019-01-17,2.9729920438529183e-05
2019-01-18,2.9921983951388385e-05
2019-01-19,3.0461446705838784e-05
2019-01-20,3.1000909460289136e-05
2019-01-21,3.15403722147395e-05
2019-01-22,8.710144153891115e-05
2019-01-23,8.060582575962605e-05
2019-01-24,8.221785225190733e-05
2019-01-25,8.382013402531459e-05
2019-01-26,8.443160374592899e-05
2019-01-27,8.504307346654316e-05
2019-01-28,9.139074025162857e-05
2019-01-29,9.36181970205956e-05
2019-01-30,7.446178334591372e-05
2019-01-31,0.00010115477740858365
2019-02-01,0.00011210517308324652
2019-02-02,0.00011268494468366649
2019-02-03,0.00011326471628408638
2019-02-04,0.00011918733356932538
2019-02-05,9.750375411504513e-05
2019-02-06,0.00010128851972008728
2019-02-07,0.0001243669604228556
2019-02-08,0.00013411053467217394
2019-02-09,0.0001345955098235062
2019-02-10,0.00013508048497483838
2019-02-11,0.00013462832016556466
2019-02-12,0.00012158205169477296
2019-02-13,0.0001118590969185591
2019-02-14,0.00013508836171653032
2019-02-15,0.00010827759570039264
2019-02-16,0.00010886761790094146
2019-02-17,0.00010945764010149097
2019-02-18,0.00011004766230204049
2019-02-19,0.00011400427597806266
2019-02-20,0.00016800812098846866
2019-02-21,0.00018858255419661288
2019-02-22,0.00018563364596847453
2019-02-23,0.00018615708278483986
2019-02-24,0.00018668051960120516
2019-02-25,0.00016980930979498978
2019-02-26,0.000154327749644544
2019-02-27,0.00014915280515173527
2019-02-28,0.0001467486678544157
2019-03-01,0.0001423089993615709
2019-03-02,0.0001429173915958491
2019-03-03,0.0001435257838301273
2019-03-04,0.00015424492779915857
2019-03-05,0.00017291373866000132
2019-03-06,0.00019299010705324865
2019-03-07,0.00023875986325883161
2019-03-08,0.0002443465931616617
2019-03-09,0.0002447822790030244
2019-03-10,0.00024521796484438754
2019-03-11,0.0002141956563713829
2019-03-12,0.00022042591216919004
2019-03-13,0.00019574365168141376
2019-03-14,0.00019069273292215933
2019-03-15,0.00019298148580560503
2019-03-16,0.00019357567621273582
2019-03-17,0.0001941698666198662
2019-03-18,0.00015104821105289042
2019-03-19,0.00014767598705566173
2019-03-20,0.00019352751058347256
2019-03-21,0.00021158359638090652
2019-03-22,0.0002647914035528361
2019-03-23,0.0002649394944402835
2019-03-24,0.00026508758532773084
2019-03-25,0.000271369132919374
2019-03-26,0.0002574142225148449
2019-03-27,0.0002605703792210492
2019-03-28,0.0002642441905965358
2019-03-29,0.00025499011138833684
2019-03-30,0.0002551533378639646
2019-03-31,0.0002553165643395921
2019-04-01,0.0002226146173042255
2019-04-02,0.00022125680879876513
2019-04-03,0.00020906276570776104
2019-04-04,0.0002007781979957982
2019-04-05,0.00020462275873728132
2019-04-06,0.00020500049306000563
2019-04-07,0.00020537822738272998
2019-04-08,0.00020650281982829275
2019-04-09,0.0002150635899800115
2019-04-10,0.00021827147183717065
2019-04-11,0.0001953882568078088
2019-04-12,0.00018064585093847496
2019-04-13,0.0001811097766022842
2019-04-14,0.00018157370226609356
2019-04-15,0.00017689059706780402
2019-04-16,0.00015850387256409606
2019-04-17,0.0001394674041627454
2019-04-18,0.00014983331921839986
2019-04-19,0.0001504439086852471
2019-04-20,0.0001510544981520944
2019-04-21,0.00015166508761894172
2019-04-22,0.0001522448645214259
2019-04-23,0.00017372658553453256
2019-04-24,0.00016440533752895832
2019-04-25,0.00014914533840887327
2019-04-26,0.00015279089765671128
2019-04-27,0.00015352227355007505
2019-04-28,0.00015425364944343878
2019-04-29,0.00012441479281853846
2019-04-30,0.0001408403631312228
2019-05-01,0.0001653159053127228
2019-05-02,0.0001511568209832019
2019-05-03,0.0001608530247269916
2019-05-04,0.00016170465960462928
2019-05-05,0.0001625562944822678
2019-05-06,0.00028897621325312683
2019-05-07,0.0003566708567829625
2019-05-08,0.00035640213590066867
2019-05-09,0.0003810061407392407
2019-05-10,0.000379014262846759
2019-05-11,0.0003796080167765421
2019-05-12,0.00038020177070632514
2019-05-13,0.00046257719462972357
2019-05-14,0.00045319223308774035
2019-05-15,0.0004640695420425479
2019-05-16,0.0004186173617523189
2019-05-17,0.0004216011204984328
2019-05-18,0.0004221128334146878
2019-05-19,0.0004226245463309434
2019-05-20,0.0004133273303928025
2019-05-21,0.0004035367002113065
2019-05-22,0.00042413356999423095
2019-05-23,0.00046445519626488174
2019-05-24,0.0004415919951798637
2019-05-25,0.00044207406789070145
2019-05-26,0.00044255614060153864
2019-05-27,0.0004430382133123764
2019-05-28,0.0004966102682922741
2019-05-29,0.0005043266732004073
2019-05-30,0.0005180329205122726
2019-05-31,0.0005423039501926595
2019-06-01,0.0005426117853264743
2019-06-02,0.0005429196204602883
2019-06-03,0.000516697153005994
2019-06-04,0.00042094294511319685
2019-06-05,0.00041482678745009507
2019-06-06,0.00040359316786806927
2019-06-07,0.0004024366715992433
2019-06-08,0.00040304565419795285
2019-06-09,0.0004036546367966624
2019-06-10,0.0003869424641308278
2019-06-11,0.0003687741148548513
2019-06-12,0.00041579005013207544
2019-06-13,0.0004247763309369358
2019-06-14,0.00045321323038945973
2019-06-15,0.00045378779716914394
2019-06-16,0.00045436236394882907
2019-06-17,0.0005086416482801537
2019-06-18,0.0004540425637365894
2019-06-19,0.00044298954144302813
2019-06-20,0.00044215630946115746
2019-06-21,0.0004580843794191836
2019-06-22,0.00045863323168455545
2019-06-23,0.0004591820839499282
2019-06-24,0.00045502567039025824
2019-06-25,0.0004781991444781354
2019-06-26,0.0004654998515184083
2019-06-27,0.00044157474295833713
2019-06-28,0.00042650909310396106
2019-06-29,0.0004270958922718887
2019-06-30,0.0004276826914398171
2019-07-01,0.000399900714375297
2019-07-02,0.0003979121677686119
2019-07-03,0.0003781743140391161
2019-07-04,0.0003788634120539064
2019-07-05,0.000339978997686516
2019-07-06,0.00034072785346815106
2019-07-07,0.0003414767092497855
2019-07-08,0.0003917446571766838
2019-07-09,0.00039899348634845396
2019-07-10,0.0003796096508967388
2019-07-11,0.0003468805703932785
2019-07-12,0.00033321806138245894
2019-07-13,0.0003339675007459592
2019-07-14,0.0003347169401094594
2019-07-15,0.0003610274137390791
2019-07-16,0.0003709590977351835
2019-07-17,0.00034980370222221656
2019-07-18,0.0003038134150664394
2019-07-19,0.0003451116154053408
2019-07-20,0.00034597306278407933
2019-07-21,0.0003468345101628189
2019-07-22,0.00030709333105845597
2019-07-23,0.0002485631120395791
2019-07-24,0.0003423979613581427
2019-07-25,0.00044208206176322583
2019-07-26,0.0004301831092150042
2019-07-27,0.000431206780118411
2019-07-28,0.0004322304510218175
2019-07-29,0.0004526171169278477
2019-07-30,0.00048042022529349297
2019-07-31,0.0005033143265397445
2019-08-01,0.0006632583910180013
2019-08-02,0.0006127468174969216
2019-08-03,0.0006135534730854838
2019-08-04,0.0006143601286740473
2019-08-05,0.0007955802178007363
2019-08-06,0.00074697779237705
2019-08-07,0.000838308531956095
2019-08-08,0.0008063151611781518
2019-08-09,0.0008150180212677578
2019-08-10,0.0008155325796915973
2019-08-11,0.0008160471381154356
2019-08-12,0.0008956800708497805
2019-08-13,0.0008590785168756465
2019-08-14,0.001083095250668625
2019-08-15,0.0010528293502326987
2019-08-16,0.0009346463550533002
2019-08-17,0.0009350491963766808
2019-08-18,0.0009354520377000615
2019-08-19,0.000892687556719739
2019-08-20,0.0009807212608439237
2019-08-21,0.0009539534727144962
2019-08-22,0.000912800143040298
2019-08-23,0.0010153743573990668
2019-08-24,0.0010156481725416874
2019-08-25,0.001015921987684308
2019-08-26,0.0009746168164870691
2019-08-27,0.0010102180241695618
2019-08-28,0.0009664148856520993
2019-08-29,0.0008971284455876412
2019-08-30,0.0008730966926286299
2019-08-31,0.0008735667418228333
2019-09-01,0.0008740367910170377
2019-09-02,0.0008745068402112421
2019-09-03,0.0009449332329980365
2019-09-04,0.0008936254475336853
2019-09-05,0.0007967668816476124
2019-09-06,0.0007741099690769499
2019-09-07,0.0007746875547447706
2019-09-08,0.0007752651404125928
2019-09-09,0.0006309616014736702
2019-09-10,0.0004987521908912902
2019-09-11,0.0004730419125873356
2019-09-12,0.0004962245849321916
2019-09-13,0.0004322481135170301
2019-09-14,0.0004331879041498134
2019-09-15,0.0004341276947825958
2019-09-16,0.00048199074061318874
2019-09-17,0.0005162370344169899
2019-09-18,0.0005166503512671276
2019-09-19,0.0005025666929396988
2019-09-20,0.0005376811867599953
2019-09-21,0.000538527260149511
2019-09-22,0.0005393733335390266
2019-09-23,0.0005531503542954229
2019-09-24,0.000602009087751822
2019-09-25,0.0005810131300605181
2019-09-26,0.0005960179923802016
2019-09-27,0.0005767531294346652
2019-09-28,0.0005775832184429999
2019-09-29,0.0005784133074513345
2019-09-30,0.0005863838700307404
2019-10-01,0.0007118974837974544
2019-10-02,0.0008544833490360136
2019-10-03,0.0008636012783176554
2019-10-04,0.0007706165980969359
2019-10-05,0.000771244224814684
2019-10-06,0.0007718718515324322
2019-10-07,0.0007948417017976583
2019-10-08,0.0009242364727326722
2019-10-09,0.0009098160129424226
2019-10-10,0.0008410777412982026
2019-10-11,0.0007466329432196169
2019-10-12,0.0007472429059374072
2019-10-13,0.0007478528686551979
2019-10-14,0.0007716177276397157
2019-10-15,0.0006987229296536096
2019-10-16,0.0006711926337896489
2019-10-17,0.0006452959670106837
2019-10-18,0.0006050473234071244
2019-10-19,0.0006058457195461744
2019-10-20,0.0006066441156852229
2019-10-21,0.0005026149211728401
2019-10-22,0.0004917730286303128
2019-10-23,0.0004583397013057115
2019-10-24,0.00045851482088356905
2019-10-25,0.000419157622852819
2019-10-26,0.00042016504539443985
2019-10-27,0.0004211724679360596
2019-10-28,0.0003620309444281407
2019-10-29,0.0003153955455708933
2019-10-30,0.00039099983015359306
2019-10-31,0.00041557544457661066
2019-11-01,0.0003403696868811557
2019-11-02,0.0003414774880184313
2019-11-03,0.00034258528915570655
2019-11-04,0.00021880985578024494
2019-11-05,0.00019403865723382607
2019-11-06,0.00018989608602433083
2019-11-07,0.00013644688160324844
2019-11-08,0.00017642295918374981
2019-11-09,0.00017770166247288248
2019-11-10,0.0001789803657620151
2019-11-11,0.00019138138061396685
2019-11-12,0.00021823602519419348
2019-11-13,0.0002679347314046326
2019-11-14,0.0002706255414061746
2019-11-15,0.00023501506928782953
2019-11-16,0.00023628979864233747
2019-11-17,0.00023756452799684785
2019-11-18,0.00022218264275292485
2019-11-19,0.00025057745106904207
2019-11-20,0.00029173370231848014
2019-11-21,0.00027205012029808836
2019-11-22,0.00020460890572726142
2019-11-23,0.00020597170332072327
2019-11-24,0.0002073345009141842
2019-11-25,0.00017168295682928474
2019-11-26,0.00022075072350760124
2019-11-27,0.00019305127333948144
2019-11-28,0.0001944309369762674
2019-11-29,0.00023749957945336686
2019-11-30,0.0002388530269585666
2019-12-01,0.00024020647446376545
2019-12-02,0.0002812069992120155
2019-12-03,0.00037753029819463673
2019-12-04,0.0003372096320751162
2019-12-05,0.00031360698113177155
2019-12-06,0.00027990814078059664
2019-12-07,0.0002812584224384784
2019-12-08,0.0002826087040963603
2019-12-09,0.00029292671087580337
2019-12-10,0.00032283697322262766
2019-12-11,0.0003638730634866387
2019-12-12,0.0002302559817890574
2019-12-13,0.00020533422585431447
2019-12-14,0.00020672213114653239
2019-12-15,0.00020811003643875025
2019-12-16,0.00013649894803272462
2019-12-17,0.00010092358593546637
2019-12-18,0.000160469486283977
2019-12-19,0.0001613238134272623
2019-12-20,0.00019003627577595013
2019-12-21,0.00019139200714876246
2019-12-22,0.00019274773852157577
2019-12-23,0.00018806475800782496
2019-12-24,0.00018944567091650573
2019-12-25,0.00019079554253760236
2019-12-26,0.00015662861071811293
2019-12-27,0.00016568676924703495
2019-12-28,0.000167050506450952
2019-12-29,0.00016841424365486823
2019-12-30,0.0001635654991673204
2019-12-31,0.00016098289988070185
2020-01-01,0.00016231511277022123
2020-01-02,6.411770802465148e-05
2020-01-03,0.0001466371034337592
2020-01-04,0.00014791134641319433
2020-01-05,0.00014918558939262864
2020-01-06,0.00018416526027805445
2020-01-07,0.00013250121069859755
2020-01-08,9.326955546063099e-05
2020-01-09,8.635602197941557e-05
2020-01-10,0.00013783441770475933
2020-01-11,0.0001389638156145946
2020-01-12,0.0001400932135244299
2020-01-13,0.00011277555094825242
2020-01-14,0.00010461881373446431
2020-01-15,0.00016154756075829625
2020-01-16,0.0001307837630632759
2020-01-17,0.00014098784243390337
2020-01-18,0.00014200612565928682
2020-01-19,0.0001430244088846702
2020-01-20,0.0001440426921100535
2020-01-21,0.00031343106236170166
2020-01-22,0.00022596297610842425
2020-01-23,0.00023327124433056393
2020-01-24,0.0003042114338013826
2020-01-25,0.00030503045169842256
2020-01-26,0.00030584946959546263
2020-01-27,0.0003565452423799888
2020-01-28,0.0003461453339410731
2020-01-29,0.00034332557783434906
2020-01-30,0.0003081720309242286
2020-01-31,0.0003921557238058129
2020-02-01,0.0003928827964775974
2020-02-02,0.0003936098691493839
2020-02-03,0.00038156422261298575
2020-02-04,0.0003323135635564603
2020-02-05,0.00022937143712390323
2020-02-06,0.00021939270086011214
2020-02-07,0.00020888034739134658
2020-02-08,0.0002098078177630032
2020-02-09,0.0002107352881346577
2020-02-10,0.00018756350150738965
2020-02-11,0.00015649750030324817
2020-02-12,0.00011143135391825174
2020-02-13,0.00014400155007402463
2020-02-14,0.0001668650016180321
2020-02-15,0.00016785782619736973
2020-02-16,0.00016885065077670738
2020-02-17,0.00016984347535604297
2020-02-18,0.00018678760194088562
2020-02-19,0.00017594903510981773
2020-02-20,0.00014984426664348715
2020-02-21,0.00022891615794486282
2020-02-22,0.00022983569048401614
2020-02-23,0.0002307552230231695
2020-02-24,0.00043391460894937024
2020-02-25,0.0006383527573098264
2020-02-26,0.0007099722765702646
2020-02-27,0.0009133180959439574
2020-02-28,0.0010216809244107887
2020-02-29,0.0010215181007439962
2020-03-01,0.001021355277077204
2020-03-02,0.0008586143154876902
2020-03-03,0.0010591583673415642
2020-03-04,0.0009981283955159978
2020-03-05,0.001283615823628011
2020-03-06,0.0014246144050128172
2020-03-07,0.0014239004912248207
2020-03-08,0.0014231865774368261
2020-03-09,0.0020977624340347686
2020-03-10,0.0019099610797577646
2020-03-11,0.00215451860118482
2020-03-12,0.002616800346900312
2020-03-13,0.001748866753992694
2020-03-14,0.0017472382445292657
2020-03-15,0.001745609735065833
2020-03-16,0.002210768994553075
2020-03-17,0.0022726167413074923
2020-03-18,0.0023130424726755623
2020-03-19,0.0024580995062512354
2020-03-20,0.0024437893286862866
2020-03-21,0.002441318884678036
2020-03-22,0.0024388484406697836
2020-03-23,0.0032813951855284254
2020-03-24,0.0033549787248813244
2020-03-25,0.0033006407383371467
2020-03-26,0.002796541900837981
2020-03-27,0.002711858873889943
2020-03-28,0.002710074674201255
2020-03-29,0.0027082904745125667
2020-03-30,0.00273838501423363
2020-03-31,0.002907651477784438
2020-04-01,0.0032706548127718832
2020-04-02,0.0031544322319406026
2020-04-03,0.0034020792106252444
2020-04-04,0.0033994802910530066
2020-04-05,0.003396881371480768
2020-04-06,0.0030648152164552763
2020-04-07,0.003059313981020572
2020-04-08,0.002846177236292797
2020-04-09,0.0025816523495198656
2020-04-10,0.0025802951983822553
2020-04-11,0.0025789380472446425
2020-04-12,0.0025775808961070318
2020-04-13,0.002691661753145216
2020-04-14,0.002903783459389588
2020-04-15,0.003163790645771908
2020-04-16,0.003382614754956232
2020-04-17,0.002929223904982769
2020-04-18,0.002927370232514612
2020-04-19,0.0029255165600464515
2020-04-20,0.0030775920187829423
2020-04-21,0.0031978843385305966
2020-04-22,0.003080493566059577
2020-04-23,0.003096031526191611
2020-04-24,0.0030028240580062147
2020-04-25,0.003000772922460555
2020-04-26,0.0029987217869148902
2020-04-27,0.0027841054533768576
2020-04-28,0.0028114859540281133
2020-04-29,0.0027154080012768657
2020-04-30,0.002905258958755626
2020-05-01,0.003018058102871135
2020-05-02,0.0030162844147831576
2020-05-03,0.0030145107266951804
2020-05-04,0.003011312397094457
2020-05-05,0.002988886887136313
2020-05-06,0.003024780874036383
2020-05-07,0.0029138563456772774
2020-05-08,0.0028722242346384333
2020-05-09,0.0028703642297311554
2020-05-10,0.002868504224823877
2020-05-11,0.0030402329325388763
2020-05-12,0.0032949968848658994
2020-05-13,0.0036787030716586566
2020-05-14,0.0032553966382498417
2020-05-15,0.003307856471535196
2020-05-16,0.003305229577680086
2020-05-17,0.003302602683824979
2020-05-18,0.0031706557681868636
2020-05-19,0.003295490979561238
2020-05-20,0.0032047847107261693
2020-05-21,0.003199382490857078
2020-05-22,0.003114675905331847
2020-05-23,0.003112508227827206
2020-05-24,0.003110340550322567
2020-05-25,0.0031081728728179284
2020-05-26,0.0028164824508506137
2020-05-27,0.002675209996699318
2020-05-28,0.0027984276467701566
2020-05-29,0.0029136376882733994
2020-05-30,0.002911997593751846
2020-05-31,0.0029103574992302905
2020-06-01,0.00279709984295
2020-06-02,0.002864188399009456
2020-06-03,0.0027265251624926062
2020-06-04,0.002590123066262101
2020-06-05,0.002378836466590595
2020-06-06,0.002378255141095343
2020-06-07,0.002377673815600091
2020-06-08,0.0022886990392880827
2020-06-09,0.0023999694749207022
2020-06-10,0.0026457695357584767
2020-06-11,0.002873627511249703
2020-06-12,0.002732379483238391
2020-06-13,0.0027310494932594773
2020-06-14,0.0027297195032805633
2020-06-15,0.002580256631792773
2020-06-16,0.002536359737162849
2020-06-17,0.0026267444304094644
2020-06-18,0.002621717812632658
2020-06-19,0.002542126643341768
2020-06-20,0.0025409816320332095
2020-06-21,0.0025398366207246507
2020-06-22,0.002658981561000994
2020-06-23,0.0026464970790588955
2020-06-24,0.002798357140600032
2020-06-25,0.0027418984259497776
2020-06-26,0.002936510802141236
2020-06-27,0.0029350084601056383
2020-06-28,0.0029335061180700435
2020-06-29,0.002934648180950896
2020-06-30,0.0029145804790697886
2020-07-01,0.00298020582202725
2020-07-02,0.0030463966431413573
2020-07-03,0.003044918231932789
2020-07-04,0.0030434398207242206
2020-07-05,0.00304196140951565
2020-07-06,0.0030030672766888315
2020-07-07,0.0030835991553841953
2020-07-08,0.003128969127802889
2020-07-09,0.0032168180939336427
2020-07-10,0.0030395973129381908
2020-07-11,0.003038232216721067
2020-07-12,0.0030368671205039423
2020-07-13,0.0029681112436345286
2020-07-14,0.003096067226451721
2020-07-15,0.002949192340191282
2020-07-16,0.002955593541052831
2020-07-17,0.0031027190699705978
2020-07-18,0.0031013082323643284
2020-07-19,0.0030998973947580586
2020-07-20,0.0031333223005552374
2020-07-21,0.003096253174474862
2020-07-22,0.0031360322200840295
2020-07-23,0.0030464358248668976
2020-07-24,0.003032869891838993
2020-07-25,0.0030316016179290075
2020-07-26,0.0030303333440190225
2020-07-27,0.0031270401576654924
2020-07-28,0.003063204414905518
2020-07-29,0.0029044821939292692
2020-07-30,0.0029417546547126374
2020-07-31,0.0029360126982733437
2020-08-01,0.0029346786915955977
2020-08-02,0.002933344684917853
2020-08-03,0.0029687865433677373
2020-08-04,0.0030608153650851758
2020-08-05,0.0030399240186241632
2020-08-06,0.003051136657363487
2020-08-07,0.002977120105697812
2020-08-08,0.0029759323699599777
2020-08-09,0.0029747446342221415
2020-08-10,0.002988332984564429
2020-08-11,0.0029208795678680086
2020-08-12,0.002990938886657423
2020-08-13,0.0030097238483558462
2020-08-14,0.002958118676493498
2020-08-15,0.0029569918680863276
2020-08-16,0.002955865059679157
2020-08-17,0.0030265348850688012
2020-08-18,0.003053970728438239
2020-08-19,0.003071899324997317
2020-08-20,0.0031007285884140506
2020-08-21,0.0031421821353910303
2020-08-22,0.003140642664100821
2020-08-23,0.0031391031928106133
2020-08-24,0.0030327583778220523
2020-08-25,0.0030372642854299414
2020-08-26,0.0031041645864431345
2020-08-27,0.0030162899685265967
2020-08-28,0.0030032570341769855
2020-08-29,0.003002049908808775
2020-08-30,0.003000842783440565
2020-08-31,0.003037603550761281
2020-09-01,0.0030149230536027603
2020-09-02,0.002968989852970513
2020-09-03,0.002948250140139222
2020-09-04,0.002875452903820684
2020-09-05,0.002874397023136793
2020-09-06,0.0028733411424529042
2020-09-07,0.0028722852617690153
2020-09-08,0.002984231788581867
2020-09-09,0.003061674957165518
2020-09-10,0.003112808402529925
2020-09-11,0.0030280882044836617
2020-09-12,0.003026793340044541
2020-09-13,0.0030254984756054185
2020-09-14,0.002958501245426715
2020-09-15,0.0029709988022272064
2020-09-16,0.0028990086977142455
2020-09-17,0.0029114868747461167
2020-09-18,0.002898559335382721
2020-09-19,0.002897377237515413
2020-09-20,0.0028961951396481037
2020-09-21,0.0029378347616418367
2020-09-22,0.0029799748257003595
2020-09-23,0.0030510413364461452
2020-09-24,0.0029755284275754922
2020-09-25,0.002827332699696941
2020-09-26,0.0028256079891144986
2020-09-27,0.002823883278532055
2020-09-28,0.0028203670898586915
2020-09-29,0.002920185777141355
2020-09-30,0.0028741556044878827
2020-10-01,0.002868196002392123
2020-10-02,0.0027890871580046484
2020-10-03,0.002787704050023179
2020-10-04,0.002786320942041709
2020-10-05,0.0027064833482573296
2020-10-06,0.002744760058423948
2020-10-07,0.002609258618058496
2020-10-08,0.0025327821904942856
2020-10-09,0.002555822179538222
2020-10-10,0.002554818084864397
2020-10-11,0.002553813990190574
2020-10-12,0.002503960294157958
2020-10-13,0.0026326745155304276
2020-10-14,0.0026325340862144485
2020-10-15,0.002512483220840247
2020-10-16,0.0025340968875760287
2020-10-17,0.0025330830128206354
2020-10-18,0.0025320691380652438
2020-10-19,0.0025671416209231035
2020-10-20,0.002616205028171893
2020-10-21,0.0026354391579595684
2020-10-22,0.0024980037007911525
2020-10-23,0.002480921107171705
2020-10-24,0.002480202533041131
2020-10-25,0.0024794839589105553
2020-10-26,0.0025393087843908384
2020-10-27,0.002658956428871767
2020-10-28,0.0027066465464816686
2020-10-29,0.002609704066203997
2020-10-30,0.0025169806620467267
2020-10-31,0.002515948415635992
2020-11-01,0.0025149161692252574
2020-11-02,0.002453428175610201
2020-11-03,0.002415280628265338
2020-11-04,0.0025604173440695772
2020-11-05,0.002475197647562218
2020-11-06,0.002582361212056933
2020-11-07,0.0025815050505947987
2020-11-08,0.002580648889132665
2020-11-09,0.0022566372518248515
2020-11-10,0.002255129019303171
2020-11-11,0.002277551515522048
2020-11-12,0.002333552405090647
2020-11-13,0.0023045485988314064
2020-11-14,0.0023042947903380642
2020-11-15,0.002304040981844724
2020-11-16,0.0022490198202189827
2020-11-17,0.0022553839150177752
2020-11-18,0.0022893141905213532
2020-11-19,0.0022906207916778528
2020-11-20,0.0023141769840027016
2020-11-21,0.0023139117637825733
2020-11-22,0.0023136465435624454
2020-11-23,0.0022971677672813523
2020-11-24,0.002209033295537258
2020-11-25,0.0022395091154431427
2020-11-26,0.002239511733726275
2020-11-27,0.0022591172452095672
2020-11-28,0.0022590564712104606
2020-11-29,0.0022589956972113526
2020-11-30,0.002306707539039862
2020-12-01,0.002256478187092254
2020-12-02,0.0022381615967653427
2020-12-03,0.0022278389906703368
2020-12-04,0.002213891561186733
2020-12-05,0.0022139606177710167
2020-12-06,0.0022140296743553005
2020-12-07,0.002236672049245155
2020-12-08,0.0022304735666063037
2020-12-09,0.002193546214580143
2020-12-10,0.002197805768468538
2020-12-11,0.0022234967124965667
2020-12-12,0.002223576959369109
2020-12-13,0.0022236572062416513
2020-12-14,0.002279158025847849
2020-12-15,0.0022465957102473454
2020-12-16,0.0022430503543389288
2020-12-17,0.0022509712810202523
2020-12-18,0.002274313383765134
2020-12-19,0.0022742863618413823
2020-12-20,0.0022742593399176308
2020-12-21,0.0022592661641820735
2020-12-22,0.0022500714127638368
2020-12-23,0.0021601969416652758
2020-12-24,0.002175936933152412
2020-12-25,0.0021761035017767703
2020-12-26,0.0021762700704011277
2020-12-27,0.0021764366390254856
2020-12-28,0.0021672908992176236
2020-12-29,0.002192132902887819
2020-12-30,0.0021944180346682106
2020-12-31,0.0021674617264965737
2021-01-01,0.002167645487324868
2021-01-02,0.0021678292481531625
2021-01-03,0.002168013008981456
2021-01-04,0.002180250256965263
2021-01-05,0.0021534223559836595
2021-01-06,0.002013682934106013
2021-01-07,0.0019359059186749236
2021-01-08,0.0019833532669549844
2021-01-09,0.001983948124758159
2021-01-10,0.0019845429825613332
2021-01-11,0.0019917718070223823
2021-01-12,0.0019683311074580705
2021-01-13,0.002003906630431458
2021-01-14,0.0019952925613009867
2021-01-15,0.0020336010961130024
2021-01-16,0.002034080483211024
2021-01-17,0.0020345598703090458
2021-01-18,0.002035039257407067
2021-01-19,0.0020697903289560904
2021-01-20,0.0021556101497984662
2021-01-21,0.00215349183745309
2021-01-22,0.002149290899831058
2021-01-23,0.0021494574004616777
2021-01-24,0.002149623901092297
2021-01-25,0.002173736070417605
2021-01-26,0.002177115380743278
2021-01-27,0.002285875184401092
2021-01-28,0.0022433506642565854
2021-01-29,0.0022868079623694203
2021-01-30,0.0022865639921542287
2021-01-31,0.002286320021939038
2021-02-01,0.0022925467081969996
2021-02-02,0.0022244039983017614
2021-02-03,0.0022023987464414884
2021-02-04,0.0021402158671291324
2021-02-05,0.002141616199690074
2021-02-06,0.0021418444790720563
2021-02-07,0.0021420727584540366
2021-02-08,0.0020752106428508187
2021-02-09,0.0020693651156205623
2021-02-10,0.0020694570328581986
2021-02-11,0.0020837193247263378
2021-02-12,0.0020637494923297995
2021-02-13,0.0020641666980119695
2021-02-14,0.0020645839036941382
2021-02-15,0.002065001109376308
2021-02-16,0.0019951167696059696
2021-02-17,0.0020081099800811006
2021-02-18,0.0020447381607338493
2021-02-19,0.001999987346239049
2021-02-20,0.0020006779056766138
2021-02-21,0.002001368465114178
2021-02-22,0.0019501929407224417
2021-02-23,0.0019538342347743417
2021-02-24,0.0018705161897267712
2021-02-25,0.001921461326259582
2021-02-26,0.0020023782536729732
2021-02-27,0.0020030666543718934
2021-02-28,0.0020037550550708137
2021-03-01,0.0019349294536318432
2021-03-02,0.0019213630743367609
2021-03-03,0.0019393724674467852
2021-03-04,0.0020030904885204462
2021-03-05,0.0019273545186791763
2021-03-06,0.0019283124841534497
2021-03-07,0.0019292704496277249
2021-03-08,0.001882927241632215
2021-03-09,0.0019292851863059323
2021-03-10,0.0018953039293582684
2021-03-11,0.0019523335620287542
2021-03-12,0.0019137510104902022
2021-03-13,0.0019149124977877348
2021-03-14,0.0019160739850852678
2021-03-15,0.0019461139021345179
2021-03-16,0.0019288818307205604
2021-03-17,0.0018648658670978335
2021-03-18,0.0017703239227301593
2021-03-19,0.0017888151887806678
2021-03-20,0.0017900811413640407
2021-03-21,0.0017913470939474132
2021-03-22,0.0017958179397894786
2021-03-23,0.0018877282822498255
2021-03-24,0.0018779634106449055
2021-03-25,0.0017928694825284392
2021-03-26,0.0017739391972644719
2021-03-27,0.0017753028655734411
2021-03-28,0.0017766665338824104
2021-03-29,0.0018951051838115153
2021-03-30,0.0018870500550972928
2021-03-31,0.0019192646505261884
2021-04-01,0.001835092073336225
2021-04-02,0.0018364034613363443
2021-04-03,0.0018377148493364643
2021-04-04,0.0018390262373365839
2021-04-05,0.0017918063959121806
2021-04-06,0.0017447059744584693
2021-04-07,0.0017386665800046388
2021-04-08,0.0017477668235280827
2021-04-09,0.0017379490010928822
2021-04-10,0.0017394284477879377
2021-04-11,0.0017409078944829954
2021-04-12,0.001742998517662494
2021-04-13,0.001899415713621287
2021-04-14,0.0018394265258884401
2021-04-15,0.0018529109447830378
2021-04-16,0.001760333435665007
2021-04-17,0.0017618589993811024
2021-04-18,0.0017633845630971986
2021-04-19,0.0018114291157841453
2021-04-20,0.0019424607883523658
2021-04-21,0.0019486874194701344
2021-04-22,0.002044099745630779
2021-04-23,0.001974606984498116
2021-04-24,0.0019760082105645844
2021-04-25,0.001977409436631052
2021-04-26,0.0019480108177111978
2021-04-27,0.0019762684198424015
2021-04-28,0.001865103014136053
2021-04-29,0.0018259736328948666
2021-04-30,0.0019364325583309699
2021-05-01,0.0019380266931820595
2021-05-02,0.0019396208280331494
2021-05-03,0.0019225998584240362
2021-05-04,0.0019902185581305767
2021-05-05,0.0018859924614597228
2021-05-06,0.001764055000673037
2021-05-07,0.0017234141205562817
2021-05-08,0.0017252320512390132
2021-05-09,0.001727049981921745
2021-05-10,0.0018513376528719655
2021-05-11,0.00198682145092439
2021-05-12,0.0020560974226496473
2021-05-13,0.0019066597470506776
2021-05-14,0.001812137593880643
2021-05-15,0.0018139767649482063
2021-05-16,0.0018158159360157698
2021-05-17,0.0017794553549048248
2021-05-18,0.0018360710576810324
2021-05-19,0.0018638581915890646
2021-05-20,0.00180979648689093
2021-05-21,0.001756994185888729
2021-05-22,0.0017587292462228029
2021-05-23,0.0017604643065568756
2021-05-24,0.0017280943265694793
2021-05-25,0.0017450457609187885
2021-05-26,0.0017621066097025038
2021-05-27,0.0016530063635713523
2021-05-28,0.0016123804962152636
2021-05-29,0.0016141928705476682
2021-05-30,0.0016160052448800696
2021-05-31,0.0016178176192124742
2021-06-01,0.0015802502280675803
2021-06-02,0.0016054116921393983
2021-06-03,0.0015813292620749173
2021-06-04,0.0015956089800502808
2021-06-05,0.0015974284721227226
2021-06-06,0.001599247964195164
2021-06-07,0.0016051461881166507
2021-06-08,0.0016172685233426013
2021-06-09,0.0016906068191765993
2021-06-10,0.001731035047773018
2021-06-11,0.0017043752953882294
2021-06-12,0.001706029537475416
2021-06-13,0.0017076837795626022
2021-06-14,0.001725609693624499
2021-06-15,0.0016905779274258756
2021-06-16,0.0017445275789144928
2021-06-17,0.0018928273964439468
2021-06-18,0.0020078422720935614
2021-06-19,0.002009019572305811
2021-06-20,0.00201019687251806
2021-06-21,0.0019518569281440907
2021-06-22,0.0019957922818834863
2021-06-23,0.0019727108034258635
2021-06-24,0.0019062259562934222
2021-06-25,0.001871057037941075
2021-06-26,0.0018725461033982603
2021-06-27,0.0018740351688554485
2021-06-28,0.0019206573038942863
2021-06-29,0.001971329786800269
2021-06-30,0.0019973126033066882
2021-07-01,0.0019416325196212048
2021-07-02,0.0019596107448140096
2021-07-03,0.0019610507870829676
2021-07-04,0.0019624908293519264
2021-07-05,0.0019639308716208857
2021-07-06,0.0020840661240499846
2021-07-07,0.002113727636217931
2021-07-08,0.002258683720193537
2021-07-09,0.0020907208164940277
2021-07-10,0.0020920671024499873
2021-07-11,0.002093413388405945
2021-07-12,0.002035347404136053
2021-07-13,0.002078928286753244
2021-07-14,0.0020665240856995427
2021-07-15,0.002005717908238976
2021-07-16,0.0021272421454981974
2021-07-17,0.0021285976593086366
2021-07-18,0.002129953173119075
2021-07-19,0.002351571614869593
2021-07-20,0.0020982557096656156
2021-07-21,0.0019229251936447754
2021-07-22,0.001999382516849927
2021-07-23,0.0019467588302858464
2021-07-24,0.00194806619075949
2021-07-25,0.001949373551233134
2021-07-26,0.0018706661504622397
2021-07-27,0.0018728755220635913
2021-07-28,0.0018844590333139512
2021-07-29,0.0017948565585554222
2021-07-30,0.0018270213890388758
2021-07-31,0.0018283559049387733
2021-08-01,0.0018296904208386716
2021-08-02,0.0018276901149146913
2021-08-03,0.0017760880549675686
2021-08-04,0.00181823166986993
2021-08-05,0.001771924291544927
2021-08-06,0.001714730508403574
2021-08-07,0.0017162373931156368
2021-08-08,0.001717744277827701
2021-08-09,0.00172574072587116
2021-08-10,0.0016982273826724257
2021-08-11,0.0016447150874326672
2021-08-12,0.0016480778651658426
2021-08-13,0.0016442140570223486
2021-08-14,0.0016458530380141305
2021-08-15,0.00164749201900591
2021-08-16,0.0016723024102312137
2021-08-17,0.0017373596696086578
2021-08-18,0.0017746943383043939
2021-08-19,0.0018378412250000765
2021-08-20,0.0018218078084349448
2021-08-21,0.001823167034160393
2021-08-22,0.0018245262598858413
2021-08-23,0.0017890215623084208
2021-08-24,0.0017527034169198068
2021-08-25,0.0016959901630474669
2021-08-26,0.0017730678469112169
2021-08-27,0.001708746471054882
2021-08-28,0.001710375861525746
2021-08-29,0.0017120052519966102
2021-08-30,0.0017989462751569296
2021-08-31,0.0017954986068998118
2021-09-01,0.0018041340314231763
2021-09-02,0.001801576735733121
2021-09-03,0.0018122358628877297
2021-09-04,0.0018136491338078382
2021-09-05,0.0018150624047279468
2021-09-06,0.0018164756756480556
2021-09-07,0.0018279882114251489
2021-09-08,0.001871356785918871
2021-09-09,0.0018778022256925146
2021-09-10,0.0018825565952751207
2021-09-11,0.0018838871344716269
2021-09-12,0.0018852176736681334
2021-09-13,0.0018136864742643321
2021-09-14,0.0018693179947264736
2021-09-15,0.001787274669940357
2021-09-16,0.00179844634817313
2021-09-17,0.0018898288956931556
2021-09-18,0.001891297223560366
2021-09-19,0.0018927655514275742
2021-09-20,0.0021946468671353936
2021-09-21,0.0021609065647240837
2021-09-22,0.00203247809094385
2021-09-23,0.001928180829171099
2021-09-24,0.001887391072628312
2021-09-25,0.0018890740222675582
2021-09-26,0.0018907569719068045
2021-09-27,0.0017642211051494133
2021-09-28,0.0018450631350486692
2021-09-29,0.001797071041400547
2021-09-30,0.0018869650826803524
2021-10-01,0.001844391056766448
2021-10-02,0.0018461658370202206
2021-10-03,0.0018479406172739932
2021-10-04,0.0018485133569912516
2021-10-05,0.0017584488745516426
2021-10-06,0.00177104913727553
2021-10-07,0.0016569837495114962
2021-10-08,0.0015601950711271087
2021-10-09,0.001562170400232367
2021-10-10,0.0015641457293376264
2021-10-11,0.001594280930122905
2021-10-12,0.001585345847594666
2021-10-13,0.0015798500461828128
2021-10-14,0.0014942993497064046
2021-10-15,0.0014562012481348665
2021-10-16,0.0014580356721700396
2021-10-17,0.0014598700962052133
2021-10-18,0.0014750763970401352
2021-10-19,0.0014415049458514767
2021-10-20,0.0013759294214032445
2021-10-21,0.001387750113728495
2021-10-22,0.0013040001773408172
2021-10-23,0.0013060843309072197
2021-10-24,0.0013081684844736242
2021-10-25,0.001282356773080096
2021-10-26,0.001227611786048135
2021-10-27,0.0012288035973293601
2021-10-28,0.00118600975236085
2021-10-29,0.0012010328860285104
2021-10-30,0.0012029444156214817
2021-10-31,0.0012048559452144528
2021-11-01,0.0011028271797392493
2021-11-02,0.00109079489962006
2021-11-03,0.001083500093154676
2021-11-04,0.0011979804733335115
2021-11-05,0.0011612036963133934
2021-11-06,0.001163158169336633
2021-11-07,0.0011651126423598726
2021-11-08,0.0011836058521451816
2021-11-09,0.0011739504014268377
2021-11-10,0.0012428730716732153
2021-11-11,0.00122789679354298
2021-11-12,0.0012438621558450158
2021-11-13,0.001245781670425917
2021-11-14,0.0012477011850068186
2021-11-15,0.0012750595475859562
2021-11-16,0.001276245515453592
2021-11-17,0.0012263749572283711
2021-11-18,0.001308013019340035
2021-11-19,0.0014483782752275993
2021-11-20,0.0014499866348763092
2021-11-21,0.0014515949945250193
2021-11-22,0.0014304741252640996
2021-11-23,0.0013838403478886037
2021-11-24,0.0013619580341722394
2021-11-25,0.0013637867314296112
2021-11-26,0.0015787198443524071
2021-11-27,0.0015802870380935777
2021-11-28,0.0015818542318347475
2021-11-29,0.001563264981203846
2021-11-30,0.0015860647906565167
2021-12-01,0.0016196214496628347
2021-12-02,0.0014609066591519894
2021-12-03,0.0015326424644714625
2021-12-04,0.0015340615334998094
2021-12-05,0.0015354806025281548
2021-12-06,0.0014603263212157064
2021-12-07,0.0013787614045469342
2021-12-08,0.001387502401049177
2021-12-09,0.0014125733916087345
2021-12-10,0.0014099308975849356
2021-12-11,0.0014115865630610076
2021-12-12,0.0014132422285370776
2021-12-13,0.001463030699092
2021-12-14,0.0014578163991270014
2021-12-15,0.0015116930128865904
2021-12-16,0.0014348749207789958
2021-12-17,0.0015778046920926119
2021-12-18,0.001579229809260296
2021-12-19,0.00158065492642798
2021-12-20,0.0016398559476520792
2021-12-21,0.0015696456864936887
2021-12-22,0.0015360959283362973
2021-12-23,0.0014798993764306011
2021-12-24,0.0014814109803669324
2021-12-25,0.0014829225843032627
2021-12-26,0.0014844341882395936
2021-12-27,0.0014206134762377442
2021-12-28,0.0014127446042891852
2021-12-29,0.0014329303810668597
2021-12-30,0.001469822375206976
2021-12-31,0.0014822927407992204
2022-01-01,0.0014837945906186448
2022-01-02,0.0014852964404380683
2022-01-03,0.0014090659356758805
2022-01-04,0.0012692104672190885
2022-01-05,0.0013321469527647083
2022-01-06,0.0011591037786698518
2022-01-07,0.0010711600084326522
2022-01-08,0.0010732117389256847
2022-01-09,0.0010752634694187182
2022-01-10,0.0011067022470768952
2022-01-11,0.0010743318646518367
2022-01-12,0.0010173515599821745
2022-01-13,0.0010205745996455754
2022-01-14,0.0010083963997006209
2022-01-15,0.0010106618661381178
2022-01-16,0.0010129273325756175
2022-01-17,0.001015192799013117
2022-01-18,0.0010830719514138439
2022-01-19,0.0011531013199912944
2022-01-20,0.0011588068441223285
2022-01-21,0.0011974768662138921
2022-01-22,0.001198957575573559
2022-01-23,0.0012004382849332257
2022-01-24,0.001305681466333087
2022-01-25,0.0012671800129855772
2022-01-26,0.0012224752437253808
2022-01-27,0.001315783893262749
2022-01-28,0.0013060145948161758
2022-01-29,0.0013077375070942984
2022-01-30,0.0013094604193724217
2022-01-31,0.001250624858011178
2022-02-01,0.0008338597782293086
2022-02-02,0.0008097150814188507
2022-02-03,0.0008439093390660889
2022-02-04,0.0008412355716917162
2022-02-05,0.000843241130913901
2022-02-06,0.0008452466901360859
2022-02-07,0.0007979633784076399
2022-02-08,0.0006984036769982663
2022-02-09,0.0006426776867219882
2022-02-10,0.0006628005812116978
2022-02-11,0.0007619887527871864
2022-02-12,0.0007639084990381005
2022-02-13,0.0007658282452890153
2022-02-14,0.000786901683591273
2022-02-15,0.0007679620481877917
2022-02-16,0.0008199948173958861
2022-02-17,0.0008799342889447359
2022-02-18,0.0008879991378960615
2022-02-19,0.0008897481369276865
2022-02-20,0.0008914971359593113
2022-02-21,0.0008932461349909363
2022-02-22,0.0010546245766172434
2022-02-23,0.0011215626830464456
2022-02-24,0.0014166594308663602
2022-02-25,0.0011786954149382038
2022-02-26,0.0011803787315309974
2022-02-27,0.0011820620481237888
2022-02-28,0.0013628961844586393
2022-03-01,0.0016037105987078961
2022-03-02,0.001501364485598045
2022-03-03,0.001616032544182361
2022-03-04,0.0019465191701112392
2022-03-05,0.0019477775006485796
2022-03-06,0.0019490358311859198
2022-03-07,0.0022658124889130744
2022-03-08,0.002029156728219866
2022-03-09,0.001813357697844185
2022-03-10,0.00193526431975253
2022-03-11,0.0019580639516576315
2022-03-12,0.0019591203466445854
2022-03-13,0.00196017674163154
2022-03-14,0.001824951142014169
2022-03-15,0.0017849506312103871
2022-03-16,0.0015103038387405908
2022-03-17,0.0014478769114164203
2022-03-18,0.001384685617633928
2022-03-19,0.001386275293142667
2022-03-20,0.0013878649686514058
2022-03-21,0.0013638461138894334
2022-03-22,0.0012535300344159767
2022-03-23,0.0013330163893178568
2022-03-24,0.0012909395344798706
2022-03-25,0.0012289898415236294
2022-03-26,0.0012306861431362812
2022-03-27,0.0012323824447489332
2022-03-28,0.001269465911064348
2022-03-29,0.001165290265477358
2022-03-30,0.0012211593597498027
2022-03-31,0.0012215326828314687
2022-04-01,0.0011982928957352096
2022-04-02,0.0011995984791366308
2022-04-03,0.0012009040625380535
2022-04-04,0.0011575435740211397
2022-04-05,0.0013317439323578275
2022-04-06,0.00139679521139109
2022-04-07,0.0014058873158257076
2022-04-08,0.0014244443125823356
2022-04-09,0.0014256033377015882
2022-04-10,0.001426762362820841
2022-04-11,0.0014620095252458956
2022-04-12,0.0015830108390654661
2022-04-13,0.0015845488554038908
2022-04-14,0.0015576214901426577
2022-04-15,0.0015587608857745142
2022-04-16,0.0015599002814063701
2022-04-17,0.001561039677038227
2022-04-18,0.00156111953714542
2022-04-19,0.0015082813060794489
2022-04-20,0.0014965255365922297
2022-04-21,0.0015918495799780356
2022-04-22,0.001702288592459145
2022-04-23,0.0017032070759344716
2022-04-24,0.0017041255594097973
2022-04-25,0.0016947430645047677
2022-04-26,0.001813142164158047
2022-04-27,0.001768749147837246
2022-04-28,0.0017490311103583165
2022-04-29,0.001883417110494235
2022-04-30,0.0018840550743527318
2022-05-01,0.0018846930382112287
2022-05-02,0.0018635339201405854
2022-05-03,0.001771581248124197
2022-05-04,0.0016515848708456241
2022-05-05,0.0018057821729692814
2022-05-06,0.0018112775676616417
2022-05-07,0.001812019287022127
2022-05-08,0.0018127610063826125
2022-05-09,0.0019054633326331795
2022-05-10,0.0018451696238196182
2022-05-11,0.001926632301213997
2022-05-12,0.0019159122159942727
2022-05-13,0.001834991213068559
2022-05-14,0.0018356698080029643
2022-05-15,0.0018363484029373684
2022-05-16,0.001877332547443149
2022-05-17,0.0017525936642908656
2022-05-18,0.001811386397607668
2022-05-19,0.0017576220464165981
2022-05-20,0.0017416764590424544
2022-05-21,0.0017424605557739502
2022-05-22,0.0017432446525054472
2022-05-23,0.0016035636136654068
2022-05-24,0.001542465340118955
2022-05-25,0.0015779240251387575
2022-05-26,0.0014948723953984151
2022-05-27,0.0014782189644057628
2022-05-28,0.0014794346054171886
2022-05-29,0.0014806502464286139
2022-05-30,0.0014818658874400396
2022-05-31,0.0014890835439635925
2022-06-01,0.0015398451267609574
2022-06-02,0.0014758698850931896
2022-06-03,0.0015333252681913444
2022-06-04,0.0015344704889110924
2022-06-05,0.00153561570963084
2022-06-06,0.0015039366793853722
2022-06-07,0.0015122889386398033
2022-06-08,0.0017077074915021824
2022-06-09,0.0018704627875590068
2022-06-10,0.0020218874377173493
2022-06-11,0.002022544718337259
2022-06-12,0.0020232019989571684
2022-06-13,0.0022344457235583025
2022-06-14,0.0023445961089696783
2022-06-15,0.002270368250728033
2022-06-16,0.0024076532240210773
2022-06-17,0.0023963667780568763
2022-06-18,0.0023965514046335964
2022-06-19,0.0023967360312103165
2022-06-20,0.002396920657787038
2022-06-21,0.0023031723077518423
2022-06-22,0.002270640867004698
2022-06-23,0.002364491732695221
2022-06-24,0.002126445027201468
2022-06-25,0.002126964566517847
2022-06-26,0.0021274841058342266
2022-06-27,0.0021431416691437893
2022-06-28,0.0021980173064340886
2022-06-29,0.002269791556321318
2022-06-30,0.0022919791693016235
2022-07-01,0.0022594076968180214
2022-07-02,0.0022597654825846454
2022-07-03,0.002260123268351271
2022-07-04,0.0022604810541178963
2022-07-05,0.0023123651099340482
2022-07-06,0.0023335385074004533
2022-07-07,0.002287147568168435
2022-07-08,0.002283547650957805
2022-07-09,0.002283883728298973
2022-07-10,0.0022842198056401393
2022-07-11,0.0023240955190909863
2022-07-12,0.002315550997854931
2022-07-13,0.002410025825907876
2022-07-14,0.00254372254323663
2022-07-15,0.002292986092922816
2022-07-16,0.0022933060408807816
2022-07-17,0.0022936259888387475
2022-07-18,0.002262360301862636
2022-07-19,0.002144837978240551
2022-07-20,0.0022003681086781002
2022-07-21,0.002105697147141309
2022-07-22,0.002115860581356398
2022-07-23,0.0021163780017957497
2022-07-24,0.002116895422235102
2022-07-25,0.0020613829868800365
2022-07-26,0.0023654489641460703
2022-07-27,0.0022293335496272556
2022-07-28,0.002348197130026
2022-07-29,0.0022168492807205695
2022-07-30,0.002217286217191623
2022-07-31,0.002217723153662678
2022-08-01,0.002207165773629465
2022-08-02,0.002279091155793462
2022-08-03,0.0022006116877242186
2022-08-04,0.002197742892784525
2022-08-05,0.0022062001679368872
2022-08-06,0.002206657169481941
2022-08-07,0.002207114171026997
2022-08-08,0.002205071974680872
2022-08-09,0.0022123270290259796
2022-08-10,0.0021055585844996115
2022-08-11,0.002047028191002091
2022-08-12,0.001991681979769725
2022-08-13,0.0019923718072531443
2022-08-14,0.0019930616347365628
2022-08-15,0.002004318935207246
2022-08-16,0.001987246043613485
2022-08-17,0.0020424215704358236
2022-08-18,0.002036943671221467
2022-08-19,0.002148017345938435
2022-08-20,0.002148616406379804
2022-08-21,0.002149215466821173
2022-08-22,0.0022883321675190626
2022-08-23,0.0023046895073937576
2022-08-24,0.002339266393595942
2022-08-25,0.0022503848554681497
2022-08-26,0.0024097447383893927
2022-08-27,0.0024100512125693127
2022-08-28,0.0024103576867492323
2022-08-29,0.0024107428975224006
2022-08-30,0.0024283102853336234
2022-08-31,0.002464657861963722
2022-09-01,0.002485276864679215
2022-09-02,0.002504952844185673
2022-09-03,0.002505138091235898
2022-09-04,0.0025053233382861233
2022-09-05,0.002505508585336348
2022-09-06,0.002517894733467874
2022-09-07,0.002455422400687112
2022-09-08,0.002310381319759171
2022-09-09,0.0022132194000129826
2022-09-10,0.0022137252715482667
2022-09-11,0.002214231143083551
2022-09-12,0.002175419230553637
2022-09-13,0.0023472786414125593
2022-09-14,0.002366956114163191
2022-09-15,0.0022968408616317257
2022-09-16,0.002336533832106213
2022-09-17,0.0023368317723403047
2022-09-18,0.0023371297125743947
2022-09-19,0.0023142745584781134
2022-09-20,0.002438972344550909
2022-09-21,0.0025526493301444263
2022-09-22,0.0026644924721917255
2022-09-23,0.0027896444098725022
2022-09-24,0.002789354353209488
2022-09-25,0.0027890642965464735
2022-09-26,0.0029258410175822544
2022-09-27,0.0029383515804606263
2022-09-28,0.0028757740340831
2022-09-29,0.0029641994210925925
2022-09-30,0.0030171432473957843
2022-10-01,0.0030165816873331977
2022-10-02,0.003016020127270611
2022-10-03,0.0028521449880909754
2022-10-04,0.002701646512018649
2022-10-05,0.0027627973752709723
2022-10-06,0.0029084590599633064
2022-10-07,0.0030217296705872653
2022-10-08,0.0030211655414178426
2022-10-09,0.003020601412248421
2022-10-10,0.0030668370812079655
2022-10-11,0.00320835006562629
2022-10-12,0.0031528158041063004
2022-10-13,0.002840895709782654
2022-10-14,0.0026735198172087547
2022-10-15,0.002673245171895053
2022-10-16,0.0026729705265813547
2022-10-17,0.0026685281987323213
2022-10-18,0.0026313731937251403
2022-10-19,0.0028276361285495266
2022-10-20,0.002990002863632237
2022-10-21,0.002926020396983025
2022-10-22,0.002925521724506622
2022-10-23,0.0029250230520302166
2022-10-24,0.0028466774032683507
2022-10-25,0.0027266691565962856
2022-10-26,0.0026996338045726497
2022-10-27,0.0027377711254353023
2022-10-28,0.0026525144667353404
2022-10-29,0.002652423441304606
2022-10-30,0.0026523324158738695
2022-10-31,0.0027055975102274624
2022-11-01,0.0026579262864339166
2022-11-02,0.0027834969967528932
2022-11-03,0.002810967325029122
2022-11-04,0.0026527656368977156
2022-11-05,0.0026526934281355962
2022-11-06,0.002652621219373477
2022-11-07,0.0025850465231121644
2022-11-08,0.0025284845964992004
2022-11-09,0.002618106231091606
2022-11-10,0.0024131395925299903
2022-11-11,0.0023273469651753685
2022-11-12,0.002327695013664373
2022-11-13,0.0023280430621533768
2022-11-14,0.0024081660044147734
2022-11-15,0.002403329007838814
2022-11-16,0.0024561807973018323
2022-11-17,0.0024677169459208313
2022-11-18,0.0024304958944005063
2022-11-19,0.002430634980961657
2022-11-20,0.0024307740675228095
2022-11-21,0.002429287676954904
2022-11-22,0.0023986960896019514
2022-11-23,0.0023808743835154965
2022-11-24,0.002381114276197932
2022-11-25,0.0023673613401744655
2022-11-26,0.002367625951019383
2022-11-27,0.0023678905618642987
2022-11-28,0.002429370489163292
2022-11-29,0.0023650145672698924
2022-11-30,0.002306070396047902
2022-12-01,0.002304317993219489
2022-12-02,0.0022918098793792393
2022-12-03,0.0022922338303573335
2022-12-04,0.002292657781335427
2022-12-05,0.0023865265208259535
2022-12-06,0.002453448020612551
2022-12-07,0.0024189956092134784
2022-12-08,0.002421435398744309
2022-12-09,0.002446642145127233
2022-12-10,0.0024467424943874806
2022-12-11,0.002446842843647728
2022-12-12,0.002424391307640582
2022-12-13,0.002349251277522311
2022-12-14,0.0024229231830295416
2022-12-15,0.0024762242752861745
2022-12-16,0.0025316844672500774
2022-12-17,0.002531627455761928
2022-12-18,0.0025315704442737783
2022-12-19,0.002542069137160896
2022-12-20,0.0025385961258956586
2022-12-21,0.00247119667941731
2022-12-22,0.0024686032834086
2022-12-23,0.0024370357686711343
2022-12-24,0.0024371744811146215
2022-12-25,0.0024373131935581105
2022-12-26,0.0024374519060016
2022-12-27,0.0024110149293769772
2022-12-28,0.002434040696662641
2022-12-29,0.0024074102859875535
2022-12-30,0.0024128883719563158
2022-12-31,0.002413081598354342
2023-01-01,0.002413274824752369
2023-01-02,0.002413468051150396
2023-01-03,0.0023392729483479695
2023-01-04,0.002216989084479963
2023-01-05,0.0022434177583790862
2023-01-06,0.002189369993907574
2023-01-07,0.0021899706931870055
2023-01-08,0.0021905713924664366
2023-01-09,0.0021709954264118314
2023-01-10,0.002145001461081027
2023-01-11,0.0021142399591835147
2023-01-12,0.0020777228267415565
2023-01-13,0.0020703830505490045
2023-01-14,0.0020711588958544948
2023-01-15,0.0020719347411599855
2023-01-16,0.0020727105864654745
2023-01-17,0.002025384777344625
2023-01-18,0.0020448162586622267
2023-01-19,0.0020720079033162316
2023-01-20,0.002043356817690733
2023-01-21,0.002044056960371036
2023-01-22,0.0020447571030513395
2023-01-23,0.002015906394063382
2023-01-24,0.0020361768399595184
2023-01-25,0.001981399020229816
2023-01-26,0.0019483996584745628
2023-01-27,0.0019768285610251186
2023-01-28,0.0019778172431575793
2023-01-29,0.0019788059252900396
2023-01-30,0.0020007411726642144
2023-01-31,0.0019624288376357832
2023-02-01,0.0019392711661146596
2023-02-02,0.0019424160277693775
2023-02-03,0.0019403899761980313
2023-02-04,0.001941442896446038
2023-02-05,0.0019424958166940453
2023-02-06,0.001985596816978163
2023-02-07,0.0019398644276860482
2023-02-08,0.0019564887802602264
2023-02-09,0.001955192948639732
2023-02-10,0.0019694222993287677
2023-02-11,0.0019704018321170776
2023-02-12,0.0019713813649053858
2023-02-13,0.0019313045310390023
2023-02-14,0.0019030199962602966
2023-02-15,0.0019082494065481325
2023-02-16,0.0019314302698214979
2023-02-17,0.0019306952248233536
2023-02-18,0.0019316854109692268
2023-02-19,0.0019326755971151002
2023-02-20,0.0019336657832609724
2023-02-21,0.0019723808187317024
2023-02-22,0.002002916701554466
2023-02-23,0.0019821573416194055
2023-02-24,0.0020086822051542763
2023-02-25,0.0020095325525934177
2023-02-26,0.0020103829000325596
2023-02-27,0.0019772118715999307
2023-02-28,0.001970473830421899
2023-03-01,0.001996070642077924
2023-03-02,0.0020294916831439533
2023-03-03,0.0019548499347699306
2023-03-04,0.001955682780417168
2023-03-05,0.001956515626064406
2023-03-06,0.001953224583559784
2023-03-07,0.002030569934394901
2023-03-08,0.002047355444411073
2023-03-09,0.002155869847089758
2023-03-10,0.002228956432842681
2023-03-11,0.002228878888255452
2023-03-12,0.002228801343668223
2023-03-13,0.0024158391491482393
2023-03-14,0.0023930877046852025
2023-03-15,0.002444445043548265
2023-03-16,0.0024174647721957126
2023-03-17,0.00258318837581902
2023-03-18,0.00258183507248417
2023-03-19,0.002580481769149318
2023-03-20,0.002521111740982908
2023-03-21,0.002511425956099377
2023-03-22,0.002578322898795326
2023-03-23,0.002446714882050618
2023-03-24,0.0024405294229417097
2023-03-25,0.0024395423342270257
2023-03-26,0.0024385552455123416
2023-03-27,0.002479264966474849
2023-03-28,0.002418869893559952
2023-03-29,0.0024390015278056114
2023-03-30,0.002506538223180633
2023-03-31,0.0025424661490473835
2023-04-01,0.002541807433818972
2023-04-02,0.002541148718590561
2023-04-03,0.0025109987165215218
2023-04-04,0.0025579071551824423
2023-04-05,0.0025373561391664806
2023-04-06,0.0025068942626846977
2023-04-07,0.0025061542158280104
2023-04-08,0.0025054141689713236
2023-04-09,0.002504674122114637
2023-04-10,0.00250565000593337
2023-04-11,0.00256719936437203
2023-04-12,0.0025534299255851253
2023-04-13,0.0025806752264411967
2023-04-14,0.0026126317163462183
2023-04-15,0.0026118434686283553
2023-04-16,0.0026110552209104923
2023-04-17,0.002526361817619981
2023-04-18,0.002536020214595352
2023-04-19,0.002486897801875441
2023-04-20,0.0025102367677127656
2023-04-21,0.0025706983787814833
2023-04-22,0.0025695805586553786
2023-04-23,0.0025684627385292734
2023-04-24,0.002641011630604566
2023-04-25,0.0025681626806259746
2023-04-26,0.002641976037797927
2023-04-27,0.0026249242882767994
2023-04-28,0.0025163609742061923
2023-04-29,0.0025153615802348383
2023-04-30,0.002514362186263483
2023-05-01,0.0025716011840731605
2023-05-02,0.0027093093968884215
2023-05-03,0.0026670521915507046
2023-05-04,0.002658208695727104
2023-05-05,0.00265457278853459
2023-05-06,0.0026529501704429066
2023-05-07,0.002651327552351223
2023-05-08,0.0027181658988086367
2023-05-09,0.0026903013325214747
2023-05-10,0.002685155577163669
2023-05-11,0.0026886981955285445
2023-05-12,0.002659730053271979
2023-05-13,0.0026577791761575285
2023-05-14,0.0026558282990430783
2023-05-15,0.0026523736557606107
2023-05-16,0.0026812375014582668
2023-05-17,0.002608285000778472
2023-05-18,0.002629196584983173
2023-05-19,0.002733278369655915
2023-05-20,0.002731568411327307
2023-05-21,0.002729858452998701
2023-05-22,0.002688833565702071
2023-05-23,0.002616550187011452
2023-05-24,0.002606703181317997
2023-05-25,0.002617390787311839
2023-05-26,0.0026478927355045507
2023-05-27,0.0026462664491598443
2023-05-28,0.002644640162815139
2023-05-29,0.002643013876470434
2023-05-30,0.00257405330489499
2023-05-31,0.0025370469528280073
2023-06-01,0.002594495919318292
2023-06-02,0.0025699807636167925
2023-06-03,0.0025685475100179237
2023-06-04,0.0025671142564190536
2023-06-05,0.002609467521750949
2023-06-06,0.0025524831865321052
2023-06-07,0.0025046400996839887
2023-06-08,0.0025155172661019656
2023-06-09,0.0025203248199537924
2023-06-10,0.0025190931609839155
2023-06-11,0.0025178615020140394
2023-06-12,0.00257800829422802
2023-06-13,0.002538628159580794
2023-06-14,0.002605425963933908
2023-06-15,0.002518637554964364
2023-06-16,0.0025061171788111946
2023-06-17,0.0025049958263225177
2023-06-18,0.0025038744738338416
2023-06-19,0.002502753121345165
2023-06-20,0.0024567315825885206
2023-06-21,0.0024617583469714434
2023-06-22,0.002531339644762152
2023-06-23,0.002537610859376236
2023-06-24,0.0025361874656712803
2023-06-25,0.0025347640719663254
2023-06-26,0.0024671533665093824
2023-06-27,0.0024910895764974034
2023-06-28,0.0025012031328468646
2023-06-29,0.0024897347155976206
2023-06-30,0.002500707485098017
2023-07-01,0.0024995105125900988
2023-07-02,0.0024983135400821815
2023-07-03,0.0024836703940302788
2023-07-04,0.0024825738383120743
2023-07-05,0.002420392428973142
2023-07-06,0.0024039040288124877
2023-07-07,0.002411996395293009
2023-07-08,0.0024108529739764782
2023-07-09,0.002409709552659946
2023-07-10,0.0024085661313434153
