Date,UBS - UNCRY Accumulated Oriented Area
2019-01-01,0.0
2019-01-02,0.0
2019-01-03,1.517491849615039e-08
2019-01-04,-4.876279057419995e-06
2019-01-05,-4.710219234918365e-06
2019-01-06,-4.544159412416498e-06
2019-01-07,-2.485104230776783e-06
2019-01-08,-1.0919308613833797e-05
2019-01-09,-3.946555334121234e-06
2019-01-10,-7.361347802794859e-06
2019-01-11,-1.2983063646524246e-05
2019-01-12,-1.2696552624239643e-05
2019-01-13,-1.241004160195543e-05
2019-01-14,-2.6752006766415916e-05
2019-01-15,-4.461794310479951e-05
2019-01-16,-2.569372598714482e-05
2019-01-17,-2.1361603186930106e-05
2019-01-18,-3.130069444516154e-05
2019-01-19,-3.10975319002833e-05
2019-01-20,-3.08943693554051e-05
2019-01-21,-3.069120681052686e-05
2019-01-22,-7.038195200844661e-06
2019-01-23,-7.452434984154298e-06
2019-01-24,-7.87746353958187e-06
2019-01-25,3.919010551858347e-06
2019-01-26,4.33713886183755e-06
2019-01-27,4.7552671718166995e-06
2019-01-28,5.127292322196885e-06
2019-01-29,2.998726360746196e-06
2019-01-30,-9.435565874230878e-06
2019-01-31,-1.3220297149718418e-05
2019-02-01,-1.565545460215343e-05
2019-02-02,-1.564054988318569e-05
2019-02-03,-1.5625645164217972e-05
2019-02-04,-1.6936160349562484e-05
2019-02-05,-1.5627620068725005e-05
2019-02-06,-4.231721963136881e-06
2019-02-07,1.9548495852370838e-06
2019-02-08,4.9215556355495835e-06
2019-02-09,5.0998802956858395e-06
2019-02-10,5.278204955822082e-06
2019-02-11,4.816460188458699e-06
2019-02-12,-1.7877296905476447e-06
2019-02-13,-6.783528895166804e-06
2019-02-14,9.394091390941952e-06
2019-02-15,-1.1144104459028376e-05
2019-02-16,-1.0639730097318876e-05
2019-02-17,-1.013535573560874e-05
2019-02-18,-9.630981373898637e-06
2019-02-19,-2.857605872476731e-06
2019-02-20,5.5765165683550395e-05
2019-02-21,8.343873856216559e-05
2019-02-22,8.104723398896099e-05
2019-02-23,8.163521554901078e-05
2019-02-24,8.222319710906058e-05
2019-02-25,6.0671884992477815e-05
2019-02-26,3.98530583267761e-05
2019-02-27,3.148288959037877e-05
2019-02-28,2.636335156891102e-05
2019-03-01,1.9965262935325527e-05
2019-03-02,2.082342003272491e-05
2019-03-03,2.1681577130124376e-05
2019-03-04,3.787667304421039e-05
2019-03-05,6.137087535733267e-05
2019-03-06,8.287385203455497e-05
2019-03-07,0.00015527821145200417
2019-03-08,0.00017330485826036566
2019-03-09,0.00017395202207519934
2019-03-10,0.00017459918589003302
2019-03-11,0.00013754351306068948
2019-03-12,0.00013812110549924497
2019-03-13,0.00010935309260397456
2019-03-14,0.00010003615901678906
2019-03-15,0.00010765354326834793
2019-03-16,0.00010847332371126326
2019-03-17,0.00010929310415417857
2019-03-18,4.989353817469638e-05
2019-03-19,3.850572698380474e-05
2019-03-20,8.100424767820126e-05
2019-03-21,0.00011011806588622297
2019-03-22,0.00020141354950594875
2019-03-23,0.00020217767754277267
2019-03-24,0.00020294180557959657
2019-03-25,0.00021033682376614472
2019-03-26,0.0002180874645915789
2019-03-27,0.0001803966695663185
2019-03-28,0.00020517822466042357
2019-03-29,0.00018669811361862222
2019-03-30,0.00018739754250365697
2019-03-31,0.00018809697138869112
2019-04-01,0.00012201177247507115
2019-04-02,0.00012096393820409811
2019-04-03,9.287168295572806e-05
2019-04-04,8.982239331433803e-05
2019-04-05,9.608913881766454e-05
2019-04-06,9.692220939567576e-05
2019-04-07,9.775527997368706e-05
2019-04-08,0.00010584834366131545
2019-04-09,0.00010714798923967307
2019-04-10,0.00011939549482889623
2019-04-11,8.20601479847604e-05
2019-04-12,5.248485886657402e-05
2019-04-13,5.3418981824504845e-05
2019-04-14,5.4353104782435644e-05
2019-04-15,4.21575571829743e-05
2019-04-16,2.595408102615786e-06
2019-04-17,-3.914265979105223e-05
2019-04-18,-2.7877103567261366e-05
2019-04-19,-2.6877439261475603e-05
2019-04-20,-2.5877774955689745e-05
2019-04-21,-2.487811064990398e-05
2019-04-22,-2.5545469494271558e-05
2019-04-23,3.583029066348906e-06
2019-04-24,-7.999750838515754e-06
2019-04-25,-2.5701326094663306e-05
2019-04-26,-2.2734669444468355e-05
2019-04-27,-2.202653955867535e-05
2019-04-28,-2.131840967288241e-05
2019-04-29,-5.050176193943528e-05
2019-04-30,-3.36179061707621e-05
2019-05-01,-6.0550637261643555e-06
2019-05-02,-2.2836538246148982e-05
2019-05-03,-1.4921113196926498e-05
2019-05-04,-1.4134233560119308e-05
2019-05-05,-1.3347353923311292e-05
2019-05-06,0.00010482753345903512
2019-05-07,0.00017571539316091518
2019-05-08,0.00016653862452738037
2019-05-09,0.00018785562191882534
2019-05-10,0.00017466831197966931
2019-05-11,0.00017533933498526064
2019-05-12,0.00017601035799085196
2019-05-13,0.0002547513665659504
2019-05-14,0.00027261442718263195
2019-05-15,0.00029161714002756364
2019-05-16,0.0002715109631653646
2019-05-17,0.00028956126732012136
2019-05-18,0.000289920662777414
2019-05-19,0.0002902800582347067
2019-05-20,0.0003144008717467431
2019-05-21,0.00031808345342640703
2019-05-22,0.0003319396661435299
2019-05-23,0.0003354570607333093
2019-05-24,0.00030045592637028607
2019-05-25,0.0003007655671077564
2019-05-26,0.00030107520784522686
2019-05-27,0.0003013848485826973
2019-05-28,0.0003734042664749279
2019-05-29,0.0003359525175027319
2019-05-30,0.0003354759552112339
2019-05-31,0.0003202145266333091
2019-06-01,0.00032051553915690776
2019-06-02,0.0003208165516805064
2019-06-03,0.00032432539228278946
2019-06-04,0.0002737358563871415
2019-06-05,0.00031890156370305306
2019-06-06,0.00034143611318719906
2019-06-07,0.00031799125891696664
2019-06-08,0.00031822361309258583
2019-06-09,0.000318455967268205
2019-06-10,0.0002955213909688068
2019-06-11,0.00029532891704390704
2019-06-12,0.0003211196030261349
2019-06-13,0.00030588766706221473
2019-06-14,0.0003190344405391742
2019-06-15,0.00031931481166440746
2019-06-16,0.0003195951827896406
2019-06-17,0.0003279364713229264
2019-06-18,0.0002636034980706977
2019-06-19,0.00023392718737146026
2019-06-20,0.00022485601076208247
2019-06-21,0.0002380182014282841
2019-06-22,0.00023851557256805315
2019-06-23,0.00023901294370782218
2019-06-24,0.00024652440012639683
2019-06-25,0.00028395409729107613
2019-06-26,0.00025520180396890397
2019-06-27,0.00019984302276458807
2019-06-28,0.00019526481402818
2019-06-29,0.00019583674513822338
2019-06-30,0.00019640867624826682
2019-07-01,0.0002144072514872617
2019-07-02,0.00023596430178951717
2019-07-03,0.00016689801832441858
2019-07-04,0.00016752753442302924
2019-07-05,0.00011405931176117898
2019-07-06,0.00011480333961497174
2019-07-07,0.00011554736746876448
2019-07-08,0.000159245275291295
2019-07-09,0.00016089411446110777
2019-07-10,0.00012873939960804875
2019-07-11,0.00011473238467273451
2019-07-12,0.00011279741794396143
2019-07-13,0.00011350738804171025
2019-07-14,0.00011421735813945901
2019-07-15,0.00013600421445547853
2019-07-16,0.00010627836753490273
2019-07-17,0.00012367351394447634
2019-07-18,0.00010466462167525609
2019-07-19,0.00017828418915418357
2019-07-20,0.00017892072250135996
2019-07-21,0.00017955725584853672
2019-07-22,0.00017279665298470962
2019-07-23,0.00013251826005520513
2019-07-24,0.00017873524779441223
2019-07-25,0.0002317454242240398
2019-07-26,0.0002481921849333314
2019-07-27,0.000248941068463298
2019-07-28,0.0002496899519932641
2019-07-29,0.0003088832338608684
2019-07-30,0.0003812463649783896
2019-07-31,0.00037986455451610534
2019-08-01,0.0004544766651682306
2019-08-02,0.0004527544873002985
2019-08-03,0.00045316741662229903
2019-08-04,0.0004535803459442994
2019-08-05,0.0004601633264861478
2019-08-06,0.0004316753629742213
2019-08-07,0.0005672413232776668
2019-08-08,0.0006564309654893271
2019-08-09,0.0006669127364805575
2019-08-10,0.0006670059858597305
2019-08-11,0.0006670992352389033
2019-08-12,0.0006779041830141657
2019-08-13,0.0006296829007989232
2019-08-14,0.0007137456190680565
2019-08-15,0.0007138033184070152
2019-08-16,0.0006281048002804614
2019-08-17,0.0006282707787088314
2019-08-18,0.0006284367571372015
2019-08-19,0.0005855120177376888
2019-08-20,0.0006353886211489966
2019-08-21,0.0005790857030823756
2019-08-22,0.0005763512949031569
2019-08-23,0.0006819284825323429
2019-08-24,0.0006820035560554102
2019-08-25,0.0006820786295784776
2019-08-26,0.0005936607469030106
2019-08-27,0.0005734261353397075
2019-08-28,0.0005319901040075465
2019-08-29,0.0004672985411189553
2019-08-30,0.00047897964332531845
2019-08-31,0.00047934357347411446
2019-09-01,0.0004797075036229102
2019-09-02,0.00048007143377170594
2019-09-03,0.0004434125208588036
2019-09-04,0.0004054593065426851
2019-09-05,0.00031092566126233816
2019-09-06,0.00031532642993330895
2019-09-07,0.0003158824866343793
2019-09-08,0.0003164385433354496
2019-09-09,0.00023133133763282246
2019-09-10,0.00023033874238417813
2019-09-11,0.00027239389469134077
2019-09-12,0.00021779522461142488
2019-09-13,0.0001375774621649238
2019-09-14,0.0001382712953992678
2019-09-15,0.00013896512863361172
2019-09-16,0.0001782979081140828
2019-09-17,0.00023554638067775546
2019-09-18,0.0002291390141909132
2019-09-19,0.00021974682872861852
2019-09-20,0.00023329298899782462
2019-09-21,0.00023387567666882496
2019-09-22,0.0002344583643398257
2019-09-23,0.000277585376032556
2019-09-24,0.00033141648303456115
2019-09-25,0.00033792863638959156
2019-09-26,0.00034635269986198257
2019-09-27,0.0003071663380600394
2019-09-28,0.0003076442586771205
2019-09-29,0.0003081221792942016
2019-09-30,0.00030865551495538846
2019-10-01,0.00033755757134221626
2019-10-02,0.00042610454125240196
2019-10-03,0.0004066811559738521
2019-10-04,0.0004216358091369474
2019-10-05,0.00042202736261520116
2019-10-06,0.000422418916093455
2019-10-07,0.0004052114142999196
2019-10-08,0.0004321528598562222
2019-10-09,0.0004429921497190837
2019-10-10,0.0003351880537654738
2019-10-11,0.0002584049560451988
2019-10-12,0.00025897595295831853
2019-10-13,0.00025954694987143816
2019-10-14,0.00023945861402212932
2019-10-15,0.00017817888491784557
2019-10-16,0.00014065407152791335
2019-10-17,0.00010097270156463625
2019-10-18,5.3580663202539014e-05
2019-10-19,5.444314843512226e-05
2019-10-20,5.530563366770545e-05
2019-10-21,4.100788483371522e-06
2019-10-22,3.170009065134956e-05
2019-10-23,2.3253860607034573e-05
2019-10-24,4.886389220956026e-05
2019-10-25,4.043027295192478e-05
2019-10-26,4.1174300556052806e-05
2019-10-27,4.191832816018083e-05
2019-10-28,1.5273779874882176e-05
2019-10-29,-4.2753740609303786e-06
2019-10-30,6.239441086966887e-05
2019-10-31,7.044568703326143e-05
2019-11-01,2.200084156216256e-05
2019-11-02,2.272378200830153e-05
2019-11-03,2.3446722454440448e-05
2019-11-04,-3.699092614955585e-05
2019-11-05,-5.86880624329716e-05
2019-11-06,-0.00010201445919193604
2019-11-07,-0.00017967216230626632
2019-11-08,-0.0001320006964630346
2019-11-09,-0.00013101616285065686
2019-11-10,-0.0001300316292382789
2019-11-11,-0.00011063616826306294
2019-11-12,-0.0001290979833413156
2019-11-13,-6.668552434381953e-05
2019-11-14,-5.7201904973334656e-05
2019-11-15,-7.23532339944693e-05
2019-11-16,-7.139600861875197e-05
2019-11-17,-7.043878324303394e-05
2019-11-18,-6.948155786731591e-05
2019-11-19,-6.67766614744947e-05
2019-11-20,-4.7589388219663076e-05
2019-11-21,-6.62454201356487e-05
2019-11-22,-7.944620635951254e-05
2019-11-23,-7.846258715991298e-05
2019-11-24,-7.747896796031419e-05
2019-11-25,-0.00013598917635751425
2019-11-26,-9.606904232048165e-05
2019-11-27,-8.951086258963866e-05
2019-11-28,-8.85050736394794e-05
2019-11-29,-6.923969574671341e-05
2019-11-30,-6.822192267028375e-05
2019-12-01,-6.720414959385403e-05
2019-12-02,-3.032338008553538e-05
2019-12-03,-1.590889880485739e-05
2019-12-04,-5.900038829496028e-05
2019-12-05,-2.8651008504769135e-05
2019-12-06,-7.500809557300215e-05
2019-12-07,-7.391344808941111e-05
2019-12-08,-7.281880060582008e-05
2019-12-09,-7.843946545038264e-05
2019-12-10,-9.17611248709378e-05
2019-12-11,-8.329256058315341e-05
2019-12-12,-0.0002185430094729172
2019-12-13,-0.0001850650584046607
2019-12-14,-0.00018386845877192714
2019-12-15,-0.00018267185913919368
2019-12-16,-0.00023903676007095217
2019-12-17,-0.0002641968447254808
2019-12-18,-0.00023874347501584678
2019-12-19,-0.0002523545716497994
2019-12-20,-0.00023720555917285753
2019-12-21,-0.00023592466406450628
2019-12-22,-0.00023464376895615492
2019-12-23,-0.0002310139514659011
2019-12-24,-0.00021345289605490648
2019-12-25,-0.00021224123563949512
2019-12-26,-0.00024197202269452597
2019-12-27,-0.0002183586538380449
2019-12-28,-0.00021717845928714927
2019-12-29,-0.00021599826473625501
2019-12-30,-0.00022216484312899713
2019-12-31,-0.0002273349132051134
2020-01-01,-0.00022616846755675694
2020-01-02,-0.0003431780802197822
2020-01-03,-0.00027759312723795685
2020-01-04,-0.0002763556486647294
2020-01-05,-0.000275118170091502
2020-01-06,-0.00023679789441230113
2020-01-07,-0.0002856926755507035
2020-01-08,-0.00033389518560403893
2020-01-09,-0.0003486913125797752
2020-01-10,-0.00030822787789034733
2020-01-11,-0.0003070357015654917
2020-01-12,-0.00030584352524063623
2020-01-13,-0.0003256549495142168
2020-01-14,-0.0003234440009998079
2020-01-15,-0.0002856472032291039
2020-01-16,-0.00031623812744151577
2020-01-17,-0.0002993787374499097
2020-01-18,-0.00029832385558648563
2020-01-19,-0.00029726897372306155
2020-01-20,-0.0002962140918596372
2020-01-21,-0.0001748293386938772
2020-01-22,-0.00017444793554104415
2020-01-23,-0.00017305005653413632
2020-01-24,-0.00011184144995507683
2020-01-25,-0.00011100469455565637
2020-01-26,-0.0001101679391562359
2020-01-27,-9.638092146139457e-05
2020-01-28,-0.00013273580500171588
2020-01-29,-0.00013562522591868746
2020-01-30,-0.0001134944426696395
2020-01-31,-5.305376907871527e-05
2020-02-01,-5.223268475924056e-05
2020-02-02,-5.1411600439765304e-05
2020-02-03,-4.688827449081628e-05
2020-02-04,-0.00013839756949404606
2020-02-05,-0.0002090952146303239
2020-02-06,-0.0003262292643331756
2020-02-07,-0.00033292378311610386
2020-02-08,-0.00033167508123563505
2020-02-09,-0.00033042637935516743
2020-02-10,-0.0003656006433895503
2020-02-11,-0.00040549866950655974
2020-02-12,-0.00043416186582355474
2020-02-13,-0.0003892561001465558
2020-02-14,-0.00035868167918264997
2020-02-15,-0.0003574821974255642
2020-02-16,-0.00035628271566847834
2020-02-17,-0.0003550832339113935
2020-02-18,-0.00037488650880922436
2020-02-19,-0.00037304519397484087
2020-02-20,-0.00035983519582131714
2020-02-21,-0.00025347849976119566
2020-02-22,-0.0002524983434449148
2020-02-23,-0.000251518187128634
2020-02-24,-9.800756456420788e-05
2020-02-25,-7.021358910344925e-06
2020-02-26,-2.3954800333942533e-06
2020-02-27,0.00010647667504655678
2020-02-28,0.00023979529297349302
2020-02-29,0.0002406036865306176
2020-03-01,0.00024141208008774236
2020-03-02,0.00024304106560098097
2020-03-03,0.00048605447714029107
2020-03-04,0.0005015500056330508
2020-03-05,0.0005661972931871886
2020-03-06,0.0005782463366461077
2020-03-07,0.0005786697999722922
2020-03-08,0.0005790932632984767
2020-03-09,0.0011101665304440458
2020-03-10,0.001102966460898185
2020-03-11,0.0012237681619602495
2020-03-12,0.0015973791591787836
2020-03-13,0.0010246755791284224
2020-03-14,0.001024632603188374
2020-03-15,0.0010245896272483245
2020-03-16,0.001721157147752208
2020-03-17,0.002168108529365093
2020-03-18,0.0019082624016830388
2020-03-19,0.0015688413520566875
2020-03-20,0.001387611342481759
2020-03-21,0.0013873186814321158
2020-03-22,0.001387026020382475
2020-03-23,0.001481079285832531
2020-03-24,0.0014264393181283538
2020-03-25,0.0012731943310971892
2020-03-26,0.0015377201527568705
2020-03-27,0.0016665500047002833
2020-03-28,0.0016660585117527636
2020-03-29,0.0016655670188052431
2020-03-30,0.0018332401560678655
2020-03-31,0.0020901358423772312
2020-04-01,0.002291452099589188
2020-04-02,0.0023220844480383307
2020-04-03,0.002505397513086483
2020-04-04,0.002504104219433855
2020-04-05,0.0025028109257812254
2020-04-06,0.0021253341250711284
2020-04-07,0.0021586700133007035
2020-04-08,0.00206472176782468
2020-04-09,0.0022339574129253328
2020-04-10,0.0022331219467106264
2020-04-11,0.00223228648049592
2020-04-12,0.002231451014281214
2020-04-13,0.0022360865615304697
2020-04-14,0.002328959562052818
2020-04-15,0.002573545035164669
2020-04-16,0.002281064359754157
2020-04-17,0.002380121104605972
2020-04-18,0.002379027453457459
2020-04-19,0.0023779338023089463
2020-04-20,0.0025698619265399907
2020-04-21,0.0023935777656322044
2020-04-22,0.002297800852903465
2020-04-23,0.0023572642199422783
2020-04-24,0.002448008007067792
2020-04-25,0.0024467757987503246
2020-04-26,0.002445543590432855
2020-04-27,0.0024248678616267663
2020-04-28,0.002616479385252296
2020-04-29,0.0028117309889554975
2020-04-30,0.0028940060062006613
2020-05-01,0.0028196492247681473
2020-05-02,0.002818251072349706
2020-05-03,0.002816852919931265
2020-05-04,0.0026782636532573408
2020-05-05,0.0025420589611268012
2020-05-06,0.002555842146873862
2020-05-07,0.00275045477810904
2020-05-08,0.0027255529216668956
2020-05-09,0.0027241159189040796
2020-05-10,0.0027226789161412628
2020-05-11,0.0025606152543986827
2020-05-12,0.0024757354182381305
2020-05-13,0.002540821925503982
2020-05-14,0.002594035228123044
2020-05-15,0.002593158651545297
2020-05-16,0.0025916201627506625
2020-05-17,0.0025900816739560287
2020-05-18,0.0026537047164782585
2020-05-19,0.0027143253347372736
2020-05-20,0.0028345424893616612
2020-05-21,0.0028208848060057596
2020-05-22,0.002494835726837923
2020-05-23,0.0024935650815681816
2020-05-24,0.0024922944362984387
2020-05-25,0.0024910237910286967
2020-05-26,0.0026059850066277174
2020-05-27,0.002502017971186964
2020-05-28,0.0023912187599050023
2020-05-29,0.00232465985898702
2020-05-30,0.00232384458435691
2020-05-31,0.0023230293097267992
2020-06-01,0.0022535300926480486
2020-06-02,0.002279869217206311
2020-06-03,0.0021815627849485993
2020-06-04,0.002138425448711354
2020-06-05,0.0020736434553641167
2020-06-06,0.002073318480738599
2020-06-07,0.002072993506113083
2020-06-08,0.001986231164196508
2020-06-09,0.002024851175540325
2020-06-10,0.002136781282575647
2020-06-11,0.0022739289172204235
2020-06-12,0.0022217923774780876
2020-06-13,0.002221168755772362
2020-06-14,0.0022205451340666367
2020-06-15,0.002181200637784955
2020-06-16,0.0020643421159991216
2020-06-17,0.0021153459816448004
2020-06-18,0.0021480642195037545
2020-06-19,0.0021248489760579583
2020-06-20,0.0021243231335361774
2020-06-21,0.0021237972910143964
2020-06-22,0.002161279039240605
2020-06-23,0.0021308693151031086
2020-06-24,0.0021488207671787572
2020-06-25,0.0023014024632161613
2020-06-26,0.0023533362581229064
2020-06-27,0.0023525881038469858
2020-06-28,0.0023518399495710647
2020-06-29,0.002191374502727831
2020-06-30,0.002299443061765531
2020-07-01,0.002297819853782502
2020-07-02,0.0022209519291461733
2020-07-03,0.0022204335104728475
2020-07-04,0.0022199150917995205
2020-07-05,0.0022193966731261935
2020-07-06,0.002169257595777925
2020-07-07,0.002158218500527585
2020-07-08,0.0022065094931523347
2020-07-09,0.0022866971344045937
2020-07-10,0.0022608235670853703
2020-07-11,0.002260290142688593
2020-07-12,0.0022597567182918144
2020-07-13,0.0022158986633564956
2020-07-14,0.0022293794367427002
2020-07-15,0.0021655386444482763
2020-07-16,0.0021937559600716874
2020-07-17,0.0021307233381191596
2020-07-18,0.0021304012717078573
2020-07-19,0.0021300792052965554
2020-07-20,0.002137453822471013
2020-07-21,0.0021349323369914573
2020-07-22,0.002081754727660851
2020-07-23,0.0021789600391917564
2020-07-24,0.002147155269520271
2020-07-25,0.0021468154213813303
2020-07-26,0.00214647557324239
2020-07-27,0.0022035738056165968
2020-07-28,0.0021979137830741855
2020-07-29,0.002217653892790798
2020-07-30,0.0022879706215243167
2020-07-31,0.0023727394260143584
2020-08-01,0.0023719964899037195
2020-08-02,0.0023712535537930807
2020-08-03,0.002393033218261749
2020-08-04,0.002316646359511353
2020-08-05,0.0023525693802860423
2020-08-06,0.0024099239906326597
2020-08-07,0.002438417099818545
2020-08-08,0.0024376625639776243
2020-08-09,0.002436908028136704
2020-08-10,0.002460653754157919
2020-08-11,0.002324116866396651
2020-08-12,0.002301051558997078
2020-08-13,0.002351910306091909
2020-08-14,0.0022785177019132366
2020-08-15,0.0022780374677715677
2020-08-16,0.0022775572336298983
2020-08-17,0.0023421741974008602
2020-08-18,0.002271509563319516
2020-08-19,0.002237328556040076
2020-08-20,0.002258823776704001
2020-08-21,0.002267744388973364
2020-08-22,0.0022672243819338075
2020-08-23,0.0022667043748942524
2020-08-24,0.002275232125906318
2020-08-25,0.0022834387369242573
2020-08-26,0.0022986778652816955
2020-08-27,0.002341062628497764
2020-08-28,0.002205640107047063
2020-08-29,0.0022052609036206728
2020-08-30,0.002204881700194283
2020-08-31,0.002244144046114353
2020-09-01,0.0023013295015358753
2020-09-02,0.0023869488954365637
2020-09-03,0.0023902713378238633
2020-09-04,0.0023072349754482647
2020-09-05,0.0023066911793686493
2020-09-06,0.0023061473832890343
2020-09-07,0.002305603587209419
2020-09-08,0.0023950465031222293
2020-09-09,0.002364464539438969
2020-09-10,0.0022834006740258795
2020-09-11,0.0023474718064527443
2020-09-12,0.0023468632852458524
2020-09-13,0.0023462547640389604
2020-09-14,0.0024174429686531535
2020-09-15,0.0023862459551015182
2020-09-16,0.002447648222129163
2020-09-17,0.0024130032019101296
2020-09-18,0.002483394082889291
2020-09-19,0.0024825249107045724
2020-09-20,0.0024816557385198544
2020-09-21,0.002467559245349668
2020-09-22,0.0024919450134930562
2020-09-23,0.0025623522718121253
2020-09-24,0.0022835975221869326
2020-09-25,0.0022493649855459324
2020-09-26,0.0022483263349052777
2020-09-27,0.002247287684264621
2020-09-28,0.002329212813832195
2020-09-29,0.0023503599084796654
2020-09-30,0.002398344834243607
2020-10-01,0.002431391108699496
2020-10-02,0.00251905948956843
2020-10-03,0.0025179320211032833
2020-10-04,0.002516804552638136
2020-10-05,0.0025036461963589803
2020-10-06,0.002387526287050329
2020-10-07,0.002424073329531095
2020-10-08,0.0023460057260358395
2020-10-09,0.0023606700264887474
2020-10-10,0.0023598126319875957
2020-10-11,0.002358955237486444
2020-10-12,0.0024672883600401845
2020-10-13,0.002537137718278132
2020-10-14,0.0025348976540466132
2020-10-15,0.0025585533729112677
2020-10-16,0.002666899742902423
2020-10-17,0.0026656555097958746
2020-10-18,0.002664411276689325
2020-10-19,0.0027002921208044172
2020-10-20,0.0028122311962309925
2020-10-21,0.002864022182562726
2020-10-22,0.0029609507771889195
2020-10-23,0.0029217724612419517
2020-10-24,0.002920458193370304
2020-10-25,0.0029191439254986564
2020-10-26,0.002907209555084179
2020-10-27,0.0029703724994812686
2020-10-28,0.002840997260088156
2020-10-29,0.002900625991222391
2020-10-30,0.002849257799271253
2020-10-31,0.0028477107044181838
2020-11-01,0.0028461636095651146
2020-11-02,0.0028790203623961573
2020-11-03,0.0030712370630352347
2020-11-04,0.0029258562179464045
2020-11-05,0.0030850390061285976
2020-11-06,0.0031522838731705928
2020-11-07,0.0031508414286687703
2020-11-08,0.0031493989841669505
2020-11-09,0.0030372978954220807
2020-11-10,0.0029508010276209327
2020-11-11,0.0029620358148743546
2020-11-12,0.002982082274411957
2020-11-13,0.0029182039944274226
2020-11-14,0.0029174662821784742
2020-11-15,0.0029167285699295267
2020-11-16,0.0030169299641582678
2020-11-17,0.0030217775204165334
2020-11-18,0.00299707908643111
2020-11-19,0.0030232677545800604
2020-11-20,0.002981308439711137
2020-11-21,0.002980687361785795
2020-11-22,0.0029800662838604525
2020-11-23,0.002977782897611914
2020-11-24,0.0029321832689128587
2020-11-25,0.002917830842490483
2020-11-26,0.0029174824050258222
2020-11-27,0.0029273684593197524
2020-11-28,0.002926973166641199
2020-11-29,0.0029265778739626445
2020-11-30,0.002946253920006244
2020-12-01,0.0031678275263878
2020-12-02,0.0031441283471598516
2020-12-03,0.0031421421766627865
2020-12-04,0.003089479631621152
2020-12-05,0.003088658957954958
2020-12-06,0.0030878382842887647
2020-12-07,0.003117595647642647
2020-12-08,0.0031269340986258094
2020-12-09,0.0031249891652739845
2020-12-10,0.003053295336240101
2020-12-11,0.0030361058143972466
2020-12-12,0.0030352020930182566
2020-12-13,0.0030342983716392666
2020-12-14,0.0030920450833504627
2020-12-15,0.003120974489593473
2020-12-16,0.003103644029362107
2020-12-17,0.003066394797924432
2020-12-18,0.003080461257222437
2020-12-19,0.003079496542758333
2020-12-20,0.0030785318282942303
2020-12-21,0.0030688678213413945
2020-12-22,0.0030355825572686425
2020-12-23,0.0031137995943283873
2020-12-24,0.003078836470499856
2020-12-25,0.0030778702237689516
2020-12-26,0.0030769039770380474
2020-12-27,0.0030759377303071433
2020-12-28,0.003089835380847638
2020-12-29,0.0031058888600288825
2020-12-30,0.003080398458147909
2020-12-31,0.0031377061962867543
2021-01-01,0.0031366145746900406
2021-01-02,0.0031355229530933273
2021-01-03,0.0031344313314966136
2021-01-04,0.003146600657327849
2021-01-05,0.003235087892281234
2021-01-06,0.003266057594748863
2021-01-07,0.003348573225686338
2021-01-08,0.0032861652599363985
2021-01-09,0.0032852648373144504
2021-01-10,0.0032843644146925027
2021-01-11,0.0032860887331497136
2021-01-12,0.003319890325383034
2021-01-13,0.0032753223194699824
2021-01-14,0.0033206520127137063
2021-01-15,0.003315316286811763
2021-01-16,0.003314165900855477
2021-01-17,0.0033130155148991913
2021-01-18,0.003311865128942905
2021-01-19,0.0032419207088569147
2021-01-20,0.0032028614712762264
2021-01-21,0.0032028367993039092
2021-01-22,0.0032285716692753872
2021-01-23,0.0032275349374669476
2021-01-24,0.003226498205658507
2021-01-25,0.003209368909517541
2021-01-26,0.0032534813301767092
2021-01-27,0.0032023520437816306
2021-01-28,0.0033125879035706602
2021-01-29,0.003158367385029105
2021-01-30,0.0031572458818087336
2021-01-31,0.0031561243785883644
2021-02-01,0.0031845104957632362
2021-02-02,0.0031939046020489567
2021-02-03,0.0031914614670190923
2021-02-04,0.003166656524662415
2021-02-05,0.0031288586120940096
2021-02-06,0.003128095265813905
2021-02-07,0.0031273319195338004
2021-02-08,0.0031479418228587516
2021-02-09,0.0031500558051664445
2021-02-10,0.003138266633725049
2021-02-11,0.0031745299218347714
2021-02-12,0.0031861360807580027
2021-02-13,0.003185339750970231
2021-02-14,0.003184543421182459
2021-02-15,0.003183747091394687
2021-02-16,0.003254291008890188
2021-02-17,0.003233673837003433
2021-02-18,0.0031954728401041256
2021-02-19,0.0032053782705203275
2021-02-20,0.0032045101269868354
2021-02-21,0.003203641983453343
2021-02-22,0.00324084097459822
2021-02-23,0.0031918880601951058
2021-02-24,0.0032219690199491663
2021-02-25,0.003227091258366619
2021-02-26,0.0031683870930409486
2021-02-27,0.0031676408712818203
2021-02-28,0.0031668946495226917
2021-03-01,0.00317222829446627
2021-03-02,0.0032033513055843106
2021-03-03,0.0031580919048571454
2021-03-04,0.003149007048703858
2021-03-05,0.0031566187802016367
2021-03-06,0.003155979903102761
2021-03-07,0.0031553410260038847
2021-03-08,0.003119726908927709
2021-03-09,0.0031369585651810335
2021-03-10,0.0031257026020606524
2021-03-11,0.0031154694218753576
2021-03-12,0.0031032727958543232
2021-03-13,0.0031027741082703874
2021-03-14,0.003102275420686452
2021-03-15,0.003105565985643338
2021-03-16,0.00309694524569041
2021-03-17,0.0031003038255350843
2021-03-18,0.0031261144209763433
2021-03-19,0.003152992011848491
2021-03-20,0.003152402124323337
2021-03-21,0.003151812236798183
2021-03-22,0.003174655883549927
2021-03-23,0.00314286027661877
2021-03-24,0.003134880387856832
2021-03-25,0.0031712354112235458
2021-03-26,0.003165498501225736
2021-03-27,0.003164807845672237
2021-03-28,0.0031641171901187377
2021-03-29,0.0031127951690296716
2021-03-30,0.003084333609463509
2021-03-31,0.0030939458794621766
2021-04-01,0.0031274370431240797
2021-04-02,0.0031267921393987146
2021-04-03,0.0031261472356733495
2021-04-04,0.0031255023319479843
2021-04-05,0.0031351456245276303
2021-04-06,0.0031770580210832926
2021-04-07,0.00317781310353449
2021-04-08,0.0031948228955819666
2021-04-09,0.003203226429358776
2021-04-10,0.003202329367421121
2021-04-11,0.003201432305483465
2021-04-12,0.003198705739319227
2021-04-13,0.003097771478982097
2021-04-14,0.00313325487863496
2021-04-15,0.003159344444688565
2021-04-16,0.0031783995029374735
2021-04-17,0.003177547930448302
2021-04-18,0.0031766963579591303
2021-04-19,0.0031312479554585397
2021-04-20,0.003129401399474139
2021-04-21,0.0031329797198778988
2021-04-22,0.003100482455128875
2021-04-23,0.0031051984980340324
2021-04-24,0.0031042049606671784
2021-04-25,0.0031032114233003247
2021-04-26,0.0030714592949202917
2021-04-27,0.0030285185739467504
2021-04-28,0.003064615076767841
2021-04-29,0.0030478359624584086
2021-04-30,0.003021052995385736
2021-05-01,0.0030202889220471898
2021-05-02,0.0030195248487086433
2021-05-03,0.0029873706871486644
2021-05-04,0.002947055965783776
2021-05-05,0.002976257660154745
2021-05-06,0.002940636824934738
2021-05-07,0.0029276096564565795
2021-05-08,0.0029272505844570485
2021-05-09,0.002926891512457517
2021-05-10,0.0028521418624679277
2021-05-11,0.0028035607572907285
2021-05-12,0.0027757578659545552
2021-05-13,0.002798072750200896
2021-05-14,0.002759395045890047
2021-05-15,0.002759465738697956
2021-05-16,0.0027595364315058653
2021-05-17,0.0027804398849727396
2021-05-18,0.002756914771221109
2021-05-19,0.00277475686207427
2021-05-20,0.0027661201911736875
2021-05-21,0.0027700687812872654
2021-05-22,0.00277010092548753
2021-05-23,0.002770133069687795
2021-05-24,0.002774712920284769
2021-05-25,0.002784979127210011
2021-05-26,0.0027862110672202105
2021-05-27,0.002774337947009877
2021-05-28,0.0027662661086599303
2021-05-29,0.0027663179481918995
2021-05-30,0.00276636978772387
2021-05-31,0.002766421627255839
2021-06-01,0.002766428838052398
2021-06-02,0.002772462392264029
2021-06-03,0.0027687849671257014
2021-06-04,0.0027687443410396007
2021-06-05,0.0027687817168464786
2021-06-06,0.002768819092653356
2021-06-07,0.0027330628491492796
2021-06-08,0.0027529281692254197
2021-06-09,0.002756992291933646
2021-06-10,0.0027513903872808596
2021-06-11,0.0027439722604353694
2021-06-12,0.0027441483625609796
2021-06-13,0.0027443244646865894
2021-06-14,0.002753313288370373
2021-06-15,0.0027569603992131124
2021-06-16,0.0027939479097762966
2021-06-17,0.002794210055529118
2021-06-18,0.002825915483032567
2021-06-19,0.0028257568955442837
2021-06-20,0.002825598308056
2021-06-21,0.0027918681060659536
2021-06-22,0.002786745341474358
2021-06-23,0.0028004909076512073
2021-06-24,0.0027680261261885924
2021-06-25,0.002763957822721627
2021-06-26,0.0027639768118846056
2021-06-27,0.002763995801047584
2021-06-28,0.0028065293254107134
2021-06-29,0.0028103262687423475
2021-06-30,0.0028385668012146426
2021-07-01,0.002791804194286011
2021-07-02,0.002826257401204081
2021-07-03,0.0028260924172734394
2021-07-04,0.002825927433342797
2021-07-05,0.002825762449412155
2021-07-06,0.0028275814420989816
2021-07-07,0.0028509820724369286
2021-07-08,0.002878472319819011
2021-07-09,0.0028311271883286874
2021-07-10,0.0028309054210842143
2021-07-11,0.0028306836538397415
2021-07-12,0.00283955651505674
2021-07-13,0.002871781462037262
2021-07-14,0.002859332665844449
2021-07-15,0.002893525984840195
2021-07-16,0.0028853328116285803
2021-07-17,0.0028849711191374673
2021-07-18,0.0028846094266463547
2021-07-19,0.002934475341888035
2021-07-20,0.003008297939317943
2021-07-21,0.0030407256281834525
2021-07-22,0.003026196605769059
2021-07-23,0.0030112672924789557
2021-07-24,0.0030108755289556025
2021-07-25,0.0030104837654322493
2021-07-26,0.0030150279996170003
2021-07-27,0.0030406500932242276
2021-07-28,0.00302603543521066
2021-07-29,0.003029417512650812
2021-07-30,0.003007956494590794
2021-07-31,0.003007690175910276
2021-08-01,0.0030074238572297576
2021-08-02,0.0030262813424939044
2021-08-03,0.003037343916610717
2021-08-04,0.0030369860712448505
2021-08-05,0.003025438445438095
2021-08-06,0.003015762102360782
2021-08-07,0.0030155457829112633
2021-08-08,0.003015329463461744
2021-08-09,0.0030043728710863137
2021-08-10,0.003009197340256139
2021-08-11,0.002996892633932707
2021-08-12,0.0029958277006159884
2021-08-13,0.0030063957508253275
2021-08-14,0.003006243958628645
2021-08-15,0.0030060921664319625
2021-08-16,0.0030122533294720017
2021-08-17,0.0030222904107956843
2021-08-18,0.0030030519031589093
2021-08-19,0.0030081409286911876
2021-08-20,0.00301450296701423
2021-08-21,0.0030142184173616166
2021-08-22,0.0030139338677090026
2021-08-23,0.0030019770085871417
2021-08-24,0.0029900103727237975
2021-08-25,0.002977981813514812
2021-08-26,0.0029736626137414224
2021-08-27,0.002975991951523348
2021-08-28,0.0029759090168290175
2021-08-29,0.002975826082134687
2021-08-30,0.002991975402250594
2021-08-31,0.002975378802782219
2021-09-01,0.0029570033570142018
2021-09-02,0.002951697476000101
2021-09-03,0.002938225052593714
2021-09-04,0.0029382713102799308
2021-09-05,0.002938317567966147
2021-09-06,0.002938363825652363
2021-09-07,0.0029281934191378897
2021-09-08,0.002954480545725759
2021-09-09,0.0029331003615958077
2021-09-10,0.002941658673876379
2021-09-11,0.0029416962726639254
2021-09-12,0.002941733871451473
2021-09-13,0.0029420086568100845
2021-09-14,0.0029548209702176175
2021-09-15,0.002978600001095233
2021-09-16,0.0029736484092788324
2021-09-17,0.0029683562397947194
2021-09-18,0.002968284610848035
2021-09-19,0.0029682129819013515
2021-09-20,0.0029653241519389385
2021-09-21,0.0029579552887933937
2021-09-22,0.00288542739139169
2021-09-23,0.002852583813141983
2021-09-24,0.0028638174661621326
2021-09-25,0.0028639240925283325
2021-09-26,0.0028640307188945325
2021-09-27,0.002786821049441351
2021-09-28,0.002846746341645975
2021-09-29,0.0028149151480714777
2021-09-30,0.0028168558133856453
2021-10-01,0.002793757232288001
2021-10-02,0.002794046077577544
2021-10-03,0.002794334922867087
2021-10-04,0.0028104595019882847
2021-10-05,0.0027654047488906543
2021-10-06,0.0027613422830681214
2021-10-07,0.0027685314503258797
2021-10-08,0.0027453089053128214
2021-10-09,0.002745636780966822
2021-10-10,0.0027459646566208224
2021-10-11,0.002767702146317019
2021-10-12,0.0027622762057102233
2021-10-13,0.002780797502011561
2021-10-14,0.0027723271287320153
2021-10-15,0.0027660794487507486
2021-10-16,0.0027662850679809627
2021-10-17,0.0027664906872111768
2021-10-18,0.002786375412558465
2021-10-19,0.0027730345075459685
2021-10-20,0.0027800538019523416
2021-10-21,0.002776466899962809
2021-10-22,0.002776044627230429
2021-10-23,0.002776167451907934
2021-10-24,0.002776290276585439
2021-10-25,0.0027973682134891245
2021-10-26,0.002794975484112343
2021-10-27,0.002799696257106923
2021-10-28,0.0027961045379184166
2021-10-29,0.002798484670512285
2021-10-30,0.0027984601236775253
2021-10-31,0.0027984355768427647
2021-11-01,0.002804036165118395
2021-11-02,0.0028100120751133207
2021-11-03,0.0028056024476619005
2021-11-04,0.002801632097622306
2021-11-05,0.0027990281736992332
2021-11-06,0.0027989993696435978
2021-11-07,0.0027989705655879606
2021-11-08,0.0027981398976077067
2021-11-09,0.0028029634606737772
2021-11-10,0.0027987640640196156
2021-11-11,0.0027932542517407014
2021-11-12,0.0028011104728244284
2021-11-13,0.0028010332559786815
2021-11-14,0.002800956039132935
2021-11-15,0.002793841073233284
2021-11-16,0.0027991055369386043
2021-11-17,0.002809808713078679
2021-11-18,0.0027996666520064754
2021-11-19,0.002819694241013729
2021-11-20,0.0028194341456381365
2021-11-21,0.0028191740502625435
2021-11-22,0.0028101657916127206
2021-11-23,0.0028023326864491296
2021-11-24,0.002785039947767964
2021-11-25,0.0027849617614435765
2021-11-26,0.0028259432320590977
2021-11-27,0.0028256167194082357
2021-11-28,0.0028252902067573728
2021-11-29,0.0028309114156424863
2021-11-30,0.0028273949861627517
2021-12-01,0.00280687980007872
2021-12-02,0.002817755331837596
2021-12-03,0.002808482533260734
2021-12-04,0.002808289055250811
2021-12-05,0.0028080955772408892
2021-12-06,0.00279258222612309
2021-12-07,0.0027815086166728172
2021-12-08,0.0027827146776491503
2021-12-09,0.0027240881227156804
2021-12-10,0.0027137964127255713
2021-12-11,0.0027142086434742193
2021-12-12,0.0027146208742228673
2021-12-13,0.0027261378732296522
2021-12-14,0.0026880347168753696
2021-12-15,0.0027090912987192354
2021-12-16,0.0027071071151690304
2021-12-17,0.0027268955688791686
2021-12-18,0.0027274318152275536
2021-12-19,0.0027279680615759382
2021-12-20,0.0027433659697456945
2021-12-21,0.0026934361211408114
2021-12-22,0.002690101833397362
2021-12-23,0.002676926321678797
2021-12-24,0.0026775154158538224
2021-12-25,0.002678104510028848
2021-12-26,0.0026786936042038734
2021-12-27,0.0026566156058168435
2021-12-28,0.0026504292933727746
2021-12-29,0.0026552853313635233
2021-12-30,0.002668920795749538
2021-12-31,0.002670576703601178
2022-01-01,0.002671210347870407
2022-01-02,0.0026718439921396366
2022-01-03,0.0026469209527604553
2022-01-04,0.0025846389327414706
2022-01-05,0.002608669267244353
2022-01-06,0.00255772086356373
2022-01-07,0.0025284348244883816
2022-01-08,0.002529120150553627
2022-01-09,0.0025298054766188733
2022-01-10,0.0025403390560174047
2022-01-11,0.002530691787430944
2022-01-12,0.002514606496697927
2022-01-13,0.0025149727011239058
2022-01-14,0.0025117187682729067
2022-01-15,0.00251218446260776
2022-01-16,0.0025126501569426142
2022-01-17,0.0025131158512774676
2022-01-18,0.0025279463298788505
2022-01-19,0.002542793281479595
2022-01-20,0.0025450358943673833
2022-01-21,0.002557660235587812
2022-01-22,0.0025580105240471623
2022-01-23,0.002558360812506513
2022-01-24,0.002584217406939138
2022-01-25,0.002568843557206369
2022-01-26,0.002554656002366826
2022-01-27,0.0025677175062991647
2022-01-28,0.0025634727637318198
2022-01-29,0.002564067756318927
2022-01-30,0.002564662748906034
2022-01-31,0.0025332940805874128
2022-02-01,0.002397948883758956
2022-02-02,0.0024057171467106813
2022-02-03,0.002437127164852274
2022-02-04,0.002433363269724231
2022-02-05,0.002434205860965751
2022-02-06,0.0024350484522072716
2022-02-07,0.0024056256538194116
2022-02-08,0.0023735659923218486
2022-02-09,0.002355664283196855
2022-02-10,0.002389041262547641
2022-02-11,0.0024171532513465625
2022-02-12,0.0024179494426494544
2022-02-13,0.0024187456339523467
2022-02-14,0.002419232343063159
2022-02-15,0.002425876094814353
2022-02-16,0.002448332962661877
2022-02-17,0.002468063250182446
2022-02-18,0.0024704701035085
2022-02-19,0.002471160420229407
2022-02-20,0.002471850736950313
2022-02-21,0.0024725410536712194
2022-02-22,0.0025308181463036305
2022-02-23,0.0025526371157120415
2022-02-24,0.0026794290034581796
2022-02-25,0.0026557803262301713
2022-02-26,0.0026559588301720135
2022-02-27,0.0026561373341138545
2022-02-28,0.002729126387083314
2022-03-01,0.002740430693104935
2022-03-02,0.0027109233873096085
2022-03-03,0.0027108124796331426
2022-03-04,0.0028552374923593356
2022-03-05,0.002854254116591685
2022-03-06,0.0028532707408240343
2022-03-07,0.002901161967922853
2022-03-08,0.002921732452851556
2022-03-09,0.0028522274810158727
2022-03-10,0.0029274209496824954
2022-03-11,0.0029833555883148045
2022-03-12,0.002982315498253822
2022-03-13,0.00298127540819284
2022-03-14,0.003002337326840637
2022-03-15,0.002984694589506647
2022-03-16,0.0030691491106794753
2022-03-17,0.003126421707231049
2022-03-18,0.0031929192241934817
2022-03-19,0.0031918637958550885
2022-03-20,0.0031908083675166957
2022-03-21,0.0032111886813738252
2022-03-22,0.0032667431166410544
2022-03-23,0.0032419218092702455
2022-03-24,0.00326764188808295
2022-03-25,0.0033107630324229593
2022-03-26,0.00330954258228502
2022-03-27,0.0033083221321470804
2022-03-28,0.0032772388696532453
2022-03-29,0.0033164878232889413
2022-03-30,0.003294325790359361
2022-03-31,0.0033145007463228726
2022-04-01,0.003326968394571098
2022-04-02,0.0033260132112232247
2022-04-03,0.00332505802787535
2022-04-04,0.0033624057048740204
2022-04-05,0.003221204810160459
2022-04-06,0.003166789631517411
2022-04-07,0.0031631570978309484
2022-04-08,0.0031324178713666695
2022-04-09,0.003131363588083069
2022-04-10,0.003130309304799469
2022-04-11,0.0031210356583793787
2022-04-12,0.0030550952130496737
2022-04-13,0.0030175824383911944
2022-04-14,0.0029868761874525455
2022-04-15,0.0029857739816176307
2022-04-16,0.0029846717757827162
2022-04-17,0.002983569569947802
2022-04-18,0.002973745340383422
2022-04-19,0.0029749172893556858
2022-04-20,0.0029753865456320023
2022-04-21,0.0029689444248068384
2022-04-22,0.002941496787318157
2022-04-23,0.002940349966150902
2022-04-24,0.0029392031449836462
2022-04-25,0.002954551642983001
2022-04-26,0.0029298512087296176
2022-04-27,0.0030769991250543197
2022-04-28,0.003080083322238871
2022-04-29,0.0029568529865866824
2022-04-30,0.0029554533335084615
2022-05-01,0.00295405368043024
2022-05-02,0.003011308057582619
2022-05-03,0.0031374146229708726
2022-05-04,0.0032845312182920275
2022-05-05,0.003102005569961044
2022-05-06,0.0031429680095913333
2022-05-07,0.003141267432724462
2022-05-08,0.0031395668558575904
2022-05-09,0.0030000650200761683
2022-05-10,0.0029880777285632223
2022-05-11,0.0027878752886521386
2022-05-12,0.002705019837855284
2022-05-13,0.0028222832094881474
2022-05-14,0.002821175555891481
2022-05-15,0.0028200679022948164
2022-05-16,0.0027781249127157735
2022-05-17,0.0028301097963764803
2022-05-18,0.0027722145755433836
2022-05-19,0.0027615030208800423
2022-05-20,0.002820184900285226
2022-05-21,0.002819222956671718
2022-05-22,0.0028182610130582098
2022-05-23,0.0028578222502774865
2022-05-24,0.0028813560958969153
2022-05-25,0.002847310400532618
2022-05-26,0.002870140039688009
2022-05-27,0.0028718819019911703
2022-05-28,0.0028712031424912034
2022-05-29,0.0028705243829912365
2022-05-30,0.0028698456234912692
2022-05-31,0.0028541418286820155
2022-06-01,0.002861056665474179
2022-06-02,0.0029063238856896043
2022-06-03,0.002877021591916278
2022-06-04,0.0028762155988661152
2022-06-05,0.0028754096058159523
2022-06-06,0.0028710118457695283
2022-06-07,0.0028606609004996706
2022-06-08,0.002761486386708248
2022-06-09,0.0027021846977828895
2022-06-10,0.0028057539887845198
2022-06-11,0.002804720144275281
2022-06-12,0.0028036862997660415
2022-06-13,0.0026546877311542315
2022-06-14,0.0025773347155196753
2022-06-15,0.0025162306271775247
2022-06-16,0.002457830436092927
2022-06-17,0.00247434219469874
2022-06-18,0.002473561451891335
2022-06-19,0.0024727807090839317
2022-06-20,0.0024719999662765266
2022-06-21,0.002378706070693239
2022-06-22,0.0023637698814316294
2022-06-23,0.0024836195870382035
2022-06-24,0.002673288116950378
2022-06-25,0.002672401567884585
2022-06-26,0.002671515018818793
2022-06-27,0.0027167513659238584
2022-06-28,0.002673255429737691
2022-06-29,0.0026834526145162576
2022-06-30,0.002760734928592596
2022-07-01,0.0027294030095834348
2022-07-02,0.0027282195440211173
2022-07-03,0.0027270360784587993
2022-07-04,0.002725852612896481
2022-07-05,0.002726751865780245
2022-07-06,0.002731501775979874
2022-07-07,0.0025679355912580936
2022-07-08,0.0025894219217393304
2022-07-09,0.002588351769039558
2022-07-10,0.0025872816163397855
2022-07-11,0.002644896045477954
2022-07-12,0.002819646331769711
2022-07-13,0.002676957543392582
2022-07-14,0.0028039512081232845
2022-07-15,0.002904298554069622
2022-07-16,0.0029027375157665938
2022-07-17,0.0029011764774635653
2022-07-18,0.002890733639873885
2022-07-19,0.0028553565087908787
2022-07-20,0.0029791376013559145
2022-07-21,0.0031098032153391037
2022-07-22,0.003150502452264019
2022-07-23,0.0031488066845637686
2022-07-24,0.003147110916863515
2022-07-25,0.003205608891146958
2022-07-26,0.002554466076777849
2022-07-27,0.002319812137941466
2022-07-28,0.002523678751031112
2022-07-29,0.0024926772987942988
2022-07-30,0.0024916296143936926
2022-07-31,0.0024905819299930842
2022-08-01,0.0025103688010457495
2022-08-02,0.0024715743388715903
2022-08-03,0.002466442776375209
2022-08-04,0.002508811281706996
2022-08-05,0.002418567317886998
2022-08-06,0.0024176168749296123
2022-08-07,0.002416666431972226
2022-08-08,0.0025218702867400846
2022-08-09,0.0024631687443714178
2022-08-10,0.0024536473856034743
2022-08-11,0.002550927780122458
2022-08-12,0.0025376256017965284
2022-08-13,0.0025367060725248816
2022-08-14,0.0025357865432532353
2022-08-15,0.0025073909956937297
2022-08-16,0.0025819957759157276
2022-08-17,0.002514951878312525
2022-08-18,0.0025501964993225935
2022-08-19,0.0025235305458102897
2022-08-20,0.0025223719276308227
2022-08-21,0.002521213309451357
2022-08-22,0.0025214186247216877
2022-08-23,0.002492911673614849
2022-08-24,0.002422048836287572
2022-08-25,0.002541349523960427
2022-08-26,0.0025649596543523925
2022-08-27,0.002563552545459938
2022-08-28,0.002562145436567483
2022-08-29,0.002553010086329968
2022-08-30,0.0024948401091874164
2022-08-31,0.0023202577921963598
2022-09-01,0.0022339920638691823
2022-09-02,0.0023368329909532423
2022-09-03,0.0023357235926099998
2022-09-04,0.0023346141942667572
2022-09-05,0.0023335047959235147
2022-09-06,0.0023254103019172663
2022-09-07,0.0023188543326418966
2022-09-08,0.0022979886262522774
2022-09-09,0.002309222437685056
2022-09-10,0.002308357106274723
2022-09-11,0.0023074917748643915
2022-09-12,0.0023118726324194926
2022-09-13,0.0023445976370293923
2022-09-14,0.0022414362388442294
2022-09-15,0.002234547956094371
2022-09-16,0.0021981868126194335
2022-09-17,0.002197472456648415
2022-09-18,0.0021967581006773953
2022-09-19,0.002187264844102234
2022-09-20,0.002257316217202167
2022-09-21,0.0021254093183294804
2022-09-22,0.001862234180024455
2022-09-23,0.0019466139831764502
2022-09-24,0.0019460281374077664
2022-09-25,0.001945442291639083
2022-09-26,0.0019412245843486132
2022-09-27,0.0020240039606392785
2022-09-28,0.002059427482503556
2022-09-29,0.0020997936513534278
2022-09-30,0.0019800138101123237
2022-10-01,0.0019793373456210204
2022-10-02,0.001978660881129717
2022-10-03,0.0019146293499644749
2022-10-04,0.0019460538702234641
2022-10-05,0.001951868829649437
2022-10-06,0.0019341912262941796
2022-10-07,0.0019009789035897423
2022-10-08,0.0019003885688664178
2022-10-09,0.0018997982341430928
2022-10-10,0.0017807797852215047
2022-10-11,0.001878589337536487
2022-10-12,0.0017844215530021924
2022-10-13,0.0017506389706582908
2022-10-14,0.0017022529540250662
2022-10-15,0.001701807759693493
2022-10-16,0.0017013625653619184
2022-10-17,0.0016789587671074257
2022-10-18,0.0016587079149013868
2022-10-19,0.0016878836022423099
2022-10-20,0.0017217664507413852
2022-10-21,0.0015525229458978923
2022-10-22,0.001552278425516266
2022-10-23,0.001552033905134639
2022-10-24,0.0016378187436459088
2022-10-25,0.0018229371946743111
2022-10-26,0.0016379061122632152
2022-10-27,0.0015062324692367132
2022-10-28,0.0015194611745732772
2022-10-29,0.0015193867690138
2022-10-30,0.001519312363454323
2022-10-31,0.001486151849538278
2022-11-01,0.001446424906936414
2022-11-02,0.0014058880750245162
2022-11-03,0.0014198714514168298
2022-11-04,0.0013513675149511503
2022-11-05,0.0013514923587152141
2022-11-06,0.0013516172024792775
2022-11-07,0.0014015938149328742
2022-11-08,0.001378920990791226
2022-11-09,0.0014510720662021118
2022-11-10,0.0014027088602777773
2022-11-11,0.0014801455346051837
2022-11-12,0.0014800487572428922
2022-11-13,0.0014799519798806009
2022-11-14,0.0014594015058532444
2022-11-15,0.0014513616872193322
2022-11-16,0.0014252372348869846
2022-11-17,0.0014197791893262434
2022-11-18,0.0014188689299123136
2022-11-19,0.0014189023903609412
2022-11-20,0.0014189358508095683
2022-11-21,0.001408228579706038
2022-11-22,0.0013631207900117342
2022-11-23,0.0013940027808601663
2022-11-24,0.0013940848463759306
2022-11-25,0.0013936525785884593
2022-11-26,0.0013937335347691151
2022-11-27,0.0013938144909497712
2022-11-28,0.0014099738506007228
2022-11-29,0.0014301435382704894
2022-11-30,0.0013915191230310106
2022-12-01,0.0014808261801015625
2022-12-02,0.0014757916301781917
2022-12-03,0.0014756981202418231
2022-12-04,0.0014756046103054548
2022-12-05,0.0015038066678274469
2022-12-06,0.0014804705835889066
2022-12-07,0.0014539268950132266
2022-12-08,0.001449609111225831
2022-12-09,0.0014746703495493564
2022-12-10,0.0014745686507800391
2022-12-11,0.0014744669520107211
2022-12-12,0.001395572809305417
2022-12-13,0.0014202989246865675
2022-12-14,0.0014143390947751917
2022-12-15,0.0014054436315452264
2022-12-16,0.0013605908503971796
2022-12-17,0.0013607102690870077
2022-12-18,0.001360829687776836
2022-12-19,0.001396196169417879
2022-12-20,0.00130504197348129
2022-12-21,0.0012889150480570265
2022-12-22,0.00131147601127942
2022-12-23,0.0013012468275298084
2022-12-24,0.0013014366344559743
2022-12-25,0.0013016264413821404
2022-12-26,0.0013018162483083063
2022-12-27,0.0013081037103025931
2022-12-28,0.0012998537167779607
2022-12-29,0.0013014390544483557
2022-12-30,0.0012982889737630672
2022-12-31,0.0012984851294745854
2023-01-01,0.0012986812851861031
2023-01-02,0.001298877440897621
2023-01-03,0.001238613984277699
2023-01-04,0.0011782776558747186
2023-01-05,0.001172279166940835
2023-01-06,0.0011282466804357618
2023-01-07,0.001128748937331787
2023-01-08,0.001129251194227812
2023-01-09,0.00113594754670178
2023-01-10,0.0011191958352621283
2023-01-11,0.0011327480358177783
2023-01-12,0.001104536684416666
2023-01-13,0.0010892342027678387
2023-01-14,0.0010897285860984277
2023-01-15,0.001090222969429017
2023-01-16,0.0010907173527596055
2023-01-17,0.001088460948954669
2023-01-18,0.001091022528742018
2023-01-19,0.0010899693929841217
2023-01-20,0.0010653989740029702
2023-01-21,0.0010659275313141578
2023-01-22,0.001066456088625345
2023-01-23,0.0010665880087442647
2023-01-24,0.0010545887809662122
2023-01-25,0.0010409569144812897
2023-01-26,0.0010070903350973088
2023-01-27,0.0010230641058877011
2023-01-28,0.0010238105322245162
2023-01-29,0.0010245569585613317
2023-01-30,0.0010399536238288234
2023-01-31,0.000946152726236773
2023-02-01,0.0008996449546690372
2023-02-02,0.0009082016459135357
2023-02-03,0.0009178696793194444
2023-02-04,0.0009190730498660525
2023-02-05,0.0009202764204126602
2023-02-06,0.0009538782923724015
2023-02-07,0.000910149030695669
2023-02-08,0.0009268367872178052
2023-02-09,0.0009022373445798913
2023-02-10,0.0009230534206821827
2023-02-11,0.0009244254230420168
2023-02-12,0.0009257974254018495
2023-02-13,0.0008851788168700225
2023-02-14,0.0008453500355786688
2023-02-15,0.0008578647128541423
2023-02-16,0.0008683927055043615
2023-02-17,0.0008612382997798774
2023-02-18,0.0008627749916723846
2023-02-19,0.0008643116835648917
2023-02-20,0.0008658483754573972
2023-02-21,0.0009345770414874673
2023-02-22,0.0009843057557641184
2023-02-23,0.0009479251859164433
2023-02-24,0.0009899745711502593
2023-02-25,0.0009911847140619255
2023-02-26,0.0009923948569735917
2023-02-27,0.0009203236603379157
2023-02-28,0.0009072384859997603
2023-03-01,0.000942238475931851
2023-03-02,0.0009764599997869063
2023-03-03,0.000873350093474778
2023-03-04,0.0008746943945477474
2023-03-05,0.0008760386956207164
2023-03-06,0.0008662713219139218
2023-03-07,0.0009678042306678482
2023-03-08,0.0009792200025329897
2023-03-09,0.001070870179406457
2023-03-10,0.0011904884625920853
2023-03-11,0.0011918490153104496
2023-03-12,0.0011932095680288143
2023-03-13,0.0014397180271354117
2023-03-14,0.0012858060067465096
2023-03-15,0.0015572920227710774
2023-03-16,0.0014922895148392883
2023-03-17,0.0016837010464626728
2023-03-18,0.0016846899327605238
2023-03-19,0.0016856788190583746
2023-03-20,0.0015634421230326238
2023-03-21,0.0012230471417371902
2023-03-22,0.001322091088345936
2023-03-23,0.0014750170802350455
2023-03-24,0.0015420418783857778
2023-03-25,0.001543128516042804
2023-03-26,0.0015442151536998296
2023-03-27,0.0014901662842264863
2023-03-28,0.0014275120697844479
2023-03-29,0.0013103095806876516
2023-03-30,0.0012399808381473722
2023-03-31,0.0011540957406659452
2023-04-01,0.0011552228731360292
2023-04-02,0.0011563500056061115
2023-04-03,0.0011956524491866611
2023-04-04,0.0011557673367627573
2023-04-05,0.0011999003995062543
2023-04-06,0.0011698622976101091
2023-04-07,0.0011712877687356823
2023-04-08,0.0011727132398612551
2023-04-09,0.001174138710986828
2023-04-10,0.0011842214102040561
2023-04-11,0.0010660057928055001
2023-04-12,0.0010724262163506167
2023-04-13,0.001009081482192596
2023-04-14,0.0009503913433906632
2023-04-15,0.0009519796351957085
2023-04-16,0.0009535679270007537
2023-04-17,0.001109097923402406
2023-04-18,0.0010949356226398008
2023-04-19,0.0011318523674927056
2023-04-20,0.0012453105350660413
2023-04-21,0.001229580686955588
2023-04-22,0.0012313506197567797
2023-04-23,0.001233120552557971
2023-04-24,0.0012229387727752637
2023-04-25,0.0014542589105724932
2023-04-26,0.0014202023987246802
2023-04-27,0.0012934432831798641
2023-04-28,0.0013681282263411998
2023-04-29,0.0013695792378542009
2023-04-30,0.0013710302493672027
2023-05-01,0.0014096696973965824
2023-05-02,0.0014503517889160708
2023-05-03,0.0014727557823530088
2023-05-04,0.0015464153482027021
2023-05-05,0.0013249178922315678
2023-05-06,0.001326664053846373
2023-05-07,0.0013284102154611788
2023-05-08,0.001358968163614492
2023-05-09,0.0013541690946448958
2023-05-10,0.001415879468839163
2023-05-11,0.0014540597869385978
2023-05-12,0.0014847046387330971
2023-05-13,0.001486409212836149
2023-05-14,0.001488113786939201
2023-05-15,0.0014468784873955289
2023-05-16,0.001497423123108423
2023-05-17,0.0014084201850178418
2023-05-18,0.0013807434363846752
2023-05-19,0.0013217678647376874
2023-05-20,0.0013234079043490366
2023-05-21,0.0013250479439603866
2023-05-22,0.0013070647755675825
2023-05-23,0.0013719656198039644
2023-05-24,0.0014802640149933852
2023-05-25,0.00144850821027513
2023-05-26,0.0014210278800487453
2023-05-27,0.0014225799716991805
2023-05-28,0.0014241320633496157
2023-05-29,0.001425684155000051
2023-05-30,0.0014902022734153532
2023-05-31,0.0016555437693713507
2023-06-01,0.001464666759364804
2023-06-02,0.001393310399846789
2023-06-03,0.001394883552936725
2023-06-04,0.0013964567060266602
2023-06-05,0.0014330405016226427
2023-06-06,0.0013720966356887943
2023-06-07,0.0013948474436121599
2023-06-08,0.0013646639657726401
2023-06-09,0.0014154745054886834
2023-06-10,0.0014169254091738457
2023-06-11,0.0014183763128590068
2023-06-12,0.0013844687899193324
2023-06-13,0.0013856429273810997
2023-06-14,0.00130875886372571
2023-06-15,0.0013053661237355223
2023-06-16,0.0012844029866408858
2023-06-17,0.0012861076804301427
2023-06-18,0.0012878123742193987
2023-06-19,0.0012895170680086551
2023-06-20,0.0012914067196556564
2023-06-21,0.0012410732206312863
2023-06-22,0.0012998707158094263
2023-06-23,0.0013499408514447662
2023-06-24,0.001351886640479865
2023-06-25,0.001353832429514964
2023-06-26,0.001366806355147293
2023-06-27,0.0012663124922250115
2023-06-28,0.0012915622680421484
2023-06-29,0.0012064232097279393
2023-06-30,0.0011323144181565373
2023-07-01,0.0011344555911067043
2023-07-02,0.0011365967640568709
2023-07-03,0.0010773060410174343
2023-07-04,0.001079466380489746
2023-07-05,0.0012329335101491901
2023-07-06,0.0013918322582620263
2023-07-07,0.0012391000089018705
2023-07-08,0.0012412910916812284
2023-07-09,0.0012434821744605863
2023-07-10,0.0012456732572399438
