Date,UBS - BCS Accumulated Oriented Area
2019-01-01,0.0
2019-01-02,0.0
2019-01-03,5.898089313925638e-09
2019-01-04,-4.790179429882988e-06
2019-01-05,-4.6416377615800344e-06
2019-01-06,-4.493096093276783e-06
2019-01-07,-6.1360898637375105e-06
2019-01-08,-4.9248247092673935e-06
2019-01-09,-2.7919228382227933e-06
2019-01-10,-4.945455534964267e-06
2019-01-11,-9.365657940306401e-06
2019-01-12,-9.106970970341994e-06
2019-01-13,-8.848284000378127e-06
2019-01-14,-3.5104665741878564e-06
2019-01-15,-3.0977619268806165e-06
2019-01-16,-1.6184049830066966e-05
2019-01-17,-9.688994473323947e-06
2019-01-18,-7.528339663771393e-07
2019-01-19,-2.649048068369944e-07
2019-01-20,2.2302435270350285e-07
2019-01-21,7.109535122436003e-07
2019-01-22,5.634074876235024e-05
2019-01-23,4.985224087703892e-05
2019-01-24,4.702105779836368e-05
2019-01-25,5.07255744803455e-05
2019-01-26,5.1279281847347464e-05
2019-01-27,5.1832989214349195e-05
2019-01-28,5.233422931389855e-05
2019-01-29,5.5348104341129825e-05
2019-01-30,3.8301868177816453e-05
2019-01-31,5.566680079186261e-05
2019-02-01,6.120575792452813e-05
2019-02-02,6.158081766127167e-05
2019-02-03,6.195587739801531e-05
2019-02-04,6.608233374815534e-05
2019-02-05,5.161901534853789e-05
2019-02-06,5.4510744261374574e-05
2019-02-07,6.773640145261752e-05
2019-02-08,7.36303465566223e-05
2019-02-09,7.393940301571155e-05
2019-02-10,7.424845947480073e-05
2019-02-11,7.460451008254001e-05
2019-02-12,6.765070595333768e-05
2019-02-13,6.238234910151393e-05
2019-02-14,7.477363001018748e-05
2019-02-15,5.9971502378494916e-05
2019-02-16,6.029430959815561e-05
2019-02-17,6.0617116817816616e-05
2019-02-18,6.0939924037477686e-05
2019-02-19,6.521335963883773e-05
2019-02-20,0.00010336299734362426
2019-02-21,0.00011651747559110562
2019-02-22,0.00012762173140930147
2019-02-23,0.00012797543560921253
2019-02-24,0.00012832913980912342
2019-02-25,0.00011482476628626439
2019-02-26,8.819105506281673e-05
2019-02-27,7.766690435461478e-05
2019-02-28,8.064922661025649e-05
2019-03-01,7.837468477317491e-05
2019-03-02,7.892554465685371e-05
2019-03-03,7.947640454053262e-05
2019-03-04,8.800523990779916e-05
2019-03-05,0.00010214375403711506
2019-03-06,0.00012181073114166853
2019-03-07,0.0001753556739783683
2019-03-08,0.00019665280547893687
2019-03-09,0.0001971152025501371
2019-03-10,0.00019757759962133687
2019-03-11,0.00016869935688444644
2019-03-12,0.00016103610630483544
2019-03-13,0.00013356212938370513
2019-03-14,0.00012766415409977747
2019-03-15,0.0001298203495982921
2019-03-16,0.00013052455402375442
2019-03-17,0.000131228758449217
2019-03-18,9.478068963642468e-05
2019-03-19,8.444743626904734e-05
2019-03-20,0.00012952280448922987
2019-03-21,0.0001552985528482367
2019-03-22,0.0002042554937596127
2019-03-23,0.00020465301556912884
2019-03-24,0.0002050505373786454
2019-03-25,0.00021256666088818432
2019-03-26,0.0002100041264354186
2019-03-27,0.0001907825806181435
2019-03-28,0.0002171527816838195
2019-03-29,0.00021427297227363327
2019-03-30,0.00021455168836599276
2019-03-31,0.00021483040445835163
2019-04-01,0.00017037360056688748
2019-04-02,0.00016455242993045646
2019-04-03,0.00014117750476397246
2019-04-04,0.0001367792178354603
2019-04-05,0.00014572421450173207
2019-04-06,0.00014622568047793877
2019-04-07,0.00014672714645414564
2019-04-08,0.00015056504830362574
2019-04-09,0.000155403981850279
2019-04-10,0.00015664595952869848
2019-04-11,0.00012902472547034557
2019-04-12,0.00011118957074400727
2019-04-13,0.00011178995996098333
2019-04-14,0.0001123903491779593
2019-04-15,0.00010332631791672672
2019-04-16,7.965899386221899e-05
2019-04-17,5.5567919628601486e-05
2019-04-18,6.260135646964516e-05
2019-04-19,6.32138299495231e-05
2019-04-20,6.382630342940113e-05
2019-04-21,6.443877690927905e-05
2019-04-22,6.42575497838081e-05
2019-04-23,8.261444343640868e-05
2019-04-24,7.513232959066106e-05
2019-04-25,6.219503937376295e-05
2019-04-26,6.45250732856486e-05
2019-04-27,6.490792961020051e-05
2019-04-28,6.529078593475232e-05
2019-04-29,5.0974464414271786e-05
2019-04-30,6.079295322599865e-05
2019-05-01,7.451984938367004e-05
2019-05-02,6.680108813842147e-05
2019-05-03,7.365600212140737e-05
2019-05-04,7.418679366980036e-05
2019-05-05,7.471758521819394e-05
2019-05-06,0.00015495570707743422
2019-05-07,0.0002030673478403256
2019-05-08,0.00020203660800142227
2019-05-09,0.00021846366215687708
2019-05-10,0.00020951043824660181
2019-05-11,0.00020995048040636918
2019-05-12,0.00021039052256613698
2019-05-13,0.0002742669256121822
2019-05-14,0.00025158805034529344
2019-05-15,0.000244700435028643
2019-05-16,0.0002262547246915454
2019-05-17,0.00025494373856910983
2019-05-18,0.0002552467559080233
2019-05-19,0.00025554977324693625
2019-05-20,0.0002665016405005927
2019-05-21,0.00025796516726975716
2019-05-22,0.00030162696130765196
2019-05-23,0.00032787912179117144
2019-05-24,0.0003205048401550693
2019-05-25,0.00032057588173063113
2019-05-26,0.0003206469233061935
2019-05-27,0.0003207179648817553
2019-05-28,0.000329105195104805
2019-05-29,0.0003119018296275189
2019-05-30,0.0003352316809639925
2019-05-31,0.0003479775563651384
2019-06-01,0.00034798936118083626
2019-06-02,0.0003480011659965342
2019-06-03,0.000334542066885939
2019-06-04,0.000273253599423064
2019-06-05,0.00029500384795477845
2019-06-06,0.0003070136587301253
2019-06-07,0.00030533604359503385
2019-06-08,0.00030543496096759504
2019-06-09,0.0003055338783401556
2019-06-10,0.00029819147481711987
2019-06-11,0.0002964637570247007
2019-06-12,0.000320220972058878
2019-06-13,0.0003194485579103676
2019-06-14,0.0003298915341841276
2019-06-15,0.0003299253593769192
2019-06-16,0.00032995918456971146
2019-06-17,0.0003332384626412825
2019-06-18,0.00031398697676564
2019-06-19,0.00030441807273884835
2019-06-20,0.00030451419920686696
2019-06-21,0.0003266235631235928
2019-06-22,0.00032666133735722425
2019-06-23,0.00032669911159085495
2019-06-24,0.00033177047784583577
2019-06-25,0.0003479681554105957
2019-06-26,0.00032770407509219766
2019-06-27,0.00031576432929797496
2019-06-28,0.00031596506011776626
2019-06-29,0.0003160287211876799
2019-06-30,0.00031609238225759414
2019-07-01,0.00030274098948889085
2019-07-02,0.0002990957805089085
2019-07-03,0.0002898245749015285
2019-07-04,0.0002899628463118628
2019-07-05,0.0002730955928789418
2019-07-06,0.00027327612239890246
2019-07-07,0.0002734566519188625
2019-07-08,0.0002829767573475424
2019-07-09,0.0002934144959590464
2019-07-10,0.0002870330574958338
2019-07-11,0.0002626525820422912
2019-07-12,0.0002679613938869667
2019-07-13,0.000268153444457489
2019-07-14,0.0002683454950280108
2019-07-15,0.0002808911236194022
2019-07-16,0.00028142984710151126
2019-07-17,0.00029799759743292663
2019-07-18,0.00028169010285101977
2019-07-19,0.00028853759483432584
2019-07-20,0.00028868974692502293
2019-07-21,0.0002888418990157207
2019-07-22,0.0002785035076833875
2019-07-23,0.0002607639648348762
2019-07-24,0.00026058829409900304
2019-07-25,0.0003048813561632309
2019-07-26,0.0002956817997699512
2019-07-27,0.00029594511500374946
2019-07-28,0.0002962084302375466
2019-07-29,0.0003244434687404268
2019-07-30,0.00036490784449845807
2019-07-31,0.0004096514901452463
2019-08-01,0.0004371292928413594
2019-08-02,0.0004401032553038531
2019-08-03,0.00044009156479589
2019-08-04,0.000440079874287928
2019-08-05,0.0005239037319162643
2019-08-06,0.0005025305074305226
2019-08-07,0.0004951325830880068
2019-08-08,0.0005597359996754861
2019-08-09,0.0005922152800620914
2019-08-10,0.0005919277842864143
2019-08-11,0.000591640288510736
2019-08-12,0.0006184224759703693
2019-08-13,0.0006165973359582952
2019-08-14,0.0006276721169495723
2019-08-15,0.0006435726606526628
2019-08-16,0.0006072037740879452
2019-08-17,0.0006068228954831043
2019-08-18,0.0006064420168782619
2019-08-19,0.0005892696965127181
2019-08-20,0.0006314525576854503
2019-08-21,0.0006311934232331208
2019-08-22,0.0006181778895390064
2019-08-23,0.0006458344905003926
2019-08-24,0.0006454035812616957
2019-08-25,0.0006449726720230005
2019-08-26,0.0006582520425171195
2019-08-27,0.000653574025487333
2019-08-28,0.0006781413188608682
2019-08-29,0.0006608362115688748
2019-08-30,0.0006828918927667814
2019-08-31,0.0006824211368682045
2019-09-01,0.0006819503809696253
2019-09-02,0.0006814796250710475
2019-09-03,0.0006693936463956682
2019-09-04,0.0006538232684413804
2019-09-05,0.000618907311726436
2019-09-06,0.0006153541229107344
2019-09-07,0.0006150185997579457
2019-09-08,0.0006146830766051584
2019-09-09,0.0006111490762080292
2019-09-10,0.0005228088712538712
2019-09-11,0.0005129706464544863
2019-09-12,0.0005101392992040123
2019-09-13,0.00040074368785643133
2019-09-14,0.00040091610749446333
2019-09-15,0.0004010885271324945
2019-09-16,0.0004435494114857607
2019-09-17,0.0004783614200109637
2019-09-18,0.0005161748767274455
2019-09-19,0.000495292443333699
2019-09-20,0.00047395456162674
2019-09-21,0.0004739836050785368
2019-09-22,0.0004740126485303347
2019-09-23,0.000501878817215364
2019-09-24,0.000546016286225384
2019-09-25,0.0005423310800655365
2019-09-26,0.000522947021503423
2019-09-27,0.0005086057979091134
2019-09-28,0.0005085634307603485
2019-09-29,0.0005085210636115846
2019-09-30,0.000518193282730118
2019-10-01,0.0005354786895468168
2019-10-02,0.0005844580211626941
2019-10-03,0.000582283551751855
2019-10-04,0.0005561443161610558
2019-10-05,0.0005559853625917888
2019-10-06,0.0005558264090225204
2019-10-07,0.0005731848284345703
2019-10-08,0.0005909456830160613
2019-10-09,0.0005799382473884818
2019-10-10,0.0004201804192454728
2019-10-11,0.00019144236119147102
2019-10-12,0.0001918141407967559
2019-10-13,0.00019218592040204193
2019-10-14,0.00023670792553850218
2019-10-15,7.071525022142632e-05
2019-10-16,7.726529354339421e-05
2019-10-17,6.197592153368923e-05
2019-10-18,2.386272413987657e-05
2019-10-19,2.4482347806365455e-05
2019-10-20,2.51019714728532e-05
2019-10-21,-3.4084828045738186e-06
2019-10-22,2.9216603988874526e-05
2019-10-23,-1.3183367232201244e-05
2019-10-24,-9.928066787548342e-07
2019-10-25,-6.502538709177164e-05
2019-10-26,-6.432623270095873e-05
2019-10-27,-6.36270783101449e-05
2019-10-28,-8.779331953146814e-05
2019-10-29,-0.0001084362292995268
2019-10-30,-7.152234463588875e-05
2019-10-31,-4.581058436078949e-05
2019-11-01,-7.487934968266268e-05
2019-11-02,-7.420713588642295e-05
2019-11-03,-7.353492209018236e-05
2019-11-04,-0.00011863844809534166
2019-11-05,-0.00012031665322886258
2019-11-06,-0.00010457057617815094
2019-11-07,-0.00012585271342248268
2019-11-08,-9.161217567895969e-05
2019-11-09,-9.105960297975079e-05
2019-11-10,-9.050703028054259e-05
2019-11-11,-0.0001395601696505989
2019-11-12,-0.00013262216148376868
2019-11-13,-9.318305340136053e-05
2019-11-14,-9.682891860098562e-05
2019-11-15,-0.00011355616141414237
2019-11-16,-0.00011284492034031705
2019-11-17,-0.00011213367926649016
2019-11-18,-0.00011352285550393979
2019-11-19,-0.00010252230854549923
2019-11-20,-5.8182604137659326e-05
2019-11-21,-6.420042176243128e-05
2019-11-22,-9.024353704142766e-05
2019-11-23,-8.957647949050932e-05
2019-11-24,-8.89094219395924e-05
2019-11-25,-0.00012856919696652142
2019-11-26,-0.00010295718511797226
2019-11-27,-0.00014341054848035153
2019-11-28,-0.0001426125448548449
2019-11-29,-9.799504107463092e-05
2019-11-30,-9.726271072875745e-05
2019-12-01,-9.653038038288307e-05
2019-12-02,-6.714085798169235e-05
2019-12-03,-2.3989390757507545e-05
2019-12-04,-4.443204727578025e-05
2019-12-05,-7.048970033765773e-05
2019-12-06,-0.00010356024637188203
2019-12-07,-0.0001027698323261988
2019-12-08,-0.00010197941828051551
2019-12-09,-0.00011889422437379578
2019-12-10,-9.505632754320501e-05
2019-12-11,-0.0001001746553955349
2019-12-12,-0.00016096540928449172
2019-12-13,-0.0003174223887688186
2019-12-14,-0.0003162244658883561
2019-12-15,-0.00031502654300789455
2019-12-16,-0.00042930298607211296
2019-12-17,-0.0003973827297016543
2019-12-18,-0.0003498738770555334
2019-12-19,-0.0003268866754966392
2019-12-20,-0.0002598841478298188
2019-12-21,-0.0002589302708459639
2019-12-22,-0.0002579763938621081
2019-12-23,-0.0002694826196661007
2019-12-24,-0.00028228834394330125
2019-12-25,-0.0002812810014064277
2019-12-26,-0.00029845121969822763
2019-12-27,-0.0003065949328908895
2019-12-28,-0.00030555879192383623
2019-12-29,-0.00030452265095678484
2019-12-30,-0.0003122302649558292
2019-12-31,-0.0003290731838167189
2020-01-01,-0.0003280084633841626
2020-01-02,-0.00043154488634330275
2020-01-03,-0.00035130017898353175
2020-01-04,-0.0003502507253331649
2020-01-05,-0.0003492012716827974
2020-01-06,-0.0003393133312486866
2020-01-07,-0.00038821942889159865
2020-01-08,-0.0004203388463448404
2020-01-09,-0.0004220564010382486
2020-01-10,-0.00037983133191407935
2020-01-11,-0.000378852993027063
2020-01-12,-0.00037787465414004724
2020-01-13,-0.0003967927306391583
2020-01-14,-0.00039600430735467896
2020-01-15,-0.0003680232610478607
2020-01-16,-0.0003891684784936261
2020-01-17,-0.00036102261109776355
2020-01-18,-0.0003602048310005862
2020-01-19,-0.0003593870509034094
2020-01-20,-0.0003585692708062319
2020-01-21,-0.00025808096771231625
2020-01-22,-0.00032461242089955344
2020-01-23,-0.00029676994643396907
2020-01-24,-0.00027151548614270764
2020-01-25,-0.00027072242604784966
2020-01-26,-0.0002699293659529908
2020-01-27,-0.0002129363964787036
2020-01-28,-0.00022853810991475953
2020-01-29,-0.0002297552921917126
2020-01-30,-0.0002623780119412519
2020-01-31,-0.000189340871983828
2020-02-01,-0.00018863187927003257
2020-02-02,-0.00018792288655623747
2020-02-03,-0.00017345165461066372
2020-02-04,-0.00021261616654736954
2020-02-05,-0.0002708060551483264
2020-02-06,-0.0003025465454378751
2020-02-07,-0.0003106971964619565
2020-02-08,-0.0003098908859843284
2020-02-09,-0.0003090845755067004
2020-02-10,-0.00032786440264614286
2020-02-11,-0.0003606417116766615
2020-02-12,-0.00039137955365669706
2020-02-13,-0.00035599322541393923
2020-02-14,-0.00033262107750915443
2020-02-15,-0.00033182259743745255
2020-02-16,-0.0003310241173657512
2020-02-17,-0.00033022563729405007
2020-02-18,-0.0003320477405134553
2020-02-19,-0.00033255881969896614
2020-02-20,-0.0003839371850383864
2020-02-21,-0.0003249238749643786
2020-02-22,-0.00032401346093253856
2020-02-23,-0.0003231030469006992
2020-02-24,-0.00010668083978931513
2020-02-25,-8.814918189480124e-06
2020-02-26,7.5184976931200924e-06
2020-02-27,0.00023957836019593225
2020-02-28,0.0002976507730256399
2020-02-29,0.00029784461673501095
2020-03-01,0.0002980384604443836
2020-03-02,0.0003942916780169109
2020-03-03,0.0005528083406349257
2020-03-04,0.0005353240574272394
2020-03-05,0.0006336441452296177
2020-03-06,0.0007065980859954082
2020-03-07,0.0007062114508496195
2020-03-08,0.0007058248157038288
2020-03-09,0.0009572642089808202
2020-03-10,0.001058454587179371
2020-03-11,0.0011409916721973814
2020-03-12,0.0015363900626970879
2020-03-13,0.0014838633528914055
2020-03-14,0.0014825692776722584
2020-03-15,0.0014812752024531124
2020-03-16,0.0021802744958147957
2020-03-17,0.0027950815663716636
2020-03-18,0.0031911264879859375
2020-03-19,0.0034969723980201014
2020-03-20,0.003017024988030191
2020-03-21,0.0030144267907387663
2020-03-22,0.0030118285934473423
2020-03-23,0.0030616700669778255
2020-03-24,0.0030671872457084326
2020-03-25,0.0026083251135895187
2020-03-26,0.002698947175426402
2020-03-27,0.0027797455994893533
2020-03-28,0.002777881729465678
2020-03-29,0.002776017859442004
2020-03-30,0.0030776356763592694
2020-03-31,0.0030427733304171536
2020-04-01,0.003426230847122733
2020-04-02,0.003575319220999135
2020-04-03,0.0036138170378754875
2020-04-04,0.0036109948081303896
2020-04-05,0.0036081725783852934
2020-04-06,0.0037354005715456696
2020-04-07,0.003383195704336735
2020-04-08,0.003333425824934378
2020-04-09,0.0032830517811000834
2020-04-10,0.0032811753448612224
2020-04-11,0.003279298908622363
2020-04-12,0.0032774224723835016
2020-04-13,0.0032392324351482966
2020-04-14,0.00339069673592023
2020-04-15,0.0034689723007121083
2020-04-16,0.0033431788460028316
2020-04-17,0.0033524993857735833
2020-04-18,0.003350332917802572
2020-04-19,0.0033481664498315636
2020-04-20,0.0034989199795782792
2020-04-21,0.0034118941432736507
2020-04-22,0.003379545371567932
2020-04-23,0.0032920273412597764
2020-04-24,0.00331034799772144
2020-04-25,0.003308068365275846
2020-04-26,0.0033057887328302457
2020-04-27,0.003431767264841245
2020-04-28,0.0034136945920229993
2020-04-29,0.003193093920797118
2020-04-30,0.0032657019880948553
2020-05-01,0.003222405106429488
2020-05-02,0.0032207320649675084
2020-05-03,0.0032190590235055315
2020-05-04,0.0032184454634244016
2020-05-05,0.00290969853222472
2020-05-06,0.00298373985703644
2020-05-07,0.0028838389688318126
2020-05-08,0.002813682383099473
2020-05-09,0.002812180198383603
2020-05-10,0.0028106780136677354
2020-05-11,0.0029185213870847756
2020-05-12,0.0030006884136616853
2020-05-13,0.0031287286071905287
2020-05-14,0.003012739596424804
2020-05-15,0.003007295626451686
2020-05-16,0.0030053331345150282
2020-05-17,0.0030033706425783673
2020-05-18,0.002894756592671361
2020-05-19,0.002993095221348204
2020-05-20,0.002962607671887424
2020-05-21,0.003033027145667181
2020-05-22,0.0029531117351755004
2020-05-23,0.002951401893311943
2020-05-24,0.0029496920514483875
2020-05-25,0.00294798220958483
2020-05-26,0.002834475553866681
2020-05-27,0.0027003244762966007
2020-05-28,0.002618542087607555
2020-05-29,0.0027789472601886423
2020-05-30,0.002777710583230401
2020-05-31,0.002776473906272158
2020-06-01,0.0025884851840730586
2020-06-02,0.0026952781409933253
2020-06-03,0.002635608532919192
2020-06-04,0.002658985115893269
2020-06-05,0.002474629586948069
2020-06-06,0.0024740348308773326
2020-06-07,0.0024734400748065983
2020-06-08,0.0024667148063098688
2020-06-09,0.0025610308074563988
2020-06-10,0.0026171694765828825
2020-06-11,0.0027595478493932114
2020-06-12,0.002616438605112645
2020-06-13,0.0026153980083844694
2020-06-14,0.0026143574116562927
2020-06-15,0.0026469903764043527
2020-06-16,0.002545364106124166
2020-06-17,0.0026860846213946645
2020-06-18,0.002739788245533949
2020-06-19,0.0027692725981278386
2020-06-20,0.002768016383524718
2020-06-21,0.0027667601689215955
2020-06-22,0.0028020436373456057
2020-06-23,0.0028431998393558715
2020-06-24,0.002915697093996953
2020-06-25,0.0029756212959069737
2020-06-26,0.0030910470622148778
2020-06-27,0.0030895225386361634
2020-06-28,0.0030879980150574516
2020-06-29,0.0029887148663941742
2020-06-30,0.003012477977417837
2020-07-01,0.0029904315305640857
2020-07-02,0.0029581128720284696
2020-07-03,0.0029569068317479015
2020-07-04,0.0029557007914673334
2020-07-05,0.002954494751186764
2020-07-06,0.0030252606138344526
2020-07-07,0.003055681129626938
2020-07-08,0.0030375734997363305
2020-07-09,0.00306925222711092
2020-07-10,0.002913417846867213
2020-07-11,0.002912356538947827
2020-07-12,0.002911295231028441
2020-07-13,0.0029278345947994656
2020-07-14,0.0029942317059492517
2020-07-15,0.0029173448375474724
2020-07-16,0.0030102459494264423
2020-07-17,0.0030734012587280055
2020-07-18,0.0030721434131557616
2020-07-19,0.0030708855675835164
2020-07-20,0.0030265786447908837
2020-07-21,0.0030873155702214614
2020-07-22,0.0030761814355117836
2020-07-23,0.0030562634723690072
2020-07-24,0.0031057624583082995
2020-07-25,0.0031044799350674066
2020-07-26,0.003103197411826513
2020-07-27,0.0031809425165516404
2020-07-28,0.0030704873930426993
2020-07-29,0.0031777827409510766
2020-07-30,0.0032265630522048355
2020-07-31,0.003226414834602027
2020-08-01,0.0032247251902607693
2020-08-02,0.0032230355459195136
2020-08-03,0.0031948370571974415
2020-08-04,0.0032057700077485806
2020-08-05,0.0032115856339008492
2020-08-06,0.0032428712308335463
2020-08-07,0.0032234985792236204
2020-08-08,0.0032220299198303134
2020-08-09,0.0032205612604370047
2020-08-10,0.0032287994879163814
2020-08-11,0.0031500290390281275
2020-08-12,0.0032172791222712703
2020-08-13,0.0032406203001443205
2020-08-14,0.0031963899059075014
2020-08-15,0.003195002963956226
2020-08-16,0.0031936160220049498
2020-08-17,0.0032002189661947122
2020-08-18,0.003125037949827148
2020-08-19,0.0031157156762400707
2020-08-20,0.0031020349086274494
2020-08-21,0.003106587782464792
2020-08-22,0.003105191829717295
2020-08-23,0.0031037958769697983
2020-08-24,0.003109407299674819
2020-08-25,0.0031169525609473733
2020-08-26,0.003120930040319549
2020-08-27,0.0030913033050833233
2020-08-28,0.0030218752785674966
2020-08-29,0.0030207310034822024
2020-08-30,0.003019586728396907
2020-08-31,0.0030253258572096155
2020-09-01,0.0031625604246891996
2020-09-02,0.0032850715480350584
2020-09-03,0.0032172910418479922
2020-09-04,0.0031459970339281947
2020-09-05,0.003144638431977493
2020-09-06,0.003143279830026792
2020-09-07,0.0031419212280760903
2020-09-08,0.003232856965716807
2020-09-09,0.0033304469279436754
2020-09-10,0.003339315385747505
2020-09-11,0.003384660627832412
2020-09-12,0.0033829323357715225
2020-09-13,0.003381204043710632
2020-09-14,0.0034651598758202967
2020-09-15,0.003411014230289686
2020-09-16,0.003391561711846572
2020-09-17,0.0034176715411323054
2020-09-18,0.0034208407617796893
2020-09-19,0.0034189183724063175
2020-09-20,0.0034169959830329466
2020-09-21,0.003298990184302234
2020-09-22,0.0032719812355013348
2020-09-23,0.003120616451651117
2020-09-24,0.002930579995851697
2020-09-25,0.0028205314968761342
2020-09-26,0.002818432227097729
2020-09-27,0.002816332957319319
2020-09-28,0.0028388280403110707
2020-09-29,0.0028333339818300387
2020-09-30,0.0028581211329566066
2020-10-01,0.0029003925705141675
2020-10-02,0.0028893489506509663
2020-10-03,0.002887541956429633
2020-10-04,0.002885734962208301
2020-10-05,0.002952089467368894
2020-10-06,0.0028390541702007065
2020-10-07,0.0028276361146910016
2020-10-08,0.0027326744352496168
2020-10-09,0.00268273484488777
2020-10-10,0.0026813183532252947
2020-10-11,0.0026799018615628212
2020-10-12,0.002731163278229533
2020-10-13,0.002877273656268339
2020-10-14,0.0028336958726249656
2020-10-15,0.0028323798973861405
2020-10-16,0.0028559236870582113
2020-10-17,0.002854257244130299
2020-10-18,0.0028525908012023826
2020-10-19,0.002884381023351549
2020-10-20,0.0030812909367132725
2020-10-21,0.0030269689249297032
2020-10-22,0.0030230556195152115
2020-10-23,0.0028331906272718137
2020-10-24,0.0028319433729779506
2020-10-25,0.002830696118684089
2020-10-26,0.002864486294345789
2020-10-27,0.0029113471553282987
2020-10-28,0.002823512213384715
2020-10-29,0.0027379722470061963
2020-10-30,0.002709132168800264
2020-10-31,0.0027076968606826834
2020-11-01,0.002706261552565101
2020-11-02,0.00281424290971455
2020-11-03,0.002857325394808646
2020-11-04,0.0029395917273094996
2020-11-05,0.0030006592360883578
2020-11-06,0.0030110705967552882
2020-11-07,0.003009742056123342
2020-11-08,0.003008413515491398
2020-11-09,0.0026754523453735397
2020-11-10,0.00263913521303226
2020-11-11,0.0026352245912896295
2020-11-12,0.002690496940416021
2020-11-13,0.0026302296491983374
2020-11-14,0.0026298016438957056
2020-11-15,0.002629373638593075
2020-11-16,0.0026479597544252064
2020-11-17,0.0026504028191820686
2020-11-18,0.0026193659829983583
2020-11-19,0.0026357551427817257
2020-11-20,0.002642284594018341
2020-11-21,0.0026419548063799257
2020-11-22,0.0026416250187415095
2020-11-23,0.002611303895227686
2020-11-24,0.0025205207116707315
2020-11-25,0.0025851404233006086
2020-11-26,0.002585012519229372
2020-11-27,0.0026186825557753634
2020-11-28,0.002618440146811103
2020-11-29,0.0026181977378468427
2020-11-30,0.002660676924688535
2020-12-01,0.0025501330603456794
2020-12-02,0.0025270362963703214
2020-12-03,0.0025082191430411825
2020-12-04,0.002477383099552145
2020-12-05,0.0024775211249209866
2020-12-06,0.0024776591502898276
2020-12-07,0.0025428462167648674
2020-12-08,0.002530953214344811
2020-12-09,0.0025312110106885362
2020-12-10,0.002577907472927244
2020-12-11,0.0026626190003808505
2020-12-12,0.0026622431305100267
2020-12-13,0.002661867260639204
2020-12-14,0.002565268509850915
2020-12-15,0.00252302395552703
2020-12-16,0.002517503033274335
2020-12-17,0.002487318550280834
2020-12-18,0.00250148004249115
2020-12-19,0.002501489411786092
2020-12-20,0.002501498781081035
2020-12-21,0.002536263996485298
2020-12-22,0.0025038320256770314
2020-12-23,0.0023796116327868943
2020-12-24,0.0024026784673764
2020-12-25,0.002402871765835336
2020-12-26,0.0024030650642942724
2020-12-27,0.0024032583627532082
2020-12-28,0.0023881632654922697
2020-12-29,0.002421221559217548
2020-12-30,0.002423724207925238
2020-12-31,0.002434664079550273
2021-01-01,0.0024347824971261913
2021-01-02,0.002434900914702108
2021-01-03,0.0024350193322780263
2021-01-04,0.0025151444225678153
2021-01-05,0.0024984659267731093
2021-01-06,0.002385093720877676
2021-01-07,0.0023814563096391014
2021-01-08,0.0023994538839578333
2021-01-09,0.0023996507952076234
2021-01-10,0.002399847706457413
2021-01-11,0.0024093594691869395
2021-01-12,0.002377980382863945
2021-01-13,0.0024030276852906656
2021-01-14,0.002385272968869123
2021-01-15,0.0024396961804700806
2021-01-16,0.0024397698305567176
2021-01-17,0.0024398434806433555
2021-01-18,0.0024399171307299926
2021-01-19,0.002446767038758015
2021-01-20,0.002454870867376161
2021-01-21,0.002461952342110867
2021-01-22,0.0024779141262680987
2021-01-23,0.00247787284295464
2021-01-24,0.0024778315596411804
2021-01-25,0.0025255325870747725
2021-01-26,0.0025306200428942167
2021-01-27,0.0025710464687929754
2021-01-28,0.002558285629154753
2021-01-29,0.0025643231020804447
2021-01-30,0.0025639824011490595
2021-01-31,0.0025636417002176735
2021-02-01,0.0025531665086511945
2021-02-02,0.002520536495100252
2021-02-03,0.00249775096358604
2021-02-04,0.0024598721521855143
2021-02-05,0.0024402810877431807
2021-02-06,0.002440368053740769
2021-02-07,0.002440455019738357
2021-02-08,0.002431900117816195
2021-02-09,0.0024243737524498347
2021-02-10,0.00242877716433327
2021-02-11,0.0024420643584588
2021-02-12,0.002434982670960662
2021-02-13,0.0024350621616158353
2021-02-14,0.002435141652271008
2021-02-15,0.0024352211429261813
2021-02-16,0.0023492546389463926
2021-02-17,0.0023750867050584194
2021-02-18,0.0024285890806455095
2021-02-19,0.002374768485787172
2021-02-20,0.0023751139325104776
2021-02-21,0.0023754593792337836
2021-02-22,0.002364640073354132
2021-02-23,0.0023242832729852255
2021-02-24,0.002263230860109109
2021-02-25,0.0023065292399772554
2021-02-26,0.002343695750815595
2021-02-27,0.0023441938580195222
2021-02-28,0.002344691965223449
2021-03-01,0.002305115779870499
2021-03-02,0.002287196611331455
2021-03-03,0.002265427664995711
2021-03-04,0.0023374279439111077
2021-03-05,0.00226848782580404
2021-03-06,0.002269350221284429
2021-03-07,0.0022702126167648187
2021-03-08,0.002241239587418315
2021-03-09,0.0022616271187111993
2021-03-10,0.002247016397525694
2021-03-11,0.0022859638097557557
2021-03-12,0.0022297315573309934
2021-03-13,0.002230870817592
2021-03-14,0.002232010077853007
2021-03-15,0.002244195567823184
2021-03-16,0.002217578212323988
2021-03-17,0.002176598464967246
2021-03-18,0.0021497067831051536
2021-03-19,0.0021349738708645394
2021-03-20,0.0021361043135900283
2021-03-21,0.002137234756315517
2021-03-22,0.002141985683632131
2021-03-23,0.0022181994815101674
2021-03-24,0.0021939547150080863
2021-03-25,0.0021348601491077055
2021-03-26,0.0021436763627844745
2021-03-27,0.0021447593213561947
2021-03-28,0.0021458422799279153
2021-03-29,0.002224867980544727
2021-03-30,0.0021792617934843763
2021-03-31,0.0022095935920549937
2021-04-01,0.0021600872255489604
2021-04-02,0.002161242936555803
2021-04-03,0.0021623986475626457
2021-04-04,0.002163554358569488
2021-04-05,0.002122600963238694
2021-04-06,0.002091602780885465
2021-04-07,0.0020864148256855976
2021-04-08,0.0020945972645733876
2021-04-09,0.002105042016385208
2021-04-10,0.002106185160076858
2021-04-11,0.0021073283037685102
2021-04-12,0.0021015474463849694
2021-04-13,0.0022071539392282333
2021-04-14,0.002174449124379566
2021-04-15,0.0021678445190535557
2021-04-16,0.0021001906284551152
2021-04-17,0.002101472033560194
2021-04-18,0.002102753438665273
2021-04-19,0.0021418377037149407
2021-04-20,0.0022461825274675616
2021-04-21,0.0022589203339480144
2021-04-22,0.0023334797285475915
2021-04-23,0.0022918541168600653
2021-04-24,0.0022930105516479967
2021-04-25,0.002294166986435927
2021-04-26,0.002260165009608144
2021-04-27,0.0022498497310958123
2021-04-28,0.002173589332912759
2021-04-29,0.0021600161067057075
2021-04-30,0.002380213714993849
2021-05-01,0.0023811080295921125
2021-05-02,0.002382002344190377
2021-05-03,0.002356819184919093
2021-05-04,0.0024093432398670993
2021-05-05,0.0023254681133093756
2021-05-06,0.002261772427909854
2021-05-07,0.0022013149513725456
2021-05-08,0.0022025062570821055
2021-05-09,0.002203697562791665
2021-05-10,0.0022608578512881786
2021-05-11,0.002321163534944525
2021-05-12,0.002394117627419013
2021-05-13,0.0023237959344170915
2021-05-14,0.002253295856976086
2021-05-15,0.0022545666412792905
2021-05-16,0.002255837425582496
2021-05-17,0.0022480356901087442
2021-05-18,0.002267168716003682
2021-05-19,0.002267130060425194
2021-05-20,0.002230599708067175
2021-05-21,0.0022095704788310617
2021-05-22,0.0022107711931346674
2021-05-23,0.0022119719074382717
2021-05-24,0.002185151675945466
2021-05-25,0.0022064137494609377
2021-05-26,0.0022016784023714112
2021-05-27,0.0021115626974532353
2021-05-28,0.0020909461005594637
2021-05-29,0.002092247443206261
2021-05-30,0.002093548785853056
2021-05-31,0.0020948501284998537
2021-06-01,0.002066181832827447
2021-06-02,0.002073149199222632
2021-06-03,0.0020674887500406487
2021-06-04,0.0020773940409084426
2021-06-05,0.00207870716685206
2021-06-06,0.002080020292795677
2021-06-07,0.0020707261460713488
2021-06-08,0.0020858166551755066
2021-06-09,0.002152127560302237
2021-06-10,0.0021750339847119763
2021-06-11,0.002157113192606425
2021-06-12,0.0021583046364397527
2021-06-13,0.0021594960802730797
2021-06-14,0.0021661917801833385
2021-06-15,0.0021470718018655023
2021-06-16,0.002185970631778383
2021-06-17,0.002262578573837189
2021-06-18,0.0023795392668297106
2021-06-19,0.0023804136878691822
2021-06-20,0.0023812881089086543
2021-06-21,0.0023399460077650827
2021-06-22,0.00236375254141235
2021-06-23,0.0023515868681062385
2021-06-24,0.002306316451019401
2021-06-25,0.0023061097102716876
2021-06-26,0.0023071346422423532
2021-06-27,0.0023081595742130206
2021-06-28,0.0023478341726285348
2021-06-29,0.0023743661661368813
2021-06-30,0.002398947936220163
2021-07-01,0.002352011794548321
2021-07-02,0.0023818020754670776
2021-07-03,0.0023827524889544665
2021-07-04,0.0023837029024418557
2021-07-05,0.002384653315929246
2021-07-06,0.002430034026551527
2021-07-07,0.002446961630232932
2021-07-08,0.0025554206968047143
2021-07-09,0.0024131905528834794
2021-07-10,0.002414213039847653
2021-07-11,0.0024152355268118276
2021-07-12,0.0024016987583784255
2021-07-13,0.0024519600516258225
2021-07-14,0.002427384255740329
2021-07-15,0.0024838703967972374
2021-07-16,0.0025746761613112306
2021-07-17,0.002575396075347765
2021-07-18,0.0025761159893842992
2021-07-19,0.002706706734409268
2021-07-20,0.0026227230662775785
2021-07-21,0.0025073736736129218
2021-07-22,0.002536380795759615
2021-07-23,0.0025013756697595192
2021-07-24,0.0025020831702768217
2021-07-25,0.002502790670794125
2021-07-26,0.002439529280551155
2021-07-27,0.0024432230016785956
2021-07-28,0.0024156680538181905
2021-07-29,0.0023393690106681343
2021-07-30,0.002365902221610415
2021-07-31,0.00236682921252202
2021-08-01,0.002367756203433624
2021-08-02,0.002362310770465976
2021-08-03,0.0023196739995347783
2021-08-04,0.0023325048653485723
2021-08-05,0.0023014942606992377
2021-08-06,0.002261256900279972
2021-08-07,0.0022623998831067327
2021-08-08,0.0022635428659334945
2021-08-09,0.0022631021176170406
2021-08-10,0.0022472112312937925
2021-08-11,0.0022170905247142847
2021-08-12,0.002230341459038161
2021-08-13,0.0022241356871433274
2021-08-14,0.0022252926521877324
2021-08-15,0.002226449617232136
2021-08-16,0.002242749275858027
2021-08-17,0.0022893149557382288
2021-08-18,0.002308417518952984
2021-08-19,0.002348755633260399
2021-08-20,0.0023430683926708522
2021-08-21,0.0023440684778104756
2021-08-22,0.0023450685629500985
2021-08-23,0.002320253203842658
2021-08-24,0.002298157747794696
2021-08-25,0.0022577261865339175
2021-08-26,0.002312582864766413
2021-08-27,0.0022637697764129783
2021-08-28,0.0022649533828613256
2021-08-29,0.0022661369893096734
2021-08-30,0.0023254454791607386
2021-08-31,0.0023210192886877704
2021-09-01,0.0023080814034998967
2021-09-02,0.0023017958991505194
2021-09-03,0.002298946472853062
2021-09-04,0.002300135634357263
2021-09-05,0.002301324795861463
2021-09-06,0.002302513957365664
2021-09-07,0.002318052593023338
2021-09-08,0.002360996299637116
2021-09-09,0.0023596133288717753
2021-09-10,0.0023736230701274673
2021-09-11,0.0023746800187876655
2021-09-12,0.002375736967447864
2021-09-13,0.0023136072662523106
2021-09-14,0.0023731795547533574
2021-09-15,0.002343519972587525
2021-09-16,0.0023279104587218312
2021-09-17,0.002398400943962022
2021-09-18,0.002399495152947505
2021-09-19,0.0024005893619329878
2021-09-20,0.0026179906590631744
2021-09-21,0.002648247568904494
2021-09-22,0.0025427872095296995
2021-09-23,0.0024478526449435677
2021-09-24,0.002447366518131958
2021-09-25,0.0024485302565044427
2021-09-26,0.002449693994876926
2021-09-27,0.002359758279797293
2021-09-28,0.0024378566413245863
2021-09-29,0.002401589026036703
2021-09-30,0.0024231748659600204
2021-10-01,0.002406063752595285
2021-10-02,0.0024073247122347614
2021-10-03,0.002408585671874238
2021-10-04,0.0024137678245758857
2021-10-05,0.0023166689074655424
2021-10-06,0.0023244923344712363
2021-10-07,0.0022806619427331977
2021-10-08,0.002210913180535784
2021-10-09,0.0022122914539122506
2021-10-10,0.002213669727288717
2021-10-11,0.002227167069324879
2021-10-12,0.0022047282002333546
2021-10-13,0.00221352381534391
2021-10-14,0.00213149823681292
2021-10-15,0.002083900862387876
2021-10-16,0.002085371103705351
2021-10-17,0.002086841345022826
2021-10-18,0.0021007558215756805
2021-10-19,0.0020784842780211263
2021-10-20,0.0020458857546717577
2021-10-21,0.0020650172306898055
2021-10-22,0.0020047200185275673
2021-10-23,0.002006214685478746
2021-10-24,0.002007709352429927
2021-10-25,0.0019901399077602725
2021-10-26,0.001947732831966224
2021-10-27,0.00194266623802289
2021-10-28,0.0019114137486590146
2021-10-29,0.0019192472243631927
2021-10-30,0.0019207108391077255
2021-10-31,0.001922174453852258
2021-11-01,0.0018513628512907227
2021-11-02,0.001848527050720465
2021-11-03,0.00184206969004602
2021-11-04,0.001926625460624221
2021-11-05,0.0019065414877820206
2021-11-06,0.0019077151216333786
2021-11-07,0.0019088887554847367
2021-11-08,0.001917382120269212
2021-11-09,0.0019141057073713498
2021-11-10,0.0019549458768552976
2021-11-11,0.0019387448733536427
2021-11-12,0.0019491652113369578
2021-11-13,0.0019503839020361595
2021-11-14,0.001951602592735361
2021-11-15,0.0019643425022317306
2021-11-16,0.0019673934095467685
2021-11-17,0.001923574520713451
2021-11-18,0.0019731255299733695
2021-11-19,0.0020777888210989034
2021-11-20,0.0020789517480420067
2021-11-21,0.0020801146749851113
2021-11-22,0.0020736897463332587
2021-11-23,0.002055672425859533
2021-11-24,0.002045145937333918
2021-11-25,0.0020463393617098564
2021-11-26,0.0021942091289058703
2021-11-27,0.002195192570297601
2021-11-28,0.002196176011689333
2021-11-29,0.0021869236474830523
2021-11-30,0.0021804701857087105
2021-12-01,0.002193611258133911
2021-12-02,0.002098047457394333
2021-12-03,0.002146085739295838
2021-12-04,0.0021470288649453302
2021-12-05,0.0021479719905948217
2021-12-06,0.0021165740654631804
2021-12-07,0.00207506142636812
2021-12-08,0.0020806393898692246
2021-12-09,0.0021091928889650753
2021-12-10,0.0021097572859115664
2021-12-11,0.0021106208848860938
2021-12-12,0.0021114844838606203
2021-12-13,0.002150414211444053
2021-12-14,0.002145283897414651
2021-12-15,0.002169869568889069
2021-12-16,0.002120941158300189
2021-12-17,0.00218321608745686
2021-12-18,0.002184019907008768
2021-12-19,0.0021848237265606756
2021-12-20,0.002208321591741223
2021-12-21,0.0021476506780723935
2021-12-22,0.0021059631191405245
2021-12-23,0.002064498362119293
2021-12-24,0.0020655600310844884
2021-12-25,0.0020666217000496834
2021-12-26,0.0020676833690148793
2021-12-27,0.0020229504723438397
2021-12-28,0.00201517646682513
2021-12-29,0.0020288694721253115
2021-12-30,0.0020483394929030883
2021-12-31,0.0020576494640564794
2022-01-01,0.002058758949061831
2022-01-02,0.0020598684340671827
2022-01-03,0.002002768676195966
2022-01-04,0.0019092032515299598
2022-01-05,0.0019492987312207187
2022-01-06,0.001825292139831588
2022-01-07,0.0017625113371540061
2022-01-08,0.0017639781463451997
2022-01-09,0.0017654449555363945
2022-01-10,0.0017873138522023569
2022-01-11,0.0017641592421785111
2022-01-12,0.0017221606992394959
2022-01-13,0.0017253719483166616
2022-01-14,0.0017159257623449655
2022-01-15,0.0017176779310274198
2022-01-16,0.0017194300997098763
2022-01-17,0.0017211822683923328
2022-01-18,0.0017723266960869347
2022-01-19,0.0018210346144694085
2022-01-20,0.0018289400323272525
2022-01-21,0.0018606348894434526
2022-01-22,0.001861909312189403
2022-01-23,0.0018631837349353533
2022-01-24,0.001965397872710454
2022-01-25,0.001924831878470941
2022-01-26,0.0018883110899915751
2022-01-27,0.001957734614898772
2022-01-28,0.0019730233543264787
2022-01-29,0.0019743079735506748
2022-01-30,0.001975592592774871
2022-01-31,0.0019314664326064708
2022-02-01,0.0016380526790509874
2022-02-02,0.0016252544977778545
2022-02-03,0.0016526350197680246
2022-02-04,0.0016441364706446815
2022-02-05,0.0016454826516483412
2022-02-06,0.0016468288326520007
2022-02-07,0.0016202089672125964
2022-02-08,0.0015515529645166908
2022-02-09,0.001504426549633982
2022-02-10,0.0015252972535080244
2022-02-11,0.0015840721545193226
2022-02-12,0.0015853526551630112
2022-02-13,0.0015866331558066996
2022-02-14,0.00158568352038954
2022-02-15,0.0015777209430491027
2022-02-16,0.001607490709635901
2022-02-17,0.001644467559485492
2022-02-18,0.001648318113842695
2022-02-19,0.0016493705931060164
2022-02-20,0.0016504230723693373
2022-02-21,0.0016514755516326585
2022-02-22,0.001749402401834316
2022-02-23,0.0017819359200353779
2022-02-24,0.002010579770300511
2022-02-25,0.0018635605488305116
2022-02-26,0.0018646166082188819
2022-02-27,0.0018656726676072517
2022-02-28,0.0019906242454316323
2022-03-01,0.002142316315314526
2022-03-02,0.0020804121788833775
2022-03-03,0.0022070687116584435
2022-03-04,0.002435952104553366
2022-03-05,0.002436178829583381
2022-03-06,0.002436405554613397
2022-03-07,0.0025809920122261535
2022-03-08,0.0024868005808135756
2022-03-09,0.0023822336263877738
2022-03-10,0.002436464334205039
2022-03-11,0.0024444626826833366
2022-03-12,0.0024446676224036947
2022-03-13,0.002444872562124052
2022-03-14,0.0023307434777609425
2022-03-15,0.002311862679128759
2022-03-16,0.0021936061723033225
2022-03-17,0.0021861959619801172
2022-03-18,0.002172556787352827
2022-03-19,0.002173072816722099
2022-03-20,0.002173588846091371
2022-03-21,0.0021803604083737204
2022-03-22,0.0021384761652434893
2022-03-23,0.002168245320966089
2022-03-24,0.0021610642376320086
2022-03-25,0.0021509424686031887
2022-03-26,0.0021513369701729305
2022-03-27,0.0021517314717426727
2022-03-28,0.0022048825535029002
2022-03-29,0.0021975220795083217
2022-03-30,0.0022050801681189856
2022-03-31,0.002215079325711823
2022-04-01,0.0022184018022015587
2022-04-02,0.0022181644079476183
2022-04-03,0.002217927013693678
2022-04-04,0.0022300226061898994
2022-04-05,0.002186764978046504
2022-04-06,0.0021768341965662987
2022-04-07,0.002182587602057535
2022-04-08,0.002171032019281774
2022-04-09,0.0021706855207593583
2022-04-10,0.0021703390222369426
2022-04-11,0.002166229364197702
2022-04-12,0.002143779488044984
2022-04-13,0.00211164785497326
2022-04-14,0.002108400893783134
2022-04-15,0.002108099173082755
2022-04-16,0.002107797452382376
2022-04-17,0.002107495731681997
2022-04-18,0.002092328367742724
2022-04-19,0.0020940618635825366
2022-04-20,0.0020845941508111595
2022-04-21,0.0020705198291785087
2022-04-22,0.0021025536467696804
2022-04-23,0.002102252265341109
2022-04-24,0.0021019508839125386
2022-04-25,0.002103198474931453
2022-04-26,0.00215131916965168
2022-04-27,0.002201280800650098
2022-04-28,0.002132761408501536
2022-04-29,0.002124568739690272
2022-04-30,0.0021241800659110863
2022-05-01,0.0021237913921319028
2022-05-02,0.002118731068781944
2022-05-03,0.002077186194768036
2022-05-04,0.0020678703780313895
2022-05-05,0.002104557848297324
2022-05-06,0.002121895591872997
2022-05-07,0.002121520937508039
2022-05-08,0.002121146283143081
2022-05-09,0.0021035790973419383
2022-05-10,0.002183980640851111
2022-05-11,0.002189979747007814
2022-05-12,0.002162839421059979
2022-05-13,0.0021429673847612385
2022-05-14,0.0021425828542685097
2022-05-15,0.002142198323775782
2022-05-16,0.0020925755349493528
2022-05-17,0.002034361981740157
2022-05-18,0.0020776027658285976
2022-05-19,0.0020701709021444165
2022-05-20,0.0020873649425106715
2022-05-21,0.0020871310864435
2022-05-22,0.0020868972303763273
2022-05-23,0.002053669505588728
2022-05-24,0.0020212372804046903
2022-05-25,0.0020140378552821483
2022-05-26,0.001986276458107594
2022-05-27,0.0019722709448995565
2022-05-28,0.0019725196521720853
2022-05-29,0.001972768359444614
2022-05-30,0.0019730170667171427
2022-05-31,0.0019820531499636514
2022-06-01,0.0020007888097614297
2022-06-02,0.0020008781805643397
2022-06-03,0.0020133599420073837
2022-06-04,0.0020134414784878547
2022-06-05,0.0020135230149683266
2022-06-06,0.0019844484089707832
2022-06-07,0.0019836068681057368
2022-06-08,0.0020230922293067275
2022-06-09,0.0020680159090474036
2022-06-10,0.0021444989472499763
2022-06-11,0.002144422780207704
2022-06-12,0.002144346613165431
2022-06-13,0.0021963028094894995
2022-06-14,0.0022332382498782403
2022-06-15,0.0020889782824901598
2022-06-16,0.0021681293784209365
2022-06-17,0.0021465193956416934
2022-06-18,0.0021463994700152015
2022-06-19,0.002146279544388712
2022-06-20,0.00214615961876222
2022-06-21,0.002071180217678736
2022-06-22,0.002055670834831387
2022-06-23,0.0021893142791354417
2022-06-24,0.0021468747761401
2022-06-25,0.0021467890677724097
2022-06-26,0.0021467033594047193
2022-06-27,0.002153407739560259
2022-06-28,0.0021625461554760695
2022-06-29,0.0021981349743240663
2022-06-30,0.002232656750098004
2022-07-01,0.0022252953890886766
2022-07-02,0.0022250442592896325
2022-07-03,0.0022247931294905898
2022-07-04,0.002224541999691546
2022-07-05,0.002312644688009648
2022-07-06,0.0023617008756581705
2022-07-07,0.002287646977554917
2022-07-08,0.002281074604736672
2022-07-09,0.0022807211500753145
2022-07-10,0.0022803676954139557
2022-07-11,0.00232288712591868
2022-07-12,0.0023548202591300534
2022-07-13,0.0023375401052203176
2022-07-14,0.0024124272545183664
2022-07-15,0.0023258863848477163
2022-07-16,0.0023254389347602844
2022-07-17,0.002324991484672851
2022-07-18,0.002263678290262981
2022-07-19,0.0021814206834453267
2022-07-20,0.002197613252632692
2022-07-21,0.0021994042840107458
2022-07-22,0.0022301241652905365
2022-07-23,0.0022298615791795633
2022-07-24,0.002229598993068591
2022-07-25,0.002156694609709288
2022-07-26,0.002141097165703053
2022-07-27,0.0020295859821466518
2022-07-28,0.0022584310771236083
2022-07-29,0.002158517782015668
2022-07-30,0.002158376832793011
2022-07-31,0.002158235883570353
2022-08-01,0.0020693197297737094
2022-08-02,0.0021163839495124148
2022-08-03,0.0020377886569638588
2022-08-04,0.0020796810873937024
2022-08-05,0.002035614874913922
2022-08-06,0.0020356541795588457
2022-08-07,0.0020356934842037707
2022-08-08,0.0020302246753771914
2022-08-09,0.002013241555615072
2022-08-10,0.0019111749093607693
2022-08-11,0.0019181062714465954
2022-08-12,0.0018817906827443525
2022-08-13,0.0018820437675345265
2022-08-14,0.0018822968523246996
2022-08-15,0.0018984005142643264
2022-08-16,0.0019232550130149231
2022-08-17,0.0019691067586125885
2022-08-18,0.001997062902019049
2022-08-19,0.002075641814708395
2022-08-20,0.002075588759630066
2022-08-21,0.0020755357045517345
2022-08-22,0.0021149647569525497
2022-08-23,0.002083623358796017
2022-08-24,0.0020988073080535964
2022-08-25,0.0020461188718987663
2022-08-26,0.002141969104286115
2022-08-27,0.002141810134030661
2022-08-28,0.002141651163775209
2022-08-29,0.0021646221168186435
2022-08-30,0.0021192101103614876
2022-08-31,0.0021170762891250987
2022-09-01,0.002170368988903674
2022-09-02,0.002123865773632891
2022-09-03,0.002123727439704049
2022-09-04,0.0021235891057752054
2022-09-05,0.0021234507718463635
2022-09-06,0.0020767418614363433
2022-09-07,0.0021395360284897653
2022-09-08,0.002107975408992306
2022-09-09,0.0020621313842001093
2022-09-10,0.0020621028484179935
2022-09-11,0.00206207431263588
2022-09-12,0.0019852697501607248
2022-09-13,0.0020826479974559386
2022-09-14,0.002085958153576472
2022-09-15,0.002063270036515001
2022-09-16,0.002082466315727005
2022-09-17,0.00208239213459209
2022-09-18,0.002082317953457173
2022-09-19,0.0020666725102945938
2022-09-20,0.002104399213687086
2022-09-21,0.0022228170043727853
2022-09-22,0.0021850609750989143
2022-09-23,0.002368777571342632
2022-09-24,0.002368269375009351
2022-09-25,0.0023677611786760712
2022-09-26,0.0024368780299834046
2022-09-27,0.002556980268216439
2022-09-28,0.0026784229227726506
2022-09-29,0.0027241998981548865
2022-09-30,0.002744539862046289
2022-10-01,0.0027435805030188313
2022-10-02,0.0027426211439913755
2022-10-03,0.002653847210190929
2022-10-04,0.002614816777703809
2022-10-05,0.0026472291968108064
2022-10-06,0.0026989523401973227
2022-10-07,0.0027396823232203552
2022-10-08,0.002738734827837213
2022-10-09,0.0027377873324540697
2022-10-10,0.0027370254875434255
2022-10-11,0.0028514436436600293
2022-10-12,0.0028636918497504517
2022-10-13,0.002634059277313575
2022-10-14,0.002619843379207248
2022-10-15,0.0026189291965016833
2022-10-16,0.002618015013796119
2022-10-17,0.0025346984057586118
2022-10-18,0.0025283659518916682
2022-10-19,0.0026379217076610414
2022-10-20,0.0026186236161326094
2022-10-21,0.0025967013164672472
2022-10-22,0.0025959020586181158
2022-10-23,0.0025951028007689825
2022-10-24,0.0025366684375156823
2022-10-25,0.002628716461789372
2022-10-26,0.0025951773679163052
2022-10-27,0.002567010839082175
2022-10-28,0.002635441859509682
2022-10-29,0.0026347454304353262
2022-10-30,0.0026340490013609724
2022-10-31,0.0025876460227526863
2022-11-01,0.0025464108348828606
2022-11-02,0.002587346831192455
2022-11-03,0.0026626485074897517
2022-11-04,0.002564231263386796
2022-11-05,0.0025636659039166973
2022-11-06,0.0025631005444466
2022-11-07,0.002564717288523707
2022-11-08,0.0025280381781507743
2022-11-09,0.0025941783198139834
2022-11-10,0.002540086577135857
2022-11-11,0.0025859816306257498
2022-11-12,0.0025856065876804367
2022-11-13,0.002585231544735123
2022-11-14,0.0025943213659730905
2022-11-15,0.002607595979308128
2022-11-16,0.0026201726840136457
2022-11-17,0.0025802206925765758
2022-11-18,0.0025656214317963813
2022-11-19,0.002565243449836641
2022-11-20,0.002564865467876901
2022-11-21,0.0025718215489171285
2022-11-22,0.002567252196851723
2022-11-23,0.0025468959627452646
2022-11-24,0.0025465717456100616
2022-11-25,0.002522394750081004
2022-11-26,0.0025221328660492695
2022-11-27,0.002521870982017534
2022-11-28,0.002540468701143265
2022-11-29,0.002490231437048273
2022-11-30,0.002468731897936647
2022-12-01,0.00248731583095446
2022-12-02,0.002504490619924949
2022-12-03,0.0025042396648238202
2022-12-04,0.0025039887097226925
2022-12-05,0.00253837680652726
2022-12-06,0.0024942697075877496
2022-12-07,0.0025050453477593318
2022-12-08,0.002505164523073695
2022-12-09,0.0024540256926925998
2022-12-10,0.002453852910804103
2022-12-11,0.002453680128915606
2022-12-12,0.002454528162550891
2022-12-13,0.0024387344800233324
2022-12-14,0.0024479542878654056
2022-12-15,0.0025157044813842715
2022-12-16,0.0025193504005136267
2022-12-17,0.002519009730815722
2022-12-18,0.002518669061117817
2022-12-19,0.002527978481432487
2022-12-20,0.0025129666309123347
2022-12-21,0.0025184135702962596
2022-12-22,0.0025355483456633503
2022-12-23,0.0025218725134998777
2022-12-24,0.002521594712845272
2022-12-25,0.0025213169121906668
2022-12-26,0.002521039111536061
2022-12-27,0.00251645709547151
2022-12-28,0.0025295227586676463
2022-12-29,0.002529291735211653
2022-12-30,0.0025210471213798352
2022-12-31,0.0025207727149172635
2023-01-01,0.0025204983084546892
2023-01-02,0.0025202239019921167
2023-01-03,0.0024910150191683744
2023-01-04,0.00244645865265931
2023-01-05,0.002427016981128355
2023-01-06,0.002416565497539585
2023-01-07,0.0024166125561181336
2023-01-08,0.0024166596146966827
2023-01-09,0.00241255006063377
2023-01-10,0.002414381330582346
2023-01-11,0.00240411303286305
2023-01-12,0.0023758126145056544
2023-01-13,0.002355064061181947
2023-01-14,0.0023553393494043172
2023-01-15,0.0023556146376266874
2023-01-16,0.002355889925849057
2023-01-17,0.0023407251207851355
2023-01-18,0.0023386269005666056
2023-01-19,0.0023529663610587174
2023-01-20,0.0023463929265897365
2023-01-21,0.0023466496081922562
2023-01-22,0.0023469062897947756
2023-01-23,0.002335286217694697
2023-01-24,0.002347296140154613
2023-01-25,0.0023277895466802144
2023-01-26,0.0023056955169461118
2023-01-27,0.0023171590579595235
2023-01-28,0.002317579502606164
2023-01-29,0.0023179999472528034
2023-01-30,0.0023274357127532467
2023-01-31,0.0023195660886473745
2023-02-01,0.0023051864529956014
2023-02-02,0.002310414063186281
2023-02-03,0.002317671949846594
2023-02-04,0.002317998117479891
2023-02-05,0.0023183242851131883
2023-02-06,0.0023322912318437684
2023-02-07,0.0023124592223508506
2023-02-08,0.0023168854142922458
2023-02-09,0.002315421599632006
2023-02-10,0.0023285293936234847
2023-02-11,0.0023288142296459596
2023-02-12,0.0023290990656684354
2023-02-13,0.002315353291073152
2023-02-14,0.0023042004035850076
2023-02-15,0.002335944245360283
2023-02-16,0.00233394255172964
2023-02-17,0.00233559010056523
2023-02-18,0.0023355221688163555
2023-02-19,0.00233545423706748
2023-02-20,0.0023353863053186055
2023-02-21,0.002337445188300436
2023-02-22,0.002331289443801468
2023-02-23,0.002337673507521533
2023-02-24,0.0023402050928626834
2023-02-25,0.0023400478796666863
2023-02-26,0.002339890666470689
2023-02-27,0.0023367376710144126
2023-02-28,0.0023295317234416496
2023-03-01,0.0023276459193793753
2023-03-02,0.002337432709160025
2023-03-03,0.0023440681711320685
2023-03-04,0.002343969530315726
2023-03-05,0.0023438708894993835
2023-03-06,0.002344894608916336
2023-03-07,0.002350485794890706
2023-03-08,0.0023447557204743733
2023-03-09,0.002357485173010077
2023-03-10,0.002355712819452391
2023-03-11,0.0023551857871167347
2023-03-12,0.0023546587547810783
2023-03-13,0.0023305498098886044
2023-03-14,0.002352534306894189
2023-03-15,0.0023760267218139795
2023-03-16,0.0023875093775010334
2023-03-17,0.002313624905064001
2023-03-18,0.002312691056096456
2023-03-19,0.0023117572071289128
2023-03-20,0.0024406063617052457
2023-03-21,0.0026969702088213377
2023-03-22,0.0026241165768124165
2023-03-23,0.002496818995699753
2023-03-24,0.002482917051755092
2023-03-25,0.002481834217650932
2023-03-26,0.0024807513835467723
2023-03-27,0.0024958950988264866
2023-03-28,0.0024843067627359243
2023-03-29,0.0025339706694693367
2023-03-30,0.002554414303930731
2023-03-31,0.00262779575155069
2023-04-01,0.0026270018012929616
2023-04-02,0.002626207851035233
2023-04-03,0.0025334168015367616
2023-04-04,0.002567828355454514
2023-04-05,0.0025358310900620512
2023-04-06,0.002506068258288292
2023-04-07,0.002505533339835399
2023-04-08,0.002504998421382505
2023-04-09,0.002504463502929612
2023-04-10,0.0024973935156101324
2023-04-11,0.0025584601784152793
2023-04-12,0.002536682723742728
2023-04-13,0.002551362522862209
2023-04-14,0.0025502770321603405
2023-04-15,0.0025498667252109924
2023-04-16,0.0025494564182616444
2023-04-17,0.002513374699260577
2023-04-18,0.0025021643645764483
2023-04-19,0.0024850832839294302
2023-04-20,0.002488464151609634
2023-04-21,0.0024826901228010454
2023-04-22,0.0024822218413108423
2023-04-23,0.00248175355982064
2023-04-24,0.0024774009047895283
2023-04-25,0.0024744261450531197
2023-04-26,0.0024542306024368183
2023-04-27,0.0023456806870820286
2023-04-28,0.00236438479427208
2023-04-29,0.0023641903125788347
2023-04-30,0.0023639958308855876
2023-05-01,0.002372257817811113
2023-05-02,0.002418132064670976
2023-05-03,0.0024210199395546797
2023-05-04,0.0024315478524071753
2023-05-05,0.002384324182374772
2023-05-06,0.0023840071555195855
2023-05-07,0.0023836901286644
2023-05-08,0.0023795762340704926
2023-05-09,0.0023891960423956544
2023-05-10,0.0023802121567265792
2023-05-11,0.0023868350540894906
2023-05-12,0.002390546216170078
2023-05-13,0.0023901600806554863
2023-05-14,0.0023897739451408965
2023-05-15,0.0023520826569528525
2023-05-16,0.0023883689391100723
2023-05-17,0.002334907090275901
2023-05-18,0.0023425391438299204
2023-05-19,0.0023458968240174767
2023-05-20,0.002345663081732464
2023-05-21,0.0023454293394474524
2023-05-22,0.0023453092161811505
2023-05-23,0.002322465939088944
2023-05-24,0.002365431815501371
2023-05-25,0.0023777340812975913
2023-05-26,0.0023855007449459847
2023-05-27,0.002385171080857831
2023-05-28,0.002384841416769678
2023-05-29,0.0023845117526815245
2023-05-30,0.0023730369584668573
2023-05-31,0.002407219386293865
2023-06-01,0.0024153813210908643
2023-06-02,0.0023865131004040885
2023-06-03,0.0023862076382928105
2023-06-04,0.0023859021761815317
2023-06-05,0.0024167787785532267
2023-06-06,0.0023946924113688968
2023-06-07,0.002387365678232927
2023-06-08,0.002381691899834017
2023-06-09,0.002395336675080361
2023-06-10,0.002395032288618791
2023-06-11,0.0023947279021572215
2023-06-12,0.0024180132647818454
2023-06-13,0.0023827205643406806
2023-06-14,0.002388757802530294
2023-06-15,0.002396347362243067
2023-06-16,0.0023931432992584344
2023-06-17,0.002392858033396496
2023-06-18,0.0023925727675345567
2023-06-19,0.0023922875016726174
2023-06-20,0.002374277461997994
2023-06-21,0.0024277901539179977
2023-06-22,0.002472080692038589
2023-06-23,0.0024917123409255613
2023-06-24,0.0024911381515135235
2023-06-25,0.0024905639621014856
2023-06-26,0.0024827487716755983
2023-06-27,0.0024753722915436525
2023-06-28,0.002458310420480259
2023-06-29,0.002431606058595311
2023-06-30,0.0023976611547466193
2023-07-01,0.002397340771693352
2023-07-02,0.002397020388640086
2023-07-03,0.0023805708589137616
2023-07-04,0.002380306492308121
2023-07-05,0.002433202713164468
2023-07-06,0.0024190610177017907
2023-07-07,0.002415215061133758
2023-07-08,0.002414799703184945
2023-07-09,0.0024143843452361317
2023-07-10,0.0024139689872873186
