Date,UBS - HDB Accumulated Oriented Area
2019-01-01,0.0
2019-01-02,0.0
2019-01-03,8.434243643981227e-08
2019-01-04,6.903679120273472e-06
2019-01-05,6.83991814435708e-06
2019-01-06,6.7761571684405224e-06
2019-01-07,5.224608236438351e-06
2019-01-08,9.054566211051056e-06
2019-01-09,4.288970470846447e-06
2019-01-10,4.674374635097175e-06
2019-01-11,5.350686026504157e-06
2019-01-12,5.161205169563307e-06
2019-01-13,4.97172431262245e-06
2019-01-14,-6.761003219509686e-06
2019-01-15,2.8418293649357087e-06
2019-01-16,8.295426692446134e-06
2019-01-17,1.4518584330963521e-05
2019-01-18,2.081583083455255e-05
2019-01-19,2.058946119369187e-05
2019-01-20,2.0363091552831195e-05
2019-01-21,2.0136721911970522e-05
2019-01-22,-1.9839428094814725e-06
2019-01-23,-4.969481008417934e-06
2019-01-24,-9.981379937898673e-06
2019-01-25,-9.165870545085757e-06
2019-01-26,-9.565272164823167e-06
2019-01-27,-9.964673784560313e-06
2019-01-28,-1.9365297786687346e-05
2019-01-29,-2.9789754075340787e-05
2019-01-30,-1.54737317129177e-05
2019-01-31,-2.506586867278925e-05
2019-02-01,-2.937621336931535e-05
2019-02-02,-2.9735796103400497e-05
2019-02-03,-3.0095378837485768e-05
2019-02-04,-3.3043813028807034e-05
2019-02-05,-2.0019899325808118e-05
2019-02-06,-2.040835287320519e-05
2019-02-07,-3.05758968281157e-05
2019-02-08,-3.512345868682578e-05
2019-02-09,-3.536502898792998e-05
2019-02-10,-3.5606599289033875e-05
2019-02-11,-3.5572680602318574e-05
2019-02-12,-3.081146337698021e-05
2019-02-13,-2.8799911490375016e-05
2019-02-14,-3.968888388047111e-05
2019-02-15,-2.5830215155685465e-05
2019-02-16,-2.613251865376863e-05
2019-02-17,-2.6434822151851798e-05
2019-02-18,-2.6737125649934984e-05
2019-02-19,-3.240782620595391e-05
2019-02-20,-6.66903711187263e-05
2019-02-21,-7.698965115436343e-05
2019-02-22,-7.759246047840516e-05
2019-02-23,-7.776812294275506e-05
2019-02-24,-7.794378540710525e-05
2019-02-25,-8.157101673559321e-05
2019-02-26,-7.161873331471322e-05
2019-02-27,-6.854737316831319e-05
2019-02-28,-6.956018445072246e-05
2019-03-01,-6.650358692222058e-05
2019-03-02,-6.674145911252869e-05
2019-03-03,-6.697933130283675e-05
2019-03-04,-7.148232063318837e-05
2019-03-05,-8.496972622669744e-05
2019-03-06,-9.172147711965503e-05
2019-03-07,-9.806605349392254e-05
2019-03-08,-0.0001137248754445874
2019-03-09,-0.00011357658226302978
2019-03-10,-0.00011342828908147222
2019-03-11,-0.00013905343588806448
2019-03-12,-0.00015524466159541972
2019-03-13,-0.00018455546438653062
2019-03-14,-0.00018626230645337288
2019-03-15,-0.0001936478692348613
2019-03-16,-0.00019308119509817351
2019-03-17,-0.00019251452096148575
2019-03-18,-0.00022885494935300136
2019-03-19,-0.00022949877790799834
2019-03-20,-0.00021211079391101684
2019-03-21,-0.00020159091039942975
2019-03-22,-0.00014857125420494828
2019-03-23,-0.0001479110148709089
2019-03-24,-0.00014725077553687013
2019-03-25,-0.00014187004610156587
2019-03-26,-0.0001838958730043654
2019-03-27,-0.00018649994705036455
2019-03-28,-0.00017590130545187154
2019-03-29,-0.0002140342908578042
2019-03-30,-0.00021321842703811382
2019-03-31,-0.00021240256321842284
2019-04-01,-0.0002434949683637766
2019-04-02,-0.0002459632260216639
2019-04-03,-0.0002584022145030544
2019-04-04,-0.000258314987939696
2019-04-05,-0.0002553753838247386
2019-04-06,-0.00025474435526853497
2019-04-07,-0.0002541133267123319
2019-04-08,-0.0002500757708677615
2019-04-09,-0.0002472694781047211
2019-04-10,-0.00023522532351817453
2019-04-11,-0.000257124046411563
2019-04-12,-0.00027023255051023237
2019-04-13,-0.0002697080986928824
2019-04-14,-0.00026918364687553294
2019-04-15,-0.0002770229996693384
2019-04-16,-0.00029892797068009614
2019-04-17,-0.0003221442911161141
2019-04-18,-0.0003124565836011869
2019-04-19,-0.00031187095944095627
2019-04-20,-0.00031128533528072545
2019-04-21,-0.0003106997111204948
2019-04-22,-0.0003114624464710688
2019-04-23,-0.00029387118380186535
2019-04-24,-0.00030183716009862934
2019-04-25,-0.0003171385297807785
2019-04-26,-0.00031492476578121926
2019-04-27,-0.0003143859342848664
2019-04-28,-0.0003138471027885134
2019-04-29,-0.00034000843549067124
2019-04-30,-0.0003301657904279553
2019-05-01,-0.00030875149668392187
2019-05-02,-0.00031601675431884975
2019-05-03,-0.0003064292028224864
2019-05-04,-0.00030563819292290297
2019-05-05,-0.0003048471830233195
2019-05-06,-0.00018292737012957138
2019-05-07,-0.00012349298783469466
2019-05-08,-0.00011021283865361416
2019-05-09,-9.498463923228803e-05
2019-05-10,-0.00011012367938626479
2019-05-11,-0.00010924454287098432
2019-05-12,-0.00010836540635570188
2019-05-13,-3.981667938679636e-05
2019-05-14,-5.294232305672896e-05
2019-05-15,-2.880774869854329e-05
2019-05-16,-8.5516777644779e-05
2019-05-17,-7.881611960980597e-05
2019-05-18,-7.791329149110526e-05
2019-05-19,-7.701046337240605e-05
2019-05-20,-0.00017942861069624979
2019-05-21,-0.0001750335743664878
2019-05-22,-0.00014341696832719994
2019-05-23,-6.508017493426912e-05
2019-05-24,-0.00014141604063746318
2019-05-25,-0.000140186890653186
2019-05-26,-0.00013895774066890738
2019-05-27,-0.0001377285906846303
2019-05-28,-0.00010461481722511852
2019-05-29,-8.147231603501155e-05
2019-05-30,-8.174525193516098e-05
2019-05-31,-5.2937103562594994e-05
2019-06-01,-5.1527506413468475e-05
2019-06-02,-5.011790926434415e-05
2019-06-03,-9.564787231469872e-05
2019-06-04,-0.00019084813883755257
2019-06-05,-0.00019668600612064528
2019-06-06,-0.00019563785329740273
2019-06-07,-0.00021813340481659658
2019-06-08,-0.0002165690083650066
2019-06-09,-0.0002150046119134167
2019-06-10,-0.00022754401660852777
2019-06-11,-0.0002651221273545751
2019-06-12,-0.00018544208345889842
2019-06-13,-0.0001565791005399844
2019-06-14,-0.000131368268317566
2019-06-15,-0.00012976993648267657
2019-06-16,-0.00012817160464778632
2019-06-17,-8.644758210431727e-05
2019-06-18,-0.00012797880818005275
2019-06-19,-0.00014575803669580805
2019-06-20,-0.00018009214114332334
2019-06-21,-0.00011324951165603026
2019-06-22,-0.00011174902414135839
2019-06-23,-0.00011024853662668853
2019-06-24,-0.0001270471682892263
2019-06-25,-0.00010530340862590542
2019-06-26,-0.0001340285841588618
2019-06-27,-0.00019093420917039812
2019-06-28,-0.00021268704535988895
2019-06-29,-0.00021106863472988697
2019-06-30,-0.00020945022409988507
2019-07-01,-0.00023664609156178005
2019-07-02,-0.0002486665957417678
2019-07-03,-0.00026431729695897523
2019-07-04,-0.0002626656237445654
2019-07-05,-0.0002808411892780279
2019-07-06,-0.0002792967914613943
2019-07-07,-0.00027775239364475913
2019-07-08,-0.00017874497349634028
2019-07-09,-0.00013026527941008953
2019-07-10,-0.00019829476490592634
2019-07-11,-0.00024909906542857615
2019-07-12,-0.00023324286599712556
2019-07-13,-0.00023191029929917203
2019-07-14,-0.00023057773260122115
2019-07-15,-0.00021342748038872658
2019-07-16,-0.00019343094805410882
2019-07-17,-0.0001869059708094253
2019-07-18,-0.0002235972087254605
2019-07-19,-0.00012959419815265888
2019-07-20,-0.00012834403826318788
2019-07-21,-0.000127093878373715
2019-07-22,-5.172602048736434e-05
2019-07-23,-3.788155081581413e-05
2019-07-24,-1.3215996422280828e-05
2019-07-25,4.3565221679580935e-05
2019-07-26,8.474558261430137e-05
2019-07-27,8.567744690345406e-05
2019-07-28,8.660931119260418e-05
2019-07-29,9.376511537404384e-05
2019-07-30,0.00013489814626493535
2019-07-31,0.00011317497422477042
2019-08-01,0.00015839151762530205
2019-08-02,0.0001582444989158763
2019-08-03,0.00015915912038966964
2019-08-04,0.00016007374186346296
2019-08-05,0.0003144969146325333
2019-08-06,0.0002327316157547651
2019-08-07,0.00027297468327083275
2019-08-08,0.00021288587063882772
2019-08-09,0.0002036505416374461
2019-08-10,0.00020456621814749474
2019-08-11,0.0002054818946575471
2019-08-12,0.0002212830755299805
2019-08-13,0.0002929088434870534
2019-08-14,0.0003954816627261776
2019-08-15,0.00036748856314073393
2019-08-16,0.0003258808636934954
2019-08-17,0.0003267734569779995
2019-08-18,0.00032766605026249946
2019-08-19,0.0003925808853888085
2019-08-20,0.0003740088412793152
2019-08-21,0.0003748100630141497
2019-08-22,0.0005380171342513683
2019-08-23,0.0005026008129762477
2019-08-24,0.0005032123666163825
2019-08-25,0.0005038239202565173
2019-08-26,0.00047037907384581883
2019-08-27,0.00042985761126866233
2019-08-28,0.00047486609283435105
2019-08-29,0.00047616672870376246
2019-08-30,0.0004420203336468297
2019-08-31,0.00044270374645941817
2019-09-01,0.0004433871592720107
2019-09-02,0.000444070572084603
2019-09-03,0.0005593540573684552
2019-09-04,0.0005499091585688669
2019-09-05,0.0006322955896212878
2019-09-06,0.0006079358046343064
2019-09-07,0.0006083390699391437
2019-09-08,0.0006087423352439773
2019-09-09,0.0006210151252470647
2019-09-10,0.0006585906379482412
2019-09-11,0.0006261719101332411
2019-09-12,0.0006268416751360806
2019-09-13,0.0006334096825194482
2019-09-14,0.0006336625524412962
2019-09-15,0.0006339154223631467
2019-09-16,0.0006582158752736097
2019-09-17,0.0006505060997936625
2019-09-18,0.0006802037151016225
2019-09-19,0.0006970978038198187
2019-09-20,0.00041356811517508383
2019-09-21,0.0004143140428634201
2019-09-22,0.00041505997055175356
2019-09-23,0.00024844976173781137
2019-09-24,0.00033874262611150927
2019-09-25,0.00036469471804727256
2019-09-26,0.0002748687666842271
2019-09-27,0.00030906102479039366
2019-09-28,0.00031008149970207375
2019-09-29,0.00031110197461375384
2019-09-30,0.0003851533855554287
2019-10-01,0.00037694689595495315
2019-10-02,0.0004772185718134184
2019-10-03,0.00039701855375731915
2019-10-04,0.0005805263270150642
2019-10-05,0.0005813359204397307
2019-10-06,0.0005821455138644012
2019-10-07,0.0005379415851111299
2019-10-08,0.0005335139598822339
2019-10-09,0.0004654068767852724
2019-10-10,0.000481236408424573
2019-10-11,0.0004916741780353174
2019-10-12,0.0004924932916471093
2019-10-13,0.0004933124052588979
2019-10-14,0.0005125618341818874
2019-10-15,0.0004187709344228822
2019-10-16,0.00040651836601585757
2019-10-17,0.00037662101771367905
2019-10-18,0.00040960679619287635
2019-10-19,0.0004104875744113681
2019-10-20,0.00041136835262985984
2019-10-21,0.00030382298955551547
2019-10-22,0.00029974962656426367
2019-10-23,0.00025140854879867534
2019-10-24,0.0002165261435797453
2019-10-25,0.00019776443001438067
2019-10-26,0.0001988888612841341
2019-10-27,0.0002000132925538901
2019-10-28,0.00017627170983521598
2019-10-29,0.0001292433739030359
2019-10-30,0.0001470264773814055
2019-10-31,0.00016661976614571418
2019-11-01,0.0001132875158111148
2019-11-02,0.0001145282049763491
2019-11-03,0.00011576889414158085
2019-11-04,5.137348077820231e-05
2019-11-05,7.007634918736335e-05
2019-11-06,3.0435089426747192e-05
2019-11-07,-4.838885919979856e-07
2019-11-08,3.558537495342891e-05
2019-11-09,3.675737498404853e-05
2019-11-10,3.7929375014670165e-05
2019-11-11,3.935688024262729e-05
2019-11-12,6.260424797719554e-05
2019-11-13,9.624636820237004e-05
2019-11-14,7.275394904031519e-05
2019-11-15,6.879701837864363e-05
2019-11-16,7.002610026256474e-05
2019-11-17,7.125518214648268e-05
2019-11-18,9.587127677969655e-05
2019-11-19,0.00010709488058694138
2019-11-20,0.00010794948447401278
2019-11-21,0.000109360515461509
2019-11-22,8.899698205873944e-05
2019-11-23,9.018717735536055e-05
2019-11-24,9.13773726519818e-05
2019-11-25,3.745629382703326e-05
2019-11-26,5.457788931676735e-05
2019-11-27,1.737287248525132e-05
2019-11-28,1.873979919615241e-05
2019-11-29,0.00010877339339629525
2019-11-30,0.00010999295041169393
2019-12-01,0.00011121250742709504
2019-12-02,0.00011789459541963122
2019-12-03,0.00016873375653055588
2019-12-04,0.0001181774658417675
2019-12-05,0.00010979882271772723
2019-12-06,0.00010569364643011817
2019-12-07,0.00010700544517780198
2019-12-08,0.00010831724392548325
2019-12-09,0.00011564351444522746
2019-12-10,9.950312720965581e-05
2019-12-11,9.660893573128063e-05
2019-12-12,3.634795863764745e-05
2019-12-13,1.5303429068175235e-05
2019-12-14,1.6674428319052016e-05
2019-12-15,1.8045427569930044e-05
2019-12-16,-8.198920944315876e-06
2019-12-17,-6.960453932965512e-05
2019-12-18,-5.587700106022146e-05
2019-12-19,-3.4053122438767655e-05
2019-12-20,-2.9453622313587086e-05
2019-12-21,-2.8010829031715887e-05
2019-12-22,-2.656803574984233e-05
2019-12-23,-8.966658042723483e-06
2019-12-24,-5.970826466524177e-06
2019-12-25,-4.597037334423676e-06
2019-12-26,3.6017583569571414e-06
2019-12-27,8.404824651894619e-06
2019-12-28,9.693669018942937e-06
2019-12-29,1.0982513385989086e-05
2019-12-30,4.028271297851964e-06
2019-12-31,-1.0506939269103275e-05
2020-01-01,-9.207614237679256e-06
2020-01-02,-8.33373435178169e-05
2020-01-03,9.288525219504319e-06
2020-01-04,1.0420744243626686e-05
2020-01-05,1.155296326775106e-05
2020-01-06,5.66106146478942e-05
2020-01-07,3.0996165998725385e-05
2020-01-08,-9.89412871342998e-06
2020-01-09,-4.54526045333323e-05
2020-01-10,-1.6078586259780567e-06
2020-01-11,-5.406525083424341e-07
2020-01-12,5.265536092923212e-07
2020-01-13,-4.3721832017587026e-05
2020-01-14,-4.987748199908958e-05
2020-01-15,-2.9196447543046184e-05
2020-01-16,-2.3720845092824682e-05
2020-01-17,-1.6810604833311822e-05
2020-01-18,-1.5791382125679107e-05
2020-01-19,-1.4772159418046337e-05
2020-01-20,-1.3752936710415925e-05
2020-01-21,0.00015681611365990332
2020-01-22,0.0001362514477426851
2020-01-23,0.00014460521710809102
2020-01-24,0.00014074111864832099
2020-01-25,0.00014158737738130254
2020-01-26,0.00014243363611428627
2020-01-27,0.00020939026719658067
2020-01-28,0.0002135924445362809
2020-01-29,0.00020450253271734868
2020-01-30,0.00022505418303343412
2020-01-31,0.0002510898990680321
2020-02-01,0.00025177560578760235
2020-02-02,0.00025246131250717
2020-02-03,0.00024145809760562836
2020-02-04,0.00016610377994155103
2020-02-05,0.00013942615821595648
2020-02-06,0.00010719470402384823
2020-02-07,0.00013054224684321501
2020-02-08,0.00013127711578956607
2020-02-09,0.00013201198473591715
2020-02-10,0.0001207778461375783
2020-02-11,8.960456911515389e-05
2020-02-12,6.047703243599166e-05
2020-02-13,8.214429969074326e-05
2020-02-14,0.00012199243259263055
2020-02-15,0.00012269191040449552
2020-02-16,0.0001233913882163627
2020-02-17,0.0001240908660282298
2020-02-18,0.00012292440046059286
2020-02-19,0.00013305511324755096
2020-02-20,0.0001408947108643933
2020-02-21,0.0001750619029082739
2020-02-22,0.00017566016630593602
2020-02-23,0.0001762584297035962
2020-02-24,0.0002483905140071873
2020-02-25,0.000310821642358078
2020-02-26,0.0003312281930309225
2020-02-27,0.0003632712578749142
2020-02-28,0.0003728138530214034
2020-02-29,0.0003735165422796434
2020-03-01,0.00037421923153788757
2020-03-02,0.0003964722391048424
2020-03-03,0.0004682288312206922
2020-03-04,0.0005494143017999621
2020-03-05,0.0006489013456521357
2020-03-06,0.0006465424849086442
2020-03-07,0.0006469511675511073
2020-03-08,0.0006473598501935652
2020-03-09,0.0007532448861268808
2020-03-10,0.0006722755489648267
2020-03-11,0.0008939760497871056
2020-03-12,0.0011757982142504395
2020-03-13,0.0008829687359608236
2020-03-14,0.0008832507149324445
2020-03-15,0.0008835326939040653
2020-03-16,0.001277032908182515
2020-03-17,0.0007679719220591945
2020-03-18,0.0018691850932265517
2020-03-19,0.0033819293898923394
2020-03-20,0.003240461336149796
2020-03-21,0.00323914823540036
2020-03-22,0.003237835134650931
2020-03-23,0.004773080533057505
2020-03-24,0.005035675444718965
2020-03-25,0.004300109361410192
2020-03-26,0.0038968995574450724
2020-03-27,0.003961503486062017
2020-03-28,0.0039604526323538825
2020-03-29,0.003959401778645741
2020-03-30,0.004164342107185403
2020-03-31,0.004057074988394275
2020-04-01,0.004327959265854128
2020-04-02,0.004052816132284718
2020-04-03,0.0046328629572694
2020-04-04,0.004631126466082213
2020-04-05,0.004629389974895027
2020-04-06,0.004662478521435036
2020-04-07,0.004667944998181626
2020-04-08,0.0043101765188151035
2020-04-09,0.00422795249245689
2020-04-10,0.004226956019000111
2020-04-11,0.0042259595455433245
2020-04-12,0.004224963072086543
2020-04-13,0.004231688879425358
2020-04-14,0.004096030047424412
2020-04-15,0.004254285255729635
2020-04-16,0.004298597800284071
2020-04-17,0.00412640802213852
2020-04-18,0.0041253903553685935
2020-04-19,0.004124372688598664
2020-04-20,0.0038814896828793634
2020-04-21,0.004106878219681367
2020-04-22,0.0037249428373255394
2020-04-23,0.0037597722500613386
2020-04-24,0.003986306811315307
2020-04-25,0.003985347327601951
2020-04-26,0.003984387843888602
2020-04-27,0.004070835126402501
2020-04-28,0.004312507153142001
2020-04-29,0.004028167700488431
2020-04-30,0.004139982699333258
2020-05-01,0.00415942424240686
2020-05-02,0.004158553278280172
2020-05-03,0.0041576823141534795
2020-05-04,0.004264702058522505
2020-05-05,0.003990478918234525
2020-05-06,0.003960871906540507
2020-05-07,0.0041426489654574185
2020-05-08,0.004178561882249499
2020-05-09,0.004177563696249327
2020-05-10,0.004176565510249154
2020-05-11,0.0044364588615027935
2020-05-12,0.003985886925165872
2020-05-13,0.004369100949892939
2020-05-14,0.004395223589397012
2020-05-15,0.004574031250392265
2020-05-16,0.004572515177078873
2020-05-17,0.004570999103765484
2020-05-18,0.005064310328876364
2020-05-19,0.0051062479186249
2020-05-20,0.004913080530383071
2020-05-21,0.004970836710608236
2020-05-22,0.004924106055222107
2020-05-23,0.004922490332317316
2020-05-24,0.004920874609412517
2020-05-25,0.004919258886507729
2020-05-26,0.005136628072185718
2020-05-27,0.004886003478820294
2020-05-28,0.004802025888593806
2020-05-29,0.004673561513844486
2020-05-30,0.0046725739535371695
2020-05-31,0.004671586393229853
2020-06-01,0.004646073691881339
2020-06-02,0.004478085159417878
2020-06-03,0.004461593303333432
2020-06-04,0.0045362668610864285
2020-06-05,0.0043272220029477206
2020-06-06,0.004326856748018523
2020-06-07,0.00432649149308933
2020-06-08,0.004568694469808
2020-06-09,0.004683909086289511
2020-06-10,0.0046306146222292064
2020-06-11,0.0046635383771779365
2020-06-12,0.004522294858482601
2020-06-13,0.0045213420550888495
2020-06-14,0.004520389251695093
2020-06-15,0.0046208963710281745
2020-06-16,0.004563955279112911
2020-06-17,0.004546648226572251
2020-06-18,0.004421910175096369
2020-06-19,0.004205392150209362
2020-06-20,0.004204805898595087
2020-06-21,0.004204219646980818
2020-06-22,0.0042831144825917844
2020-06-23,0.0042627186692877315
2020-06-24,0.004322388901300558
2020-06-25,0.004283359439995491
2020-06-26,0.004290515799598845
2020-06-27,0.004289895086523977
2020-06-28,0.004289274373449107
2020-06-29,0.0042778775829577995
2020-06-30,0.004344059504698537
2020-07-01,0.004042589100977006
2020-07-02,0.004116280145870151
2020-07-03,0.00411593751045349
2020-07-04,0.004115594875036833
2020-07-05,0.004115252239620177
2020-07-06,0.004074732536026672
2020-07-07,0.004112225887167535
2020-07-08,0.004078912717026732
2020-07-09,0.004044295718161601
2020-07-10,0.004114729397264347
2020-07-11,0.004114411480637976
2020-07-12,0.0041140935640116075
2020-07-13,0.004213872878017122
2020-07-14,0.004375969175524989
2020-07-15,0.004312511381991374
2020-07-16,0.004336771878440975
2020-07-17,0.004261062831896394
2020-07-18,0.004260564467080138
2020-07-19,0.004260066102263877
2020-07-20,0.003877851314896163
2020-07-21,0.0038689667250849835
2020-07-22,0.004025796801827588
2020-07-23,0.003990662406006571
2020-07-24,0.003983766894342166
2020-07-25,0.003983643353542829
2020-07-26,0.003983519812743492
2020-07-27,0.004149576958650691
2020-07-28,0.004107646128890964
2020-07-29,0.004067262199543719
2020-07-30,0.004127038674662142
2020-07-31,0.004191903386904571
2020-08-01,0.004191415341738699
2020-08-02,0.004190927296572833
2020-08-03,0.004339365566969042
2020-08-04,0.0043295562809623645
2020-08-05,0.004376991618931426
2020-08-06,0.00439356618367961
2020-08-07,0.004359343044548009
2020-08-08,0.004358715624494545
2020-08-09,0.0043580882044410765
2020-08-10,0.004417554750670726
2020-08-11,0.004347352126671431
2020-08-12,0.004386919148213337
2020-08-13,0.004359344350058549
2020-08-14,0.004380089449974466
2020-08-15,0.004379452496753141
2020-08-16,0.0043788155435318206
2020-08-17,0.004439310313641107
2020-08-18,0.0042423706905014
2020-08-19,0.004279688877568616
2020-08-20,0.004199599896493371
2020-08-21,0.004134447520170126
2020-08-22,0.004134109710265767
2020-08-23,0.004133771900361405
2020-08-24,0.004063168618209432
2020-08-25,0.004023154996224553
2020-08-26,0.004080675663550032
2020-08-27,0.004090155171225544
2020-08-28,0.003960383525783884
2020-08-29,0.003960328281242742
2020-08-30,0.0039602730367015995
2020-08-31,0.004053823270465477
2020-09-01,0.0039126434935731055
2020-09-02,0.0039041807725751824
2020-09-03,0.00394849367847782
2020-09-04,0.004026276701692377
2020-09-05,0.004026108775220407
2020-09-06,0.004025940848748443
2020-09-07,0.004025772922276478
2020-09-08,0.004033334774331322
2020-09-09,0.004054646780653665
2020-09-10,0.00408507695137857
2020-09-11,0.004087251625823405
2020-09-12,0.00408699136493932
2020-09-13,0.004086731104055231
2020-09-14,0.004184727892362563
2020-09-15,0.004081121181195175
2020-09-16,0.00400705432445974
2020-09-17,0.004013459027689432
2020-09-18,0.004082460009242333
2020-09-19,0.00408220091884727
2020-09-20,0.004081941828452207
2020-09-21,0.004027726433661329
2020-09-22,0.003971060348415785
2020-09-23,0.003914032361902139
2020-09-24,0.003938692555266049
2020-09-25,0.003726705961622374
2020-09-26,0.0037267425971045003
2020-09-27,0.003726779232586633
2020-09-28,0.0038781853985824155
2020-09-29,0.0038100468431339777
2020-09-30,0.0037151488894557987
2020-10-01,0.0035112739510699646
2020-10-02,0.003530189563948397
2020-10-03,0.003530439341632042
2020-10-04,0.0035306891193156815
2020-10-05,0.0034801850785655744
2020-10-06,0.0034014492206316657
2020-10-07,0.0033513020424309433
2020-10-08,0.003266994334976352
2020-10-09,0.003131603236532052
2020-10-10,0.0031323157867499786
2020-10-11,0.0031330283369679105
2020-10-12,0.0031829428527843564
2020-10-13,0.003180695843823419
2020-10-14,0.00310780104617789
2020-10-15,0.0032091547391432107
2020-10-16,0.0031565907411418154
2020-10-17,0.0031572887410152638
2020-10-18,0.0031579867408887082
2020-10-19,0.0030266269904491183
2020-10-20,0.002889162855803718
2020-10-21,0.0028283116011327035
2020-10-22,0.0027984842778095457
2020-10-23,0.002774419731554483
2020-10-24,0.002775431360930777
2020-10-25,0.0027764429903070708
2020-10-26,0.0028483747732621456
2020-10-27,0.0028289975441659894
2020-10-28,0.002969770456537929
2020-10-29,0.003064872653461564
2020-10-30,0.0030811385792761754
2020-10-31,0.0030819862517969974
2020-11-01,0.0030828339243178246
2020-11-02,0.002932382762268718
2020-11-03,0.002809201679424033
2020-11-04,0.0027317641790174166
2020-11-05,0.0026347885068987815
2020-11-06,0.002560927597584564
2020-11-07,0.0025621398543623952
2020-11-08,0.002563352111140224
2020-11-09,0.0023175817541969826
2020-11-10,0.0022657211436074728
2020-11-11,0.002309986809529942
2020-11-12,0.0023377364069383645
2020-11-13,0.0022399859959514675
2020-11-14,0.0022415244180297982
2020-11-15,0.0022430628401081294
2020-11-16,0.0020948268389259016
2020-11-17,0.002049427870283614
2020-11-18,0.0021475951753836867
2020-11-19,0.002129677273099607
2020-11-20,0.0021430048698722858
2020-11-21,0.0021442701352450797
2020-11-22,0.0021455354006178766
2020-11-23,0.002120571156277791
2020-11-24,0.001999707276660035
2020-11-25,0.002067328196557583
2020-11-26,0.0020687233714408878
2020-11-27,0.0020947920033283656
2020-11-28,0.002096162134711518
2020-11-29,0.0020975322660946685
2020-11-30,0.0021381411764959395
2020-12-01,0.0020205978312015445
2020-12-02,0.0020288878400633154
2020-12-03,0.002091652131242097
2020-12-04,0.002121280296270196
2020-12-05,0.0021226390067318607
2020-12-06,0.0021239977171935275
2020-12-07,0.0021258055444599634
2020-12-08,0.00213240378933404
2020-12-09,0.0021296250474427364
2020-12-10,0.0021797848564112507
2020-12-11,0.002244914546570964
2020-12-12,0.0022462876433011767
2020-12-13,0.0022476607400313863
2020-12-14,0.0022593004294588475
2020-12-15,0.002107854529184526
2020-12-16,0.0021142494052439594
2020-12-17,0.002091628458916926
2020-12-18,0.0021011850527243086
2020-12-19,0.0021028885983348316
2020-12-20,0.002104592143945355
2020-12-21,0.0022507013455577646
2020-12-22,0.0022727744894844217
2020-12-23,0.0021570778729128417
2020-12-24,0.0021497981993956294
2020-12-25,0.0021514173252249603
2020-12-26,0.002153036451054289
2020-12-27,0.002154655576883619
2020-12-28,0.0021116356166103237
2020-12-29,0.002101666994056157
2020-12-30,0.002064645862967946
2020-12-31,0.002038536158210502
2021-01-01,0.002040392802675201
2021-01-02,0.002042249447139899
2021-01-03,0.0020441060916045954
2021-01-04,0.002094859412100348
2021-01-05,0.0019711378411437263
2021-01-06,0.0018841354064488298
2021-01-07,0.001763604964361803
2021-01-08,0.0018055098294937793
2021-01-09,0.0018072239300819476
2021-01-10,0.0018089380306701166
2021-01-11,0.0018186741544662845
2021-01-12,0.0017531149111406543
2021-01-13,0.0018060315764740545
2021-01-14,0.0017707192229627087
2021-01-15,0.0018212470891058377
2021-01-16,0.001823161166817689
2021-01-17,0.0018250752445295416
2021-01-18,0.0018269893222413944
2021-01-19,0.001891655269265042
2021-01-20,0.0018718165487191555
2021-01-21,0.0019266977999655018
2021-01-22,0.0019191128357404523
2021-01-23,0.0019210144087850353
2021-01-24,0.0019229159818296183
2021-01-25,0.002035946881781753
2021-01-26,0.001960455086747551
2021-01-27,0.0021709572221689493
2021-01-28,0.001959769513347684
2021-01-29,0.0021284005686637896
2021-01-30,0.002130196424109307
2021-01-31,0.002131992279554826
2021-02-01,0.0018617110205722688
2021-02-02,0.0017354818505042053
2021-02-03,0.0017017177364990646
2021-02-04,0.0017032752690974208
2021-02-05,0.0016629906037504095
2021-02-06,0.0016655247060977062
2021-02-07,0.0016680588084450007
2021-02-08,0.001505265337715534
2021-02-09,0.0015290859527130416
2021-02-10,0.0015146080164753855
2021-02-11,0.001556833366954002
2021-02-12,0.0014806807695110285
2021-02-13,0.0014832218636720387
2021-02-14,0.001485762957833049
2021-02-15,0.0014883040519940573
2021-02-16,0.0013203451733701103
2021-02-17,0.001429227970137324
2021-02-18,0.001527157283027063
2021-02-19,0.0014501327203560377
2021-02-20,0.001452628196978199
2021-02-21,0.0014551236736003617
2021-02-22,0.0014320757224748062
2021-02-23,0.0014778114616274306
2021-02-24,0.001317885877455633
2021-02-25,0.0013869326713362453
2021-02-26,0.001531319546112744
2021-02-27,0.001533528363853107
2021-02-28,0.001535737181593466
2021-03-01,0.0013855186703749685
2021-03-02,0.0013177849480021627
2021-03-03,0.001392326523338741
2021-03-04,0.0015552146563167807
2021-03-05,0.0014569947387396167
2021-03-06,0.001459438382469173
2021-03-07,0.0014618820261987292
2021-03-08,0.0014673912038014553
2021-03-09,0.0014623127565245265
2021-03-10,0.0014442947396621619
2021-03-11,0.0015170368609485909
2021-03-12,0.0015773219802855617
2021-03-13,0.0015796747528205222
2021-03-14,0.0015820275253554843
2021-03-15,0.0016002777499524137
2021-03-16,0.0015308132790384853
2021-03-17,0.0015047306310307903
2021-03-18,0.0014578690294890233
2021-03-19,0.0014570017115146778
2021-03-20,0.0014590173247342434
2021-03-21,0.0014610329379538079
2021-03-22,0.0014350023640068812
2021-03-23,0.001539744176870359
2021-03-24,0.0015425214396350556
2021-03-25,0.0014598908093327212
2021-03-26,0.0014480404761290436
2021-03-27,0.00145019166809448
2021-03-28,0.0014523428600599192
2021-03-29,0.0016058004943409654
2021-03-30,0.0015588901979265968
2021-03-31,0.0016554135299008733
2021-04-01,0.0015632059372469131
2021-04-02,0.0015652452666857983
2021-04-03,0.0015672845961246834
2021-04-04,0.0015693239255635677
2021-04-05,0.001563015498093379
2021-04-06,0.001515496081826666
2021-04-07,0.0015325470701247972
2021-04-08,0.0015462540288997371
2021-04-09,0.0015539747179947941
2021-04-10,0.0015556170441342232
2021-04-11,0.001557259370273652
2021-04-12,0.001647520365183805
2021-04-13,0.0017287821565281074
2021-04-14,0.0016710817136906886
2021-04-15,0.0016368132584492299
2021-04-16,0.0015822055503563995
2021-04-17,0.0015836879776193924
2021-04-18,0.0015851704048823866
2021-04-19,0.0016889896913205526
2021-04-20,0.0017398008100731588
2021-04-21,0.001760147915969213
2021-04-22,0.0017810275776071938
2021-04-23,0.0017529713168873695
2021-04-24,0.0017543610256075814
2021-04-25,0.001755750734327792
2021-04-26,0.001695568093180294
2021-04-27,0.001699495252114953
2021-04-28,0.001563430281233753
2021-04-29,0.001584984925143916
2021-04-30,0.0017321593564794853
2021-05-01,0.0017336347682036714
2021-05-02,0.0017351101799278562
2021-05-03,0.0017396460783695362
2021-05-04,0.0018247228099578748
2021-05-05,0.0017406171586653043
2021-05-06,0.0016667248892041791
2021-05-07,0.001619696916098115
2021-05-08,0.0016211906649903247
2021-05-09,0.0016226844138825362
2021-05-10,0.0017452472417411194
2021-05-11,0.001811280109363649
2021-05-12,0.0018659214627675185
2021-05-13,0.001776831227512311
2021-05-14,0.0017211987858546003
2021-05-15,0.0017226226208397494
2021-05-16,0.0017240464558248968
2021-05-17,0.0016615124825418402
2021-05-18,0.001606304828092017
2021-05-19,0.0016231675443026303
2021-05-20,0.0015775034654893472
2021-05-21,0.0014744629575055685
2021-05-22,0.0014763895158287623
2021-05-23,0.0014783160741519575
2021-05-24,0.0014734403019455605
2021-05-25,0.0015304779937848722
2021-05-26,0.0015228713014023864
2021-05-27,0.0014175919136701503
2021-05-28,0.0013678160261988538
2021-05-29,0.0013696713121547554
2021-05-30,0.0013715265981106579
2021-05-31,0.0013733818840665612
2021-06-01,0.0013537174629092408
2021-06-02,0.0013639295176283623
2021-06-03,0.0013372006792874242
2021-06-04,0.0013506890026375436
2021-06-05,0.0013525550588543915
2021-06-06,0.0013544211150712392
2021-06-07,0.0013549399611425365
2021-06-08,0.0013614433365347187
2021-06-09,0.001404727650634486
2021-06-10,0.0014306755013676045
2021-06-11,0.0014121564149321554
2021-06-12,0.0014141104608108295
2021-06-13,0.001416064506689505
2021-06-14,0.001427774082217407
2021-06-15,0.0013890220120895726
2021-06-16,0.001490040158519044
2021-06-17,0.0015684513162397278
2021-06-18,0.0016560308985428315
2021-06-19,0.0016578401946880776
2021-06-20,0.001659649490833322
2021-06-21,0.0016200774519202492
2021-06-22,0.0016773328817897212
2021-06-23,0.001674962013825475
2021-06-24,0.0016260538925017554
2021-06-25,0.0016180399420000916
2021-06-26,0.0016198649151325697
2021-06-27,0.0016216898882650478
2021-06-28,0.0016711592412083955
2021-06-29,0.0017047065945171465
2021-06-30,0.001763479051390961
2021-07-01,0.001765849385671417
2021-07-02,0.0017513614513523425
2021-07-03,0.001753077014181459
2021-07-04,0.001754792577010576
2021-07-05,0.0017565081398396945
2021-07-06,0.001761088446062425
2021-07-07,0.001797583110596865
2021-07-08,0.001930826175616486
2021-07-09,0.0018553763645670204
2021-07-10,0.001857197589258969
2021-07-11,0.001859018813950915
2021-07-12,0.0018454538424683847
2021-07-13,0.0018643552581538783
2021-07-14,0.0018196325052861327
2021-07-15,0.0017966370706980139
2021-07-16,0.0018546551242752916
2021-07-17,0.0018565880897055916
2021-07-18,0.0018585210551358951
2021-07-19,0.0021843053109232
2021-07-20,0.0020625424131860428
2021-07-21,0.001943937333084372
2021-07-22,0.0019857775651813308
2021-07-23,0.0019403946317509669
2021-07-24,0.0019417267806236178
2021-07-25,0.001943058929496267
2021-07-26,0.0018846891649537483
2021-07-27,0.001901862020349664
2021-07-28,0.0018937600361131207
2021-07-29,0.00181504904485139
2021-07-30,0.0018383063924036608
2021-07-31,0.0018396178829377448
2021-08-01,0.0018409293734718275
2021-08-02,0.0018285614010956383
2021-08-03,0.0017727513400102805
2021-08-04,0.0017665671526146264
2021-08-05,0.0017330973637053027
2021-08-06,0.0017007576946090233
2021-08-07,0.0017023114986833257
2021-08-08,0.0017038653027576292
2021-08-09,0.0016907469938458198
2021-08-10,0.0016736061405256
2021-08-11,0.0016502800400473318
2021-08-12,0.0016528298590508248
2021-08-13,0.0016189615494232735
2021-08-14,0.0016207079597883693
2021-08-15,0.001622454370153464
2021-08-16,0.0016557935199170396
2021-08-17,0.0016820834056665546
2021-08-18,0.0017293436625945807
2021-08-19,0.0017691685697760493
2021-08-20,0.0017323781573328856
2021-08-21,0.0017342126875072115
2021-08-22,0.0017360472176815383
2021-08-23,0.0016984833454282853
2021-08-24,0.0016670139357778224
2021-08-25,0.0016137123997695835
2021-08-26,0.0017058429176845897
2021-08-27,0.001652593160888548
2021-08-28,0.0016544851623228175
2021-08-29,0.0016563771637570902
2021-08-30,0.0017120874206715377
2021-08-31,0.001713440061161451
2021-09-01,0.0016807545096201473
2021-09-02,0.0016974734097226177
2021-09-03,0.0017352237085829733
2021-09-04,0.001737032984708666
2021-09-05,0.0017388422608343571
2021-09-06,0.0017406515369600482
2021-09-07,0.0017350318982367343
2021-09-08,0.0017765214843035798
2021-09-09,0.0018182903048411217
2021-09-10,0.0018226512868350468
2021-09-11,0.0018243879502284547
2021-09-12,0.0018261246136218646
2021-09-13,0.0017921795936902771
2021-09-14,0.0018535242053686896
2021-09-15,0.0018375994561775993
2021-09-16,0.0018042472256592325
2021-09-17,0.0018970039238230092
2021-09-18,0.0018986552265704997
2021-09-19,0.0019003065293179884
2021-09-20,0.0021520377245664193
2021-09-21,0.00219053155749273
2021-09-22,0.002118188436404138
2021-09-23,0.0020359849617058176
2021-09-24,0.002033018513439848
2021-09-25,0.0020347035023736445
2021-09-26,0.002036388491307441
2021-09-27,0.0019554572901344593
2021-09-28,0.002073733082294255
2021-09-29,0.0019999859498225346
2021-09-30,0.002045525502902968
2021-10-01,0.0020272497032481
2021-10-02,0.002028930382287906
2021-10-03,0.002030611061327713
2021-10-04,0.0020630278079627994
2021-10-05,0.002004875289455025
2021-10-06,0.002024619570714783
2021-10-07,0.0019457255594063393
2021-10-08,0.0019216810279352361
2021-10-09,0.001923150452853691
2021-10-10,0.0019246198777721445
2021-10-11,0.0019376109697987298
2021-10-12,0.0019019593611427133
2021-10-13,0.0018833537620914324
2021-10-14,0.0017693558628732392
2021-10-15,0.0017420230586923297
2021-10-16,0.0017436750123446634
2021-10-17,0.0017453269659969957
2021-10-18,0.001752040854353434
2021-10-19,0.0016993236159304275
2021-10-20,0.0016796009837259486
2021-10-21,0.0016816055370001753
2021-10-22,0.0016283122102150067
2021-10-23,0.0016300582656517417
2021-10-24,0.001631804321088478
2021-10-25,0.0016226262207448354
2021-10-26,0.0015960163842156845
2021-10-27,0.0015877409072057266
2021-10-28,0.0015701392267774591
2021-10-29,0.0015968918591222894
2021-10-30,0.001598079996898033
2021-10-31,0.001599268134673777
2021-11-01,0.0015364702869077901
2021-11-02,0.001533281877061189
2021-11-03,0.001530388846100619
2021-11-04,0.0015930803329938187
2021-11-05,0.0015771464949134787
2021-11-06,0.0015782258397079828
2021-11-07,0.0015793051845024873
2021-11-08,0.0015817028488714787
2021-11-09,0.001572840112517395
2021-11-10,0.001618701145543867
2021-11-11,0.0016133999083977808
2021-11-12,0.0016161633231813514
2021-11-13,0.0016173440069060306
2021-11-14,0.001618524690630709
2021-11-15,0.0016415724129677483
2021-11-16,0.0016500227512512206
2021-11-17,0.001619367884190293
2021-11-18,0.00164250985309854
2021-11-19,0.0017170025332048412
2021-11-20,0.0017182912280704296
2021-11-21,0.001719579922936018
2021-11-22,0.001794903526961065
2021-11-23,0.001759991872399429
2021-11-24,0.0017533827212075962
2021-11-25,0.001754408219231223
2021-11-26,0.001875765683976165
2021-11-27,0.0018766402575715272
2021-11-28,0.0018775148311668919
2021-11-29,0.0018630985290235965
2021-11-30,0.001897198436904134
2021-12-01,0.0018829572971645401
2021-12-02,0.0018198978293996288
2021-12-03,0.0018566204654684572
2021-12-04,0.0018573692729620013
2021-12-05,0.0018581180804555443
2021-12-06,0.0018510812542454486
2021-12-07,0.0018048583795079846
2021-12-08,0.0018022127323430097
2021-12-09,0.0018401164780587477
2021-12-10,0.0018476642482443831
2021-12-11,0.0018482651925227698
2021-12-12,0.0018488661368011574
2021-12-13,0.0018615023990496652
2021-12-14,0.0018703567456381685
2021-12-15,0.0018902703025246857
2021-12-16,0.0018576615612938521
2021-12-17,0.0019168535260925977
2021-12-18,0.0019173282375718713
2021-12-19,0.0019178029490511464
2021-12-20,0.0019608911036933553
2021-12-21,0.00192516309127949
2021-12-22,0.0019125498269937102
2021-12-23,0.0019117035849822903
2021-12-24,0.0019121047142052205
2021-12-25,0.0019125058434281527
2021-12-26,0.001912906972651084
2021-12-27,0.0018906131863527754
2021-12-28,0.0018873018428937167
2021-12-29,0.0018948839926401138
2021-12-30,0.0018850132386516246
2021-12-31,0.0018810122971469469
2022-01-01,0.0018815906065573268
2022-01-02,0.0018821689159677078
2022-01-03,0.0018405430762445016
2022-01-04,0.0017927169233712033
2022-01-05,0.0018127157915743828
2022-01-06,0.0017526202187109065
2022-01-07,0.0017129038863254475
2022-01-08,0.001713808778821299
2022-01-09,0.00171471367131715
2022-01-10,0.0017279684803111046
2022-01-11,0.0017129565721359203
2022-01-12,0.001686735851979316
2022-01-13,0.0016856869562969713
2022-01-14,0.0016828117731665358
2022-01-15,0.0016837854976788445
2022-01-16,0.0016847592221911531
2022-01-17,0.0016857329467034618
2022-01-18,0.0017149130098507667
2022-01-19,0.0017431294958378512
2022-01-20,0.0017473699121206628
2022-01-21,0.0017645556904723088
2022-01-22,0.0017653483997222622
2022-01-23,0.001766141108972216
2022-01-24,0.0018309868688741182
2022-01-25,0.0018221432489068322
2022-01-26,0.0018242983601830481
2022-01-27,0.0018594865922297536
2022-01-28,0.0018492639661723367
2022-01-29,0.0018498025979665892
2022-01-30,0.0018503412297608414
2022-01-31,0.001791334433085491
2022-02-01,0.0016365917161650287
2022-02-02,0.001635608651177194
2022-02-03,0.001641308725279168
2022-02-04,0.0016398164951420542
2022-02-05,0.0016404254405447383
2022-02-06,0.0016410343859474229
2022-02-07,0.0016101952119730442
2022-02-08,0.0015810133245549012
2022-02-09,0.0015984767189073943
2022-02-10,0.0015732707814848533
2022-02-11,0.0015883749783901896
2022-02-12,0.001588726121672531
2022-02-13,0.0015890772649548713
2022-02-14,0.0015885610074559253
2022-02-15,0.001608268175145922
2022-02-16,0.0016163989645598612
2022-02-17,0.0016236968606866795
2022-02-18,0.00163142460273455
2022-02-19,0.0016318812035236148
2022-02-20,0.00163233780431268
2022-02-21,0.001632794405101745
2022-02-22,0.0016810509437245333
2022-02-23,0.0017047981258034458
2022-02-24,0.001784890791721815
2022-02-25,0.0017070466685271339
2022-02-26,0.0017076323370539158
2022-02-27,0.0017082180055806983
2022-02-28,0.001807990570436219
2022-03-01,0.0018528479767216865
2022-03-02,0.0018257983210960018
2022-03-03,0.0018784003636791481
2022-03-04,0.0019290347387453778
2022-03-05,0.001929078830007779
2022-03-06,0.0019291229212701775
2022-03-07,0.002044322746019226
2022-03-08,0.002124670238762524
2022-03-09,0.0019807451317081113
2022-03-10,0.002049403238144986
2022-03-11,0.00207055356034732
2022-03-12,0.002070442777787273
2022-03-13,0.0020703319952272265
2022-03-14,0.0019863276312984146
2022-03-15,0.00195015199023938
2022-03-16,0.0019172297407046464
2022-03-17,0.0019131649509609885
2022-03-18,0.0018919468754408858
2022-03-19,0.0018921995310568773
2022-03-20,0.00189245218667287
2022-03-21,0.0019103062382636508
2022-03-22,0.0019023092521279926
2022-03-23,0.001925499238708374
2022-03-24,0.0019241383037865213
2022-03-25,0.0019352270070822773
2022-03-26,0.0019351074239371802
2022-03-27,0.0019349878407920822
2022-03-28,0.0019311585520801842
2022-03-29,0.0019263196414581677
2022-03-30,0.0019279665562609216
2022-03-31,0.0019282707005519044
2022-04-01,0.0019193694508606246
2022-04-02,0.001919482721721055
2022-04-03,0.001919595992581485
2022-04-04,0.001894568278520598
2022-04-05,0.0019706049540702615
2022-04-06,0.0020109070089436207
2022-04-07,0.002016054945958581
2022-04-08,0.0020069426185341833
2022-04-09,0.002007230984218207
2022-04-10,0.0020075193499022323
2022-04-11,0.0020335203641029093
2022-04-12,0.002069246520529791
2022-04-13,0.0020906435707707593
2022-04-14,0.0021105724678720256
2022-04-15,0.002110541924845156
2022-04-16,0.0021105113818182877
2022-04-17,0.002110480838791418
2022-04-18,0.002295129755997855
2022-04-19,0.0023152307694606893
2022-04-20,0.0022729500120107797
2022-04-21,0.002243493985203007
2022-04-22,0.002234444344350358
2022-04-23,0.0022340263554203547
2022-04-24,0.002233608366490354
2022-04-25,0.0021867174059117846
2022-04-26,0.002166109395290305
2022-04-27,0.0021852716428768003
2022-04-28,0.0021790654527236246
2022-04-29,0.0021833452858452344
2022-04-30,0.0021830070523285814
2022-05-01,0.0021826688188119254
2022-05-02,0.002170703243426049
2022-05-03,0.0022024981053799407
2022-05-04,0.002288115015771767
2022-05-05,0.0022798856300420946
2022-05-06,0.0023427296716933147
2022-05-07,0.0023419623415339838
2022-05-08,0.0023411950113746555
2022-05-09,0.0022907200410046064
2022-05-10,0.0021788178569565526
2022-05-11,0.0021654445283128005
2022-05-12,0.0022038498525054294
2022-05-13,0.0022845612079426007
2022-05-14,0.002283902221731517
2022-05-15,0.002283243235520437
2022-05-16,0.002258608617357607
2022-05-17,0.002253750687679012
2022-05-18,0.0022919130551216018
2022-05-19,0.0023605130496378735
2022-05-20,0.0023291152026749607
2022-05-21,0.0023284649847411703
2022-05-22,0.0023278147668073785
2022-05-23,0.002419273672930154
2022-05-24,0.0024476587915692274
2022-05-25,0.0023619303983106205
2022-05-26,0.0023813179640525765
2022-05-27,0.0023389531543213074
2022-05-28,0.0023387366605252123
2022-05-29,0.0023385201667291172
2022-05-30,0.002338303672933021
2022-05-31,0.002363023235903226
2022-06-01,0.0023364541852893446
2022-06-02,0.002342487135800006
2022-06-03,0.0023370711330649224
2022-06-04,0.0023368124174080194
2022-06-05,0.002336553701751117
2022-06-06,0.0023469171191360313
2022-06-07,0.002338527963697993
2022-06-08,0.0022677317265456013
2022-06-09,0.002256724512338412
2022-06-10,0.0023542757946254673
2022-06-11,0.0023539533423758284
2022-06-12,0.002353630890126186
2022-06-13,0.0024163755483219856
2022-06-14,0.0023961411399781064
2022-06-15,0.0024346692541071936
2022-06-16,0.0024319041996453366
2022-06-17,0.0022652261705471623
2022-06-18,0.0022648578085609256
2022-06-19,0.002264489446574692
2022-06-20,0.002264121084588456
2022-06-21,0.0020925780511500385
2022-06-22,0.002141263981101453
2022-06-23,0.0020307131456308108
2022-06-24,0.002047905096720093
2022-06-25,0.002047868861174267
2022-06-26,0.002047832625628438
2022-06-27,0.0021070381268408628
2022-06-28,0.0021813948269570186
2022-06-29,0.002129880967133244
2022-06-30,0.0021528120494461404
2022-07-01,0.002099270703660122
2022-07-02,0.0020990772667122755
2022-07-03,0.002098883829764429
2022-07-04,0.0020986903928165795
2022-07-05,0.002025117502190999
2022-07-06,0.0018889828108542188
2022-07-07,0.0017186954824793717
2022-07-08,0.0017093092024443174
2022-07-09,0.0017096236168698674
2022-07-10,0.0017099380312954222
2022-07-11,0.001730810020204727
2022-07-12,0.001794312629353268
2022-07-13,0.001886477084165172
2022-07-14,0.0018575787661083197
2022-07-15,0.0018193310040144493
2022-07-16,0.0018194913935598287
2022-07-17,0.0018196517831052044
2022-07-18,0.001973437815896017
2022-07-19,0.0019674537038700222
2022-07-20,0.001916355651173466
2022-07-21,0.0019112375433278585
2022-07-22,0.0018785021545020188
2022-07-23,0.0018786009956332787
2022-07-24,0.0018786998367645385
2022-07-25,0.0018628879302523501
2022-07-26,0.001760526825307016
2022-07-27,0.0016708582947238494
2022-07-28,0.0015202286285336429
2022-07-29,0.0014761482634705508
2022-07-30,0.001476739206596182
2022-07-31,0.0014773301497218165
2022-08-01,0.0014579385900230233
2022-08-02,0.0015269742300640082
2022-08-03,0.0014574352881654982
2022-08-04,0.0015069186943919906
2022-08-05,0.001478498183347721
2022-08-06,0.001479093296332167
2022-08-07,0.0014796884093166089
2022-08-08,0.0014657336663397489
2022-08-09,0.0014648397765512924
2022-08-10,0.001323491518348322
2022-08-11,0.0013355126055439165
2022-08-12,0.0012660023132150741
2022-08-13,0.0012667852753649508
2022-08-14,0.001267568237514831
2022-08-15,0.0012970634221159574
2022-08-16,0.0013419235516264156
2022-08-17,0.0013658019109081421
2022-08-18,0.001365149576578724
2022-08-19,0.0014672418342862345
2022-08-20,0.0014678523310646709
2022-08-21,0.0014684628278431033
2022-08-22,0.0015288671495298568
2022-08-23,0.0015240586925925911
2022-08-24,0.0014718779049056876
2022-08-25,0.0014847990033855164
2022-08-26,0.0016091258534381406
2022-08-27,0.0016096220047426624
2022-08-28,0.001610118156047184
2022-08-29,0.0016496104182540626
2022-08-30,0.001599922946212
2022-08-31,0.0016189098914473903
2022-09-01,0.0015423412439455396
2022-09-02,0.00152861402810612
2022-09-03,0.001529234948228902
2022-09-04,0.0015298558683516893
2022-09-05,0.0015304767884744765
2022-09-06,0.0015358600320548262
2022-09-07,0.0014307046075795304
2022-09-08,0.001346374104743654
2022-09-09,0.001339594965896116
2022-09-10,0.0013403047629914405
2022-09-11,0.0013410145600867612
2022-09-12,0.0012837627409379635
2022-09-13,0.001288352900566866
2022-09-14,0.0011400442632925755
2022-09-15,0.0011853358765449272
2022-09-16,0.0013267678818922703
2022-09-17,0.0013275449362802477
2022-09-18,0.0013283219906682258
2022-09-19,0.001252008606678661
2022-09-20,0.001308739774914103
2022-09-21,0.001426750439144324
2022-09-22,0.0016417562400915815
2022-09-23,0.0018052685063986874
2022-09-24,0.0018056680004665054
2022-09-25,0.001806067494534329
2022-09-26,0.0018343725835368004
2022-09-27,0.0019855392892729378
2022-09-28,0.0019750340114308767
2022-09-29,0.0020148859979324755
2022-09-30,0.0018215468835135382
2022-10-01,0.0018219546811170818
2022-10-02,0.001822362478720619
2022-10-03,0.0018618580552138757
2022-10-04,0.0017419256115096082
2022-10-05,0.001761647337258005
2022-10-06,0.0017663043276242812
2022-10-07,0.0019661354717284956
2022-10-08,0.0019664083244563353
2022-10-09,0.001966681177184178
2022-10-10,0.0019191107240102783
2022-10-11,0.0020195470967979655
2022-10-12,0.0019465960917037241
2022-10-13,0.0019434162299095535
2022-10-14,0.0018482655686721213
2022-10-15,0.0018486816557999248
2022-10-16,0.001849097742927722
2022-10-17,0.0016640534501750686
2022-10-18,0.0016553980475521636
2022-10-19,0.0016990562578647972
2022-10-20,0.0017815005143110374
2022-10-21,0.0016713212731989868
2022-10-22,0.0016718460785429567
2022-10-23,0.0016723708838869264
2022-10-24,0.001661313302541358
2022-10-25,0.0016774065831666764
2022-10-26,0.0016386675803425857
2022-10-27,0.001672889787318437
2022-10-28,0.0016381488954006185
2022-10-29,0.001638612790164172
2022-10-30,0.0016390766849277297
2022-10-31,0.001557161089903374
2022-11-01,0.0014897634907370537
2022-11-02,0.0016307298314641623
2022-11-03,0.0015912182095417257
2022-11-04,0.001512685829854068
2022-11-05,0.0015132791735277575
2022-11-06,0.0015138725172014434
2022-11-07,0.0014277899427230728
2022-11-08,0.0013827936926253405
2022-11-09,0.0014344028862497337
2022-11-10,0.001262297835898524
2022-11-11,0.0011357861621067722
2022-11-12,0.0011365906672885088
2022-11-13,0.0011373951724702443
2022-11-14,0.001160019708183608
2022-11-15,0.0011045806661524283
2022-11-16,0.0011568843182760697
2022-11-17,0.0011777780312041027
2022-11-18,0.0011802838677500858
2022-11-19,0.00118107592905197
2022-11-20,0.001181867990353857
2022-11-21,0.0012017775307821945
2022-11-22,0.0011769484842597381
2022-11-23,0.0011412210198525783
2022-11-24,0.0011420712724069836
2022-11-25,0.00110439756438779
2022-11-26,0.001105310640297785
2022-11-27,0.0011062237162077777
2022-11-28,0.0011774628395602735
2022-11-29,0.0011366211244287709
2022-11-30,0.0010672625257104188
2022-12-01,0.0011074766231992184
2022-12-02,0.0011675918272182402
2022-12-03,0.001168392730435289
2022-12-04,0.0011691936336523411
2022-12-05,0.0011608039768094042
2022-12-06,0.001178357445722831
2022-12-07,0.0012120089685790183
2022-12-08,0.0011926682719100362
2022-12-09,0.0011595520850838372
2022-12-10,0.0011604309475697924
2022-12-11,0.001161309810055746
2022-12-12,0.0011327569270609557
2022-12-13,0.0010866891180323314
2022-12-14,0.0011261260209717906
2022-12-15,0.0012003677200032054
2022-12-16,0.0011780732853583797
2022-12-17,0.0011790403137811772
2022-12-18,0.0011800073422039744
2022-12-19,0.0011828665293112952
2022-12-20,0.0011094045313289123
2022-12-21,0.0011115520062627443
2022-12-22,0.001175141175874207
2022-12-23,0.0012230928732653546
2022-12-24,0.001223740953469009
2022-12-25,0.0012243890336726656
2022-12-26,0.0012250371138763224
2022-12-27,0.0011845982926195922
2022-12-28,0.001198274088434895
2022-12-29,0.0011527348633481379
2022-12-30,0.0011581235027452697
2022-12-31,0.0011589156031046402
2023-01-01,0.0011597077034640082
2023-01-02,0.0011604998038233785
2023-01-03,0.0011487583888177325
2023-01-04,0.0011402945369445297
2023-01-05,0.001173049079931137
2023-01-06,0.001150964660415456
2023-01-07,0.00115149908721472
2023-01-08,0.001152033514013984
2023-01-09,0.001149651361767041
2023-01-10,0.0011947678597990534
2023-01-11,0.0011683215175621983
2023-01-12,0.00116173471492927
2023-01-13,0.001142765506865829
2023-01-14,0.0011432001257315754
2023-01-15,0.0011436347445973225
2023-01-16,0.0011440693634630695
2023-01-17,0.0011424637724666029
2023-01-18,0.0011172424366408102
2023-01-19,0.001118569150382761
2023-01-20,0.0010949073732416958
2023-01-21,0.0010955743616893419
2023-01-22,0.0010962413501369873
2023-01-23,0.0010882642610070446
2023-01-24,0.001080714582522524
2023-01-25,0.0011375374755676524
2023-01-26,0.0011170434775295693
2023-01-27,0.0011474134869646677
2023-01-28,0.0011475979491037
2023-01-29,0.0011477824112427325
2023-01-30,0.001145868515793731
2023-01-31,0.0011241681226292436
2023-02-01,0.0011540569623301673
2023-02-02,0.0011286051966138354
2023-02-03,0.0011246969268923464
2023-02-04,0.001125017483607671
2023-02-05,0.001125338040322995
2023-02-06,0.0011388789599074633
2023-02-07,0.0011301896326720937
2023-02-08,0.0011244109725166583
2023-02-09,0.001125808245363623
2023-02-10,0.0011251579498876968
2023-02-11,0.0011255396207555588
2023-02-12,0.001125921291623421
2023-02-13,0.0011061400242958304
2023-02-14,0.0010907848782275554
2023-02-15,0.001093207462826458
2023-02-16,0.001102558679876378
2023-02-17,0.001100820168482266
2023-02-18,0.0011012978258370513
2023-02-19,0.0011017754831918367
2023-02-20,0.001102253140546622
2023-02-21,0.0011185414455199163
2023-02-22,0.0011445081270603206
2023-02-23,0.001139406292758775
2023-02-24,0.0011546970157323448
2023-02-25,0.0011549889157821806
2023-02-26,0.0011552808158320149
2023-02-27,0.0011471696012649885
2023-02-28,0.0011393728928731856
2023-03-01,0.0011549927047341654
2023-03-02,0.0011578889368799499
2023-03-03,0.0011332610813126272
2023-03-04,0.0011335559341957146
2023-03-05,0.0011338507870788024
2023-03-06,0.0011280517891099748
2023-03-07,0.0011497153829291556
2023-03-08,0.0011535005025328175
2023-03-09,0.0011978185045144018
2023-03-10,0.0012427519625158128
2023-03-11,0.0012429356742275732
2023-03-12,0.0012431193859393358
2023-03-13,0.0012509319564214696
2023-03-14,0.0012368058135056787
2023-03-15,0.0012899609332098932
2023-03-16,0.001229862564476994
2023-03-17,0.0012377977484836896
2023-03-18,0.0012381349173111122
2023-03-19,0.0012384720861385319
2023-03-20,0.0012243454835204942
2023-03-21,0.0012386338308827956
2023-03-22,0.0012713141760421094
2023-03-23,0.0012042614781581783
2023-03-24,0.001200211120753315
2023-03-25,0.0012004648338735215
2023-03-26,0.0012007185469937313
2023-03-27,0.0011642273182884066
2023-03-28,0.0011406088205445485
2023-03-29,0.0010965251486084885
2023-03-30,0.0010952335968562685
2023-03-31,0.001075878182473673
2023-04-01,0.0010761628404061816
2023-04-02,0.0010764474983386886
2023-04-03,0.0010806517808968168
2023-04-04,0.001072447169367421
2023-04-05,0.001051383374347924
2023-04-06,0.0010382780298841127
2023-04-07,0.0010388077705536915
2023-04-08,0.001039337511223272
2023-04-09,0.0010398672518928524
2023-04-10,0.0010645214068693936
2023-04-11,0.0010232476477922063
2023-04-12,0.001008853041329956
2023-04-13,0.0010005596299699963
2023-04-14,0.0009736067543410659
2023-04-15,0.0009741808009198901
2023-04-16,0.0009747548474987153
2023-04-17,0.0010416041017819611
2023-04-18,0.0010382213943233834
2023-04-19,0.0010196177705354983
2023-04-20,0.0010444365641497832
2023-04-21,0.0010147388468578352
2023-04-22,0.001015550612145898
2023-04-23,0.0010163623774339583
2023-04-24,0.0010142028594922504
2023-04-25,0.001094074110737302
2023-04-26,0.0010759857766030497
2023-04-27,0.0010642191190459707
2023-04-28,0.0010606778620345387
2023-04-29,0.001061393975575236
2023-04-30,0.001062110089115933
2023-05-01,0.0010681335239609432
2023-05-02,0.001088024543946706
2023-05-03,0.0011137400073613095
2023-05-04,0.0011756790076526958
2023-05-05,0.001232200913545987
2023-05-06,0.001232720444243702
2023-05-07,0.0012332399749414198
2023-05-08,0.0012300284160955113
2023-05-09,0.0012810971667527294
2023-05-10,0.0011763570775561566
2023-05-11,0.0012385185633182407
2023-05-12,0.0011986899760754678
2023-05-13,0.0011993723327350424
2023-05-14,0.0012000546893946138
2023-05-15,0.0011887321251550804
2023-05-16,0.0012480693033771644
2023-05-17,0.0012502445250557636
2023-05-18,0.00126050950901999
2023-05-19,0.001267594690648844
2023-05-20,0.0012680153472190564
2023-05-21,0.0012684360037892712
2023-05-22,0.001265951727484415
2023-05-23,0.0013148760036068232
2023-05-24,0.001328267566546638
2023-05-25,0.0013554379136434468
2023-05-26,0.0013416767227702406
2023-05-27,0.0013419616868724287
2023-05-28,0.0013422466509746143
2023-05-29,0.0013425316150768025
2023-05-30,0.0013351234733739357
2023-05-31,0.001343083886671196
2023-06-01,0.0013395205989681085
2023-06-02,0.001314392469070803
2023-06-03,0.0013147289203642128
2023-06-04,0.0013150653716576229
2023-06-05,0.0013284845876442848
2023-06-06,0.001369388872957612
2023-06-07,0.0013475660303404538
2023-06-08,0.001356562630426615
2023-06-09,0.0013158525891962473
2023-06-10,0.0013161780120986427
2023-06-11,0.0013165034350010403
2023-06-12,0.0013898776369104685
2023-06-13,0.001349819749292487
2023-06-14,0.0013771862528116252
2023-06-15,0.001366069430644513
2023-06-16,0.0012936644653995634
2023-06-17,0.0012940410086229328
2023-06-18,0.0012944175518462997
2023-06-19,0.0012947940950696693
2023-06-20,0.0013039463350789002
2023-06-21,0.0012344558823907947
2023-06-22,0.001213596846313057
2023-06-23,0.0012033281617952357
2023-06-24,0.0012040024441191729
2023-06-25,0.0012046767264431099
2023-06-26,0.0012355514081034517
2023-06-27,0.0011961952003553362
2023-06-28,0.0011941011009729944
2023-06-29,0.0011670515499311088
2023-06-30,0.0011488170905000312
2023-07-01,0.001149521377429052
2023-07-02,0.0011502256643580754
2023-07-03,0.0011008230510789025
2023-07-04,0.001101603175579101
2023-07-05,0.0012721425056328786
2023-07-06,0.0013038246372422285
2023-07-07,0.0013128406811486724
2023-07-08,0.001313275280565912
2023-07-09,0.0013137098799831483
2023-07-10,0.0013141444794003878
