Date,UBS - MBFJF Accumulated Oriented Area
2019-01-01,0.0
2019-01-02,0.0
2019-01-03,-5.1393402339656895e-08
2019-01-04,2.8579142625061477e-07
2019-01-05,1.9428911546507905e-07
2019-01-06,1.0278680467944065e-07
2019-01-07,2.1303140902243586e-07
2019-01-08,1.367034443132215e-07
2019-01-09,-9.080575007435678e-08
2019-01-10,1.2472296276526062e-07
2019-01-11,7.311025699664385e-05
2019-01-12,7.364696865794276e-05
2019-01-13,7.418368031924112e-05
2019-01-14,7.537581591132277e-05
2019-01-15,8.222786491898917e-05
2019-01-16,3.358294997662064e-05
2019-01-17,4.1722069598798057e-05
2019-01-18,-1.5697883757475088e-05
2019-01-19,-1.5424896666713095e-05
2019-01-20,-1.5151909575951475e-05
2019-01-21,-1.4878922485189557e-05
2019-01-22,5.7698381106503135e-05
2019-01-23,4.608333897913828e-05
2019-01-24,4.666663993460674e-05
2019-01-25,4.3700380265432395e-05
2019-01-26,4.415657649241704e-05
2019-01-27,4.461277271940177e-05
2019-01-28,5.1884970309671654e-05
2019-01-29,5.577009903985828e-05
2019-01-30,3.484335537461706e-05
2019-01-31,6.229248200953573e-05
2019-02-01,7.302679447070248e-05
2019-02-02,7.355393950831849e-05
2019-02-03,7.40810845459345e-05
2019-02-04,7.728268220889685e-05
2019-02-05,5.8659489507333683e-05
2019-02-06,6.206793512016193e-05
2019-02-07,8.455627411798506e-05
2019-02-08,9.415960444005534e-05
2019-02-09,9.468574147771754e-05
2019-02-10,9.521187851537969e-05
2019-02-11,9.473257751437816e-05
2019-02-12,8.229730704148404e-05
2019-02-13,7.391313395768213e-05
2019-02-14,9.707814359943144e-05
2019-02-15,7.106942221088205e-05
2019-02-16,7.151116572838798e-05
2019-02-17,7.195290924589448e-05
2019-02-18,7.239465276340099e-05
2019-02-19,7.572009623435728e-05
2019-02-20,0.00012110124181238189
2019-02-21,0.00013465401263048867
2019-02-22,0.00013429401614720152
2019-02-23,0.0001349290201771702
2019-02-24,0.00013556402420713875
2019-02-25,0.0001243990436044844
2019-02-26,0.00011045203056830795
2019-02-27,0.00010716403864337114
2019-02-28,0.0001086127301410098
2019-03-01,0.00010588195173527959
2019-03-02,0.00010632223218976915
2019-03-03,0.00010676251264425874
2019-03-04,0.00011350435628430366
2019-03-05,0.00012504967498335668
2019-03-06,0.00013591809375826497
2019-03-07,0.00016479360162821143
2019-03-08,0.00017202378589395879
2019-03-09,0.00017271774090389696
2019-03-10,0.00017341169591383548
2019-03-11,0.0001603813520223528
2019-03-12,0.00013811510329067383
2019-03-13,0.00012384552282263905
2019-03-14,0.00012137962499313559
2019-03-15,0.0001274007394242605
2019-03-16,0.00012813218912330988
2019-03-17,0.00012886363882235927
2019-03-18,0.0001004284774835723
2019-03-19,9.619308992297432e-05
2019-03-20,0.00012285964770441783
2019-03-21,0.00013134897363911867
2019-03-22,0.0001677502520668125
2019-03-23,0.00016856776978407145
2019-03-24,0.0001693852875013308
2019-03-25,0.00017319637602970095
2019-03-26,0.00016707435162872662
2019-03-27,0.0001580542400962953
2019-03-28,0.00016175346405995314
2019-03-29,0.00015090308160950786
2019-03-30,0.00015164379445420316
2019-03-31,0.00015238450729889797
2019-04-01,0.0001257705023875744
2019-04-02,0.00012548783940657406
2019-04-03,0.00011508402336568346
2019-04-04,0.00011022366212940334
2019-04-05,0.00011999223086136927
2019-04-06,0.00012051070932451244
2019-04-07,0.00012102918778765581
2019-04-08,0.00012378446577411426
2019-04-09,0.0001250561149276729
2019-04-10,0.00012929823402406718
2019-04-11,0.00012214854801386244
2019-04-12,0.00011555059375721366
2019-04-13,0.0001158853417786669
2019-04-14,0.00011622008980012013
2019-04-15,0.00011289435908190674
2019-04-16,0.00010291862731931975
2019-04-17,9.259797942403236e-05
2019-04-18,9.627016201341454e-05
2019-04-19,9.647910716095357e-05
2019-04-20,9.668805230849265e-05
2019-04-21,9.689699745603167e-05
2019-04-22,9.710594260357072e-05
2019-04-23,0.0001034001312539313
2019-04-24,0.00010089597759057479
2019-04-25,9.676199104794543e-05
2019-04-26,9.72067981951e-05
2019-04-27,9.73289348057265e-05
2019-04-28,9.745107141635304e-05
2019-04-29,8.56258540500277e-05
2019-04-30,8.793477051992517e-05
2019-05-01,8.901258409088194e-05
2019-05-02,8.686578527389891e-05
2019-05-03,8.648904115989838e-05
2019-05-04,8.640931200725512e-05
2019-05-05,8.632958285461179e-05
2019-05-06,8.105292135535149e-05
2019-05-07,7.870460882533537e-05
2019-05-08,8.556936741032454e-05
2019-05-09,8.356860174677991e-05
2019-05-10,0.00011911427823266672
2019-05-11,0.00011921785671892629
2019-05-12,0.00011932143520518548
2019-05-13,0.00010215093306231276
2019-05-14,0.00010340500567540771
2019-05-15,0.00010257226049659601
2019-05-16,0.0002011765403082534
2019-05-17,0.00019755401679413833
2019-05-18,0.0001974129351583991
2019-05-19,0.00019727185352266024
2019-05-20,0.00020179750630473797
2019-05-21,0.00020630758465497992
2019-05-22,0.00017838379703068034
2019-05-23,0.00016316761565686387
2019-05-24,0.00016290755062080864
2019-05-25,0.00016288493939765273
2019-05-26,0.0001628623281744963
2019-05-27,0.0001628397169513404
2019-05-28,0.00013794467562826685
2019-05-29,0.0001339642562274486
2019-05-30,0.00015796799202231514
2019-05-31,0.00013491845004681718
2019-06-01,0.00013499296279036288
2019-06-02,0.0001350674755339093
2019-06-03,0.00013991973114512506
2019-06-04,0.00020137005775328689
2019-06-05,0.0001503183441035832
2019-06-06,0.000152349607250643
2019-06-07,0.00015536938593646728
2019-06-08,0.00015540076111096783
2019-06-09,0.00015543213628546785
2019-06-10,0.00015089829358587588
2019-06-11,0.00013630276915606768
2019-06-12,0.00012214385734515972
2019-06-13,0.00011828162806152583
2019-06-14,0.00010625254353328607
2019-06-15,0.00010647333295736035
2019-06-16,0.00010669412238143487
2019-06-17,0.00010192856049830976
2019-06-18,0.00011793773811691616
2019-06-19,0.00012552386404715948
2019-06-20,0.00012566901242199507
2019-06-21,0.00011583901797092709
2019-06-22,0.0001160252479196652
2019-06-23,0.00011621147786840269
2019-06-24,0.00010605490246837101
2019-06-25,0.0001480329367454976
2019-06-26,0.0001588537877337137
2019-06-27,0.00017593380669361677
2019-06-28,9.655043550845604e-05
2019-06-29,9.681294288562028e-05
2019-06-30,9.707545026278454e-05
2019-07-01,5.282054632519105e-05
2019-07-02,5.390420306723182e-05
2019-07-03,5.5685517364292195e-05
2019-07-04,5.6046134914282794e-05
2019-07-05,5.997742062133665e-05
2019-07-06,6.028823953969858e-05
2019-07-07,6.0599058458060014e-05
2019-07-08,5.644021803217768e-05
2019-07-09,5.477583745992457e-05
2019-07-10,5.8772691299307375e-05
2019-07-11,6.27273213281543e-05
2019-07-12,6.458315782917933e-05
2019-07-13,6.486766848650687e-05
2019-07-14,6.515217914383445e-05
2019-07-15,6.355670220769581e-05
2019-07-16,6.277186716893449e-05
2019-07-17,6.114904277282789e-05
2019-07-18,6.401961286124015e-05
2019-07-19,5.9775685119500896e-05
2019-07-20,6.0142989513019735e-05
2019-07-21,6.0510293906537855e-05
2019-07-22,6.500891408761018e-05
2019-07-23,7.06308069583514e-05
2019-07-24,5.734051566190514e-05
2019-07-25,4.576971907687311e-05
2019-07-26,4.3710285345310775e-05
2019-07-27,4.4280047978360545e-05
2019-07-28,4.48498106114105e-05
2019-07-29,4.474529500045148e-05
2019-07-30,4.155324773785515e-05
2019-07-31,3.93762406682192e-05
2019-08-01,2.8893551199607654e-05
2019-08-02,0.00019888681117876815
2019-08-03,0.00019927266888948299
2019-08-04,0.0001996585266001987
2019-08-05,0.00017682651554685097
2019-08-06,0.00018748710518415207
2019-08-07,0.00016944248054284348
2019-08-08,7.858662103333368e-05
2019-08-09,7.988248696299114e-05
2019-08-10,8.05195534166668e-05
2019-08-11,8.115661987034245e-05
2019-08-12,0.0001036147512155951
2019-08-13,0.00010343617029512932
2019-08-14,6.352765763493688e-05
2019-08-15,6.43738512197791e-05
2019-08-16,0.0002886623713925061
2019-08-17,0.00028914903483487727
2019-08-18,0.0002896356982772496
2019-08-19,0.0003023085024344093
2019-08-20,0.00015462648267896263
2019-08-21,0.00016158197064479604
2019-08-22,0.00017885492940614793
2019-08-23,0.00023975227006686804
2019-08-24,0.00024029234484482885
2019-08-25,0.00024083241962278966
2019-08-26,0.00016420162828604393
2019-08-27,0.0001645985547225152
2019-08-28,0.00022596304617176477
2019-08-29,0.00023537426365477027
2019-08-30,0.0002384348461360358
2019-08-31,0.00023896270834599184
2019-09-01,0.00023949057055594843
2019-09-02,0.00024001843276590503
2019-09-03,0.00022514091520751262
2019-09-04,2.2344877821404204e-05
2019-09-05,8.940151319889346e-05
2019-09-06,9.513856916111925e-05
2019-09-07,9.579183011775582e-05
2019-09-08,9.644509107439233e-05
2019-09-09,0.00011588802016592969
2019-09-10,0.00014118339578518522
2019-09-11,0.0001478884941510243
2019-09-12,0.00014479719379668674
2019-09-13,0.00015917633136618226
2019-09-14,0.0001595282910515896
2019-09-15,0.00015988025073699778
2019-09-16,0.00014963140607562205
2019-09-17,0.00013996748401135547
2019-09-18,0.00014041971404465893
2019-09-19,-0.00022655061087022913
2019-09-20,-0.0001048502271714787
2019-09-21,-0.00010388504336269505
2019-09-22,-0.00010291985955391227
2019-09-23,-9.796368097259595e-05
2019-09-24,-9.217006517302955e-05
2019-09-25,-9.112717239818981e-05
2019-09-26,-5.5956812883391286e-05
2019-09-27,-5.775133449201084e-05
2019-09-28,-5.680123032978895e-05
2019-09-29,-5.585112616756615e-05
2019-09-30,-5.465969493705574e-05
2019-10-01,-4.963118062300396e-05
2019-10-02,-2.9900025061949567e-05
2019-10-03,-2.6668479509272254e-05
2019-10-04,-2.7526564426419882e-05
2019-10-05,-2.637733829972618e-05
2019-10-06,-2.5228112173033723e-05
2019-10-07,-2.311499631394745e-05
2019-10-08,-2.0234529920326776e-05
2019-10-09,5.764644633030603e-05
2019-10-10,6.0211862449963344e-05
2019-10-11,6.364428228731022e-05
2019-10-12,6.454992866198486e-05
2019-10-13,6.545557503666057e-05
2019-10-14,6.593508639867477e-05
2019-10-15,6.871120363766152e-05
2019-10-16,6.882940152242329e-05
2019-10-17,7.04649676896094e-05
2019-10-18,7.219228118602943e-05
2019-10-19,7.300871633749527e-05
2019-10-20,7.382515148896019e-05
2019-10-21,7.667405515850217e-05
2019-10-22,7.698499352909837e-05
2019-10-23,7.932718732707801e-05
2019-10-24,8.06188341668396e-05
2019-10-25,8.22612831730939e-05
2019-10-26,8.293217673331732e-05
2019-10-27,8.360307029354149e-05
2019-10-28,8.655761884670571e-05
2019-10-29,8.883907309565166e-05
2019-10-30,-4.651969412760677e-05
2019-10-31,-4.1492862043754313e-05
2019-11-01,-5.1350063560536217e-05
2019-11-02,-5.040942260417557e-05
2019-11-03,-4.9468781647815736e-05
2019-11-04,-6.882781643343156e-05
2019-11-05,-7.015420439488714e-05
2019-11-06,-7.446297774925666e-05
2019-11-07,-8.198102783568973e-05
2019-11-08,-0.00017616232855806668
2019-11-09,-0.00017503514562406032
2019-11-10,-0.00017390796269005335
2019-11-11,-0.00017158408021055482
2019-11-12,-0.0001025807707723684
2019-11-13,-8.631374846243526e-05
2019-11-14,-8.527448554719919e-05
2019-11-15,-8.931633418173217e-05
2019-11-16,-8.82968024312376e-05
2019-11-17,-8.727727068074316e-05
2019-11-18,-8.625773893024814e-05
2019-11-19,-7.939992152999117e-05
2019-11-20,-7.083113473329036e-05
2019-11-21,-7.14294676381574e-05
2019-11-22,-8.275697270574899e-05
2019-11-23,-8.174072005354815e-05
2019-11-24,-8.072446740134782e-05
2019-11-25,-9.100185294904284e-05
2019-11-26,-5.57443247656783e-05
2019-11-27,-5.887916524253856e-05
2019-11-28,-5.7934435605382946e-05
2019-11-29,-4.953123829489073e-05
2019-11-30,-4.85504087806218e-05
2019-12-01,-4.756957926635362e-05
2019-12-02,-4.052530893072934e-05
2019-12-03,-2.6627718263345015e-05
2019-12-04,-3.0977658634370796e-05
2019-12-05,-3.2615438770541044e-05
2019-12-06,-3.4244320617860724e-05
2019-12-07,-3.322373476387367e-05
2019-12-08,-3.220314890988652e-05
2019-12-09,-3.052768476013e-05
2019-12-10,-1.765007538883904e-05
2019-12-11,-1.474654822796076e-05
2019-12-12,-2.903841028695485e-05
2019-12-13,-3.4688527252235846e-05
2019-12-14,-3.376174008733997e-05
2019-12-15,-3.2834952922444746e-05
2019-12-16,-4.2427568225164545e-05
2019-12-17,-4.787779095404036e-05
2019-12-18,-4.018715378849702e-05
2019-12-19,-7.260392326602426e-05
2019-12-20,-6.716441411675254e-05
2019-12-21,-6.618895882326789e-05
2019-12-22,-6.521350352978319e-05
2019-12-23,-6.71906584132859e-05
2019-12-24,-6.549407628476928e-05
2019-12-25,-6.452830761835814e-05
2019-12-26,-6.791931971832035e-05
2019-12-27,-6.841404731785098e-05
2019-12-28,-6.747399571148841e-05
2019-12-29,-6.653394410512689e-05
2019-12-30,-7.125903825773818e-05
2019-12-31,-7.034453964612943e-05
2020-01-01,-6.943004103452004e-05
2020-01-02,-9.187672234568069e-05
2020-01-03,-0.00013550509453514516
2020-01-04,-0.0001344309937225664
2020-01-05,-0.00013335689290998757
2020-01-06,-0.00012905009858293152
2020-01-07,-0.00015565133467270663
2020-01-08,-0.000172399234083974
2020-01-09,-0.0001144211825206423
2020-01-10,-0.00010427302643820072
2020-01-11,-0.00010351301125529074
2020-01-12,-0.00010275299607238021
2020-01-13,-0.00010839206172993661
2020-01-14,-0.00011054149423800073
2020-01-15,-0.00010639678839027989
2020-01-16,-0.00011248281480233651
2020-01-17,-0.00010840849642600964
2020-01-18,-0.00010769755283197326
2020-01-19,-0.00010698660923793681
2020-01-20,-0.00010627566564390083
2020-01-21,-6.988243946229607e-05
2020-01-22,-8.721687627383348e-05
2020-01-23,-8.52898163953992e-05
2020-01-24,-7.549994741213852e-05
2020-01-25,-7.463678270896884e-05
2020-01-26,-7.37736180057985e-05
2020-01-27,-6.228340561425156e-05
2020-01-28,0.0001297228974360954
2020-01-29,0.00013289672839740998
2020-01-30,0.00013527982055868963
2020-01-31,0.00012781509039177434
2020-02-01,0.000128302323187251
2020-02-02,0.00012878955598272742
2020-02-03,0.00012764502994579963
2020-02-04,0.00013347125209807679
2020-02-05,0.00014610645254690296
2020-02-06,-3.659253719609042e-05
2020-02-07,-3.584348281158264e-05
2020-02-08,-3.503057789633968e-05
2020-02-09,-3.4217672981096524e-05
2020-02-10,-3.980351321351384e-05
2020-02-11,-4.5335968504958915e-05
2020-02-12,6.955402133445611e-05
2020-02-13,6.42435696900615e-05
2020-02-14,6.185032302080097e-05
2020-02-15,6.21634366567035e-05
2020-02-16,6.24765502926055e-05
2020-02-17,6.27896639285082e-05
2020-02-18,6.37240954066091e-05
2020-02-19,6.43444593527064e-05
2020-02-20,6.84265514164132e-05
2020-02-21,5.811968899964493e-05
2020-02-22,5.848813546498524e-05
2020-02-23,5.8856581930326145e-05
2020-02-24,3.5556539920860404e-05
2020-02-25,2.0567311043562985e-05
2020-02-26,1.9807050997100716e-05
2020-02-27,0.0002113016874030558
2020-02-28,-1.9018389245242822e-05
2020-02-29,-1.807649449337689e-05
2020-03-01,-1.7134599741512206e-05
2020-03-02,-8.875793667863512e-07
2020-03-03,-2.145765568104465e-05
2020-03-04,0.0004204476325055282
2020-03-05,0.0003169154048394454
2020-03-06,0.0002960047166583694
2020-03-07,0.0002966024750383911
2020-03-08,0.00029720023341841466
2020-03-09,4.851773996122856e-05
2020-03-10,0.0002104898022349283
2020-03-11,9.647259954229169e-05
2020-03-12,-0.00018100124017292178
2020-03-13,7.5684982812343135e-06
2020-03-14,8.737374020168875e-06
2020-03-15,9.906249759100076e-06
2020-03-16,-0.00034512978262147545
2020-03-17,-0.00015474315091286157
2020-03-18,-0.00022470718557420963
2020-03-19,-0.00011906107961178033
2020-03-20,-0.00020368759046560559
2020-03-21,-0.0002020952294750144
2020-03-22,-0.00020050286848441955
2020-03-23,-0.00026756168300642175
2020-03-24,1.5985826475737501e-06
2020-03-25,6.138058810772071e-05
2020-03-26,0.0002100504923674737
2020-03-27,0.0011859559912520742
2020-03-28,0.001185969854954341
2020-03-29,0.0011859837186566054
2020-03-30,0.0018749537049592734
2020-03-31,0.0017070377516662982
2020-04-01,0.0014667802213361343
2020-04-02,0.0015341035417432553
2020-04-03,0.001425141099637162
2020-04-04,0.0014248747748309238
2020-04-05,0.0014246084500246876
2020-04-06,0.001899444820284636
2020-04-07,0.0023222202580518918
2020-04-08,0.0023212760173775297
2020-04-09,0.0027687005884713383
2020-04-10,0.00276746215416419
2020-04-11,0.002766223719857041
2020-04-12,0.0027649852855498908
2020-04-13,0.0025140504430019766
2020-04-14,0.00265362156498166
2020-04-15,0.002368273420534278
2020-04-16,0.0014713278055482684
2020-04-17,0.001986055187687483
2020-04-18,0.001985319509684726
2020-04-19,0.0019845838316819692
2020-04-20,0.0021935002984765344
2020-04-21,0.0018880718602045465
2020-04-22,0.0018724832705439298
2020-04-23,0.0013085501440804786
2020-04-24,0.0013559674037912893
2020-04-25,0.0013556702510652435
2020-04-26,0.0013553730983391946
2020-04-27,0.0020092266875117648
2020-04-28,0.0023649973948430456
2020-04-29,0.0027678570607328266
2020-04-30,0.0026285621882078058
2020-05-01,0.0023988902877285258
2020-05-02,0.002397833934681002
2020-05-03,0.002396777581633478
2020-05-04,0.0022492890845647088
2020-05-05,0.0019180086621590135
2020-05-06,0.0018764375266865803
2020-05-07,0.001534647022596335
2020-05-08,0.0016240608391873302
2020-05-09,0.0016235794341295702
2020-05-10,0.001623098029071808
2020-05-11,0.0015098553715543787
2020-05-12,0.0014175019062239134
2020-05-13,0.001329494535797453
2020-05-14,0.0012818591950700224
2020-05-15,0.001221801189869656
2020-05-16,0.0012216076482301243
2020-05-17,0.0012214141065905923
2020-05-18,0.0016279495960364262
2020-05-19,0.0014750087871996213
2020-05-20,0.0020549864974737653
2020-05-21,0.002009559943671066
2020-05-22,0.0018795716772929839
2020-05-23,0.001878823311384302
2020-05-24,0.0018780749454756166
2020-05-25,0.0018773265795669347
2020-05-26,0.0022620147149066145
2020-05-27,0.002535671781189487
2020-05-28,0.0019928520143449677
2020-05-29,0.001968553148927233
2020-05-30,0.001967993083885126
2020-05-31,0.0019674330188430194
2020-06-01,0.0019037766851496669
2020-06-02,0.0020150275210534477
2020-06-03,0.002214187363762201
2020-06-04,0.0022986360323437875
2020-06-05,0.002119077507500731
2020-06-06,0.0021184906465028072
2020-06-07,0.002117903785504887
2020-06-08,0.002223571616365262
2020-06-09,0.0021350574078922635
2020-06-10,0.0020522716121979673
2020-06-11,0.0019055813269554668
2020-06-12,0.0021692538679412344
2020-06-13,0.002168531142395821
2020-06-14,0.002167808416850407
2020-06-15,0.0024238898683760653
2020-06-16,0.0021195202705075623
2020-06-17,0.002392974764164292
2020-06-18,0.002402517950882595
2020-06-19,0.0022636337655571478
2020-06-20,0.0022627773630248134
2020-06-21,0.002261920960492481
2020-06-22,0.0022818840371670586
2020-06-23,0.002008255900491034
2020-06-24,0.0018880125454404017
2020-06-25,0.0026183495750515665
2020-06-26,0.0025211239104733964
2020-06-27,0.002520043012760244
2020-06-28,0.002518962115047092
2020-06-29,0.0026035319156756825
2020-06-30,0.0026869050640536676
2020-07-01,0.0026170912961545095
2020-07-02,0.002742108923977743
2020-07-03,0.002740877389370374
2020-07-04,0.0027396458547630015
2020-07-05,0.0027384143201556297
2020-07-06,0.0029703410652241052
2020-07-07,0.0028500492947276463
2020-07-08,0.0029060642432934304
2020-07-09,0.0027977732413199175
2020-07-10,0.0029351681653265013
2020-07-11,0.0029337616027543855
2020-07-12,0.002932355040182266
2020-07-13,0.0028618422619130887
2020-07-14,0.002978836399433457
2020-07-15,0.002932413156278456
2020-07-16,0.0029310596103692553
2020-07-17,0.002929706064460055
2020-07-18,0.002928352518550854
2020-07-19,0.002926998972641654
2020-07-20,0.0029003947645048185
2020-07-21,0.0030441691611559803
2020-07-22,0.0030674262339845213
2020-07-23,0.003051474410582878
2020-07-24,0.0031344370348170645
2020-07-25,0.0031327884072222608
2020-07-26,0.003131139779627456
2020-07-27,0.0029671991252498346
2020-07-28,0.0028600034767257655
2020-07-29,0.0028099523984159197
2020-07-30,0.0026898618634618263
2020-07-31,0.0031926079454485186
2020-08-01,0.003190767475363926
2020-08-02,0.003188927005279334
2020-08-03,0.003210854538249555
2020-08-04,0.0033089097685386868
2020-08-05,0.0031779076611541334
2020-08-06,0.003192331591823612
2020-08-07,0.0031641376990331005
2020-08-08,0.0031626045234529553
2020-08-09,0.0031610713478728084
2020-08-10,0.0032075080940427926
2020-08-11,0.003227165702252771
2020-08-12,0.003330732821184844
2020-08-13,0.0032714384155395956
2020-08-14,0.003153252777931456
2020-08-15,0.00315179401939752
2020-08-16,0.0031503352608635822
2020-08-17,0.0031285832431903345
2020-08-18,0.003050395842574964
2020-08-19,0.003054148118090065
2020-08-20,0.00299064094242671
2020-08-21,0.0029892808445049963
2020-08-22,0.002987920746583282
2020-08-23,0.002986560648661569
2020-08-24,0.0031091212800930038
2020-08-25,0.002882069032221993
2020-08-26,0.002747873710322848
2020-08-27,0.003051810365316538
2020-08-28,0.0030080572857938484
2020-08-29,0.003006785045415105
2020-08-30,0.0030055128050363623
2020-08-31,0.0025777406148456356
2020-09-01,0.002731592723268797
2020-09-02,0.002803617655322278
2020-09-03,0.0029758355377940667
2020-09-04,0.0029251042408050426
2020-09-05,0.0029239126783527397
2020-09-06,0.0029227211159004365
2020-09-07,0.0029215295534481336
2020-09-08,0.0027047449376826514
2020-09-09,0.0030311581691441977
2020-09-10,0.0029756326383237877
2020-09-11,0.0029941056295050175
2020-09-12,0.002992791284141259
2020-09-13,0.002991476938777501
2020-09-14,0.0031222352906510103
2020-09-15,0.003008435603231467
2020-09-16,0.002715773509898582
2020-09-17,0.0026832587570370945
2020-09-18,0.002586152975995226
2020-09-19,0.0025853859116297465
2020-09-20,0.002584618847264265
2020-09-21,0.002308214584631565
2020-09-22,0.002410948247628098
2020-09-23,0.0022551818990386155
2020-09-24,0.0022275346373210967
2020-09-25,0.002030659247845674
2020-09-26,0.00203026562730258
2020-09-27,0.002029872006759484
2020-09-28,0.0019470569167144328
2020-09-29,0.002512738882912418
2020-09-30,0.0027221128422570385
2020-10-01,0.002761270305421172
2020-10-02,0.002737507584427721
2020-10-03,0.0027364828162504385
2020-10-04,0.002735458048073154
2020-10-05,0.0028587576544781288
2020-10-06,0.002763817684108036
2020-10-07,0.002848869547486777
2020-10-08,0.0028628844539461233
2020-10-09,0.0026371934984278584
2020-10-10,0.002636380533569733
2020-10-11,0.0026355675687116074
2020-10-12,0.0027620830681122006
2020-10-13,0.00268011714005517
2020-10-14,0.002584521522428034
2020-10-15,0.00264971881784577
2020-10-16,0.003088484291252783
2020-10-17,0.0030871429279155527
2020-10-18,0.0030858015645783203
2020-10-19,0.003160131264282536
2020-10-20,0.0035086957100183857
2020-10-21,0.0031373699876045395
2020-10-22,0.0032391836350925277
2020-10-23,0.0030962014076032583
2020-10-24,0.0030952074431510016
2020-10-25,0.003094213478698744
2020-10-26,0.0030720368863550273
2020-10-27,0.0029420416919929077
2020-10-28,0.0032361124969075526
2020-10-29,0.0031296983673642234
2020-10-30,0.0032207960532771754
2020-10-31,0.003219450787853681
2020-11-01,0.003218105522430185
2020-11-02,0.0029143742009310873
2020-11-03,0.0035407016456978453
2020-11-04,0.003458730580393637
2020-11-05,0.0036664895926728
2020-11-06,0.0035851126965846312
2020-11-07,0.0035836969468985434
2020-11-08,0.0035822811972124587
2020-11-09,0.003701497007461629
2020-11-10,0.00376083430098928
2020-11-11,0.0037472809645738205
2020-11-12,0.0035599779435414682
2020-11-13,0.003695890554174039
2020-11-14,0.0036945561299978934
2020-11-15,0.003693221705821749
2020-11-16,0.0038025939459586954
2020-11-17,0.0036961433024759733
2020-11-18,0.00373026072847432
2020-11-19,0.0037732066463829214
2020-11-20,0.003758326131457864
2020-11-21,0.003757280787444777
2020-11-22,0.00375623544343169
2020-11-23,0.0037938859339949242
2020-11-24,0.0038474956870099626
2020-11-25,0.003808111657561542
2020-11-26,0.0038070111416245956
2020-11-27,0.0037866119491017586
2020-11-28,0.003785530657012751
2020-11-29,0.003784449364923744
2020-11-30,0.003668090757059499
2020-12-01,0.0039245071421684565
2020-12-02,0.00396770030376198
2020-12-03,0.003945541360787477
2020-12-04,0.0038852968222763294
2020-12-05,0.0038838899545671777
2020-12-06,0.0038824830868580264
2020-12-07,0.003923433693806372
2020-12-08,0.0038758689949084284
2020-12-09,0.0038458787582023248
2020-12-10,0.003835535666918488
2020-12-11,0.003698609066409811
2020-12-12,0.0036973376060178706
2020-12-13,0.003696066145625931
2020-12-14,0.003615853250286802
2020-12-15,0.0037879012212111663
2020-12-16,0.003755596296833385
2020-12-17,0.0037196159637439847
2020-12-18,0.00370850797056898
2020-12-19,0.0037072261085988475
2020-12-20,0.0037059442466287167
2020-12-21,0.0036040319952637006
2020-12-22,0.0036211571757136254
2020-12-23,0.0037038023095693883
2020-12-24,0.003632274208348331
2020-12-25,0.00363116909451959
2020-12-26,0.0036300639806908473
2020-12-27,0.0036289588668621062
2020-12-28,0.0036779298731900666
2020-12-29,0.0036479633404203106
2020-12-30,0.003700341519435548
2020-12-31,0.003652498514424787
2021-01-01,0.003651358580884504
2021-01-02,0.0036502186473442227
2021-01-03,0.00364907871380394
2021-01-04,0.0036464297612359984
2021-01-05,0.003819922852015367
2021-01-06,0.003958348125213889
2021-01-07,0.0039214159455072855
2021-01-08,0.0038933901108493107
2021-01-09,0.003892433930594607
2021-01-10,0.003891477750339903
2021-01-11,0.0039136908178593905
2021-01-12,0.003944640645999
2021-01-13,0.0038815858478250947
2021-01-14,0.0037516324575942936
2021-01-15,0.0037870857302875144
2021-01-16,0.003786401996879377
2021-01-17,0.0037857182634712383
2021-01-18,0.0037850345300631007
2021-01-19,0.0037320829897670147
2021-01-20,0.0038657858413763107
2021-01-21,0.0037827136001906026
2021-01-22,0.0037714605104178333
2021-01-23,0.0037707292041064665
2021-01-24,0.0037699978977950993
2021-01-25,0.0038197244824199087
2021-01-26,0.0037908980564878114
2021-01-27,0.0037078377023734245
2021-01-28,0.003987116198738341
2021-01-29,0.003827978824637617
2021-01-30,0.0038267658590061234
2021-01-31,0.003825552893374632
2021-02-01,0.0037403113569096235
2021-02-02,0.0037462342893245654
2021-02-03,0.003732499598533911
2021-02-04,0.0037509785823550347
2021-02-05,0.0036996472746766117
2021-02-06,0.0036990006129681815
2021-02-07,0.003698353951259752
2021-02-08,0.0037776932605233997
2021-02-09,0.0036938201360768976
2021-02-10,0.0036775707493192002
2021-02-11,0.003775322451669055
2021-02-12,0.003632927408205895
2021-02-13,0.003632720605536221
2021-02-14,0.0036325138028665462
2021-02-15,0.003632307000196872
2021-02-16,0.0035975915280605326
2021-02-17,0.0035857723359182646
2021-02-18,0.0036464632197786527
2021-02-19,0.003633836656459855
2021-02-20,0.003633688937906613
2021-02-21,0.0036335412193533702
2021-02-22,0.003569316210438464
2021-02-23,0.0035655730458231533
2021-02-24,0.0035770560815398473
2021-02-25,0.003592351775004731
2021-02-26,0.0036380688240507542
2021-02-27,0.0036378460326367996
2021-02-28,0.003637623241222845
2021-03-01,0.0035920059450651343
2021-03-02,0.003612842632108191
2021-03-03,0.0036010440232095414
2021-03-04,0.0035764335314303524
2021-03-05,0.0036194775064594953
2021-03-06,0.0036193610434325264
2021-03-07,0.003619244580405557
2021-03-08,0.0036231486489760926
2021-03-09,0.003615750108539875
2021-03-10,0.0035956207229992333
2021-03-11,0.003563258455274231
2021-03-12,0.0035644442078122895
2021-03-13,0.003564550103457643
2021-03-14,0.003564655999102996
2021-03-15,0.003562033658189997
2021-03-16,0.0034588261553072947
2021-03-17,0.0034575034995257175
2021-03-18,0.0033839607431467066
2021-03-19,0.0033468311458932504
2021-03-20,0.0033476793866943607
2021-03-21,0.003348527627495471
2021-03-22,0.003343354233072735
2021-03-23,0.0033968153672946796
2021-03-24,0.003577206023329724
2021-03-25,0.003477042623077942
2021-03-26,0.0034780446268701383
2021-03-27,0.0034785193340028816
2021-03-28,0.0034789940411356244
2021-03-29,0.003491283301878475
2021-03-30,0.0034916083246707037
2021-03-31,0.003652957894402546
2021-04-01,0.00361845741805671
2021-04-02,0.003618590358303986
2021-04-03,0.0036187232985512613
2021-04-04,0.003618856238798537
2021-04-05,0.003624998675622755
2021-04-06,0.003633311773239274
2021-04-07,0.0036329760813936605
2021-04-08,0.0036318867744592207
2021-04-09,0.0036323140399181085
2021-04-10,0.0036323594946044324
2021-04-11,0.0036324049492907563
2021-04-12,0.003666019684990941
2021-04-13,0.003657188842693116
2021-04-14,0.00367118794636222
2021-04-15,0.0036551107718969375
2021-04-16,0.0036219358886300144
2021-04-17,0.00362197508086317
2021-04-18,0.0036220142730963257
2021-04-19,0.0036143442741844163
2021-04-20,0.003669000002166846
2021-04-21,0.0036320117487606694
2021-04-22,0.003627797291635984
2021-04-23,0.0036040165307372864
2021-04-24,0.003604080819772009
2021-04-25,0.0036041451088067327
2021-04-26,0.0036330035081869566
2021-04-27,0.0035941324678100276
2021-04-28,0.0035990760914034084
2021-04-29,0.003601861286012767
2021-04-30,0.003598777866716873
2021-05-01,0.0035988526205997244
2021-05-02,0.0035989273744825765
2021-05-03,0.0035333154277275274
2021-05-04,0.0035166293406640957
2021-05-05,0.003534022859926356
2021-05-06,0.00354825655178093
2021-05-07,0.0035549037287024047
2021-05-08,0.0035550493243104225
2021-05-09,0.0035551949199184403
2021-05-10,0.0034949146688680226
2021-05-11,0.0034879861370243365
2021-05-12,0.003484939095259771
2021-05-13,0.0034927913855177083
2021-05-14,0.0034984002632723805
2021-05-15,0.003498780562389844
2021-05-16,0.003499160861507306
2021-05-17,0.003501705162846981
2021-05-18,0.0034963808797726635
2021-05-19,0.003501137235545822
2021-05-20,0.0034116007572253786
2021-05-21,0.003409623783382285
2021-05-22,0.0034101952625206714
2021-05-23,0.003410766741659059
2021-05-24,0.003409074344575778
2021-05-25,0.0033743153744078044
2021-05-26,0.0033774632816987267
2021-05-27,0.003365955035239772
2021-05-28,0.003360989105291843
2021-05-29,0.0033615699583443015
2021-05-30,0.003362150811396759
2021-05-31,0.0033627316644492173
2021-06-01,0.003358683594416395
2021-06-02,0.003361530847404823
2021-06-03,0.0033586785767320444
2021-06-04,0.0033611076355595463
2021-06-05,0.003361664095490118
2021-06-06,0.0033622205554206903
2021-06-07,0.0034440599358571402
2021-06-08,0.003443690552747043
2021-06-09,0.0034164540775899763
2021-06-10,0.0034159092874170042
2021-06-11,0.0034168239823202987
2021-06-12,0.0034171397339334115
2021-06-13,0.003417455485546524
2021-06-14,0.0034179802527726936
2021-06-15,0.003473003675177001
2021-06-16,0.0034486270194497588
2021-06-17,0.003438163560999241
2021-06-18,0.003489843731295642
2021-06-19,0.00348997490023224
2021-06-20,0.003490106069168839
2021-06-21,0.003516346490864513
2021-06-22,0.0035024231463958028
2021-06-23,0.003431628718595167
2021-06-24,0.0034403689286143313
2021-06-25,0.0034416011920080604
2021-06-26,0.0034418341672664172
2021-06-27,0.0034420671425247737
2021-06-28,0.0034454923174352687
2021-06-29,0.003441819752476393
2021-06-30,0.003434165021005184
2021-07-01,0.003441839313837174
2021-07-02,0.003438683078385132
2021-07-03,0.0034389572554800536
2021-07-04,0.003439231432574976
2021-07-05,0.003439505609669897
2021-07-06,0.0033766025022980498
2021-07-07,0.0033728616684269774
2021-07-08,0.0033577083770454756
2021-07-09,0.0033701548522896063
2021-07-10,0.0033706692475113705
2021-07-11,0.0033711836427331343
2021-07-12,0.003566913809638474
2021-07-13,0.003561628114338168
2021-07-14,0.0035660274652140017
2021-07-15,0.0035596327901537446
2021-07-16,0.00349420552263524
2021-07-17,0.0034944501650599077
2021-07-18,0.0034946948074845753
2021-07-19,0.003619432030557172
2021-07-20,0.0037259698248483008
2021-07-21,0.0038001222923906078
2021-07-22,0.00378456594892621
2021-07-23,0.0037569227580186524
2021-07-24,0.0037567449596548706
2021-07-25,0.0037565671612910883
2021-07-26,0.003787440958110219
2021-07-27,0.0037658666390085315
2021-07-28,0.003762721995531333
2021-07-29,0.0037959900047674715
2021-07-30,0.0037918329136364683
2021-07-31,0.0037915928181216406
2021-08-01,0.0037913527226068125
2021-08-02,0.003797013776230396
2021-08-03,0.003812429772778767
2021-08-04,0.0038023359432863236
2021-08-05,0.00381580473168494
2021-08-06,0.003878792618921851
2021-08-07,0.0038782310005311673
2021-08-08,0.003877669382140482
2021-08-09,0.003808623511287854
2021-08-10,0.003862151820913605
2021-08-11,0.003878113039151276
2021-08-12,0.003876426526184118
2021-08-13,0.0038829527172844353
2021-08-14,0.003882426924020185
2021-08-15,0.0038819011307559357
2021-08-16,0.003815508778460746
2021-08-17,0.0038019675809067414
2021-08-18,0.0037957577289291747
2021-08-19,0.0037819563909820353
2021-08-20,0.0037846730416755694
2021-08-21,0.003784615975493938
2021-08-22,0.0037845589093123072
2021-08-23,0.00379214786675622
2021-08-24,0.0037989957423034543
2021-08-25,0.003810617978443815
2021-08-26,0.003791721408344782
2021-08-27,0.003803518263083873
2021-08-28,0.0038033942792898906
2021-08-29,0.003803270295495908
2021-08-30,0.0037868794052215975
2021-08-31,0.003878689773409631
2021-09-01,0.00388967149685624
2021-09-02,0.0038879507803543253
2021-09-03,0.0037547387894589215
2021-09-04,0.003754824605617624
2021-09-05,0.0037549104217763276
2021-09-06,0.003754996237935031
2021-09-07,0.003754609183350418
2021-09-08,0.0037484936076390358
2021-09-09,0.003647235813010767
2021-09-10,0.0036475574670483983
2021-09-11,0.003648043763587463
2021-09-12,0.003648530060126528
2021-09-13,0.0036866228234918906
2021-09-14,0.0036844137010065307
2021-09-15,0.003686993940422008
2021-09-16,0.0036877885933658
2021-09-17,0.003682308049503938
2021-09-18,0.0036826962970102966
2021-09-19,0.003683084544516656
2021-09-20,0.0036654831567164625
2021-09-21,0.003663855315335973
2021-09-22,0.003670996406259462
2021-09-23,0.003674994002928835
2021-09-24,0.003677056752585797
2021-09-25,0.003677574137972664
2021-09-26,0.0036780915233595307
2021-09-27,0.0036839027210711045
2021-09-28,0.0036807883538373903
2021-09-29,0.0036848921901028926
2021-09-30,0.0036175199444414986
2021-10-01,0.0036182641718691773
2021-10-02,0.0036189408978467034
2021-10-03,0.0036196176238242304
2021-10-04,0.0036201070445337088
2021-10-05,0.003619527232315741
2021-10-06,0.003694385944286356
2021-10-07,0.0037031212403595155
2021-10-08,0.003710420095609633
2021-10-09,0.003710703706879015
2021-10-10,0.003710987318148397
2021-10-11,0.003709956413070383
2021-10-12,0.003695443567270639
2021-10-13,0.0037321759902109557
2021-10-14,0.0037471009045049117
2021-10-15,0.0037519522357400575
2021-10-16,0.003752033110052358
2021-10-17,0.003752113984364659
2021-10-18,0.0037237400111115046
2021-10-19,0.003725313044584287
2021-10-20,0.003728432523706398
2021-10-21,0.0037284055316180193
2021-10-22,0.003733498252683706
2021-10-23,0.0037336123985177755
2021-10-24,0.0037337265443518446
2021-10-25,0.0037358576330934375
2021-10-26,0.0037397928676686553
2021-10-27,0.0037414659077854703
2021-10-28,0.003744352837777673
2021-10-29,0.0037437362956616
2021-10-30,0.0037437430871742434
2021-10-31,0.003743749878686887
2021-11-01,0.0037515350921975116
2021-11-02,0.0037525110514674874
2021-11-03,0.00375284973182927
2021-11-04,0.003744770148850679
2021-11-05,0.0037476158042978724
2021-11-06,0.003747578700375662
2021-11-07,0.003747541596453454
2021-11-08,0.0037461503309859827
2021-11-09,0.00374749362455919
2021-11-10,0.0037837338362155023
2021-11-11,0.0037542875662751564
2021-11-12,0.00375181190565756
2021-11-13,0.0037515964065185344
2021-11-14,0.0037513809073795095
2021-11-15,0.0037460216688413447
2021-11-16,0.0037458261358278965
2021-11-17,0.003759396716380415
2021-11-18,0.0037430078846773544
2021-11-19,0.003714449747243629
2021-11-20,0.0037143715644567124
2021-11-21,0.003714293381669795
2021-11-22,0.0037130024068804217
2021-11-23,0.0037190015585768154
2021-11-24,0.003810294756341443
2021-11-25,0.0038097607232665566
2021-11-26,0.0037345528871358144
2021-11-27,0.003734159571628616
2021-11-28,0.003733766256121418
2021-11-29,0.003744620062008739
2021-11-30,0.00376037793679945
2021-12-01,0.00374872930505119
2021-12-02,0.003771763526001462
2021-12-03,0.003749539402297129
2021-12-04,0.0037492017537247057
2021-12-05,0.003748864105152283
2021-12-06,0.003770512954808648
2021-12-07,0.0037819462635366027
2021-12-08,0.0037824403982197573
2021-12-09,0.00372485814697778
2021-12-10,0.0037239468332875836
2021-12-11,0.0037239139387672563
2021-12-12,0.003723881044246929
2021-12-13,0.003780206895343888
2021-12-14,0.0037789053457542568
2021-12-15,0.0037368288145765254
2021-12-16,0.003757493217730178
2021-12-17,0.0036754979660324205
2021-12-18,0.0036756035757478257
2021-12-19,0.00367570918546323
2021-12-20,0.003761352010284431
2021-12-21,0.003833895444837008
2021-12-22,0.003760178272050747
2021-12-23,0.0038626409982252035
2021-12-24,0.0038620877835471605
2021-12-25,0.0038615345688691174
2021-12-26,0.0038609813541910743
2021-12-27,0.0038912529238550563
2021-12-28,0.0038955452423012175
2021-12-29,0.0038984153824707865
2021-12-30,0.003881648277085145
2021-12-31,0.003832044029831925
2022-01-01,0.003831624866034181
2022-01-02,0.0038312057022364373
2022-01-03,0.0038422764655316704
2022-01-04,0.0038594704037103298
2022-01-05,0.003843324255081235
2022-01-06,0.0038897207761634366
2022-01-07,0.003912490253513706
2022-01-08,0.003911965361289635
2022-01-09,0.003911440469065564
2022-01-10,0.003903149553608075
2022-01-11,0.0038978624413877217
2022-01-12,0.003897544743503746
2022-01-13,0.0039040484964028782
2022-01-14,0.003901886992578803
2022-01-15,0.0039022428374506785
2022-01-16,0.0039025986823225537
2022-01-17,0.0039029545271944297
2022-01-18,0.003909646856311816
2022-01-19,0.0039128107118756575
2022-01-20,0.003913118054835324
2022-01-21,0.003915049280960254
2022-01-22,0.003915249104094022
2022-01-23,0.0039154489272277895
2022-01-24,0.003923005680858334
2022-01-25,0.003941695606661008
2022-01-26,0.00394309537288996
2022-01-27,0.003939308507223302
2022-01-28,0.003921881949192191
2022-01-29,0.003922197204805261
2022-01-30,0.003922512460418331
2022-01-31,0.003918456387211194
2022-02-01,0.0038660547373215587
2022-02-02,0.0038604456160306762
2022-02-03,0.00386482435053832
2022-02-04,0.003863350487875062
2022-02-05,0.0038635233201608473
2022-02-06,0.0038636961524466324
2022-02-07,0.0038557614920389097
2022-02-08,0.0038433653018828096
2022-02-09,0.0038321814673143244
2022-02-10,0.0038772613703309143
2022-02-11,0.003913613718412886
2022-02-12,0.003913985654998907
2022-02-13,0.003914357591584927
2022-02-14,0.003923184700157092
2022-02-15,0.003914447559492342
2022-02-16,0.003930263446909938
2022-02-17,0.003952663565523953
2022-02-18,0.003955277176098321
2022-02-19,0.003955756923261125
2022-02-20,0.003956236670423928
2022-02-21,0.0039567164175867316
2022-02-22,0.004008213965406475
2022-02-23,0.004027457112845504
2022-02-24,0.004124701291663816
2022-02-25,0.004179900198980138
2022-02-26,0.004180150956663819
2022-02-27,0.004180401714347498
2022-02-28,0.004148516561055533
2022-03-01,0.004187760181200956
2022-03-02,0.004181958804642226
2022-03-03,0.004207612005597192
2022-03-04,0.004270125039375538
2022-03-05,0.004271362662261543
2022-03-06,0.004272600285147548
2022-03-07,0.004317368397073063
2022-03-08,0.004260235322580694
2022-03-09,0.004579625075102471
2022-03-10,0.004489893149683585
2022-03-11,0.004489727367000625
2022-03-12,0.004490289568919971
2022-03-13,0.004490851770839317
2022-03-14,0.004500963340924787
2022-03-15,0.0045041122690975596
2022-03-16,0.004527686779215515
2022-03-17,0.004533493731326967
2022-03-18,0.004404997254823967
2022-03-19,0.004405736883285553
2022-03-20,0.004406476511747138
2022-03-21,0.004398510409836314
2022-03-22,0.004292994683989351
2022-03-23,0.0043515768895794555
2022-03-24,0.004333799279398773
2022-03-25,0.004311364829167361
2022-03-26,0.004312236840502932
2022-03-27,0.004313108851838502
2022-03-28,0.004327482609152354
2022-03-29,0.004283535901805804
2022-03-30,0.00430420175308014
2022-03-31,0.004352149271507769
2022-04-01,0.004352411834368398
2022-04-02,0.0043524750959297274
2022-04-03,0.004352538357491055
2022-04-04,0.00435306566429819
2022-04-05,0.004351270472577877
2022-04-06,0.004350083179295869
2022-04-07,0.0043503638119524145
2022-04-08,0.004350377084460369
2022-04-09,0.00435067066546271
2022-04-10,0.004350964246465052
2022-04-11,0.004350590951144588
2022-04-12,0.004377394538124099
2022-04-13,0.004378682775409407
2022-04-14,0.004409158966356266
2022-04-15,0.004409407510058158
2022-04-16,0.00440965605376005
2022-04-17,0.004409904597461942
2022-04-18,0.004410153141163834
2022-04-19,0.004421493418277434
2022-04-20,0.004334265792469415
2022-04-21,0.004349575672462493
2022-04-22,0.004478717312380063
2022-04-23,0.004478920853003565
2022-04-24,0.0044791243936270694
2022-04-25,0.0045047951555620795
2022-04-26,0.004469008426922753
2022-04-27,0.004531544210350431
2022-04-28,0.00453326126077531
2022-04-29,0.004496902892648569
2022-04-30,0.004497087077964897
2022-05-01,0.004497271263281222
2022-05-02,0.0045016794514524845
2022-05-03,0.004389076452272028
2022-05-04,0.004376524493201271
2022-05-05,0.004459977485647491
2022-05-06,0.004388342917935101
2022-05-07,0.004388713121795425
2022-05-08,0.004389083325655748
2022-05-09,0.004356937431292375
2022-05-10,0.004378765023032154
2022-05-11,0.004634762829562116
2022-05-12,0.0046387154535979195
2022-05-13,0.0045847400159130655
2022-05-14,0.0045847726233016525
2022-05-15,0.004584805230690239
2022-05-16,0.004596219830443419
2022-05-17,0.004643022155101157
2022-05-18,0.004618608445472034
2022-05-19,0.0047064562136157175
2022-05-20,0.004695800434182664
2022-05-21,0.004695591452492732
2022-05-22,0.004695382470802801
2022-05-23,0.004760148222279437
2022-05-24,0.004796196286808748
2022-05-25,0.004701522949867563
2022-05-26,0.004724042600785676
2022-05-27,0.004727543228097137
2022-05-28,0.004727400027663626
2022-05-29,0.004727256827230115
2022-05-30,0.004727113626796604
2022-05-31,0.004720827462029122
2022-06-01,0.004740057521891347
2022-06-02,0.004759354094876983
2022-06-03,0.004736686646517779
2022-06-04,0.0047364867224699275
2022-06-05,0.004736286798422077
2022-06-06,0.004747428854922081
2022-06-07,0.004787787654647576
2022-06-08,0.004682038584002254
2022-06-09,0.004651239021211889
2022-06-10,0.004591713037153339
2022-06-11,0.004591627017540774
2022-06-12,0.00459154099792821
2022-06-13,0.00459040176456209
2022-06-14,0.004611804662718498
2022-06-15,0.004493443735241893
2022-06-16,0.004286173199962453
2022-06-17,0.004618973466062206
2022-06-18,0.004618895649059006
2022-06-19,0.004618817832055805
2022-06-20,0.004618740015052604
2022-06-21,0.0043781346823978315
2022-06-22,0.004533761821875056
2022-06-23,0.004473234112904836
2022-06-24,0.00462992160484568
2022-06-25,0.004629788049813278
2022-06-26,0.004629654494780876
2022-06-27,0.004630986048337995
2022-06-28,0.004589426933598721
2022-06-29,0.0045623138732576035
2022-06-30,0.0045394864350143446
2022-07-01,0.004525693326511112
2022-07-02,0.004525727549738916
2022-07-03,0.004525761772966718
2022-07-04,0.00452579599619452
2022-07-05,0.004466298469333878
2022-07-06,0.004543603402057251
2022-07-07,0.004552061003953489
2022-07-08,0.0046287344910767875
2022-07-09,0.004628639976744348
2022-07-10,0.00462854546241191
2022-07-11,0.0045854486155342995
2022-07-12,0.004622891546388095
2022-07-13,0.004581495449748287
2022-07-14,0.004495017954047562
2022-07-15,0.004581665942035972
2022-07-16,0.004581634705770652
2022-07-17,0.0045816034695053305
2022-07-18,0.004947637181171344
2022-07-19,0.004812070384522631
2022-07-20,0.00487227021614935
2022-07-21,0.004972796851460561
2022-07-22,0.00494402603768725
2022-07-23,0.004943553138926416
2022-07-24,0.004943080240165581
2022-07-25,0.004999108396024494
2022-07-26,0.004565732540375149
2022-07-27,0.004671276325801624
2022-07-28,0.00478761382071171
2022-07-29,0.004880239341012735
2022-07-30,0.004879834912608837
2022-07-31,0.004879430484204939
2022-08-01,0.0048565045031470945
2022-08-02,0.0048083200991282365
2022-08-03,0.004846782763768345
2022-08-04,0.004810089909081739
2022-08-05,0.004758768493243314
2022-08-06,0.004758547981029017
2022-08-07,0.004758327468814721
2022-08-08,0.004815194105024607
2022-08-09,0.004775591790255653
2022-08-10,0.004828724636495441
2022-08-11,0.004859521448286193
2022-08-12,0.0047381077566092025
2022-08-13,0.004738010172051661
2022-08-14,0.004737912587494118
2022-08-15,0.004747413037435845
2022-08-16,0.004751733935138312
2022-08-17,0.004808972121557219
2022-08-18,0.004792010978327513
2022-08-19,0.004695102079179027
2022-08-20,0.004695027324190601
2022-08-21,0.004694952569202175
2022-08-22,0.004619830914833617
2022-08-23,0.004619860850288701
2022-08-24,0.004837390940755616
2022-08-25,0.004765129535993921
2022-08-26,0.0046817321663735825
2022-08-27,0.004681684380548633
2022-08-28,0.004681636594723682
2022-08-29,0.004744964380366513
2022-08-30,0.004994202294533696
2022-08-31,0.004967865640456839
2022-09-01,0.004851518779677497
2022-09-02,0.0048804990405118594
2022-09-03,0.004880139276986028
2022-09-04,0.004879779513460197
2022-09-05,0.0048794197499343675
2022-09-06,0.004905630017124015
2022-09-07,0.0049263988270567705
2022-09-08,0.0053266383488406325
2022-09-09,0.005240844603888569
2022-09-10,0.005240163392458641
2022-09-11,0.005239482181028715
2022-09-12,0.005222208401214291
2022-09-13,0.0052122723912983275
2022-09-14,0.005174089618665657
2022-09-15,0.005364743641024297
2022-09-16,0.005149958410967937
2022-09-17,0.005149385759024999
2022-09-18,0.0051488131070820614
2022-09-19,0.005171474735828844
2022-09-20,0.00509293070714445
2022-09-21,0.0050289385236153405
2022-09-22,0.004920437497510829
2022-09-23,0.004755370142087573
2022-09-24,0.00475515561727694
2022-09-25,0.004754941092466306
2022-09-26,0.004671132961352351
2022-09-27,0.005197343012589493
2022-09-28,0.005259967930410319
2022-09-29,0.005128632927476901
2022-09-30,0.00506889941621985
2022-10-01,0.005068350785530086
2022-10-02,0.0050678021548403234
2022-10-03,0.005658851800330229
2022-10-04,0.006083802212463845
2022-10-05,0.005903063220069486
2022-10-06,0.005641203659979145
2022-10-07,0.00559487290139447
2022-10-08,0.005593796164754474
2022-10-09,0.0055927194281144765
2022-10-10,0.005511166482315992
2022-10-11,0.005387099185475846
2022-10-12,0.005498479342846692
2022-10-13,0.005839575384774537
2022-10-14,0.005593213039036046
2022-10-15,0.005592058957058793
2022-10-16,0.005590904875081537
2022-10-17,0.005795718060363674
2022-10-18,0.005759165668693251
2022-10-19,0.0056189029070343255
2022-10-20,0.005442397196622649
2022-10-21,0.00552442650624983
2022-10-22,0.005523498693599754
2022-10-23,0.005522570880949677
2022-10-24,0.0056882989022865125
2022-10-25,0.0059713042134139005
2022-10-26,0.005878454935714629
2022-10-27,0.005798563551591933
2022-10-28,0.005872846581851339
2022-10-29,0.005871770756719819
2022-10-30,0.0058706949315883
2022-10-31,0.005765145509339161
2022-11-01,0.0058101036205121855
2022-11-02,0.005646443718810148
2022-11-03,0.00571678319315907
2022-11-04,0.005970371410504121
2022-11-05,0.0059692267367078234
2022-11-06,0.0059680820629115245
2022-11-07,0.00599858765160457
2022-11-08,0.005896492738053876
2022-11-09,0.00585921598781472
2022-11-10,0.006216771358636449
2022-11-11,0.0065345951442467
2022-11-12,0.0065331005583393175
2022-11-13,0.006531605972431933
2022-11-14,0.006281125854543334
2022-11-15,0.0063196019719074315
2022-11-16,0.006291340129699546
2022-11-17,0.006277856013604487
2022-11-18,0.006286738914613745
2022-11-19,0.0062856707891255584
2022-11-20,0.006284602663637371
2022-11-21,0.006267108231527128
2022-11-22,0.006270929645940176
2022-11-23,0.006296491034474303
2022-11-24,0.006295436424351878
2022-11-25,0.006316060516475305
2022-11-26,0.006314986425759478
2022-11-27,0.006313912335043652
2022-11-28,0.005978474765242594
2022-11-29,0.005955628952789872
2022-11-30,0.005970521803138989
2022-12-01,0.005977897718967945
2022-12-02,0.005972790785198945
2022-12-03,0.005972369995434608
2022-12-04,0.0059719492056702714
2022-12-05,0.006026768639814205
2022-12-06,0.005993298474356767
2022-12-07,0.005819647916787983
2022-12-08,0.005814359097140918
2022-12-09,0.005820656894406686
2022-12-10,0.005820507458135721
2022-12-11,0.005820358021864756
2022-12-12,0.005919154079237652
2022-12-13,0.005995912032871588
2022-12-14,0.005943176384919384
2022-12-15,0.005864022235468589
2022-12-16,0.006000360620329196
2022-12-17,0.005999823170601725
2022-12-18,0.005999285720874255
2022-12-19,0.006023290970400672
2022-12-20,0.005386723716927994
2022-12-21,0.005403329650856493
2022-12-22,0.005399597841321149
2022-12-23,0.005407641247655913
2022-12-24,0.005408119141312925
2022-12-25,0.005408597034969938
2022-12-26,0.0054090749286269495
2022-12-27,0.005187625375764607
2022-12-28,0.005044449330794247
2022-12-29,0.005058006653460829
2022-12-30,0.00509783977772754
2022-12-31,0.005098980897903745
2023-01-01,0.005100122018079951
2023-01-02,0.0051012631382561565
2023-01-03,0.00508085366450114
2023-01-04,0.0050410815169102665
2023-01-05,0.005030547110420806
2023-01-06,0.004972344255369469
2023-01-07,0.004973414203468812
2023-01-08,0.004974484151568155
2023-01-09,0.0049680623073594735
2023-01-10,0.004950595401280074
2023-01-11,0.004968031549188796
2023-01-12,0.004846551244855732
2023-01-13,0.004768088584515259
2023-01-14,0.004769631572954899
2023-01-15,0.004771174561394539
2023-01-16,0.004772717549834177
2023-01-17,0.004737940106828997
2023-01-18,0.00474027763411032
2023-01-19,0.004788537616427478
2023-01-20,0.00476408632407503
2023-01-21,0.0047652911729596315
2023-01-22,0.004766496021844232
2023-01-23,0.00475860655775589
2023-01-24,0.004762062891832658
2023-01-25,0.004748585897451524
2023-01-26,0.0047140799057104645
2023-01-27,0.004720080089658579
2023-01-28,0.0047214458122535885
2023-01-29,0.004722811534848596
2023-01-30,0.004750245572897341
2023-01-31,0.004727729583674048
2023-02-01,0.004707428001033246
2023-02-02,0.00474555658209392
2023-02-03,0.004749220306600141
2023-02-04,0.004750064359908695
2023-02-05,0.004750908413217249
2023-02-06,0.004774527611090884
2023-02-07,0.004747042682931337
2023-02-08,0.0047379883205266385
2023-02-09,0.004739409364736086
2023-02-10,0.004737027593226835
2023-02-11,0.00473813412907571
2023-02-12,0.004739240664924585
2023-02-13,0.004710009610143652
2023-02-14,0.004693730521248
2023-02-15,0.004688849199503983
2023-02-16,0.004711010862179368
2023-02-17,0.004711027376156893
2023-02-18,0.004712046103499727
2023-02-19,0.004713064830842561
2023-02-20,0.004714083558185393
2023-02-21,0.004739195369240806
2023-02-22,0.0047815873317562955
2023-02-23,0.004757976489315188
2023-02-24,0.004792724196928029
2023-02-25,0.004793666377580533
2023-02-26,0.004794608558233037
2023-02-27,0.004771851738513021
2023-02-28,0.004768842262718094
2023-03-01,0.004782905755030412
2023-03-02,0.004795506363374589
2023-03-03,0.004745639620425967
2023-03-04,0.004746440091834621
2023-03-05,0.004747240563243275
2023-03-06,0.0047450336258800085
2023-03-07,0.004787601076813138
2023-03-08,0.004807725375751059
2023-03-09,0.004829594937020915
2023-03-10,0.0049685181145334885
2023-03-11,0.004969396393580556
2023-03-12,0.004970274672627624
2023-03-13,0.005153983159774908
2023-03-14,0.005314224712302517
2023-03-15,0.00528352442774167
2023-03-16,0.005188669977973173
2023-03-17,0.005219679190127734
2023-03-18,0.005220210670189393
2023-03-19,0.00522074215025105
2023-03-20,0.005150813220394697
2023-03-21,0.00519495816733898
2023-03-22,0.005179767374460732
2023-03-23,0.005149355384027044
2023-03-24,0.0052151114445582875
2023-03-25,0.005215548141158664
2023-03-26,0.005215984837759041
2023-03-27,0.0052353473476208015
2023-03-28,0.005158255952492105
2023-03-29,0.005179324983611837
2023-03-30,0.0051896065174745504
2023-03-31,0.005224583701041263
2023-04-01,0.005224664853493387
2023-04-02,0.0052247460059455094
2023-04-03,0.005205605494546595
2023-04-04,0.005183333067073911
2023-04-05,0.005179965991626573
2023-04-06,0.005210362634306497
2023-04-07,0.005210554156812374
2023-04-08,0.005210745679318252
2023-04-09,0.00521093720182413
2023-04-10,0.005209220501075262
2023-04-11,0.005198617415606791
2023-04-12,0.005197360377523774
2023-04-13,0.005223593220259484
2023-04-14,0.0052111282913312835
2023-04-15,0.005211238338375257
2023-04-16,0.005211348385419229
2023-04-17,0.005184874880830094
2023-04-18,0.005151427885406563
2023-04-19,0.005153641206284807
2023-04-20,0.005175373224789344
2023-04-21,0.005225801626905477
2023-04-22,0.005226231461393368
2023-04-23,0.005226661295881259
2023-04-24,0.00526209724653749
2023-04-25,0.005227477736973725
2023-04-26,0.005264567577642262
2023-04-27,0.0052765025551605805
2023-04-28,0.005274826920654115
2023-04-29,0.005275142693776516
2023-04-30,0.005275458466898917
2023-05-01,0.005300644484489716
2023-05-02,0.005344755352991562
2023-05-03,0.0053257147540285935
2023-05-04,0.005323811261363156
2023-05-05,0.005299411414417289
2023-05-06,0.005299684505487772
2023-05-07,0.005299957596558255
2023-05-08,0.005291368499414375
2023-05-09,0.0052100965856619955
2023-05-10,0.005203857093230832
2023-05-11,0.005168055379558824
2023-05-12,0.00516793647307996
2023-05-13,0.005168571590152417
2023-05-14,0.005169206707224873
2023-05-15,0.005050263650641139
2023-05-16,0.005052707693116051
2023-05-17,0.005051157412105323
2023-05-18,0.004978936486127995
2023-05-19,0.005028789613057813
2023-05-20,0.0050294975010898935
2023-05-21,0.005030205389121974
2023-05-22,0.0050301860129760775
2023-05-23,0.00494539465539304
2023-05-24,0.005045095089268639
2023-05-25,0.005046484474094016
2023-05-26,0.005118684791328518
2023-05-27,0.005119298664286325
2023-05-28,0.005119912537244133
2023-05-29,0.00512052641020194
2023-05-30,0.005116400072117933
2023-05-31,0.005068291558146228
2023-06-01,0.00507053709734113
2023-06-02,0.004806837709825584
2023-06-03,0.0048080477397639135
2023-06-04,0.004809257769702242
2023-06-05,0.004769882325263111
2023-06-06,0.004860114166987362
2023-06-07,0.004908293458374327
2023-06-08,0.00490944951530318
2023-06-09,0.0048243824524050365
2023-06-10,0.004825482052795279
2023-06-11,0.004826581653185521
2023-06-12,0.004869233768637876
2023-06-13,0.004889074879467626
2023-06-14,0.0048828164900635
2023-06-15,0.004816921210645033
2023-06-16,0.004827330414224309
2023-06-17,0.004828386605913419
2023-06-18,0.004829442797602529
2023-06-19,0.004830498989291639
2023-06-20,0.004852945023932688
2023-06-21,0.004831641121081051
2023-06-22,0.004841644746463574
2023-06-23,0.004851121714054184
2023-06-24,0.004852351968122091
2023-06-25,0.004853582222189998
2023-06-26,0.004866613984005345
2023-06-27,0.0047590194026642585
2023-06-28,0.004764418176841869
2023-06-29,0.004663799577461937
2023-06-30,0.004614662019147583
2023-07-01,0.00461620013644942
2023-07-02,0.004617738253751256
2023-07-03,0.004597978321070816
2023-07-04,0.004599477111611818
2023-07-05,0.004570311073932106
2023-07-06,0.004802222008960752
2023-07-07,0.004759624471068575
2023-07-08,0.004761140640679355
2023-07-09,0.004762656810290136
2023-07-10,0.004764172979900916
