Date,UBS - BNPQY Accumulated Oriented Area
2019-01-01,0.0
2019-01-02,0.0
2019-01-03,8.04972079923225e-09
2019-01-04,-5.5989133168716455e-06
2019-01-05,-5.423421710570754e-06
2019-01-06,-5.247930104269478e-06
2019-01-07,-9.338812945427566e-06
2019-01-08,-9.59508989353744e-06
2019-01-09,-4.980605124317326e-06
2019-01-10,-9.688097333828134e-06
2019-01-11,-1.6802969051481338e-05
2019-01-12,-1.6600816578960222e-05
2019-01-13,-1.6398664106439428e-05
2019-01-14,-1.2334379585059051e-05
2019-01-15,-1.4537711831008178e-05
2019-01-16,-1.9028381694884394e-05
2019-01-17,-3.987731181634427e-05
2019-01-18,-3.145032970386506e-05
2019-01-19,-3.1207169592194185e-05
2019-01-20,-3.096400948052335e-05
2019-01-21,-3.072084936885252e-05
2019-01-22,-7.0597976207671755e-06
2019-01-23,-9.81967176004112e-06
2019-01-24,-1.3817303603010972e-05
2019-01-25,4.1062162766167305e-06
2019-01-26,4.5245142489228564e-06
2019-01-27,4.942812221229147e-06
2019-01-28,7.521729247228123e-06
2019-01-29,8.05448323517579e-06
2019-01-30,-4.913842445636946e-06
2019-01-31,-6.404444198451433e-07
2019-02-01,2.7165460456635116e-06
2019-02-02,2.92577395639736e-06
2019-02-03,3.135001867131195e-06
2019-02-04,2.2012505363178353e-06
2019-02-05,4.781024777553172e-08
2019-02-06,3.7590425331692295e-06
2019-02-07,1.0984064953377192e-05
2019-02-08,1.346908972575548e-05
2019-02-09,1.3524837378023958e-05
2019-02-10,1.3580585030292428e-05
2019-02-11,1.2815504342044607e-05
2019-02-12,9.441362657779553e-06
2019-02-13,6.777964466753579e-06
2019-02-14,1.2693639139001857e-05
2019-02-15,4.369854331091621e-06
2019-02-16,4.639346855365184e-06
2019-02-17,4.9088393796391805e-06
2019-02-18,5.178331903913082e-06
2019-02-19,8.87843623495699e-06
2019-02-20,4.27954788319945e-05
2019-02-21,6.497528586526109e-05
2019-02-22,5.8167621633043334e-05
2019-02-23,5.856928451894278e-05
2019-02-24,5.897094740484224e-05
2019-02-25,4.229642778055178e-05
2019-02-26,2.7361091938494467e-05
2019-02-27,1.8544654554114317e-05
2019-02-28,1.2461803387953278e-05
2019-03-01,8.252977627389688e-06
2019-03-02,8.954955361436482e-06
2019-03-03,9.65693309548333e-06
2019-03-04,2.1776489945243125e-05
2019-03-05,4.240960970491237e-05
2019-03-06,5.97112615141991e-05
2019-03-07,0.00012809656606246585
2019-03-08,0.00014289606275881846
2019-03-09,0.0001434192266255568
2019-03-10,0.00014394239049229511
2019-03-11,0.00011171404005060417
2019-03-12,0.00011395927770670396
2019-03-13,8.90204534264337e-05
2019-03-14,8.660008633291481e-05
2019-03-15,8.390307251088506e-05
2019-03-16,8.4604788366959e-05
2019-03-17,8.530650422303294e-05
2019-03-18,3.658383992576793e-05
2019-03-19,3.237618446789925e-05
2019-03-20,7.052764214296413e-05
2019-03-21,9.887666175754651e-05
2019-03-22,0.000166088876214549
2019-03-23,0.00016649800926436448
2019-03-24,0.00016690714231418
2019-03-25,0.0001689752375453664
2019-03-26,0.0001694592298387159
2019-03-27,0.0001424880274440791
2019-03-28,0.0001505169883247081
2019-03-29,0.00014068677061925285
2019-03-30,0.0001411335634604537
2019-03-31,0.00014158035630165423
2019-04-01,0.00010077877225154395
2019-04-02,9.53656064747321e-05
2019-04-03,7.562740105344287e-05
2019-04-04,6.615624135507497e-05
2019-04-05,7.297572559258818e-05
2019-04-06,7.359827874020667e-05
2019-04-07,7.42208318878252e-05
2019-04-08,7.801592822738239e-05
2019-04-09,7.815176446415174e-05
2019-04-10,8.766748538608796e-05
2019-04-11,5.593677705641695e-05
2019-04-12,2.8254742013952185e-05
2019-04-13,2.9070013243655458e-05
2019-04-14,2.9885284473358717e-05
2019-04-15,1.8220174257486016e-05
2019-04-16,-1.616527448255858e-05
2019-04-17,-5.183406840932338e-05
2019-04-18,-3.725473259073362e-05
2019-04-19,-3.625457910360671e-05
2019-04-20,-3.525442561647971e-05
2019-04-21,-3.42542721293528e-05
2019-04-22,-3.342928188773854e-05
2019-04-23,-2.035076639250979e-06
2019-04-24,-1.4458800890537418e-05
2019-04-25,-3.324597881595252e-05
2019-04-26,-3.053555832189355e-05
2019-04-27,-2.9817686965392167e-05
2019-04-28,-2.9099815608890837e-05
2019-04-29,-5.913295850906915e-05
2019-04-30,-4.434085714222706e-05
2019-05-01,-1.939587684088812e-05
2019-05-02,-3.2580872494685566e-05
2019-05-03,-2.1674589324391326e-05
2019-05-04,-2.0780950206255233e-05
2019-05-05,-1.988731108811822e-05
2019-05-06,0.00011933037459597917
2019-05-07,0.0002023012564117981
2019-05-08,0.00019440261128210673
2019-05-09,0.00023597864343658493
2019-05-10,0.0002295204623818831
2019-05-11,0.00023041857208129447
2019-05-12,0.0002313166817807058
2019-05-13,0.00031699948991933025
2019-05-14,0.0002942119412616402
2019-05-15,0.00030437865651117155
2019-05-16,0.0002629316108708539
2019-05-17,0.00029098038704395264
2019-05-18,0.00029176953580906047
2019-05-19,0.0002925586845741684
2019-05-20,0.00030092007087661744
2019-05-21,0.0002751284554171299
2019-05-22,0.000314813606846082
2019-05-23,0.00035364934898301614
2019-05-24,0.0004155539029579874
2019-05-25,0.00041597508773095256
2019-05-26,0.00041639627250391774
2019-05-27,0.00041681745727688296
2019-05-28,0.0004458449308748037
2019-05-29,0.000447482319227381
2019-05-30,0.00046473499972335647
2019-05-31,0.0004727374515853636
2019-06-01,0.00047311821812547766
2019-06-02,0.0004734989846655918
2019-06-03,0.00047596845676639506
2019-06-04,0.00040733620304726374
2019-06-05,0.00041732352553147146
2019-06-06,0.0004414329842115954
2019-06-07,0.0004475340943396576
2019-06-08,0.00044789031865930494
2019-06-09,0.00044824654297895235
2019-06-10,0.0004326233387326415
2019-06-11,0.00042422251767667207
2019-06-12,0.0004470249284289876
2019-06-13,0.0004580115254751026
2019-06-14,0.00046177112138623877
2019-06-15,0.0004621576822520191
2019-06-16,0.00046254424311779934
2019-06-17,0.0004955759921314883
2019-06-18,0.0004518976305650632
2019-06-19,0.0004318807968992932
2019-06-20,0.0004213845507635258
2019-06-21,0.0004594187809783104
2019-06-22,0.00045980396994177404
2019-06-23,0.00046018915890523766
2019-06-24,0.0004666085505423481
2019-06-25,0.0004753643805426173
2019-06-26,0.0004504064766035137
2019-06-27,0.0004195248008058657
2019-06-28,0.00041069212355542933
2019-06-29,0.0004111708649033553
2019-06-30,0.00041164960625128126
2019-07-01,0.0004046299293838833
2019-07-02,0.0004209625117780974
2019-07-03,0.00038785125831530267
2019-07-04,0.0003883680279433509
2019-07-05,0.0003633959036686162
2019-07-06,0.0003639435028427853
2019-07-07,0.00036449110201695504
2019-07-08,0.0003929162819299892
2019-07-09,0.0004067472295677171
2019-07-10,0.0003933524391793422
2019-07-11,0.00038758377124424457
2019-07-12,0.0003844283429183091
2019-07-13,0.0003848948789034633
2019-07-14,0.00038536141488861747
2019-07-15,0.00038088323576973923
2019-07-16,0.0003794697105259196
2019-07-17,0.0004024070873393733
2019-07-18,0.00039488740295179966
2019-07-19,0.00043106319466026553
2019-07-20,0.00043147342972818395
2019-07-21,0.0004318836647961025
2019-07-22,0.00041517021635715027
2019-07-23,0.0003929268323944458
2019-07-24,0.0004075961570537541
2019-07-25,0.00043043938539640263
2019-07-26,0.0004331312946925578
2019-07-27,0.00043377923988370916
2019-07-28,0.00043442718507486156
2019-07-29,0.0004662957890088055
2019-07-30,0.0005082307532295484
2019-07-31,0.0004942396024826505
2019-08-01,0.0005184632738213235
2019-08-02,0.0005295638067330523
2019-08-03,0.0005300935432682861
2019-08-04,0.0005306232798035199
2019-08-05,0.0006091587334605488
2019-08-06,0.0005689990637616851
2019-08-07,0.0005843224416285711
2019-08-08,0.0005880145338877586
2019-08-09,0.0006014830768274284
2019-08-10,0.0006019387326110887
2019-08-11,0.000602394388394749
2019-08-12,0.0006555683999758884
2019-08-13,0.0005972468023653717
2019-08-14,0.0006831344401018245
2019-08-15,0.0006759919451703987
2019-08-16,0.0005887011960027384
2019-08-17,0.0005892494018123085
2019-08-18,0.0005897976076218803
2019-08-19,0.0005991410321227603
2019-08-20,0.0006164739537920643
2019-08-21,0.0005927469282818976
2019-08-22,0.0005720355538561436
2019-08-23,0.0006713478920400309
2019-08-24,0.0006717601089374571
2019-08-25,0.0006721723258348833
2019-08-26,0.0005956515162633334
2019-08-27,0.0006401585732752402
2019-08-28,0.0006425258048356082
2019-08-29,0.0006002235797569455
2019-08-30,0.0006033071027472167
2019-08-31,0.0006038049501022751
2019-09-01,0.0006043027974573332
2019-09-02,0.0006048006448123912
2019-09-03,0.0006076219380428176
2019-09-04,0.0005780804908761585
2019-09-05,0.0004777764758900998
2019-09-06,0.0004785171398890873
2019-09-07,0.00047914700518114693
2019-09-08,0.00047977687047320514
2019-09-09,0.0004127139165827971
2019-09-10,0.0003090584345871363
2019-09-11,0.0003267486548659526
2019-09-12,0.0003023708035439213
2019-09-13,0.0002575588146370538
2019-09-14,0.00025835991831288
2019-09-15,0.00025916102198870637
2019-09-16,0.00031894754080245076
2019-09-17,0.00034580068117956377
2019-09-18,0.00034763026638690155
2019-09-19,0.00031489751679497006
2019-09-20,0.00029096711864681323
2019-09-21,0.00029179905971662924
2019-09-22,0.00029263100078644525
2019-09-23,0.0003546558317398562
2019-09-24,0.0003985598733058367
2019-09-25,0.00043066094165603746
2019-09-26,0.00041145529780198985
2019-09-27,0.00039557240296288155
2019-09-28,0.0003962571864896804
2019-09-29,0.000396941970016478
2019-09-30,0.0003713340941876312
2019-10-01,0.00041909093225948337
2019-10-02,0.0005216365007166544
2019-10-03,0.0005271936706330933
2019-10-04,0.0005065789157522561
2019-10-05,0.0005072431335607853
2019-10-06,0.0005079073513693144
2019-10-07,0.0005207935448026274
2019-10-08,0.0005315193276534913
2019-10-09,0.0005102385923623897
2019-10-10,0.00041714732329991
2019-10-11,0.00023977264794049192
2019-10-12,0.00024073504643400134
2019-10-13,0.00024169744492751047
2019-10-14,0.00024523958836162056
2019-10-15,0.00011871783763998955
2019-10-16,0.00011030604828533391
2019-10-17,0.00010388552368169356
2019-10-18,6.676948452380654e-05
2019-10-19,6.793591971952887e-05
2019-10-20,6.910235491524984e-05
2019-10-21,-1.1356058189987352e-06
2019-10-22,5.211154940449865e-05
2019-10-23,-1.4878349175583808e-05
2019-10-24,3.929810297951576e-06
2019-10-25,-6.815083732942477e-06
2019-10-26,-5.7031270435179814e-06
2019-10-27,-4.59117035409354e-06
2019-10-28,-4.3860915149430036e-05
2019-10-29,-5.481377034540364e-05
2019-10-30,-7.658434020238003e-06
2019-10-31,3.173202433330298e-05
2019-11-01,-1.6683914903402525e-05
2019-11-02,-1.563296888241317e-05
2019-11-03,-1.4582022861423872e-05
2019-11-04,-0.00011805065707127892
2019-11-05,-0.00012940398638298348
2019-11-06,-0.00015112950489703787
2019-11-07,-0.00021997832058310153
2019-11-08,-0.00018945779342408302
2019-11-09,-0.0001881796690735597
2019-11-10,-0.00018690154472303643
2019-11-11,-0.0001783863600484032
2019-11-12,-0.0001621329067827581
2019-11-13,-0.00010182034592490989
2019-11-14,-0.00011795331363783105
2019-11-15,-0.00013614457887941135
2019-11-16,-0.00013485099527549244
2019-11-17,-0.00013355741167157267
2019-11-18,-0.00014754576688629027
2019-11-19,-0.00014948805625088945
2019-11-20,-0.0001220100798071736
2019-11-21,-0.00015669550634040845
2019-11-22,-0.0001781780295460135
2019-11-23,-0.00017676973460959843
2019-11-24,-0.00017536143967318454
2019-11-25,-0.0001950491373014366
2019-11-26,-0.00015228292888687855
2019-11-27,-0.00016425743788951947
2019-11-28,-0.0001628984064890239
2019-11-29,-0.00012235078122436354
2019-11-30,-0.00012101276308190619
2019-12-01,-0.00011967474493944862
2019-12-02,-9.155072456363194e-05
2019-12-03,-3.5122256326006326e-05
2019-12-04,-7.521287429395316e-05
2019-12-05,-8.406622839305923e-05
2019-12-06,-0.00010617228362416183
2019-12-07,-0.00010477873932333631
2019-12-08,-0.00010338519502251057
2019-12-09,-9.130454258037782e-05
2019-12-10,-5.605736009321223e-05
2019-12-11,-5.5670859806785896e-05
2019-12-12,-0.00019042518452694687
2019-12-13,-0.00022600951792499597
2019-12-14,-0.0002244956923325876
2019-12-15,-0.00022298186674017938
2019-12-16,-0.0002965366245497043
2019-12-17,-0.0003293536160831929
2019-12-18,-0.00029679113543547395
2019-12-19,-0.00030315324371881755
2019-12-20,-0.0002765060480739949
2019-12-21,-0.0002749281205564024
2019-12-22,-0.0002733501930388097
2019-12-23,-0.000279179975572817
2019-12-24,-0.0002525038695496122
2019-12-25,-0.0002509976926192918
2019-12-26,-0.00027878429143185333
2019-12-27,-0.0002902190111233684
2019-12-28,-0.0002886663080589815
2019-12-29,-0.00028711360499459606
2019-12-30,-0.00030641918317174263
2019-12-31,-0.00031214813066826147
2020-01-01,-0.00031058635811255085
2020-01-02,-0.00041676244010947544
2020-01-03,-0.00032890304164235354
2020-01-04,-0.00032740739793059797
2020-01-05,-0.00032591175421884294
2020-01-06,-0.00032383978738325547
2020-01-07,-0.000363353893319924
2020-01-08,-0.00040011327098959796
2020-01-09,-0.00039286245620431657
2020-01-10,-0.0003522815679022106
2020-01-11,-0.0003509429394009975
2020-01-12,-0.00034960431089978443
2020-01-13,-0.0003725636289442726
2020-01-14,-0.0003782091254341088
2020-01-15,-0.00033639995597270966
2020-01-16,-0.00035003558042814745
2020-01-17,-0.000336115456216249
2020-01-18,-0.00033495524165892454
2020-01-19,-0.00033379502710160006
2020-01-20,-0.0003326348125442758
2020-01-21,-0.00020208125095117413
2020-01-22,-0.0002507493815015647
2020-01-23,-0.0002549054568665436
2020-01-24,-0.0001976227494493023
2020-01-25,-0.00019650408128675235
2020-01-26,-0.00019538541312420223
2020-01-27,-0.00013119123637670468
2020-01-28,-0.00015283199548311822
2020-01-29,-0.00015740169579336595
2020-01-30,-0.00017041307447164257
2020-01-31,-7.892155756009708e-05
2020-02-01,-7.793070085475621e-05
2020-02-02,-7.693984414941469e-05
2020-02-03,-7.87017454501185e-05
2020-02-04,-0.00014651754633831425
2020-02-05,-0.00020026566748881702
2020-02-06,-0.00023524321198196334
2020-02-07,-0.00028710928948802645
2020-02-08,-0.00028588725204831237
2020-02-09,-0.00028466521460859926
2020-02-10,-0.0003042236184815974
2020-02-11,-0.00034874079682617606
2020-02-12,-0.0004084709960946026
2020-02-13,-0.00036420164039747255
2020-02-14,-0.00035112653440326594
2020-02-15,-0.0003497822452040116
2020-02-16,-0.00034843795600475724
2020-02-17,-0.00034709366680550413
2020-02-18,-0.0003474636665699494
2020-02-19,-0.0003469788748327297
2020-02-20,-0.00035614573438064916
2020-02-21,-0.0002949657404542602
2020-02-22,-0.00029363224057628345
2020-02-23,-0.00029229874069830664
2020-02-24,-6.864283365104067e-05
2020-02-25,0.00012917130270887107
2020-02-26,0.00017741474215200395
2020-02-27,0.0003796270280193258
2020-02-28,0.0004486238722905968
2020-02-29,0.00044941631666641445
2020-03-01,0.00045020876104223206
2020-03-02,0.00035407346904136727
2020-03-03,0.0005432441359748167
2020-03-04,0.00048364961401917806
2020-03-05,0.0007296017417782192
2020-03-06,0.0009171241742494447
2020-03-07,0.0009174384526317782
2020-03-08,0.0009177527310141119
2020-03-09,0.0013664371312225071
2020-03-10,0.001099935451766771
2020-03-11,0.0011930573342999412
2020-03-12,0.0016097417761685546
2020-03-13,0.0013740423846006402
2020-03-14,0.0013739849588687513
2020-03-15,0.0013739275331368613
2020-03-16,0.0024146426229190035
2020-03-17,0.0023663893203623226
2020-03-18,0.003066809411413428
2020-03-19,0.0035239018803218
2020-03-20,0.0030575184113215406
2020-03-21,0.0030562693998935717
2020-03-22,0.003055020388465608
2020-03-23,0.003355890276469424
2020-03-24,0.003573360516792176
2020-03-25,0.0030164688057096084
2020-03-26,0.003049615882720606
2020-03-27,0.0030070673797978733
2020-03-28,0.0030062535086587787
2020-03-29,0.0030054396375196863
2020-03-30,0.0033738566067974896
2020-03-31,0.003594824981004436
2020-04-01,0.0038437265199263303
2020-04-02,0.0038505754604132095
2020-04-03,0.004139813410389232
2020-04-04,0.0041378932788076845
2020-04-05,0.004135973147226135
2020-04-06,0.0044401160743343035
2020-04-07,0.0042664041226366505
2020-04-08,0.004147994719749255
2020-04-09,0.004067153643327404
2020-04-10,0.00406578839120191
2020-04-11,0.0040644231390764155
2020-04-12,0.004063057886950921
2020-04-13,0.003969672884919137
2020-04-14,0.00415817214750175
2020-04-15,0.004272703932723554
2020-04-16,0.0042974397523545815
2020-04-17,0.004508693297695744
2020-04-18,0.00450680633355519
2020-04-19,0.004504919369414638
2020-04-20,0.004604149132983076
2020-04-21,0.004344247917966315
2020-04-22,0.004130305798402554
2020-04-23,0.0038658476912634483
2020-04-24,0.004022121363196681
2020-04-25,0.004020499341504652
2020-04-26,0.004018877319812619
2020-04-27,0.004006827028113056
2020-04-28,0.004083235335493769
2020-04-29,0.0042340857588864505
2020-04-30,0.004329266583228281
2020-05-01,0.004280919250053886
2020-05-02,0.004279312964908298
2020-05-03,0.00427770667976271
2020-05-04,0.004198161435441487
2020-05-05,0.003834483821458297
2020-05-06,0.0038035087417677667
2020-05-07,0.003804100272909303
2020-05-08,0.0037812258901184356
2020-05-09,0.003779894092385537
2020-05-10,0.003778562294652639
2020-05-11,0.0037656598761929127
2020-05-12,0.003779577913284719
2020-05-13,0.0039970485283796296
2020-05-14,0.003917688342177202
2020-05-15,0.0038217286272765978
2020-05-16,0.0038201186246307087
2020-05-17,0.0038185086219848195
2020-05-18,0.003727903362554949
2020-05-19,0.0038641114793194513
2020-05-20,0.0038076609761052097
2020-05-21,0.0038524320523562272
2020-05-22,0.0036879454611582598
2020-05-23,0.0036866273550444405
2020-05-24,0.0036853092489306204
2020-05-25,0.003683991142816801
2020-05-26,0.0035059845406638533
2020-05-27,0.003208067969643767
2020-05-28,0.00323301697760596
2020-05-29,0.003355646719922315
2020-05-30,0.0033548721310793176
2020-05-31,0.0033540975422363226
2020-06-01,0.003198375834310877
2020-06-02,0.0031825601250488815
2020-06-03,0.003054693081764549
2020-06-04,0.0030104767259812896
2020-06-05,0.0027926716610594104
2020-06-06,0.0027927442672528663
2020-06-07,0.0027928168734463227
2020-06-08,0.0027497664628430276
2020-06-09,0.002828476569593922
2020-06-10,0.0029223254799195736
2020-06-11,0.0031125730397222164
2020-06-12,0.0029978613008745146
2020-06-13,0.002997603272237106
2020-06-14,0.0029973452435996966
2020-06-15,0.003038311576492607
2020-06-16,0.002986215164266731
2020-06-17,0.003012678594003094
2020-06-18,0.0030364356721415417
2020-06-19,0.003074244300424826
2020-06-20,0.0030738893035746487
2020-06-21,0.0030735343067244693
2020-06-22,0.0030540848326577404
2020-06-23,0.0029890629798494366
2020-06-24,0.00313610608105132
2020-06-25,0.003094921664206488
2020-06-26,0.003201204763313872
2020-06-27,0.00320072553992958
2020-06-28,0.003200246316545286
2020-06-29,0.003141348861246101
2020-06-30,0.003166408371306293
2020-07-01,0.0032161943621735216
2020-07-02,0.0031086934476474604
2020-07-03,0.0031083775217803913
2020-07-04,0.003108061595913321
2020-07-05,0.0031077456700462506
2020-07-06,0.002995118271204482
2020-07-07,0.003034956088767962
2020-07-08,0.003054536483596313
2020-07-09,0.00315504988483544
2020-07-10,0.003039439791697327
2020-07-11,0.0030392416955141678
2020-07-12,0.003039043599331006
2020-07-13,0.002981341927936074
2020-07-14,0.0029994562978368135
2020-07-15,0.002877768249874756
2020-07-16,0.002928952546485241
2020-07-17,0.002950619066995791
2020-07-18,0.002950559924804735
2020-07-19,0.002950500782613679
2020-07-20,0.0029274370334174053
2020-07-21,0.0029257916101492684
2020-07-22,0.002937190406871522
2020-07-23,0.002939793246939629
2020-07-24,0.002987301106447938
2020-07-25,0.002987182019447191
2020-07-26,0.002987062932446444
2020-07-27,0.0030366894832912043
2020-07-28,0.003017326036277166
2020-07-29,0.0029797322663612435
2020-07-30,0.003103783679650977
2020-07-31,0.003166144616151325
2020-08-01,0.003165743016887463
2020-08-02,0.0031653414176235992
2020-08-03,0.003044649954656737
2020-08-04,0.002977562513462813
2020-08-05,0.0030343623656139155
2020-08-06,0.003027853729328598
2020-08-07,0.003023748656688879
2020-08-08,0.0030235662407219013
2020-08-09,0.0030233838247549234
2020-08-10,0.003065028771280698
2020-08-11,0.002972026761011006
2020-08-12,0.0029313889283174733
2020-08-13,0.0029599167450478714
2020-08-14,0.0030027580323211244
2020-08-15,0.003002614608487466
2020-08-16,0.003002471184653805
2020-08-17,0.0029940465757266796
2020-08-18,0.0030152054189450848
2020-08-19,0.00297508265610272
2020-08-20,0.003004834213700739
2020-08-21,0.0030818690694576034
2020-08-22,0.0030815990335909755
2020-08-23,0.003081328997724348
2020-08-24,0.0030230129177208566
2020-08-25,0.003005658051360127
2020-08-26,0.0029806522092895925
2020-08-27,0.0030165841379992983
2020-08-28,0.002856314079325493
2020-08-29,0.0028564009428315895
2020-08-30,0.0028564878063376863
2020-08-31,0.002947932067566417
2020-09-01,0.003024492319847784
2020-09-02,0.0030814242908235516
2020-09-03,0.0030592396856981394
2020-09-04,0.0028810036707187453
2020-09-05,0.0028810590167110757
2020-09-06,0.002881114362703406
2020-09-07,0.0028811697086957365
2020-09-08,0.002987480044772721
2020-09-09,0.002978273653566095
2020-09-10,0.0029774328522296787
2020-09-11,0.0030223961374682535
2020-09-12,0.003022252070377045
2020-09-13,0.0030221080032858364
2020-09-14,0.0030640071152851184
2020-09-15,0.0030772041491852406
2020-09-16,0.003116636082442948
2020-09-17,0.0031193921976778766
2020-09-18,0.003170285169450862
2020-09-19,0.003169892481664274
2020-09-20,0.0031694997938776863
2020-09-21,0.0032464310975332546
2020-09-22,0.0032624082767788217
2020-09-23,0.003371696202925341
2020-09-24,0.0032712596022807655
2020-09-25,0.003305900469145634
2020-09-26,0.0033051148234205996
2020-09-27,0.003304329177695564
2020-09-28,0.003312570612928321
2020-09-29,0.0033943190467822337
2020-09-30,0.003407494297608751
2020-10-01,0.0035140526533181133
2020-10-02,0.0035573022302603898
2020-10-03,0.0035563954280771032
2020-10-04,0.0035554886258938167
2020-10-05,0.0035346914035246993
2020-10-06,0.0033884227124339507
2020-10-07,0.003302757621116078
2020-10-08,0.003227917809693546
2020-10-09,0.003237172660990653
2020-10-10,0.003236712724242098
2020-10-11,0.0032362527874935437
2020-10-12,0.0032759300719221716
2020-10-13,0.0034527038292371396
2020-10-14,0.003369461289466349
2020-10-15,0.0034412438980887987
2020-10-16,0.003421305906636208
2020-10-17,0.0034206050933333412
2020-10-18,0.0034199042800304737
2020-10-19,0.003488694959996865
2020-10-20,0.0035290141961465734
2020-10-21,0.0035416331463679626
2020-10-22,0.0036002507438416226
2020-10-23,0.0035055665536586765
2020-10-24,0.0035049293781459993
2020-10-25,0.0035042922026333216
2020-10-26,0.0035338456580063546
2020-10-27,0.0037018757085442566
2020-10-28,0.0037346184193843496
2020-10-29,0.003772065246780047
2020-10-30,0.0037455869557206614
2020-10-31,0.0037444233208997592
2020-11-01,0.0037432596860788574
2020-11-02,0.003730554814168392
2020-11-03,0.0037187389979210163
2020-11-04,0.003698720927516224
2020-11-05,0.003676610035183268
2020-11-06,0.0037363439982629524
2020-11-07,0.003735539263400307
2020-11-08,0.0037347345285376633
2020-11-09,0.0033358000540231656
2020-11-10,0.003153849065940367
2020-11-11,0.0032508442709074624
2020-11-12,0.0033564721309914188
2020-11-13,0.0032758969831365205
2020-11-14,0.0032760257341356578
2020-11-15,0.003276154485134795
2020-11-16,0.0032922220222271516
2020-11-17,0.0032857506958628123
2020-11-18,0.0032977841422347
2020-11-19,0.0032783199446975476
2020-11-20,0.003275526905999901
2020-11-21,0.003275635300144989
2020-11-22,0.003275743694290077
2020-11-23,0.0032590414125360473
2020-11-24,0.0031542522585878492
2020-11-25,0.003166521434924595
2020-11-26,0.0031669850506813833
2020-11-27,0.0031646288348989187
2020-11-28,0.00316511981946931
2020-11-29,0.0031656108040397026
2020-11-30,0.003230845668409383
2020-12-01,0.0031488884451641597
2020-12-02,0.003091942782567561
2020-12-03,0.003109123267987318
2020-12-04,0.003069220436076501
2020-12-05,0.003070031022093094
2020-12-06,0.0030708416081096854
2020-12-07,0.003122101513504133
2020-12-08,0.003136828838147241
2020-12-09,0.003114634921106022
2020-12-10,0.0031716574138676715
2020-12-11,0.003204823227730537
2020-12-12,0.0032054236495995705
2020-12-13,0.003206024071468604
2020-12-14,0.0031566698694177817
2020-12-15,0.0030715616167923078
2020-12-16,0.0031236961841659937
2020-12-17,0.003129541941950238
2020-12-18,0.00316121585337185
2020-12-19,0.0031618826070542124
2020-12-20,0.0031625493607365758
2020-12-21,0.003251201553476538
2020-12-22,0.003255568993554347
2020-12-23,0.0031476711533698232
2020-12-24,0.003152222426272447
2020-12-25,0.003152907881768136
2020-12-26,0.0031535933372638246
2020-12-27,0.0031542787927595134
2020-12-28,0.003162640929330875
2020-12-29,0.0031720830070142004
2020-12-30,0.003176175341188427
2020-12-31,0.003163597609761975
2021-01-01,0.003164251233816443
2021-01-02,0.0031649048578709115
2021-01-03,0.0031655584819253796
2021-01-04,0.003191936894032012
2021-01-05,0.003168462451870387
2021-01-06,0.0030489305198463865
2021-01-07,0.002990522350507588
2021-01-08,0.0030353863032456553
2021-01-09,0.0030360891301997534
2021-01-10,0.0030367919571538515
2021-01-11,0.0030620003576497545
2021-01-12,0.003052222490608625
2021-01-13,0.0030721503541442487
2021-01-14,0.0030584636091559037
2021-01-15,0.003100748399943846
2021-01-16,0.003101276641364218
2021-01-17,0.0031018048827845903
2021-01-18,0.003102333124204962
2021-01-19,0.0031133214579131324
2021-01-20,0.003096525273140532
2021-01-21,0.0031005806712617627
2021-01-22,0.0031593913660303546
2021-01-23,0.003159820964651564
2021-01-24,0.0031602505632727738
2021-01-25,0.0032275184474399297
2021-01-26,0.0032239680195562752
2021-01-27,0.003303086300501166
2021-01-28,0.003257750908924337
2021-01-29,0.0033039291728061758
2021-01-30,0.0033040045983071097
2021-01-31,0.003304080023808045
2021-02-01,0.0032851621246124747
2021-02-02,0.003239695590445673
2021-02-03,0.003224995194223623
2021-02-04,0.0032104518484613004
2021-02-05,0.0031707314030562216
2021-02-06,0.0031711625984498035
2021-02-07,0.0031715937938433846
2021-02-08,0.0031366958600747307
2021-02-09,0.0031323180526704234
2021-02-10,0.003100664031261072
2021-02-11,0.0030805684166065905
2021-02-12,0.00305224149234258
2021-02-13,0.0030530015657791584
2021-02-14,0.0030537616392157367
2021-02-15,0.003054521712652315
2021-02-16,0.002983640224347532
2021-02-17,0.003015246980686448
2021-02-18,0.0030482263687786294
2021-02-19,0.0029987252075981624
2021-02-20,0.00299966666943645
2021-02-21,0.003000608131274737
2021-02-22,0.0029474763468251585
2021-02-23,0.002959196525049974
2021-02-24,0.002891761621403861
2021-02-25,0.002925698315074316
2021-02-26,0.002986281611499204
2021-02-27,0.002987315794766062
2021-02-28,0.0029883499780329194
2021-03-01,0.0029537191172219254
2021-03-02,0.0029036627586108976
2021-03-03,0.0029167939194857245
2021-03-04,0.0029962849560108543
2021-03-05,0.0029368552290292434
2021-03-06,0.0029381258344510714
2021-03-07,0.0029393964398729006
2021-03-08,0.0029193981088128794
2021-03-09,0.0029522653348185413
2021-03-10,0.0029191131063041344
2021-03-11,0.0029772267027902343
2021-03-12,0.0029529992494569278
2021-03-13,0.0029543927298427267
2021-03-14,0.002955786210228525
2021-03-15,0.0030025254108924653
2021-03-16,0.0030112839186308945
2021-03-17,0.002956042887660314
2021-03-18,0.002921511718449421
2021-03-19,0.0029313130039403104
2021-03-20,0.002932394328748861
2021-03-21,0.0029334756535574114
2021-03-22,0.0029323946984130362
2021-03-23,0.0030094343510627046
2021-03-24,0.002984489232915976
2021-03-25,0.002947348020798892
2021-03-26,0.002930270278559636
2021-03-27,0.002931375026216416
2021-03-28,0.0029324797738731964
2021-03-29,0.0030206774092489553
2021-03-30,0.002979786138057322
2021-03-31,0.0030069725191538403
2021-04-01,0.002946354885911746
2021-04-02,0.0029475303054472134
2021-04-03,0.0029487057249826805
2021-04-04,0.002949881144518147
2021-04-05,0.002904000889983858
2021-04-06,0.0028924484591735886
2021-04-07,0.0028844487136478183
2021-04-08,0.002891454619280547
2021-04-09,0.0029054220188200744
2021-04-10,0.002906505883504383
2021-04-11,0.0029075897481886928
2021-04-12,0.002915496299575945
2021-04-13,0.0029855899339279665
2021-04-14,0.002953793656297975
2021-04-15,0.0029382415837693387
2021-04-16,0.002874716424954837
2021-04-17,0.0028760010398578076
2021-04-18,0.002877285654760778
2021-04-19,0.002897702289680479
2021-04-20,0.0030267992171365363
2021-04-21,0.003043216332154112
2021-04-22,0.003088464198196428
2021-04-23,0.003064619619979312
2021-04-24,0.003065815397390323
2021-04-25,0.0030670111748013337
2021-04-26,0.003013223275573714
2021-04-27,0.0030393907763333885
2021-04-28,0.0029303545998468593
2021-04-29,0.0029068196398294804
2021-04-30,0.002995795171771221
2021-05-01,0.002997264291159623
2021-05-02,0.0029987334105480244
2021-05-03,0.002974860116811929
2021-05-04,0.0030503201201069214
2021-05-05,0.002934544273917928
2021-05-06,0.0028588483820940523
2021-05-07,0.002817317765306706
2021-05-08,0.002818939513800069
2021-05-09,0.0028205612622934305
2021-05-10,0.002898032876843013
2021-05-11,0.0029497713675379726
2021-05-12,0.0029979241671720435
2021-05-13,0.002903840930307725
2021-05-14,0.0028099534412046965
2021-05-15,0.002811855369876822
2021-05-16,0.002813757298548948
2021-05-17,0.002802871948653414
2021-05-18,0.0028035203791792213
2021-05-19,0.002859238227191099
2021-05-20,0.0028107615386867694
2021-05-21,0.002794200794564633
2021-05-22,0.0027958597757000016
2021-05-23,0.002797518756835369
2021-05-24,0.0027698538921134704
2021-05-25,0.0027671975646983253
2021-05-26,0.0028055871977228715
2021-05-27,0.002697699406368151
2021-05-28,0.0026680324780850545
2021-05-29,0.0026697203383561473
2021-05-30,0.002671408198627239
2021-05-31,0.0026730960588983318
2021-06-01,0.0026396830845091456
2021-06-02,0.0026546826630969053
2021-06-03,0.0026295199127630156
2021-06-04,0.0026436414793888784
2021-06-05,0.002645381225704813
2021-06-06,0.0026471209720207475
2021-06-07,0.002641371515515515
2021-06-08,0.002663708253629325
2021-06-09,0.0027208422559469423
2021-06-10,0.0027529272963350746
2021-06-11,0.0027273372498878507
2021-06-12,0.002729017477083767
2021-06-13,0.0027306977042796826
2021-06-14,0.002728319609265319
2021-06-15,0.00270338921059192
2021-06-16,0.002767927474524029
2021-06-17,0.002846285960238532
2021-06-18,0.0030096420076910083
2021-06-19,0.0030110183562473557
2021-06-20,0.003012394704803703
2021-06-21,0.0029762160402937122
2021-06-22,0.0030036549982391378
2021-06-23,0.00301107375139422
2021-06-24,0.002957494788061708
2021-06-25,0.002937955276081058
2021-06-26,0.002939461197419097
2021-06-27,0.002940967118757137
2021-06-28,0.003006372200098114
2021-06-29,0.003026464041940457
2021-06-30,0.0030885912302198474
2021-07-01,0.003038254748591714
2021-07-02,0.0030887177309240994
2021-07-03,0.0030900135118272875
2021-07-04,0.003091309292730477
2021-07-05,0.003092605073633666
2021-07-06,0.0031498184571797155
2021-07-07,0.0032247795991507113
2021-07-08,0.003343727276803777
2021-07-09,0.003218685881522156
2021-07-10,0.003219894007727775
2021-07-11,0.003221102133933394
2021-07-12,0.0032002019761839164
2021-07-13,0.0032314681383515233
2021-07-14,0.0032019735224449995
2021-07-15,0.0032480806552942737
2021-07-16,0.003324180549012472
2021-07-17,0.0033252238875139573
2021-07-18,0.003326267226015441
2021-07-19,0.0034804729888317995
2021-07-20,0.0033538652204039496
2021-07-21,0.003243559237641168
2021-07-22,0.003283816313219433
2021-07-23,0.0032317934787883646
2021-07-24,0.0032327513670840236
2021-07-25,0.003233709255379683
2021-07-26,0.0031689788910120678
2021-07-27,0.003177855220512199
2021-07-28,0.0031784467491474096
2021-07-29,0.003107710927791715
2021-07-30,0.0031352255628598253
2021-07-31,0.0031362247124119206
2021-08-01,0.003137223861964016
2021-08-02,0.0031461485042937865
2021-08-03,0.0031089509430284623
2021-08-04,0.0031215310992011025
2021-08-05,0.0030927958442844216
2021-08-06,0.0030374082896882965
2021-08-07,0.003038604021310299
2021-08-08,0.0030397997529323017
2021-08-09,0.0030478253868406724
2021-08-10,0.0030461771249710307
2021-08-11,0.0030061248088932256
2021-08-12,0.0030169382404595484
2021-08-13,0.0030095339525272294
2021-08-14,0.0030107093316445767
2021-08-15,0.0030118847107619227
2021-08-16,0.00302748874948967
2021-08-17,0.003086298382342654
2021-08-18,0.003097261016575672
2021-08-19,0.00314530621769638
2021-08-20,0.003128231136438059
2021-08-21,0.003129236612650657
2021-08-22,0.0031302420888632554
2021-08-23,0.003101772710646629
2021-08-24,0.0030831212292717174
2021-08-25,0.0030341666005850175
2021-08-26,0.0030927031846093096
2021-08-27,0.0030593866652785457
2021-08-28,0.0030605343528389718
2021-08-29,0.003061682040399398
2021-08-30,0.003121018424925756
2021-08-31,0.0030970868590077427
2021-09-01,0.003049571790253322
2021-09-02,0.00305367715789717
2021-09-03,0.00307034373094544
2021-09-04,0.003071581741786419
2021-09-05,0.0030728197526273984
2021-09-06,0.0030740577634683778
2021-09-07,0.0030789227209574916
2021-09-08,0.00311937480440648
2021-09-09,0.0031261307611040526
2021-09-10,0.003151864287852999
2021-09-11,0.0031529641806079685
2021-09-12,0.0031540640733629384
2021-09-13,0.0030931340434424857
2021-09-14,0.003138580390341565
2021-09-15,0.0030926450526497264
2021-09-16,0.003085042070460125
2021-09-17,0.0031617747731982828
2021-09-18,0.0031629792146257237
2021-09-19,0.0031641836560531637
2021-09-20,0.003390175137004651
2021-09-21,0.003384995810009171
2021-09-22,0.0032793519053611604
2021-09-23,0.003171915736517735
2021-09-24,0.003207282258068736
2021-09-25,0.0032085649854471008
2021-09-26,0.0032098477128254645
2021-09-27,0.003116738331589876
2021-09-28,0.003161348813397757
2021-09-29,0.0031408797282467065
2021-09-30,0.003172618354163549
2021-10-01,0.0031720670022604056
2021-10-02,0.0031734345546989232
2021-10-03,0.0031748021071374417
2021-10-04,0.003201446515853672
2021-10-05,0.0030885421294673974
2021-10-06,0.003104629029321927
2021-10-07,0.0030467531952155873
2021-10-08,0.0029981166706565063
2021-10-09,0.002999514509300984
2021-10-10,0.003000912347945462
2021-10-11,0.003017828936831652
2021-10-12,0.0030086180644638694
2021-10-13,0.0030078448409086925
2021-10-14,0.002945349577709351
2021-10-15,0.0028893997380540996
2021-10-16,0.002890841796904877
2021-10-17,0.002892283855755654
2021-10-18,0.0029100389329544695
2021-10-19,0.002892995687191664
2021-10-20,0.002868941034020295
2021-10-21,0.0028780621436761866
2021-10-22,0.002834339130073307
2021-10-23,0.0028357059509481084
2021-10-24,0.0028370727718229115
2021-10-25,0.0028194965999410017
2021-10-26,0.0027880988681386965
2021-10-27,0.002782608590275361
2021-10-28,0.002753861718494303
2021-10-29,0.002766348067670659
2021-10-30,0.002767603233683634
2021-10-31,0.002768858399696609
2021-11-01,0.0026921359914420986
2021-11-02,0.0026867086386366135
2021-11-03,0.002680991427170963
2021-11-04,0.002755232921492276
2021-11-05,0.0027311482286578492
2021-11-06,0.0027325501151195413
2021-11-07,0.002733952001581233
2021-11-08,0.0027489455651777675
2021-11-09,0.0027431068503952225
2021-11-10,0.002791216486692188
2021-11-11,0.002780208809580806
2021-11-12,0.0027925705005733483
2021-11-13,0.002793911023200889
2021-11-14,0.00279525154582843
2021-11-15,0.00279561735182148
2021-11-16,0.0028108584112541417
2021-11-17,0.002771245219183181
2021-11-18,0.0028251909611156593
2021-11-19,0.0029393361669258493
2021-11-20,0.002940539828392067
2021-11-21,0.002941743489858285
2021-11-22,0.002934244191446933
2021-11-23,0.002906088828051489
2021-11-24,0.0029070016219320256
2021-11-25,0.0029082234726723615
2021-11-26,0.0030459319884630917
2021-11-27,0.0030470096312465492
2021-11-28,0.0030480872740300067
2021-11-29,0.003044264417324526
2021-11-30,0.003038937399594063
2021-12-01,0.0030509021552660646
2021-12-02,0.0029533732157607335
2021-12-03,0.002991724046622482
2021-12-04,0.0029927849020103324
2021-12-05,0.002993845757398181
2021-12-06,0.0029490919847699657
2021-12-07,0.0028976319757198247
2021-12-08,0.002891416766378707
2021-12-09,0.002926221812076923
2021-12-10,0.0029339738739294695
2021-12-11,0.0029350417128705822
2021-12-12,0.0029361095518116945
2021-12-13,0.0029705676512275427
2021-12-14,0.002973703110221734
2021-12-15,0.002988448053084135
2021-12-16,0.0029445961914637653
2021-12-17,0.0030238100756895137
2021-12-18,0.003024818318609423
2021-12-19,0.0030258265615293323
2021-12-20,0.003012890829405039
2021-12-21,0.002937372141047288
2021-12-22,0.0028978063152896244
2021-12-23,0.0028497397697971136
2021-12-24,0.0028511279651195313
2021-12-25,0.0028525161604419495
2021-12-26,0.0028539043557643667
2021-12-27,0.0028011421437904582
2021-12-28,0.0027937508097121175
2021-12-29,0.0028060912103035516
2021-12-30,0.0028326139459520826
2021-12-31,0.0028305179193434584
2022-01-01,0.0028320215166843694
2022-01-02,0.002833525114025281
2022-01-03,0.002791868964517799
2022-01-04,0.0026794373981571676
2022-01-05,0.0027281563938933873
2022-01-06,0.0025933853944228487
2022-01-07,0.0025257420126812823
2022-01-08,0.0025273315087133135
2022-01-09,0.0025289210047453473
2022-01-10,0.0025536288184684793
2022-01-11,0.0025298245394000775
2022-01-12,0.0024870947850894904
2022-01-13,0.002490208080855299
2022-01-14,0.0024804936441140866
2022-01-15,0.002482247499994896
2022-01-16,0.0024840013558757074
2022-01-17,0.0024857552117565187
2022-01-18,0.0025388807018231012
2022-01-19,0.0025904288379661362
2022-01-20,0.00260022073167928
2022-01-21,0.0026330835367983367
2022-01-22,0.002634464845581372
2022-01-23,0.002635846154364406
2022-01-24,0.002742735986379875
2022-01-25,0.002701968193130704
2022-01-26,0.002656821965844762
2022-01-27,0.0027348319957094403
2022-01-28,0.0027440063959189346
2022-01-29,0.0027455253429424483
2022-01-30,0.002747044289965961
2022-01-31,0.002697933566310169
2022-02-01,0.0023711918044143914
2022-02-02,0.002342628748333981
2022-02-03,0.0023782642058115012
2022-02-04,0.0023849660740104966
2022-02-05,0.0023865005652768134
2022-02-06,0.0023880350565431297
2022-02-07,0.0023545029663685916
2022-02-08,0.002271828457752128
2022-02-09,0.0022273350261995143
2022-02-10,0.002244139270516171
2022-02-11,0.0022878731471367205
2022-02-12,0.002289157617653288
2022-02-13,0.0022904420881698557
2022-02-14,0.002288638788039009
2022-02-15,0.002296138128943451
2022-02-16,0.0023340057617866677
2022-02-17,0.0023781563617845196
2022-02-18,0.002382736727868918
2022-02-19,0.0023839608402709115
2022-02-20,0.0023851849526729052
2022-02-21,0.0023864090650748985
2022-02-22,0.0024971748763897737
2022-02-23,0.0025431115594635673
2022-02-24,0.0027394729944986047
2022-02-25,0.0026297684852222562
2022-02-26,0.00263069107316114
2022-02-27,0.002631613661100023
2022-02-28,0.0027787803518946365
2022-03-01,0.0028897115153623133
2022-03-02,0.0028345658257239326
2022-03-03,0.0028187590380397217
2022-03-04,0.003005202131626448
2022-03-05,0.003005418158136615
2022-03-06,0.0030056341846467823
2022-03-07,0.0031552698311005313
2022-03-08,0.0030186574862357237
2022-03-09,0.0028316652167588497
2022-03-10,0.0029231601330699875
2022-03-11,0.0030004202289058736
2022-03-12,0.0030005945527029794
2022-03-13,0.0030007688765000843
2022-03-14,0.002914261077099713
2022-03-15,0.0028653078766803218
2022-03-16,0.002724458930823448
2022-03-17,0.0027387369601375357
2022-03-18,0.0027202799541680123
2022-03-19,0.0027207842399015157
2022-03-20,0.0027212885256350187
2022-03-21,0.002736680173430728
2022-03-22,0.0027071208656679023
2022-03-23,0.0027390491435691313
2022-03-24,0.0027379998559628953
2022-03-25,0.00275234686483721
2022-03-26,0.002752387003478428
2022-03-27,0.002752427142119646
2022-03-28,0.002744530335752924
2022-03-29,0.0027026103709735343
2022-03-30,0.0027187828800351943
2022-03-31,0.0027305863560721537
2022-04-01,0.0027278126348650135
2022-04-02,0.002727980928572055
2022-04-03,0.0027281492222790953
2022-04-04,0.002725943768025837
2022-04-05,0.00274190656742626
2022-04-06,0.0027569375291471377
2022-04-07,0.0027680496957720934
2022-04-08,0.0027431342607861014
2022-04-09,0.0027429607992147395
2022-04-10,0.0027427873376433777
2022-04-11,0.0027264306264949945
2022-04-12,0.0026975634498182482
2022-04-13,0.002665581211697298
2022-04-14,0.0026558700910192107
2022-04-15,0.00265599091880791
2022-04-16,0.00265611174659661
2022-04-17,0.00265623257438531
2022-04-18,0.0026535358835265855
2022-04-19,0.002640527425966688
2022-04-20,0.0026008831502781597
2022-04-21,0.0025849847883672407
2022-04-22,0.002610688840816093
2022-04-23,0.002611038613503565
2022-04-24,0.0026113883861910367
2022-04-25,0.002599717493024443
2022-04-26,0.0026830416288879436
2022-04-27,0.002757308916046904
2022-04-28,0.0027652766648660117
2022-04-29,0.0027596238116407196
2022-04-30,0.0027596630598753303
2022-05-01,0.0027597023081099414
2022-05-02,0.002775180623182895
2022-05-03,0.0026720131919508155
2022-05-04,0.002643615340011741
2022-05-05,0.0026991050306189746
2022-05-06,0.0026867788345139093
2022-05-07,0.002686973224502356
2022-05-08,0.0026871676144908027
2022-05-09,0.0027001512974002117
2022-05-10,0.002636855498359479
2022-05-11,0.00264295661897157
2022-05-12,0.0026815455502422784
2022-05-13,0.0026226851828371756
2022-05-14,0.002622994648783405
2022-05-15,0.0026233041147296363
2022-05-16,0.002610177664467867
2022-05-17,0.002540106753519112
2022-05-18,0.0025879115611218253
2022-05-19,0.0026864566539677335
2022-05-20,0.0026977597771915968
2022-05-21,0.002697824686506381
2022-05-22,0.002697889595821165
2022-05-23,0.002664849083279728
2022-05-24,0.0026498350592565724
2022-05-25,0.0026542870913331576
2022-05-26,0.0026324369266443343
2022-05-27,0.0026094920474044637
2022-05-28,0.00260982940746803
2022-05-29,0.002610166767531596
2022-05-30,0.002610504127595162
2022-05-31,0.00262130346312125
2022-06-01,0.002636841594931502
2022-06-02,0.0026195509338061106
2022-06-03,0.0026457524829327167
2022-06-04,0.002645959333231962
2022-06-05,0.002646166183531207
2022-06-06,0.002635000139578116
2022-06-07,0.0026436002169515564
2022-06-08,0.002663610278921727
2022-06-09,0.002703604399685042
2022-06-10,0.0028065502339508657
2022-06-11,0.0028065416554086623
2022-06-12,0.002806533076866459
2022-06-13,0.0028788667044311335
2022-06-14,0.002821624858337357
2022-06-15,0.0027211027016803124
2022-06-16,0.002719204040406989
2022-06-17,0.0027513379010990326
2022-06-18,0.002751401661946402
2022-06-19,0.002751465422793771
2022-06-20,0.00275152918364114
2022-06-21,0.0026481527157330154
2022-06-22,0.0026854944462476925
2022-06-23,0.002800403615286667
2022-06-24,0.0028213739444366013
2022-06-25,0.002821324434919513
2022-06-26,0.0028212749254024265
2022-06-27,0.002847423700187787
2022-06-28,0.002848582413790239
2022-06-29,0.0028669031081676724
2022-06-30,0.0029424156934273558
2022-07-01,0.002936182995950537
2022-07-02,0.0029359087431370012
2022-07-03,0.002935634490323466
2022-07-04,0.00293536023750993
2022-07-05,0.003014993107175706
2022-07-06,0.0031067065323888187
2022-07-07,0.0030780432054044824
2022-07-08,0.0030444489455698593
2022-07-09,0.0030440084545833137
2022-07-10,0.003043567963596768
2022-07-11,0.003184360134403558
2022-07-12,0.003252482314455055
2022-07-13,0.0032560125304879
2022-07-14,0.003295911642849671
2022-07-15,0.0033672371073214195
2022-07-16,0.00336631302859516
2022-07-17,0.0033653889498689027
2022-07-18,0.0033357186780421716
2022-07-19,0.0032602204291969066
2022-07-20,0.0032176091714440653
2022-07-21,0.0032814953376817946
2022-07-22,0.0033241761130554624
2022-07-23,0.0033234396319504742
2022-07-24,0.0033227031508454834
2022-07-25,0.003296543120850755
2022-07-26,0.002991891557460212
2022-07-27,0.002956871367183059
2022-07-28,0.0030432287669500523
2022-07-29,0.0029923026096556884
2022-07-30,0.00299196668442632
2022-07-31,0.00299163075919695
2022-08-01,0.003010303942038115
2022-08-02,0.002969629156935688
2022-08-03,0.0028926270295062512
2022-08-04,0.0028539247939366277
2022-08-05,0.002775794153444303
2022-08-06,0.0027757756346756587
2022-08-07,0.002775757115907017
2022-08-08,0.002866197872940176
2022-08-09,0.002826195145156752
2022-08-10,0.002778441985220345
2022-08-11,0.002791781358589789
2022-08-12,0.0027529059113861045
2022-08-13,0.002752942531533999
2022-08-14,0.0027529791516818936
2022-08-15,0.002781010509604427
2022-08-16,0.0027930689018310804
2022-08-17,0.0028056136046328817
2022-08-18,0.0028734930427676336
2022-08-19,0.0029249800427288185
2022-08-20,0.0029246881865965016
2022-08-21,0.002924396330464183
2022-08-22,0.002984789198877037
2022-08-23,0.002958290477733781
2022-08-24,0.00293935137812881
2022-08-25,0.0029550587174442433
2022-08-26,0.0030189417595775222
2022-08-27,0.003018460492099303
2022-08-28,0.0030179792246210818
2022-08-29,0.0030239314100349306
2022-08-30,0.002976722661341393
2022-08-31,0.002971672465361441
2022-09-01,0.002883783745647301
2022-09-02,0.0029376289039812434
2022-09-03,0.002937251158699709
2022-09-04,0.002936873413418175
2022-09-05,0.002936495668136641
2022-09-06,0.00300022529074039
2022-09-07,0.002887190680633182
2022-09-08,0.002930558238887029
2022-09-09,0.00285759388160599
2022-09-10,0.002857397008601259
2022-09-11,0.0028572001355965286
2022-09-12,0.0027660706582516726
2022-09-13,0.0028442523485839484
2022-09-14,0.0028019368221838753
2022-09-15,0.0027999696855051256
2022-09-16,0.0028002406180707455
2022-09-17,0.0028001266828697677
2022-09-18,0.0028000127476687873
2022-09-19,0.0028071134140163117
2022-09-20,0.0028802129964644353
2022-09-21,0.00297758021795299
2022-09-22,0.0028122296215488084
2022-09-23,0.002909656141889263
2022-09-24,0.002909307759887478
2022-09-25,0.0029089593778856924
2022-09-26,0.0029470663255543135
2022-09-27,0.0031079158445549604
2022-09-28,0.003269469519952893
2022-09-29,0.0033070376813139936
2022-09-30,0.0031850518151331168
2022-10-01,0.0031843673889087086
2022-10-02,0.0031836829626843005
2022-10-03,0.003181455171633478
2022-10-04,0.0031467920798953146
2022-10-05,0.003221354623708036
2022-10-06,0.003201630311271456
2022-10-07,0.003196622330367223
2022-10-08,0.0031959210964582307
2022-10-09,0.003195219862549237
2022-10-10,0.0031014359397979058
2022-10-11,0.003230381165933109
2022-10-12,0.003191794038788016
2022-10-13,0.0031216113607755707
2022-10-14,0.003006020726597813
2022-10-15,0.0030054514107752867
2022-10-16,0.003004882094952758
2022-10-17,0.002871986520805181
2022-10-18,0.0028125776128977405
2022-10-19,0.002881980880251853
2022-10-20,0.002819392540065279
2022-10-21,0.0027387276798697363
2022-10-22,0.002738473762279315
2022-10-23,0.002738219844688894
2022-10-24,0.0027455139586667694
2022-10-25,0.0029140006665263167
2022-10-26,0.002874749663646709
2022-10-27,0.0028542810679646237
2022-10-28,0.002828483316546281
2022-10-29,0.0028281920234059345
2022-10-30,0.002827900730265589
2022-10-31,0.0028217167819671813
2022-11-01,0.0028265740413722026
2022-11-02,0.0028364415741898054
2022-11-03,0.002701680140383591
2022-11-04,0.002590875466394191
2022-11-05,0.0025908620550074905
2022-11-06,0.0025908486436207892
2022-11-07,0.0026030352658774365
2022-11-08,0.0025826969261639092
2022-11-09,0.002642707192940453
2022-11-10,0.002599732550190674
2022-11-11,0.0025940268293070234
2022-11-12,0.0025940315952170997
2022-11-13,0.002594036361127176
2022-11-14,0.0025889852900133677
2022-11-15,0.0025907796317326684
2022-11-16,0.002563362654144583
2022-11-17,0.0025321112233230208
2022-11-18,0.002522998079974842
2022-11-19,0.002523161056442894
2022-11-20,0.002523324032910947
2022-11-21,0.0025746620645125473
2022-11-22,0.0025628186312671728
2022-11-23,0.002545887862767459
2022-11-24,0.0025459993340291275
2022-11-25,0.002525581432923716
2022-11-26,0.002525735794143665
2022-11-27,0.0025258901553636146
2022-11-28,0.0025466151801274736
2022-11-29,0.002496301915295858
2022-11-30,0.0024705492896089946
2022-12-01,0.00251426595754532
2022-12-02,0.0025060795476502026
2022-12-03,0.0025062665398979016
2022-12-04,0.0025064535321456015
2022-12-05,0.002539183632517035
2022-12-06,0.0025316849396219464
2022-12-07,0.0025394109330763703
2022-12-08,0.0025235924165963926
2022-12-09,0.0025034739393764603
2022-12-10,0.002503670873600295
2022-12-11,0.0025038678078241295
2022-12-12,0.0024854418689766737
2022-12-13,0.002449275950222149
2022-12-14,0.0024532269398151187
2022-12-15,0.002521558598993338
2022-12-16,0.0024686461593756703
2022-12-17,0.002468948671151762
2022-12-18,0.0024692511829278547
2022-12-19,0.002502736149349597
2022-12-20,0.0024615854291807253
2022-12-21,0.0024245877024338847
2022-12-22,0.002424853144530084
2022-12-23,0.0024284010375816437
2022-12-24,0.0024287170491909572
2022-12-25,0.0024290330608002716
2022-12-26,0.002429349072409585
2022-12-27,0.002412622550326369
2022-12-28,0.002457702674848038
2022-12-29,0.002423441399600692
2022-12-30,0.0024422339704696806
2022-12-31,0.002442521732514678
2023-01-01,0.0024428094945596755
2023-01-02,0.0024430972566046715
2023-01-03,0.002349784774874451
2023-01-04,0.0022442166416946074
2023-01-05,0.002258079834738904
2023-01-06,0.0022019100549540874
2023-01-07,0.002202606283989819
2023-01-08,0.00220330251302555
2023-01-09,0.0021981296715444833
2023-01-10,0.0021938850239989253
2023-01-11,0.0021810815328250407
2023-01-12,0.002137005043676572
2023-01-13,0.0021248723373244976
2023-01-14,0.0021256169526436834
2023-01-15,0.00212636156796287
2023-01-16,0.0021271061832820555
2023-01-17,0.0021153763306460314
2023-01-18,0.002114404490287203
2023-01-19,0.0021319408964745592
2023-01-20,0.0021069500937033973
2023-01-21,0.002107633748447605
2023-01-22,0.0021083174031918134
2023-01-23,0.002097908764271763
2023-01-24,0.002093408881077521
2023-01-25,0.0020767883518366687
2023-01-26,0.002044928910133123
2023-01-27,0.0020666690838437875
2023-01-28,0.002067503455231816
2023-01-29,0.002068337826619844
2023-01-30,0.0020843024545832227
2023-01-31,0.0020510041334276777
2023-02-01,0.0020207893873054085
2023-02-02,0.0020428197041490207
2023-02-03,0.0020483574156177696
2023-02-04,0.0020490975470710206
2023-02-05,0.002049837678524271
2023-02-06,0.0020854959699374035
2023-02-07,0.0020433581766924115
2023-02-08,0.0020382420423413075
2023-02-09,0.002031506860772665
2023-02-10,0.002045689842782594
2023-02-11,0.0020465880113757955
2023-02-12,0.002047486179968996
2023-02-13,0.0020248116142213236
2023-02-14,0.0019943122810609113
2023-02-15,0.0019997146512011005
2023-02-16,0.0020094862678997354
2023-02-17,0.0020070740898500954
2023-02-18,0.002008094832046487
2023-02-19,0.002009115574242879
2023-02-20,0.00201013631643927
2023-02-21,0.002041475752537665
2023-02-22,0.002084218860976977
2023-02-23,0.002057167098407349
2023-02-24,0.002095113469751964
2023-02-25,0.0020959759703418224
2023-02-26,0.002096838470931681
2023-02-27,0.002046353031620679
2023-02-28,0.002052700390385601
2023-03-01,0.0020785200522906765
2023-03-02,0.002096332485485319
2023-03-03,0.0020248818372940614
2023-03-04,0.0020257579152549547
2023-03-05,0.0020266339932158484
2023-03-06,0.002018790766500044
2023-03-07,0.002093749697239674
2023-03-08,0.0021048536532570143
2023-03-09,0.0021773933840741966
2023-03-10,0.0022643600620757356
2023-03-11,0.0022649325583461596
2023-03-12,0.002265505054616584
2023-03-13,0.0023670718223463543
2023-03-14,0.0022974367675587253
2023-03-15,0.0025092761909199456
2023-03-16,0.00251387249739668
2023-03-17,0.00255397752415659
2023-03-18,0.0025541164809724116
2023-03-19,0.002554255437788234
2023-03-20,0.002516103129633785
2023-03-21,0.0024492534440825864
2023-03-22,0.002490513090626603
2023-03-23,0.0024856298526563445
2023-03-24,0.002560869547141592
2023-03-25,0.0025608961691750724
2023-03-26,0.0025609227912085533
2023-03-27,0.002520647082375755
2023-03-28,0.0025111705480156546
2023-03-29,0.0024768273437460507
2023-03-30,0.0024376549820055715
2023-03-31,0.0024331738879792833
2023-04-01,0.002433364323564488
2023-04-02,0.002433554759149693
2023-04-03,0.002406146312185666
2023-04-04,0.0023903011955528895
2023-04-05,0.002409976187384426
2023-04-06,0.0023675750018033776
2023-04-07,0.0023680969742082727
2023-04-08,0.0023686189466131688
2023-04-09,0.0023691409190180635
2023-04-10,0.002379338575630056
2023-04-11,0.0023627481329387325
2023-04-12,0.002358817493397417
2023-04-13,0.002333921994706002
2023-04-14,0.002298621944264491
2023-04-15,0.002299223198400703
2023-04-16,0.0022998244525369153
2023-04-17,0.002362390746322332
2023-04-18,0.002331768554389852
2023-04-19,0.0023405226339179262
2023-04-20,0.0023859056423704964
2023-04-21,0.002389433488505969
2023-04-22,0.0023901921302797
2023-04-23,0.0023909507720534305
2023-04-24,0.002358282132146109
2023-04-25,0.002488415368185123
2023-04-26,0.0024576966472845247
2023-04-27,0.0023769822095778778
2023-04-28,0.002399221212697696
2023-04-29,0.0023999816717762646
2023-04-30,0.0024007421308548335
2023-05-01,0.0024239813942788244
2023-05-02,0.0024679933418879957
2023-05-03,0.0025424579697522873
2023-05-04,0.002539873151545738
2023-05-05,0.00241799862961826
2023-05-06,0.0024187865296078368
2023-05-07,0.002419574429597413
2023-05-08,0.002424383924463489
2023-05-09,0.0024214529363644098
2023-05-10,0.0024598815348897234
2023-05-11,0.002499236342117095
2023-05-12,0.002471109061526711
2023-05-13,0.0024719145479218797
2023-05-14,0.002472720034317048
2023-05-15,0.002441681319104111
2023-05-16,0.0024784935160309016
2023-05-17,0.00240162301274216
2023-05-18,0.002525115180937808
2023-05-19,0.002528791183622638
2023-05-20,0.0025292971547975834
2023-05-21,0.002529803125972525
2023-05-22,0.002503794685392358
2023-05-23,0.002543339147648499
2023-05-24,0.00258829059795594
2023-05-25,0.002570464415745824
2023-05-26,0.0025668956240196316
2023-05-27,0.002567361381194443
2023-05-28,0.002567827138369255
2023-05-29,0.0025682928955440667
2023-05-30,0.0026162249501139926
2023-05-31,0.002672801136841479
2023-06-01,0.0026461750104248487
2023-06-02,0.002577719861304105
2023-06-03,0.002578173305927585
2023-06-04,0.0025786267505510654
2023-06-05,0.002603104444258716
2023-06-06,0.0025867246883984705
2023-06-07,0.002571113469749753
2023-06-08,0.0025439529072573
2023-06-09,0.0025943357852112135
2023-06-10,0.0025947366792339476
2023-06-11,0.0025951375732566812
2023-06-12,0.002577032888736304
2023-06-13,0.0025642868550840073
2023-06-14,0.0025389108719120986
2023-06-15,0.0025457242919206544
2023-06-16,0.0025491278234963037
2023-06-17,0.0025496169899678098
2023-06-18,0.0025501061564393163
2023-06-19,0.0025505953229108223
2023-06-20,0.0025425980290270695
2023-06-21,0.002528104490428622
2023-06-22,0.0025876674086975486
2023-06-23,0.002640884250254766
2023-06-24,0.002641283567438003
2023-06-25,0.0026416828846212406
2023-06-26,0.0026107356791432806
2023-06-27,0.002572540676028173
2023-06-28,0.002576627160319692
2023-06-29,0.00253985140903662
2023-06-30,0.0024866537837426195
2023-07-01,0.0024873034494585825
2023-07-02,0.002487953115174544
2023-07-03,0.0024539830117136646
2023-07-04,0.0024546756551334383
2023-07-05,0.0025391735329656135
2023-07-06,0.0026504738866260803
2023-07-07,0.0026175877928453417
2023-07-08,0.002618060791177665
2023-07-09,0.0026185337895099875
2023-07-10,0.0026190067878423097
