Date,UBS - IBKR Accumulated Oriented Area
2019-01-01,0.0
2019-01-02,0.0
2019-01-03,2.117203138958348e-08
2019-01-04,-3.2082668841934293e-07
2019-01-05,-2.772384529372536e-07
2019-01-06,-2.3365021745478313e-07
2019-01-07,-1.998848513779235e-05
2019-01-08,-1.9281636280063516e-05
2019-01-09,-2.9763714927895404e-05
2019-01-10,-1.9938268633097406e-05
2019-01-11,-2.7317091920679367e-05
2019-01-12,-2.7880903420361934e-05
2019-01-13,-2.8444714920044132e-05
2019-01-14,-2.8509829837920606e-05
2019-01-15,-2.054341440732712e-05
2019-01-16,2.4345424834430315e-06
2019-01-17,2.4941605934241368e-05
2019-01-18,5.637456529412722e-05
2019-01-19,5.6066374908726495e-05
2019-01-20,5.57581845233257e-05
2019-01-21,5.5449994137924336e-05
2019-01-22,4.017814592196958e-06
2019-01-23,-5.081822778954168e-06
2019-01-24,-1.1895028428318822e-05
2019-01-25,1.7530117657829771e-06
2019-01-26,1.0960777288392454e-06
2019-01-27,4.391436918955611e-07
2019-01-28,-1.2335622737559798e-05
2019-01-29,-5.702431132261396e-06
2019-01-30,5.352249856573195e-06
2019-01-31,-2.0211791748404733e-05
2019-02-01,-3.555300951836151e-05
2019-02-02,-3.624230133442952e-05
2019-02-03,-3.693159315049767e-05
2019-02-04,-3.971652358627497e-05
2019-02-05,-1.8001405203187877e-05
2019-02-06,-2.2731166113041206e-05
2019-02-07,-4.683445108913182e-05
2019-02-08,-5.660969346151503e-05
2019-02-09,-5.707473997170296e-05
2019-02-10,-5.7539786481890335e-05
2019-02-11,-5.830658192320174e-05
2019-02-12,-4.87853445004099e-05
2019-02-13,-4.040397708390132e-05
2019-02-14,-4.754539353382355e-05
2019-02-15,-4.043412893124555e-05
2019-02-16,-4.063344484121537e-05
2019-02-17,-4.083276075118509e-05
2019-02-18,-4.103207666115482e-05
2019-02-19,-3.562086790963167e-05
2019-02-20,-2.900757800017431e-05
2019-02-21,-3.79256491746731e-05
2019-02-22,-4.7840625646401565e-05
2019-02-23,-4.729787579677166e-05
2019-02-24,-4.6755125947141715e-05
2019-02-25,-6.6175823872599e-05
2019-02-26,-6.437880044207635e-05
2019-02-27,-6.433099188452237e-05
2019-02-28,-6.308932450899718e-05
2019-03-01,-6.551047991740894e-05
2019-03-02,-6.525648714194659e-05
2019-03-03,-6.50024943664842e-05
2019-03-04,-5.755148214856988e-05
2019-03-05,-5.129882510079528e-05
2019-03-06,-5.477336153442517e-05
2019-03-07,-5.720429597497045e-05
2019-03-08,-1.7760662663579364e-05
2019-03-09,-1.7607294139890304e-05
2019-03-10,-1.7453925616200945e-05
2019-03-11,-5.251644256820801e-05
2019-03-12,-5.9556735628570723e-05
2019-03-13,-5.644682836875104e-05
2019-03-14,-6.211770020615193e-05
2019-03-15,-5.880524601130363e-05
2019-03-16,-5.850589579466415e-05
2019-03-17,-5.820654557802421e-05
2019-03-18,-7.059976076673338e-05
2019-03-19,-6.0524133511783665e-05
2019-03-20,-5.264985027095597e-05
2019-03-21,-3.079165775085813e-05
2019-03-22,-3.4320287951346574e-05
2019-03-23,-3.441687989223781e-05
2019-03-24,-3.4513471833129804e-05
2019-03-25,-2.8318716367684443e-05
2019-03-26,-4.644204350464558e-05
2019-03-27,-3.6831680002435295e-05
2019-03-28,-7.145696037326137e-05
2019-03-29,-6.27541756766339e-05
2019-03-30,-6.27150557900905e-05
2019-03-31,-6.26759359035471e-05
2019-04-01,-8.779242364496908e-05
2019-04-02,-9.738091939705939e-05
2019-04-03,-6.700919962845241e-05
2019-04-04,-7.656065697913891e-05
2019-04-05,-7.871561078033455e-05
2019-04-06,-7.863780084977395e-05
2019-04-07,-7.855999091921333e-05
2019-04-08,-8.117336046717204e-05
2019-04-09,-7.415423402393922e-05
2019-04-10,-7.061711229062122e-05
2019-04-11,-5.6888667446041695e-05
2019-04-12,-6.063128398027222e-05
2019-04-13,-6.064326312290765e-05
2019-04-14,-6.065524226554281e-05
2019-04-15,-6.083526448730982e-05
2019-04-16,-6.147414970948289e-05
2019-04-17,-6.428497332747437e-05
2019-04-18,-6.149916467201134e-05
2019-04-19,-6.160697538215514e-05
2019-04-20,-6.17147860922989e-05
2019-04-21,-6.182259680244278e-05
2019-04-22,-6.205252025729592e-05
2019-04-23,-6.295634536609377e-05
2019-04-24,-6.202715360058206e-05
2019-04-25,-5.8469978482142064e-05
2019-04-26,-6.0690940416185717e-05
2019-04-27,-6.091116040150398e-05
2019-04-28,-6.113138038682213e-05
2019-04-29,-5.2596269638009236e-05
2019-04-30,-5.870886498938758e-05
2019-05-01,-5.5624904044684574e-05
2019-05-02,-5.358986087952502e-05
2019-05-03,-4.836097191760152e-05
2019-05-04,-4.8251685375114e-05
2019-05-05,-4.8142398832626444e-05
2019-05-06,-1.3822621836683454e-05
2019-05-07,4.226309379171479e-05
2019-05-08,5.7764833747796034e-05
2019-05-09,7.028430630104374e-05
2019-05-10,5.606297570573069e-05
2019-05-11,5.6739150650265334e-05
2019-05-12,5.7415325594800075e-05
2019-05-13,0.00011578801446966013
2019-05-14,0.00010072668184373605
2019-05-15,0.00014164228791358537
2019-05-16,8.877973243673194e-05
2019-05-17,0.00010059108963307958
2019-05-18,0.00010121494261191823
2019-05-19,0.00010183879559075686
2019-05-20,0.00015567922930716057
2019-05-21,0.00015912801678800862
2019-05-22,0.00014732088473320553
2019-05-23,0.00015044240830374572
2019-05-24,0.00017599782586175388
2019-05-25,0.00017637188657960274
2019-05-26,0.00017674594729745257
2019-05-27,0.00017712000801530146
2019-05-28,0.00017642137283585985
2019-05-29,0.00020973966000499675
2019-05-30,0.00020067136782868708
2019-05-31,0.00026901175047212026
2019-06-01,0.00026925730653707303
2019-06-02,0.0002695028626020244
2019-06-03,0.00029612836565405445
2019-06-04,0.0002305998073947969
2019-06-05,0.00022242186900408017
2019-06-06,0.00015349542519080153
2019-06-07,0.00013996712699837252
2019-06-08,0.00014055710292121452
2019-06-09,0.00014114707884405544
2019-06-10,0.00014255006819009872
2019-06-11,0.00015072898154808975
2019-06-12,0.00019369415809101527
2019-06-13,0.00012987036180444188
2019-06-14,9.628493264528513e-05
2019-06-15,9.709166071822775e-05
2019-06-16,9.789838879117053e-05
2019-06-17,0.00010995528852046762
2019-06-18,0.00010027064706234206
2019-06-19,0.0001276535734521085
2019-06-20,0.00012502558327094862
2019-06-21,0.00019045576539826172
2019-06-22,0.00019095117137955613
2019-06-23,0.00019144657736085054
2019-06-24,0.0002362742109704747
2019-06-25,0.00020692879586063
2019-06-26,0.00024647346982835047
2019-06-27,0.00023187265376325457
2019-06-28,0.00017821837244707037
2019-06-29,0.00017872952169136573
2019-06-30,0.0001792406709356622
2019-07-01,0.0002051019397548749
2019-07-02,0.00024453230337986083
2019-07-03,0.00021333252637314992
2019-07-04,0.00021370680173760955
2019-07-05,0.0001783768697880055
2019-07-06,0.00017883104976604562
2019-07-07,0.00017928522974408482
2019-07-08,0.0002460691620648684
2019-07-09,0.00020226944053302145
2019-07-10,0.0002680390584835704
2019-07-11,0.0002707601567804534
2019-07-12,0.00030489520232942645
2019-07-13,0.0003049267731601682
2019-07-14,0.0003049583439909099
2019-07-15,0.0003395913581959795
2019-07-16,0.00036498953708023404
2019-07-17,0.0004050772052370615
2019-07-18,0.00038361916972646945
2019-07-19,0.00037051030679431435
2019-07-20,0.00037027231142854435
2019-07-21,0.0003700343160627743
2019-07-22,0.00041238336858178955
2019-07-23,0.0004174177848875811
2019-07-24,0.0003345790841367467
2019-07-25,0.00023944267650447167
2019-07-26,0.00018415703832000234
2019-07-27,0.00018441238061109536
2019-07-28,0.00018466772290218832
2019-07-29,0.0001967974175637399
2019-07-30,0.00013743257827597885
2019-07-31,0.00010212379913004028
2019-08-01,6.839121933464645e-05
2019-08-02,0.00019197217685692466
2019-08-03,0.00019229099715298466
2019-08-04,0.00019260981744904658
2019-08-05,0.00024110565042138096
2019-08-06,0.0002813644849071354
2019-08-07,0.00029561708170733976
2019-08-08,0.00027006142541255733
2019-08-09,0.0003519237706602418
2019-08-10,0.0003519888496659821
2019-08-11,0.00035205392867172287
2019-08-12,0.0004409221917695184
2019-08-13,0.0003700486590436
2019-08-14,0.00030186859991496786
2019-08-15,0.00028925335872709057
2019-08-16,0.0002380738330116391
2019-08-17,0.00023828634314957775
2019-08-18,0.0002384988532875143
2019-08-19,0.0001696917936058423
2019-08-20,0.00024591886776471596
2019-08-21,0.000265442753451269
2019-08-22,0.00034482603613976784
2019-08-23,0.00041662506998153554
2019-08-24,0.00041656345144608814
2019-08-25,0.00041650183291064085
2019-08-26,0.0005591355918849833
2019-08-27,0.00045537822777225753
2019-08-28,0.0004207048459775827
2019-08-29,0.00038420564805827966
2019-08-30,0.00026459680552389875
2019-08-31,0.00026475984678528245
2019-09-01,0.0002649228880466664
2019-09-02,0.00026508592930805203
2019-09-03,0.00020946094839457958
2019-09-04,0.0002517925567364726
2019-09-05,0.00023124403513147477
2019-09-06,0.0001762413489402785
2019-09-07,0.00017652463230429473
2019-09-08,0.000176807915668313
2019-09-09,0.0002547319451001272
2019-09-10,0.00030368798101812494
2019-09-11,0.00022996449192031376
2019-09-12,0.00018814305518106427
2019-09-13,0.00020066570054297762
2019-09-14,0.0002008867160114539
2019-09-15,0.0002011077314799326
2019-09-16,0.00014648120275105738
2019-09-17,0.00013463193857645827
2019-09-18,0.00015612516559562127
2019-09-19,0.00016740623293446272
2019-09-20,0.0001270855013039552
2019-09-21,0.00012752028535110312
2019-09-22,0.00012795506939824937
2019-09-23,0.00011839577446110086
2019-09-24,0.00022436102575151013
2019-09-25,0.00011496684628978425
2019-09-26,0.00012933896460965558
2019-09-27,8.194319816162631e-07
2019-09-28,1.506247006187504e-06
2019-09-29,2.1930620307588754e-06
2019-09-30,-2.8145039205824496e-05
2019-10-01,0.00035372384866198185
2019-10-02,0.00035431830127384794
2019-10-03,0.0003626563995426396
2019-10-04,0.000323177853675606
2019-10-05,0.0003233263115140133
2019-10-06,0.00032347476935242034
2019-10-07,0.0003053668353229401
2019-10-08,0.0002724132657410279
2019-10-09,0.0005183302902605441
2019-10-10,0.0003899803894815678
2019-10-11,0.000443238053846671
2019-10-12,0.00044322392818023815
2019-10-13,0.00044320980251380364
2019-10-14,0.0005102759615318241
2019-10-15,0.0005495940205460185
2019-10-16,0.0006435712620163059
2019-10-17,0.0007087424494411042
2019-10-18,0.0008180670453541391
2019-10-19,0.0008174312115013594
2019-10-20,0.0008167953776485818
2019-10-21,0.0008838227668809467
2019-10-22,0.0008030210608375925
2019-10-23,0.0009171609833573341
2019-10-24,0.0009076047185121751
2019-10-25,0.0008689255817652953
2019-10-26,0.0008683126560947052
2019-10-27,0.0008676997304241138
2019-10-28,0.0008475741492253239
2019-10-29,0.0008647192177167482
2019-10-30,0.0007722183823133187
2019-10-31,0.0008017398619584873
2019-11-01,0.0009101675832962868
2019-11-02,0.0009095297103161878
2019-11-03,0.0009088918373360872
2019-11-04,0.001078707081854563
2019-11-05,0.0010995245736835969
2019-11-06,0.0011196694418220074
2019-11-07,0.0011420598195548148
2019-11-08,0.0010798343227603792
2019-11-09,0.001078956936197764
2019-11-10,0.0010780795496351486
2019-11-11,0.0011331974542129577
2019-11-12,0.0010836511344545505
2019-11-13,0.0009989624312893007
2019-11-14,0.0009916206462099659
2019-11-15,0.0010211116126757687
2019-11-16,0.001020262250659518
2019-11-17,0.0010194128886432691
2019-11-18,0.001054609122748286
2019-11-19,0.0009652894528733552
2019-11-20,0.000907486993344764
2019-11-21,0.0009423896174983061
2019-11-22,0.0009217655781772131
2019-11-23,0.0009211439647355213
2019-11-24,0.0009205223512938308
2019-11-25,0.0008765890704233631
2019-11-26,0.000856033539109053
2019-11-27,0.0008549952999780119
2019-11-28,0.0008545572950797273
2019-11-29,0.000871838548835458
2019-11-30,0.0008713295273277696
2019-12-01,0.0008708205058200798
2019-12-02,0.0009471709171729882
2019-12-03,0.0009158945107923908
2019-12-04,0.0008697026270561595
2019-12-05,0.0008593920252460898
2019-12-06,0.000900193910961779
2019-12-07,0.0008995530243835774
2019-12-08,0.0008989121378053739
2019-12-09,0.0009626623830208934
2019-12-10,0.0009153062509737329
2019-12-11,0.0008802577514272331
2019-12-12,0.0008738231517900071
2019-12-13,0.0009945540247476904
2019-12-14,0.0009937324290611635
2019-12-15,0.0009929108333746346
2019-12-16,0.0010744004496360642
2019-12-17,0.0010983477035668805
2019-12-18,0.0010488795811476243
2019-12-19,0.0010275348409145833
2019-12-20,0.001010564723024151
2019-12-21,0.0010097526856662192
2019-12-22,0.0010089406483082873
2019-12-23,0.0010440349115486123
2019-12-24,0.0010555231769354269
2019-12-25,0.001054598266347467
2019-12-26,0.0010404819932900327
2019-12-27,0.0010553580857612212
2019-12-28,0.0010544640161568243
2019-12-29,0.001053569946552429
2019-12-30,0.001116763430042921
2019-12-31,0.0011128101960398724
2020-01-01,0.0011117908738473184
2020-01-02,0.0011718274185881024
2020-01-03,0.0011262832419458675
2020-01-04,0.0011252962859312015
2020-01-05,0.0011243093299165363
2020-01-06,0.0011009426564907642
2020-01-07,0.0012069644688172394
2020-01-08,0.0012239710223288618
2020-01-09,0.0012108701978797184
2020-01-10,0.0011632687637263884
2020-01-11,0.0011623557130658706
2020-01-12,0.0011614426624053501
2020-01-13,0.001171936555135127
2020-01-14,0.0011861393061505109
2020-01-15,0.001186754917614691
2020-01-16,0.0011713767824255632
2020-01-17,0.0011398934514119557
2020-01-18,0.0011391549575133259
2020-01-19,0.0011384164636146963
2020-01-20,0.001137677969716069
2020-01-21,0.000934014609306915
2020-01-22,0.001115903436140691
2020-01-23,0.0011581796688212038
2020-01-24,0.0011342697946357548
2020-01-25,0.0011333821399187394
2020-01-26,0.0011324944852017238
2020-01-27,0.001103871015586138
2020-01-28,0.001099041774884338
2020-01-29,0.0010592223246179379
2020-01-30,0.0010365713343026032
2020-01-31,0.0010662316710642874
2020-02-01,0.001065381297087773
2020-02-02,0.00106453092311126
2020-02-03,0.0007662903101326804
2020-02-04,0.0006586751263285803
2020-02-05,0.0007911194152963432
2020-02-06,0.0008375096822621418
2020-02-07,0.0008552179640691368
2020-02-08,0.0008548118829372045
2020-02-09,0.0008544058018052731
2020-02-10,0.0007999898409499969
2020-02-11,0.000743961397386587
2020-02-12,0.0007773932630215833
2020-02-13,0.0007483459839577153
2020-02-14,0.0007407210586486734
2020-02-15,0.0007407167776146879
2020-02-16,0.0007407124965807007
2020-02-17,0.0007407082155467134
2020-02-18,0.0007569398394279984
2020-02-19,0.0007154220081046969
2020-02-20,0.0006854515426712001
2020-02-21,0.0007262827584084129
2020-02-22,0.0007263523716568158
2020-02-23,0.0007264219849052187
2020-02-24,0.000669620219546376
2020-02-25,0.0007001646392875311
2020-02-26,0.0005440834925847191
2020-02-27,0.0006458416188174477
2020-02-28,0.000620285833955695
2020-02-29,0.000620819965654768
2020-03-01,0.0006213540973538409
2020-03-02,0.0003584473481357711
2020-03-03,0.0005434916081327682
2020-03-04,0.0007347746537562448
2020-03-05,0.0008163475263958924
2020-03-06,0.0007999944891879693
2020-03-07,0.000800370368804723
2020-03-08,0.0008007462484214763
2020-03-09,0.0008383048981432755
2020-03-10,0.0007839411080518635
2020-03-11,0.0008276413615377757
2020-03-12,0.0006617469286987385
2020-03-13,0.000631473842296813
2020-03-14,0.0006321117173508327
2020-03-15,0.0006327495924048562
2020-03-16,0.0005102672527310939
2020-03-17,0.0003998994523864499
2020-03-18,0.001385327092683586
2020-03-19,0.0011085408636630299
2020-03-20,0.0015525237594956856
2020-03-21,0.001552672573101948
2020-03-22,0.0015528213867082054
2020-03-23,0.002089345433877169
2020-03-24,0.0016663180631940656
2020-03-25,0.0012374918747891028
2020-03-26,0.0017845207106914496
2020-03-27,0.0017429559350894681
2020-03-28,0.0017429115242633415
2020-03-29,0.0017428671134372114
2020-03-30,0.0017031086860800995
2020-03-31,0.001299416140040748
2020-04-01,0.001008169619551213
2020-04-02,0.0008109226212598803
2020-04-03,0.0010958045572144726
2020-04-04,0.001096353935673981
2020-04-05,0.001096903314133488
2020-04-06,0.001059429602889537
2020-04-07,0.001332817153943645
2020-04-08,0.001090303257081285
2020-04-09,0.0013120741619505934
2020-04-10,0.0013123005350706009
2020-04-11,0.0013125269081906024
2020-04-12,0.0013127532813106072
2020-04-13,0.0012893268068771046
2020-04-14,0.0012562334525373592
2020-04-15,0.0010473021905191375
2020-04-16,0.0007464030268640733
2020-04-17,0.0009474932028136656
2020-04-18,0.0009480509864318637
2020-04-19,0.0009486087700500684
2020-04-20,0.0012685816599643618
2020-04-21,0.0012131915974080145
2020-04-22,0.0020761625535495034
2020-04-23,0.002214832488253377
2020-04-24,0.002432795467030281
2020-04-25,0.00243218258590982
2020-04-26,0.0024315697047893555
2020-04-27,0.0024350597111876624
2020-04-28,0.003030038430154246
2020-04-29,0.003181406757708472
2020-04-30,0.003114041667129985
2020-05-01,0.0028245705337504035
2020-05-02,0.0028237906533051544
2020-05-03,0.0028230107728599014
2020-05-04,0.0027202493384952233
2020-05-05,0.0023632903437441704
2020-05-06,0.0023296399565977343
2020-05-07,0.0024300866723067018
2020-05-08,0.002427318468071385
2020-05-09,0.00242683206965301
2020-05-10,0.002426345671234636
2020-05-11,0.0024441665598764
2020-05-12,0.0026585681466345934
2020-05-13,0.002864563130671109
2020-05-14,0.002638241891691376
2020-05-15,0.002643283556460275
2020-05-16,0.002642494826295788
2020-05-17,0.0026417060961312945
2020-05-18,0.0029015874205209164
2020-05-19,0.0029292624837417352
2020-05-20,0.003002817047656278
2020-05-21,0.002986017329161838
2020-05-22,0.0028286768956564427
2020-05-23,0.0028278325384866734
2020-05-24,0.0028269881813169084
2020-05-25,0.0028261438241471435
2020-05-26,0.002978822929469893
2020-05-27,0.0028038544972288056
2020-05-28,0.0028437141249162716
2020-05-29,0.002891157791086424
2020-05-30,0.0028904330054950475
2020-05-31,0.0028897082199036738
2020-06-01,0.002946740192255583
2020-06-02,0.0030909649763901943
2020-06-03,0.003256530464820928
2020-06-04,0.0033206116655238034
2020-06-05,0.0033467465832837844
2020-06-06,0.003345677107761285
2020-06-07,0.0033446076322387833
2020-06-08,0.0033285553125648615
2020-06-09,0.0032972068786882207
2020-06-10,0.003389939876652169
2020-06-11,0.0029741666093716546
2020-06-12,0.003068734346142925
2020-06-13,0.003067756076569967
2020-06-14,0.003066777806997009
2020-06-15,0.002963024292279674
2020-06-16,0.0029475213260307014
2020-06-17,0.003049373450986144
2020-06-18,0.003074769487877028
2020-06-19,0.0030060737251773077
2020-06-20,0.0030051342623203447
2020-06-21,0.003004194799463385
2020-06-22,0.0032279629302683225
2020-06-23,0.0032639633815285092
2020-06-24,0.0032000680717130057
2020-06-25,0.003372706019060559
2020-06-26,0.0034961676185873347
2020-06-27,0.0034947491090508427
2020-06-28,0.0034933305995143464
2020-06-29,0.0034466698109269856
2020-06-30,0.0034975641247955557
2020-07-01,0.0033379465638077328
2020-07-02,0.0033943104432986307
2020-07-03,0.0033931634027955272
2020-07-04,0.0033920163622924195
2020-07-05,0.0033908693217893117
2020-07-06,0.0033110224873812173
2020-07-07,0.0029769644790404778
2020-07-08,0.0028441325462986245
2020-07-09,0.002738849807000529
2020-07-10,0.002808702459148834
2020-07-11,0.002808436239670458
2020-07-12,0.002808170020192082
2020-07-13,0.0027156313778816023
2020-07-14,0.0027032611609277574
2020-07-15,0.0024674216987286314
2020-07-16,0.002591313900908422
2020-07-17,0.0026460952737288814
2020-07-18,0.002646079953304764
2020-07-19,0.0026460646328806455
2020-07-20,0.002616558884635088
2020-07-21,0.0027311408514856896
2020-07-22,0.0027291279902587227
2020-07-23,0.0028055626003442844
2020-07-24,0.0028681132085075813
2020-07-25,0.0028677436963706207
2020-07-26,0.0028673741842336607
2020-07-27,0.0028529175694189494
2020-07-28,0.002816589941241259
2020-07-29,0.0026965910587079143
2020-07-30,0.002660001360838403
2020-07-31,0.0026494337627574376
2020-08-01,0.002649359273690535
2020-08-02,0.0026492847846236326
2020-08-03,0.002591212770511937
2020-08-04,0.0026268243689189677
2020-08-05,0.00261028965898678
2020-08-06,0.0027203847703152154
2020-08-07,0.002663724193400549
2020-08-08,0.0026636221990218724
2020-08-09,0.002663520204643195
2020-08-10,0.002862171346412176
2020-08-11,0.0028556190087991786
2020-08-12,0.0028014060095957844
2020-08-13,0.002799953034459437
2020-08-14,0.002640166824360081
2020-08-15,0.002640132685195088
2020-08-16,0.002640098546030096
2020-08-17,0.0026481464292059803
2020-08-18,0.0025990154954490304
2020-08-19,0.0025439097629158477
2020-08-20,0.002525717540193545
2020-08-21,0.0026056668602913004
2020-08-22,0.0026056919330393604
2020-08-23,0.0026057170057874274
2020-08-24,0.0026472720517393415
2020-08-25,0.0026468599733841655
2020-08-26,0.0026146930903990975
2020-08-27,0.0025504200318541797
2020-08-28,0.002550867296810682
2020-08-29,0.0025509799942216435
2020-08-30,0.0025510926916326097
2020-08-31,0.0025099335717613403
2020-09-01,0.0024952343946223815
2020-09-02,0.002571904126886783
2020-09-03,0.00254994763398261
2020-09-04,0.002663374289405026
2020-09-05,0.0026633211514690202
2020-09-06,0.00266326801353301
2020-09-07,0.0026632148755969995
2020-09-08,0.0029211507959521358
2020-09-09,0.003120632018024307
2020-09-10,0.0031510064679772
2020-09-11,0.003141849348806941
2020-09-12,0.0031411191849398386
2020-09-13,0.0031403890210727316
2020-09-14,0.003240422510857884
2020-09-15,0.0031727138937862635
2020-09-16,0.0031555797871300447
2020-09-17,0.0031110569807300766
2020-09-18,0.0029501498575149458
2020-09-19,0.0029496468890089843
2020-09-20,0.0029491439205030206
2020-09-21,0.002632074033373229
2020-09-22,0.0024379556706419863
2020-09-23,0.002519429509210695
2020-09-24,0.0024703378608908547
2020-09-25,0.002213190415928855
2020-09-26,0.0022134511939164063
2020-09-27,0.0022137119719039568
2020-09-28,0.0023816573778976937
2020-09-29,0.0023906032337924705
2020-09-30,0.002430991967481767
2020-10-01,0.002430986561270142
2020-10-02,0.002442175694890511
2020-10-03,0.0024421849941550617
2020-10-04,0.002442194293419613
2020-10-05,0.002463004859874581
2020-10-06,0.002406540709541846
2020-10-07,0.0024136918458847155
2020-10-08,0.0023269711631073464
2020-10-09,0.0023754780524605796
2020-10-10,0.0023755705210796317
2020-10-11,0.0023756629896986834
2020-10-12,0.0023376193500751984
2020-10-13,0.0023503522687399474
2020-10-14,0.0024464445906102915
2020-10-15,0.002344878219276293
2020-10-16,0.0023805849249534322
2020-10-17,0.0023806714273591208
2020-10-18,0.00238075792976481
2020-10-19,0.0025818309629424387
2020-10-20,0.0028122033294605527
2020-10-21,0.0027763425968071217
2020-10-22,0.00285623939891065
2020-10-23,0.002884176554886441
2020-10-24,0.0028836722837924738
2020-10-25,0.002883168012698509
2020-10-26,0.0029821741098404147
2020-10-27,0.0028588433603893527
2020-10-28,0.002593269500063268
2020-10-29,0.002634487364080681
2020-10-30,0.0027148297088184243
2020-10-31,0.0027144305939931965
2020-11-01,0.002714031479167974
2020-11-02,0.002815192386569418
2020-11-03,0.0031005850401667374
2020-11-04,0.0030737355747664334
2020-11-05,0.0031722131248485058
2020-11-06,0.003252711206666909
2020-11-07,0.0032517874065905606
2020-11-08,0.003250863606514216
2020-11-09,0.0033911714002343675
2020-11-10,0.0033438651970219588
2020-11-11,0.0032932495849495327
2020-11-12,0.0032104514092562517
2020-11-13,0.0031487017745846107
2020-11-14,0.003148217402841168
2020-11-15,0.0031477330310977227
2020-11-16,0.0032519810111069736
2020-11-17,0.0032868207144333417
2020-11-18,0.0033357173818438714
2020-11-19,0.0033708603814349824
2020-11-20,0.003374438285178368
2020-11-21,0.003373528584323626
2020-11-22,0.0033726188834688796
2020-11-23,0.003431489826599422
2020-11-24,0.0034871291182807652
2020-11-25,0.00344801829484846
2020-11-26,0.0034469719137844236
2020-11-27,0.0033588564035853287
2020-11-28,0.0033580508892923034
2020-11-29,0.0033572453749992773
2020-11-30,0.003301879678057335
2020-12-01,0.003347108428026575
2020-12-02,0.0033187555695131338
2020-12-03,0.0033115269657396306
2020-12-04,0.003278248370029732
2020-12-05,0.0032776253913837246
2020-12-06,0.0032770024127377166
2020-12-07,0.003363105420600224
2020-12-08,0.0033172369956961335
2020-12-09,0.003241614976483399
2020-12-10,0.0031601118287635723
2020-12-11,0.0031568277884130025
2020-12-12,0.0031564223419734325
2020-12-13,0.0031560168955338617
2020-12-14,0.0031933419425070704
2020-12-15,0.0031538653680418137
2020-12-16,0.0030547646107641803
2020-12-17,0.0029352850181622128
2020-12-18,0.002983160859405867
2020-12-19,0.0029832532098170565
2020-12-20,0.002983345560228245
2020-12-21,0.0029494710763857054
2020-12-22,0.0028336972415551344
2020-12-23,0.002874123255394482
2020-12-24,0.0028557164958131977
2020-12-25,0.0028560495763252005
2020-12-26,0.0028563826568372033
2020-12-27,0.002856715737349207
2020-12-28,0.002791910572128187
2020-12-29,0.002836020117021845
2020-12-30,0.0029080539904967925
2020-12-31,0.002874896958743992
2021-01-01,0.0028751829714039525
2021-01-02,0.0028754689840639128
2021-01-03,0.0028757549967238735
2021-01-04,0.0028820774485439887
2021-01-05,0.002829068759441255
2021-01-06,0.002719286929032726
2021-01-07,0.002658279994715757
2021-01-08,0.002650402134036923
2021-01-09,0.0026512350275448705
2021-01-10,0.0026520679210528175
2021-01-11,0.002682444775903023
2021-01-12,0.0026654761561194836
2021-01-13,0.0026680306190969318
2021-01-14,0.002692213480099067
2021-01-15,0.0026856052812945057
2021-01-16,0.0026864104164794314
2021-01-17,0.0026872155516643593
2021-01-18,0.0026880206868492846
2021-01-19,0.002672680384333459
2021-01-20,0.0027286059582110277
2021-01-21,0.0026931400033949446
2021-01-22,0.0027050706115374773
2021-01-23,0.002705962755362939
2021-01-24,0.0027068548991884033
2021-01-25,0.002761489535954986
2021-01-26,0.0028370536514328243
2021-01-27,0.002924909715483553
2021-01-28,0.002963082272511137
2021-01-29,0.002977782803420951
2021-01-30,0.0029779867639152394
2021-01-31,0.0029781907244095258
2021-02-01,0.0027982488304537775
2021-02-02,0.0026903723338987775
2021-02-03,0.0026723437821279906
2021-02-04,0.002643127247471822
2021-02-05,0.0025672706552134997
2021-02-06,0.0025684746989581508
2021-02-07,0.0025696787427027996
2021-02-08,0.0025428199324812983
2021-02-09,0.002521267133628809
2021-02-10,0.0025412231651012573
2021-02-11,0.002561164101817562
2021-02-12,0.002521900818649647
2021-02-13,0.0025229872026502004
2021-02-14,0.0025240735866507544
2021-02-15,0.0025251599706513084
2021-02-16,0.0024406065332983275
2021-02-17,0.0024742067853063274
2021-02-18,0.00249233735178288
2021-02-19,0.0024790531262086322
2021-02-20,0.0024802832419223726
2021-02-21,0.002481513357636113
2021-02-22,0.0024872862232416925
2021-02-23,0.0025212181344797264
2021-02-24,0.002435544462197421
2021-02-25,0.0024729986266384275
2021-02-26,0.0025357476846841675
2021-02-27,0.0025367552721800636
2021-02-28,0.0025377628596759587
2021-03-01,0.0024082743403142978
2021-03-02,0.0024077643197255062
2021-03-03,0.0024262184722904476
2021-03-04,0.0025007911875778396
2021-03-05,0.0024677815190075132
2021-03-06,0.002469035126102727
2021-03-07,0.002470288733197941
2021-03-08,0.002450229569437453
2021-03-09,0.002392254982971966
2021-03-10,0.0023940695874184598
2021-03-11,0.002422050349665151
2021-03-12,0.0024185949573219444
2021-03-13,0.0024202870750632014
2021-03-14,0.0024219791928044585
2021-03-15,0.002438292155420518
2021-03-16,0.002476539207070764
2021-03-17,0.00242744190476952
2021-03-18,0.002379723433126973
2021-03-19,0.0023717270194326795
2021-03-20,0.002373144243491719
2021-03-21,0.002374561467550759
2021-03-22,0.0023740173646738852
2021-03-23,0.0024623772903090467
2021-03-24,0.0024949192548281993
2021-03-25,0.0024915061526188933
2021-03-26,0.0025101191808610474
2021-03-27,0.002510981503094137
2021-03-28,0.002511843825327229
2021-03-29,0.0025487959239643334
2021-03-30,0.0025555189056332547
2021-03-31,0.002539499831708744
2021-04-01,0.0025032364032703154
2021-04-02,0.002504244209149597
2021-04-03,0.0025052520150288782
2021-04-04,0.002506259820908162
2021-04-05,0.0024618052939847134
2021-04-06,0.002451369300926668
2021-04-07,0.0024663090158989465
2021-04-08,0.002476308456568825
2021-04-09,0.002460627549857872
2021-04-10,0.002461579100192555
2021-04-11,0.0024625306505272394
2021-04-12,0.002473379468945527
2021-04-13,0.0025251088801734067
2021-04-14,0.002464730267500554
2021-04-15,0.0024235558926108437
2021-04-16,0.0023998992140976385
2021-04-17,0.0024010965712144196
2021-04-18,0.0024022939283312003
2021-04-19,0.0024051572612359944
2021-04-20,0.002524862988268073
2021-04-21,0.002558941997998993
2021-04-22,0.002660142214113784
2021-04-23,0.0025675396430546926
2021-04-24,0.002568720901937298
2021-04-25,0.002569902160819904
2021-04-26,0.002602112492350509
2021-04-27,0.0026074714091360667
2021-04-28,0.002613145066888609
2021-04-29,0.002571103806394099
2021-04-30,0.0026424862324527327
2021-05-01,0.002643496314425733
2021-05-02,0.002644506396398733
2021-05-03,0.0026854015732087275
2021-05-04,0.002687710405920082
2021-05-05,0.002705387220979332
2021-05-06,0.0027234075932114805
2021-05-07,0.0027267438913251276
2021-05-08,0.0027273376810977626
2021-05-09,0.002727931470870397
2021-05-10,0.0027741006720119555
2021-05-11,0.002788698057762407
2021-05-12,0.0028390811429266946
2021-05-13,0.0027930272182081954
2021-05-14,0.0027383731119407905
2021-05-15,0.0027390310766577247
2021-05-16,0.002739689041374659
2021-05-17,0.002757034334864147
2021-05-18,0.0028035761351418802
2021-05-19,0.0028326914253784144
2021-05-20,0.002842475631402284
2021-05-21,0.0028378571854220202
2021-05-22,0.0028381503105460995
2021-05-23,0.002838443435670179
2021-05-24,0.0028547720868056688
2021-05-25,0.0028547893468526785
2021-05-26,0.0028403637180375507
2021-05-27,0.002870888512786293
2021-05-28,0.002871452653616821
2021-05-29,0.0028715600837950677
2021-05-30,0.002871667513973313
2021-05-31,0.0028717749441515613
2021-06-01,0.002869186360059836
2021-06-02,0.0028791103212271935
2021-06-03,0.002836294535015654
2021-06-04,0.0028566162120743344
2021-06-05,0.0028567943231772325
2021-06-06,0.0028569724342801302
2021-06-07,0.0028875679776646825
2021-06-08,0.002884754190782346
2021-06-09,0.0029117761763286835
2021-06-10,0.0028940865540457235
2021-06-11,0.0029020851962959435
2021-06-12,0.0029020372463518878
2021-06-13,0.0029019892964078334
2021-06-14,0.0029306968897742517
2021-06-15,0.002936271521183582
2021-06-16,0.002894833353394559
2021-06-17,0.002879534197935736
2021-06-18,0.0029004939631601637
2021-06-19,0.002900471805798094
2021-06-20,0.0029004496484360217
2021-06-21,0.0028748737740417135
2021-06-22,0.002849150956698294
2021-06-23,0.002816836895656329
2021-06-24,0.002815807819309709
2021-06-25,0.0027763223639887227
2021-06-26,0.0027766303406482565
2021-06-27,0.002776938317307788
2021-06-28,0.0028153674704285586
2021-06-29,0.00277177910637457
2021-06-30,0.002779180458063807
2021-07-01,0.002772771979393958
2021-07-02,0.0027950023193307476
2021-07-03,0.0027952969629129027
2021-07-04,0.0027955916064950556
2021-07-05,0.002795886250077208
2021-07-06,0.0028191191991401026
2021-07-07,0.002810369959739887
2021-07-08,0.0028070143456331935
2021-07-09,0.0027388552702530024
2021-07-10,0.0027393005118371908
2021-07-11,0.002739745753421379
2021-07-12,0.0027747031603928105
2021-07-13,0.002799070605077375
2021-07-14,0.0028361336406813485
2021-07-15,0.0028242593176462
2021-07-16,0.0028503990927572424
2021-07-17,0.0028506136309745505
2021-07-18,0.002850828169191859
2021-07-19,0.002849385395498524
2021-07-20,0.0029392315302440037
2021-07-21,0.0030142150512348655
2021-07-22,0.0030756910826446092
2021-07-23,0.003144404272379422
2021-07-24,0.0031439172824083194
2021-07-25,0.003143430292437217
2021-07-26,0.003208757916666521
2021-07-27,0.003215442266262103
2021-07-28,0.0031647321365647755
2021-07-29,0.003204734831819006
2021-07-30,0.0032106973774657117
2021-07-31,0.003210123006734607
2021-08-01,0.003209548636003503
2021-08-02,0.0031890342447069824
2021-08-03,0.0032616637772340806
2021-08-04,0.003223814521501057
2021-08-05,0.0032345034660781124
2021-08-06,0.0032317925703334353
2021-08-07,0.0032312631529044364
2021-08-08,0.003230733735475438
2021-08-09,0.003218196031656803
2021-08-10,0.003228860152962114
2021-08-11,0.0032461471045465693
2021-08-12,0.0032535662893948708
2021-08-13,0.0032677883367092063
2021-08-14,0.003267136828850202
2021-08-15,0.003266485320991198
2021-08-16,0.0032717745772287508
2021-08-17,0.003254200383601342
2021-08-18,0.0032396949154023433
2021-08-19,0.003220446654312591
2021-08-20,0.003193360406697424
2021-08-21,0.003192744633992502
2021-08-22,0.0031921288612875823
2021-08-23,0.003200265293008496
2021-08-24,0.0031975812299630015
2021-08-25,0.0031992541973841844
2021-08-26,0.0031645665054839765
2021-08-27,0.003148374776026507
2021-08-28,0.0031480468780799254
2021-08-29,0.0031477189801333437
2021-08-30,0.0031378495870782305
2021-08-31,0.003129729114633457
2021-09-01,0.003121303173818009
2021-09-02,0.0031400576547122743
2021-09-03,0.0031420564584995563
2021-09-04,0.003141705653718206
2021-09-05,0.003141354848936858
2021-09-06,0.0031410040441555097
2021-09-07,0.00313529664203174
2021-09-08,0.0031638611630664284
2021-09-09,0.0031455267846310464
2021-09-10,0.0031629645735970105
2021-09-11,0.003162482309736044
2021-09-12,0.0031620000458750775
2021-09-13,0.0032179600154770747
2021-09-14,0.0032111462963596246
2021-09-15,0.003230668877086253
2021-09-16,0.0032426479259716635
2021-09-17,0.003165751642533885
2021-09-18,0.003165172445482702
2021-09-19,0.0031645932484315195
2021-09-20,0.0030201749294816184
2021-09-21,0.0030043229360731437
2021-09-22,0.0030412457100925847
2021-09-23,0.002978361658251557
2021-09-24,0.0029673698487066224
2021-09-25,0.002967141757063247
2021-09-26,0.002966913665419872
2021-09-27,0.002877155160537457
2021-09-28,0.0028721172067794013
2021-09-29,0.0029204684790534517
2021-09-30,0.002994372228145738
2021-10-01,0.0028875021134317047
2021-10-02,0.0028874649534985078
2021-10-03,0.002887427793565312
2021-10-04,0.002922073642023048
2021-10-05,0.002810269204873029
2021-10-06,0.002717387817911702
2021-10-07,0.002686557959268407
2021-10-08,0.002665369404563526
2021-10-09,0.002665830254520512
2021-10-10,0.002666291104477498
2021-10-11,0.002657071977696371
2021-10-12,0.002664138001169187
2021-10-13,0.0026891858653946034
2021-10-14,0.002715400786819475
2021-10-15,0.0027164174521338218
2021-10-16,0.002716604217460737
2021-10-17,0.0027167909827876522
2021-10-18,0.0027015002315384142
2021-10-19,0.0026554800054014987
2021-10-20,0.0026296955144754068
2021-10-21,0.0026480205280407466
2021-10-22,0.002642169240816772
2021-10-23,0.002642570042912703
2021-10-24,0.0026429708450086335
2021-10-25,0.002652566381567712
2021-10-26,0.0026730870212358622
2021-10-27,0.0026880064086892024
2021-10-28,0.0027076104125017004
2021-10-29,0.0027031342454051223
2021-10-30,0.0027029831326902
2021-10-31,0.002702832019975277
2021-11-01,0.0026857453306839345
2021-11-02,0.0026867875934222696
2021-11-03,0.002681248270119504
2021-11-04,0.002689475052032744
2021-11-05,0.002697416314980285
2021-11-06,0.0026975092444319368
2021-11-07,0.002697602173883588
2021-11-08,0.0026982101806818717
2021-11-09,0.002705487878418647
2021-11-10,0.0026961803842546384
2021-11-11,0.002698147333242788
2021-11-12,0.002694637684378151
2021-11-13,0.0026947752166666876
2021-11-14,0.002694912748955224
2021-11-15,0.0026851324225472227
2021-11-16,0.0026810534068829046
2021-11-17,0.0026896272181517003
2021-11-18,0.0026773562938370845
2021-11-19,0.0026755921647011746
2021-11-20,0.0026760662111941997
2021-11-21,0.0026765402576872242
2021-11-22,0.0026429953448617216
2021-11-23,0.002629434166920972
2021-11-24,0.002614149347586083
2021-11-25,0.0026148419112057234
2021-11-26,0.002693330273439642
2021-11-27,0.002693938857722334
2021-11-28,0.002694547442005025
2021-11-29,0.00266689572786241
2021-11-30,0.0027104510731688447
2021-12-01,0.002677620093051849
2021-12-02,0.002641128348787587
2021-12-03,0.002675927458861885
2021-12-04,0.0026764300171998627
2021-12-05,0.0026769325755378404
2021-12-06,0.0026659491263549976
2021-12-07,0.002641832813882748
2021-12-08,0.0026363041930968136
2021-12-09,0.002650939188132597
2021-12-10,0.0026544032965247835
2021-12-11,0.0026548993363486174
2021-12-12,0.0026553953761724513
2021-12-13,0.0026756314700465814
2021-12-14,0.002660449274780413
2021-12-15,0.0026504126399900458
2021-12-16,0.00260183176489105
2021-12-17,0.0026473259522091872
2021-12-18,0.0026480889577838954
2021-12-19,0.002648851963358603
2021-12-20,0.0027054382628292346
2021-12-21,0.0026451900750437173
2021-12-22,0.0026086820460240107
2021-12-23,0.0025728608162919387
2021-12-24,0.0025737540194483645
2021-12-25,0.0025746472226047907
2021-12-26,0.0025755404257612174
2021-12-27,0.0025383050046005
2021-12-28,0.0025338863100581623
2021-12-29,0.0025472678896737763
2021-12-30,0.002570664254623685
2021-12-31,0.0025864112350231644
2022-01-01,0.002587231059300535
2022-01-02,0.002588050883577906
2022-01-03,0.00260035896903071
2022-01-04,0.0025745991128673495
2022-01-05,0.0026095944129146485
2022-01-06,0.0025976264691644282
2022-01-07,0.00259410137083175
2022-01-08,0.0025942021380539826
2022-01-09,0.0025943029052762144
2022-01-10,0.002596637825746675
2022-01-11,0.0025939619392266193
2022-01-12,0.0025916181405143505
2022-01-13,0.002588796532490774
2022-01-14,0.0025877274604114145
2022-01-15,0.00258749089605808
2022-01-16,0.002587254331704746
2022-01-17,0.002587017767351412
2022-01-18,0.0025756702100839684
2022-01-19,0.0025608877492291683
2022-01-20,0.002559512003855448
2022-01-21,0.0025653426869627796
2022-01-22,0.002564722943944855
2022-01-23,0.002564103200926931
2022-01-24,0.002513800447081901
2022-01-25,0.0025676471314498134
2022-01-26,0.0025935506517365727
2022-01-27,0.0025458598037901015
2022-01-28,0.0025285282422029404
2022-01-29,0.0025277231887516384
2022-01-30,0.002526918135300337
2022-01-31,0.0025246284372950584
2022-02-01,0.0027045454486420823
2022-02-02,0.0027237402722538914
2022-02-03,0.0027001523916877833
2022-02-04,0.002731130965192584
2022-02-05,0.002730459539110508
2022-02-06,0.0027297881130284325
2022-02-07,0.002738246379491615
2022-02-08,0.002770697337798492
2022-02-09,0.0027941343728272137
2022-02-10,0.0027890293301736694
2022-02-11,0.0027474293127095362
2022-02-12,0.0027466798312385386
2022-02-13,0.0027459303497675415
2022-02-14,0.002726622344718807
2022-02-15,0.0027542005799799513
2022-02-16,0.0027556032070531356
2022-02-17,0.0027072552316844134
2022-02-18,0.002697554731997023
2022-02-19,0.002696661647150129
2022-02-20,0.002695768562303235
2022-02-21,0.002694875477456341
2022-02-22,0.002613969930480159
2022-02-23,0.002591034535751505
2022-02-24,0.002369377408116809
2022-02-25,0.0024621830652377863
2022-02-26,0.002461538365598031
2022-02-27,0.002460893665958275
2022-02-28,0.002400561004801466
2022-03-01,0.0023703983207234835
2022-03-02,0.0023416430766795074
2022-03-03,0.002331263938121625
2022-03-04,0.002135119246247796
2022-03-05,0.002134373373225506
2022-03-06,0.002133627500203218
2022-03-07,0.001976611753949297
2022-03-08,0.0022181227788523406
2022-03-09,0.002280964882890007
2022-03-10,0.002215050079729804
2022-03-11,0.002234727464610323
2022-03-12,0.002233986219552824
2022-03-13,0.002233244974495325
2022-03-14,0.002293942683740625
2022-03-15,0.0023257560863626037
2022-03-16,0.0023882734490290403
2022-03-17,0.002461919538038594
2022-03-18,0.002468701285228978
2022-03-19,0.002467931277018897
2022-03-20,0.002467161268808817
2022-03-21,0.0025158573111078554
2022-03-22,0.0025507428663357427
2022-03-23,0.002531924351210014
2022-03-24,0.00255652202174303
2022-03-25,0.002600411377732194
2022-03-26,0.002599315212062802
2022-03-27,0.002598219046393409
2022-03-28,0.00256626543534892
2022-03-29,0.002625591526220722
2022-03-30,0.0025981822776424777
2022-03-31,0.002621343894349846
2022-04-01,0.002639577940477405
2022-04-02,0.002638456433004921
2022-04-03,0.0026373349255324357
2022-04-04,0.0026765100770380643
2022-04-05,0.0025188821068045206
2022-04-06,0.0024858453461875677
2022-04-07,0.0024955954448901752
2022-04-08,0.0024594754257511627
2022-04-09,0.002458519147880551
2022-04-10,0.0024575628700099373
2022-04-11,0.002429728324776107
2022-04-12,0.002305015870694266
2022-04-13,0.0022894663718562628
2022-04-14,0.002252608454875372
2022-04-15,0.002252024975125334
2022-04-16,0.002251441495375298
2022-04-17,0.0022508580156252594
2022-04-18,0.0023053234659706637
2022-04-19,0.002301861164404664
2022-04-20,0.0022752194427715783
2022-04-21,0.0022888641067518134
2022-04-22,0.002363695068469588
2022-04-23,0.002362712632119109
2022-04-24,0.0023617301957686286
2022-04-25,0.0022995885873529315
2022-04-26,0.0022260240368508705
2022-04-27,0.002357704490688034
2022-04-28,0.002328266748697029
2022-04-29,0.002319795413616241
2022-04-30,0.0023187943565301577
2022-05-01,0.002317793299444075
2022-05-02,0.0023126669328584018
2022-05-03,0.0025251659327054595
2022-05-04,0.002640818642531216
2022-05-05,0.002530625614773128
2022-05-06,0.0026533685646019938
2022-05-07,0.00265163999488127
2022-05-08,0.002649911425160552
2022-05-09,0.0025031851933432873
2022-05-10,0.002584221400466851
2022-05-11,0.002503980103366251
2022-05-12,0.002551907328448546
2022-05-13,0.0027070580488033993
2022-05-14,0.0027052903753826555
2022-05-15,0.0027035227019619155
2022-05-16,0.002660344103975801
2022-05-17,0.002761043201424673
2022-05-18,0.0027675640158725695
2022-05-19,0.00286180321487371
2022-05-20,0.0028314841025642782
2022-05-21,0.0028297330010876244
2022-05-22,0.0028279818996109706
2022-05-23,0.003005214332960574
2022-05-24,0.003159575625768585
2022-05-25,0.003045225663606994
2022-05-26,0.0031007180652219716
2022-05-27,0.0030732242958194786
2022-05-28,0.0030716728524702855
2022-05-29,0.0030701214091210923
2022-05-30,0.0030685699657718997
2022-05-31,0.0030308654215921234
2022-06-01,0.003039984126955701
2022-06-02,0.0031028059161803054
2022-06-03,0.003043236900545621
2022-06-04,0.0030416112754604123
2022-06-05,0.003039985650375201
2022-06-06,0.0030675539729308784
2022-06-07,0.003044624613577537
2022-06-08,0.0028039430874935304
2022-06-09,0.0026535917587472814
2022-06-10,0.0025671350611798202
2022-06-11,0.0025657181873001774
2022-06-12,0.002564301313420538
2022-06-13,0.0023694747701758865
2022-06-14,0.0022231183627615513
2022-06-15,0.0022609322047686016
2022-06-16,0.0021001540896709264
2022-06-17,0.0020793272770461752
2022-06-18,0.0020782816931750343
2022-06-19,0.0020772361093038985
2022-06-20,0.0020761905254327606
2022-06-21,0.001995568219412055
2022-06-22,0.0021394873282004016
2022-06-23,0.0020284085527497034
2022-06-24,0.0023102262926344534
2022-06-25,0.0023090707737694633
2022-06-26,0.002307915254904469
2022-06-27,0.0023230437577108063
2022-06-28,0.0022592632078713443
2022-06-29,0.002223667091635427
2022-06-30,0.002324750090127058
2022-07-01,0.0022127925485799123
2022-07-02,0.002211568418961748
2022-07-03,0.002210344289343578
2022-07-04,0.002209120159725409
2022-07-05,0.0019549401031960234
2022-07-06,0.0019560296954716358
2022-07-07,0.001938961341804188
2022-07-08,0.0020837329322543254
2022-07-09,0.002082641432390198
2022-07-10,0.0020815499325260766
2022-07-11,0.002181785891591114
2022-07-12,0.002274596360906827
2022-07-13,0.002146828348373908
2022-07-14,0.00201474985598688
2022-07-15,0.002089748240627335
2022-07-16,0.002088557659086392
2022-07-17,0.0020873670775454524
2022-07-18,0.002147403161036778
2022-07-19,0.002180256463826021
2022-07-20,0.0021429521255508692
2022-07-21,0.0023207032746955757
2022-07-22,0.002296325760251463
2022-07-23,0.00229503559839967
2022-07-24,0.002293745436547876
2022-07-25,0.0023513359688567895
2022-07-26,0.0015926849758408825
2022-07-27,0.0016543859633586105
2022-07-28,0.0017901442167330053
2022-07-29,0.0019140543814666917
2022-07-30,0.0019131714019271539
2022-07-31,0.0019122884223876134
2022-08-01,0.0020780864781795943
2022-08-02,0.0018558491455994731
2022-08-03,0.0017899249500897968
2022-08-04,0.0017844132170900043
2022-08-05,0.001656772274443256
2022-08-06,0.001656244403508197
2022-08-07,0.0016557165325731325
2022-08-08,0.0017694532926742072
2022-08-09,0.0017211855728413595
2022-08-10,0.0017873861828418098
2022-08-11,0.001741639518476395
2022-08-12,0.0017069468998531347
2022-08-13,0.0017064976740971808
2022-08-14,0.0017060484483412228
2022-08-15,0.0016328023378958064
2022-08-16,0.0016221501823331314
2022-08-17,0.0015988849659714318
2022-08-18,0.0016974010986003896
2022-08-19,0.001621248571435902
2022-08-20,0.001620853570658912
2022-08-21,0.0016204585698819222
2022-08-22,0.0015015566101961105
2022-08-23,0.0015438052480622009
2022-08-24,0.001447567369037283
2022-08-25,0.0014614305428903205
2022-08-26,0.0015038465093394169
2022-08-27,0.0015035694917465837
2022-08-28,0.0015032924741537564
2022-08-29,0.0016618458455847178
2022-08-30,0.0016915113784516898
2022-08-31,0.0015762302078040909
2022-09-01,0.0012973194313385288
2022-09-02,0.0014421480098379107
2022-09-03,0.0014419499731770354
2022-09-04,0.0014417519365161598
2022-09-05,0.001441553899855282
2022-09-06,0.0011811133998740253
2022-09-07,0.0010617700383643595
2022-09-08,0.0011037548568223505
2022-09-09,0.0010628079373527202
2022-09-10,0.0010630471016567207
2022-09-11,0.0010632862659607184
2022-09-12,0.0010808130444338933
2022-09-13,0.0011466155520213476
2022-09-14,0.0010078498427338399
2022-09-15,0.0010713883078622257
2022-09-16,0.0011280277543092006
2022-09-17,0.001128164004138595
2022-09-18,0.0011283002539679838
2022-09-19,0.001047830806321801
2022-09-20,0.0010892288014373252
2022-09-21,0.0010657361883113167
2022-09-22,0.001043319769279466
2022-09-23,0.0009986831620340767
2022-09-24,0.0009990817463561897
2022-09-25,0.0009994803306783032
2022-09-26,0.000995509748535731
2022-09-27,0.0010017867968885304
2022-09-28,0.0009721667505947352
2022-09-29,0.0009546975565838476
2022-09-30,0.0009525069646892687
2022-10-01,0.0009529903707156705
2022-10-02,0.0009534737767420702
2022-10-03,0.001077555796184156
2022-10-04,0.0009984216770349316
2022-10-05,0.0008220511760646039
2022-10-06,0.0004724135604675865
2022-10-07,0.0005054064995130834
2022-10-08,0.0005064858945462815
2022-10-09,0.0005075652895794763
2022-10-10,0.0004751244680038778
2022-10-11,0.0005719669699659512
2022-10-12,0.00044951772291039493
2022-10-13,0.0003933624420415572
2022-10-14,0.0005246898081652958
2022-10-15,0.0005258402050656954
2022-10-16,0.0005269906019660943
2022-10-17,0.0006051106160189681
2022-10-18,0.0004300534099059179
2022-10-19,-9.313183355202708e-05
2022-10-20,-6.445682816379455e-05
2022-10-21,-0.00012289313659519414
2022-10-22,-0.0001212005827438598
2022-10-23,-0.00011950802889252503
2022-10-24,-4.002390839404502e-05
2022-10-25,-0.00012202379321031966
2022-10-26,-9.568322111424979e-05
2022-10-27,-0.0002631749553027359
2022-10-28,-0.000247118695100277
2022-10-29,-0.000245588931137753
2022-10-30,-0.00024405916717522898
2022-10-31,-0.00026204303004624414
2022-11-01,-0.00026650671006884846
2022-11-02,-0.00027305038613535584
2022-11-03,-0.0003078752572226451
2022-11-04,-0.00018075612008586726
2022-11-05,-0.00017938624735416115
2022-11-06,-0.0001780163746224494
2022-11-07,-0.00019333837247865332
2022-11-08,-0.00020354323654298923
2022-11-09,-7.460283012380867e-05
2022-11-10,-2.5127051091295913e-06
2022-11-11,0.00036297071187772756
2022-11-12,0.0003629496889131839
2022-11-13,0.00036292866594864323
2022-11-14,0.00030767082657143664
2022-11-15,0.00021123383520210573
2022-11-16,0.0002773773919536862
2022-11-17,0.0002483465626647065
2022-11-18,0.00025040702861891303
2022-11-19,0.00025064105913253374
2022-11-20,0.00025087508964615184
2022-11-21,0.00024990618384763356
2022-11-22,0.0001318589177898375
2022-11-23,0.00012437560069498066
2022-11-24,0.0001248669210997277
2022-11-25,0.00015369100362692695
2022-11-26,0.0001541053576864706
2022-11-27,0.00015451971174601162
2022-11-28,7.354395934590103e-05
2022-11-29,2.809705500334079e-05
2022-11-30,1.796821493579067e-05
2022-12-01,9.390135882524986e-05
2022-12-02,8.934634925758609e-05
2022-12-03,8.989122985492278e-05
2022-12-04,9.043611045225818e-05
2022-12-05,0.00013947484838861598
2022-12-06,7.432006344676315e-05
2022-12-07,0.00019404365501186557
2022-12-08,0.0001807334829267244
2022-12-09,0.0002286453976015658
2022-12-10,0.0002289443574605395
2022-12-11,0.00022924331731951145
2022-12-12,0.0002956897418764041
2022-12-13,0.00048127636317434356
2022-12-14,0.00045472559362288913
2022-12-15,0.00043375198052353695
2022-12-16,0.00041409240613997107
2022-12-17,0.000413934818443117
2022-12-18,0.00041377723074626296
2022-12-19,0.0004501066238344941
2022-12-20,0.0003944095212231988
2022-12-21,0.00042006952793789687
2022-12-22,0.0004128597884736872
2022-12-23,0.0003565228561273918
2022-12-24,0.0003565147113051238
2022-12-25,0.00035650656648285534
2022-12-26,0.0003564984216605873
2022-12-27,0.00039243217201564724
2022-12-28,0.0003913518258968464
2022-12-29,0.00042505473052072053
2022-12-30,0.00043004303293774386
2022-12-31,0.0004298724979284814
2023-01-01,0.00042970196291921897
2023-01-02,0.0004295314279099565
2023-01-03,0.0005278856229210815
2023-01-04,0.0006305897039375814
2023-01-05,0.0006171142007468482
2023-01-06,0.0006099515123007405
2023-01-07,0.0006095148857783194
2023-01-08,0.0006090782592558983
2023-01-09,0.0005870580106134564
2023-01-10,0.0005890372530669343
2023-01-11,0.0006446441600014962
2023-01-12,0.0006696034923492169
2023-01-13,0.0006359868221627756
2023-01-14,0.0006356326738729498
2023-01-15,0.0006352785255831247
2023-01-16,0.0006349243772933002
2023-01-17,0.0006793600036051166
2023-01-18,0.0006341340106315978
2023-01-19,0.0006449315214985501
2023-01-20,0.0006561446098853978
2023-01-21,0.0006558396598620423
2023-01-22,0.0006555347098386875
2023-01-23,0.0006457384121985516
2023-01-24,0.0006594131005710703
2023-01-25,0.0006740776263473519
2023-01-26,0.0006980790403632036
2023-01-27,0.0006914098485752891
2023-01-28,0.0006908866901264208
2023-01-29,0.0006903635316775516
2023-01-30,0.0006705138084442627
2023-01-31,0.0006551298287190764
2023-02-01,0.0006431991380689227
2023-02-02,0.0006558370445311447
2023-02-03,0.0006236108144336296
2023-02-04,0.0006236416183489093
2023-02-05,0.0006236724222641876
2023-02-06,0.0006116011917227807
2023-02-07,0.0006005823814253576
2023-02-08,0.0005958908013031518
2023-02-09,0.0005966930670555735
2023-02-10,0.0005976429571590723
2023-02-11,0.0005978909982389314
2023-02-12,0.0005981390393187905
2023-02-13,0.00059814059366998
2023-02-14,0.0006012731815713845
2023-02-15,0.00059646084406971
2023-02-16,0.0005935801110992208
2023-02-17,0.0005998895843240108
2023-02-18,0.0006000775764009002
2023-02-19,0.00060026556847779
2023-02-20,0.0006004535605546794
2023-02-21,0.000596278062403244
2023-02-22,0.0006061665813027555
2023-02-23,0.0006093319143228716
2023-02-24,0.0006024890329665222
2023-02-25,0.0006028023634316432
2023-02-26,0.0006031156938967634
2023-02-27,0.0006082983517314384
2023-02-28,0.0006114439764101144
2023-03-01,0.0005957800007004997
2023-03-02,0.0005787630398098897
2023-03-03,0.0005646159847863025
2023-03-04,0.0005649700103436501
2023-03-05,0.0005653240359009969
2023-03-06,0.0005733117419643879
2023-03-07,0.0005730210894063252
2023-03-08,0.0005666967929157897
2023-03-09,0.0006300465369760348
2023-03-10,0.0007285306421840583
2023-03-11,0.0007286112286575093
2023-03-12,0.0007286918151309606
2023-03-13,0.0007594504045042674
2023-03-14,0.0006942019813779851
2023-03-15,0.0007121528080504687
2023-03-16,0.0006938201722153296
2023-03-17,0.0006544972296065052
2023-03-18,0.000654843466335861
2023-03-19,0.0006551897030652176
2023-03-20,0.000582343626845754
2023-03-21,0.000651331089296334
2023-03-22,0.0006708133339213967
2023-03-23,0.0005445667155658937
2023-03-24,0.0006453676678492368
2023-03-25,0.0006455639636548404
2023-03-26,0.000645760259460444
2023-03-27,0.0005781316455741974
2023-03-28,0.0005456472763989907
2023-03-29,0.0005788152003640902
2023-03-30,0.000613111100671233
2023-03-31,0.0006383742935022569
2023-04-01,0.0006383629453523055
2023-04-02,0.000638351597202355
2023-04-03,0.0005995782226787885
2023-04-04,0.0006597571383981822
2023-04-05,0.0006633359766990759
2023-04-06,0.0006777159312583016
2023-04-07,0.0006775815367346017
2023-04-08,0.0006774471422109013
2023-04-09,0.0006773127476872032
2023-04-10,0.0006528864126232976
2023-04-11,0.0007225349068506895
2023-04-12,0.0006803781847574968
2023-04-13,0.0006949224527105884
2023-04-14,0.000694765055937721
2023-04-15,0.0006946452344091902
2023-04-16,0.0006945254128806599
2023-04-17,0.000635955367224651
2023-04-18,0.000610311093873701
2023-04-19,0.0006172399391153414
2023-04-20,0.0006519822758798135
2023-04-21,0.0006705675734198298
2023-04-22,0.0006707432910208009
2023-04-23,0.000670919008621772
2023-04-24,0.0007019814095705649
2023-04-25,0.0006729985880911259
2023-04-26,0.0008033083699184084
2023-04-27,0.0008152477846219684
2023-04-28,0.000810146422491941
2023-04-29,0.0008100194560743397
2023-04-30,0.0008098924896567383
2023-05-01,0.0008063420533083146
2023-05-02,0.0009099497398883708
2023-05-03,0.0008742484570363612
2023-05-04,0.0008503834637012802
2023-05-05,0.0007347624010205184
2023-05-06,0.0007346752917735053
2023-05-07,0.0007345881825264917
2023-05-08,0.0006568841701760776
2023-05-09,0.0006541673520201051
2023-05-10,0.0006826326158150342
2023-05-11,0.0006940592959189425
2023-05-12,0.0006936923848826306
2023-05-13,0.0006937100580573655
2023-05-14,0.0006937277312321034
2023-05-15,0.0006871172689064441
2023-05-16,0.0007293792126300321
2023-05-17,0.0008286911200220616
2023-05-18,0.0007956497013634719
2023-05-19,0.0008782828681744271
2023-05-20,0.0008779640767225269
2023-05-21,0.0008776452852706281
2023-05-22,0.0008826610064836312
2023-05-23,0.0008673146802876987
2023-05-24,0.0007836505393778287
2023-05-25,0.0007058601153742028
2023-05-26,0.0006907927426628266
2023-05-27,0.0006908404422890616
2023-05-28,0.000690888141915297
2023-05-29,0.0006909358415415319
2023-05-30,0.0006120173067080958
2023-05-31,0.0006200988742755733
2023-06-01,0.0006464268146057872
2023-06-02,0.0006125727057831282
2023-06-03,0.0006127889191073631
2023-06-04,0.000613005132431598
2023-06-05,0.0006186807038519532
2023-06-06,0.0006220408067208636
2023-06-07,0.0006396304017087292
2023-06-08,0.0006836415714628597
2023-06-09,0.0006624668740325048
2023-06-10,0.0006625477247348649
2023-06-11,0.0006626285754372237
2023-06-12,0.0007895845422068648
2023-06-13,0.0007162624054804401
2023-06-14,0.0007047441632654482
2023-06-15,0.000653820808135626
2023-06-16,0.000677519158204454
2023-06-17,0.0006775769679434121
2023-06-18,0.000677634777682368
2023-06-19,0.0006776925874213287
2023-06-20,0.0006388054976630498
2023-06-21,0.000652688326283072
2023-06-22,0.000647283941763712
2023-06-23,0.0006090776438698272
2023-06-24,0.0006093153276415732
2023-06-25,0.0006095530114133166
2023-06-26,0.0006096198487575031
2023-06-27,0.0005830297104619515
2023-06-28,0.0006103621907685187
2023-06-29,0.0005133592410562606
2023-06-30,0.0005267357311893694
2023-07-01,0.0005270982114801465
2023-07-02,0.0005274606917709201
2023-07-03,0.0005212164283427759
2023-07-04,0.0005215733325158812
2023-07-05,0.00045131926953409117
2023-07-06,0.00040021998876177325
2023-07-07,0.00036073186341120927
2023-07-08,0.0003615018876786027
2023-07-09,0.0003622719119459926
2023-07-10,0.000363041936213383
