Date,UBS - BAC Accumulated Oriented Area
2019-01-01,0.0
2019-01-02,0.0
2019-01-03,5.842299605127566e-08
2019-01-04,4.747971854077705e-07
2019-01-05,5.556116359402703e-07
2019-01-06,6.364260864727879e-07
2019-01-07,-2.8233034476014756e-06
2019-01-08,-4.330659549320902e-06
2019-01-09,9.844063309927414e-07
2019-01-10,-3.892131005304379e-06
2019-01-11,6.607400895937306e-08
2019-01-12,1.8098735564983396e-07
2019-01-13,2.9590070234033636e-07
2019-01-14,5.0269531649299975e-06
2019-01-15,1.2125384259015442e-05
2019-01-16,3.723146368431889e-05
2019-01-17,6.264251090604345e-05
2019-01-18,5.495418403122074e-05
2019-01-19,5.5642949973626896e-05
2019-01-20,5.633171591603255e-05
2019-01-21,5.702048185843819e-05
2019-01-22,0.00016040862853208178
2019-01-23,0.0001417805189611284
2019-01-24,0.00014177148524285456
2019-01-25,0.00014523394869327607
2019-01-26,0.0001460649717331085
2019-01-27,0.00014689599477294088
2019-01-28,0.00015903741260792932
2019-01-29,0.00016210741221602259
2019-01-30,0.00012718957570263448
2019-01-31,0.00015419036136552362
2019-02-01,0.00016618537796618714
2019-02-02,0.000166830847673142
2019-02-03,0.00016747631738009677
2019-02-04,0.00017637407565695748
2019-02-05,0.0001481047550298097
2019-02-06,0.00015261769199770438
2019-02-07,0.00018039416009284654
2019-02-08,0.00019260861040372828
2019-02-09,0.00019327171431110377
2019-02-10,0.0001939348182184792
2019-02-11,0.0001929776437599485
2019-02-12,0.00017562593174810356
2019-02-13,0.00016352461290665622
2019-02-14,0.00019555589492866696
2019-02-15,0.00015828281535427605
2019-02-16,0.00015905307768836256
2019-02-17,0.00015982334002244988
2019-02-18,0.00016059360235653713
2019-02-19,0.0001661737024606942
2019-02-20,0.00024183451380815115
2019-02-21,0.0002669425921688336
2019-02-22,0.0002699403498031557
2019-02-23,0.0002708187173406605
2019-02-24,0.0002716970848781653
2019-02-25,0.0002498184701841975
2019-02-26,0.00022551531053885312
2019-02-27,0.0002177964326742283
2019-02-28,0.0002183361130848038
2019-03-01,0.00021142865600137708
2019-03-02,0.00021228060809744503
2019-03-03,0.00021313256019351302
2019-03-04,0.00022868904187312
2019-03-05,0.00025082323747551257
2019-03-06,0.00027573526163992906
2019-03-07,0.00033556222694806144
2019-03-08,0.00034446897129234176
2019-03-09,0.00034534523965083384
2019-03-10,0.00034622150800932603
2019-03-11,0.0003114280199026134
2019-03-12,0.00031076323262056157
2019-03-13,0.0002793622217026593
2019-03-14,0.00027107288383517684
2019-03-15,0.0002845305356840921
2019-03-16,0.0002854713846933193
2019-03-17,0.0002864122337025461
2019-03-18,0.00022740711784502524
2019-03-19,0.00022006559401426492
2019-03-20,0.00027927977577220316
2019-03-21,0.00030241450169046715
2019-03-22,0.00038100128163829077
2019-03-23,0.0003815638998645643
2019-03-24,0.00038212651809083834
2019-03-25,0.0003926244855904438
2019-03-26,0.0003712211767449781
2019-03-27,0.0003712646556114886
2019-03-28,0.00036230410152267116
2019-03-29,0.0003419117477095729
2019-03-30,0.0003425457731802765
2019-03-31,0.00034317979865097916
2019-04-01,0.00028253946142493705
2019-04-02,0.00027437504490667526
2019-04-03,0.00025849757210003293
2019-04-04,0.00024510909493599274
2019-04-05,0.00025169264351699
2019-04-06,0.00025252934538844374
2019-04-07,0.0002533660472598977
2019-04-08,0.00025714112067840294
2019-04-09,0.0002648951114822384
2019-04-10,0.0002693570269132266
2019-04-11,0.00023282190860404435
2019-04-12,0.0002010524562292005
2019-04-13,0.00020203731549678795
2019-04-14,0.0002030221747643753
2019-04-15,0.00019363347586976232
2019-04-16,0.0001599921496268024
2019-04-17,0.0001253332352135237
2019-04-18,0.00013841173905031675
2019-04-19,0.0001392970131383342
2019-04-20,0.0001401822872263518
2019-04-21,0.00014106756131436926
2019-04-22,0.00014205966108848234
2019-04-23,0.00017293149192590558
2019-04-24,0.0001597528848554388
2019-04-25,0.00013818810388666508
2019-04-26,0.0001424338007509385
2019-04-27,0.0001433719270258336
2019-04-28,0.00014431005330072864
2019-04-29,0.00010369643268231008
2019-04-30,0.00011975126785620899
2019-05-01,0.00014798085933835251
2019-05-02,0.00013196572651533444
2019-05-03,0.0001438144453056327
2019-05-04,0.00014481021012087983
2019-05-05,0.0001458059749361279
2019-05-06,0.0002994815317275213
2019-05-07,0.0003808038765167022
2019-05-08,0.00037706296468861957
2019-05-09,0.00040773733099498097
2019-05-10,0.000412233498958318
2019-05-11,0.00041324591156098465
2019-05-12,0.0004142583241636513
2019-05-13,0.0005283673793243297
2019-05-14,0.0005060905842518765
2019-05-15,0.0005279288883996784
2019-05-16,0.00048791275543022837
2019-05-17,0.0005018602634335611
2019-05-18,0.0005026825033067703
2019-05-19,0.0005035047431799789
2019-05-20,0.0004994264468633178
2019-05-21,0.0004812902277817676
2019-05-22,0.0005089726904874614
2019-05-23,0.000566570539592259
2019-05-24,0.0005287193714676377
2019-05-25,0.0005295088036372415
2019-05-26,0.0005302982358068454
2019-05-27,0.0005310876679764488
2019-05-28,0.0005755833809633013
2019-05-29,0.0005903476982400377
2019-05-30,0.0006363884843929401
2019-05-31,0.0006876118679078482
2019-06-01,0.0006881815749675743
2019-06-02,0.0006887512820272993
2019-06-03,0.0006810816680617849
2019-06-04,0.0005721555245706447
2019-06-05,0.0005755733471253197
2019-06-06,0.0005762237636959311
2019-06-07,0.0005960826495990751
2019-06-08,0.0005967658689360718
2019-06-09,0.0005974490882730693
2019-06-10,0.0005595544905478494
2019-06-11,0.0005439621286994717
2019-06-12,0.0005815795618231546
2019-06-13,0.0005880836956677005
2019-06-14,0.000597416269026132
2019-06-15,0.0005982527752591577
2019-06-16,0.0005990892814921829
2019-06-17,0.000614470635852642
2019-06-18,0.0005435590819667963
2019-06-19,0.0005532819973382579
2019-06-20,0.0005573632877226672
2019-06-21,0.0005815941953735916
2019-06-22,0.0005824259957953637
2019-06-23,0.0005832577962171368
2019-06-24,0.0005919048827735804
2019-06-25,0.0006164040005472119
2019-06-26,0.0005968325200434467
2019-06-27,0.0005611578847692289
2019-06-28,0.000511713165555547
2019-06-29,0.0005126719472005966
2019-06-30,0.0005136307288456455
2019-07-01,0.0004819370012645279
2019-07-02,0.0004942601505540988
2019-07-03,0.0004924236353506036
2019-07-04,0.0004933641793262948
2019-07-05,0.0004616572766682849
2019-07-06,0.0004626080426726654
2019-07-07,0.00046355880867704664
2019-07-08,0.000493950961766149
2019-07-09,0.000497860316081359
2019-07-10,0.000498084951549916
2019-07-11,0.0004608371635970047
2019-07-12,0.0004483705946858035
2019-07-13,0.0004493414014856499
2019-07-14,0.0004503122082854963
2019-07-15,0.0004731031376405518
2019-07-16,0.0004917578910643228
2019-07-17,0.0004912304137296064
2019-07-18,0.0004630699707077772
2019-07-19,0.0004927941512069379
2019-07-20,0.0004938043683143174
2019-07-21,0.0004948145854216984
2019-07-22,0.0004647473483379032
2019-07-23,0.0004015835206345471
2019-07-24,0.0004650387646564265
2019-07-25,0.0005648070015952588
2019-07-26,0.0005481029602668883
2019-07-27,0.0005494823536213853
2019-07-28,0.0005508617469758811
2019-07-29,0.0005768918670171494
2019-07-30,0.0005701157412229792
2019-07-31,0.0006073582540012656
2019-08-01,0.0007852285656853138
2019-08-02,0.0007553691364366238
2019-08-03,0.0007565492921800133
2019-08-04,0.0007577294479234016
2019-08-05,0.0009250794857950065
2019-08-06,0.0008777807503978117
2019-08-07,0.0009572533494466395
2019-08-08,0.0008955879736587448
2019-08-09,0.0009011056239401773
2019-08-10,0.0009021374672288608
2019-08-11,0.0009031693105175442
2019-08-12,0.0010107005725455633
2019-08-13,0.00100232268661754
2019-08-14,0.0012150888574201653
2019-08-15,0.0012428107754356291
2019-08-16,0.0011174547588446826
2019-08-17,0.0011183351515018781
2019-08-18,0.0011192155441590722
2019-08-19,0.0010815743394045952
2019-08-20,0.0011638149791081821
2019-08-21,0.0011320697750253118
2019-08-22,0.001088794630313943
2019-08-23,0.0011949448271847479
2019-08-24,0.001195692238678316
2019-08-25,0.0011964396501718856
2019-08-26,0.0011502506074750885
2019-08-27,0.0011980130545035813
2019-08-28,0.0011437308935755826
2019-08-29,0.0010746641655825727
2019-08-30,0.0010500393491223768
2019-08-31,0.0010509714466336892
2019-09-01,0.0010519035441450004
2019-09-02,0.0010528356416563132
2019-09-03,0.001124727717585339
2019-09-04,0.0010578757889055804
2019-09-05,0.0009591321655674772
2019-09-06,0.0010010948657690243
2019-09-07,0.0010020092102082756
2019-09-08,0.0010029235546475284
2019-09-09,0.0008760737445976466
2019-09-10,0.000761153584262322
2019-09-11,0.0007395725489097949
2019-09-12,0.0007302527050493268
2019-09-13,0.0006574436314490266
2019-09-14,0.000658643511614726
2019-09-15,0.0006598433917804244
2019-09-16,0.0006902445661887783
2019-09-17,0.0007318924288109545
2019-09-18,0.0007276886128157174
2019-09-19,0.000731716990939635
2019-09-20,0.0007645040647322927
2019-09-21,0.0007656543609388768
2019-09-22,0.0007668046571454621
2019-09-23,0.0007896734276950258
2019-09-24,0.0008655177358093695
2019-09-25,0.0008345910374941558
2019-09-26,0.0008508974497616075
2019-09-27,0.0008143645951549226
2019-09-28,0.0008154971131594478
2019-09-29,0.0008166296311639731
2019-09-30,0.0008371491452636154
2019-10-01,0.0009357752124636387
2019-10-02,0.0010478498760975595
2019-10-03,0.0010609368048297649
2019-10-04,0.0009778680175376656
2019-10-05,0.000978940338666077
2019-10-06,0.0009800126597944898
2019-10-07,0.0009941674109521777
2019-10-08,0.0010961854485616734
2019-10-09,0.0010613709771780113
2019-10-10,0.0009681179877091197
2019-10-11,0.0008767870391513036
2019-10-12,0.0008778829215120126
2019-10-13,0.000878978803872721
2019-10-14,0.0008603445956419351
2019-10-15,0.0007668060276035609
2019-10-16,0.0007352401355328606
2019-10-17,0.0007131329196465278
2019-10-18,0.0006893972192105468
2019-10-19,0.0006907073982518025
2019-10-20,0.0006920175772930596
2019-10-21,0.0005942046370292822
2019-10-22,0.0005876308311462161
2019-10-23,0.0005400864015789696
2019-10-24,0.000535900523445861
2019-10-25,0.0004906637646368442
2019-10-26,0.0004921306104846846
2019-10-27,0.0004935974563325252
2019-10-28,0.0004456847305754876
2019-10-29,0.000401459624945799
2019-10-30,0.0004893737212516345
2019-10-31,0.0005335168972261874
2019-11-01,0.00045329206038752733
2019-11-02,0.000454734974313591
2019-11-03,0.00045617788823965353
2019-11-04,0.0003332308854715854
2019-11-05,0.00030044764381289684
2019-11-06,0.0003037138343017728
2019-11-07,0.00024307292754361873
2019-11-08,0.00027170626533992937
2019-11-09,0.00027330848702822693
2019-11-10,0.0002749107087165246
2019-11-11,0.00028364434929581335
2019-11-12,0.0003085598173245691
2019-11-13,0.00037479533976546596
2019-11-14,0.0003823730713115273
2019-11-15,0.0003537873398765475
2019-11-16,0.000355373138057252
2019-11-17,0.000356958936237957
2019-11-18,0.0003565980179836294
2019-11-19,0.00037733719874444944
2019-11-20,0.0004189358933748
2019-11-21,0.00040486054164609185
2019-11-22,0.00034493620748402964
2019-11-23,0.0003465615893098693
2019-11-24,0.0003481869711357085
2019-11-25,0.0002947200883314441
2019-11-26,0.0003466030643747248
2019-11-27,0.0003277124356091478
2019-11-28,0.00032936967188647336
2019-11-29,0.0003669436140471236
2019-11-30,0.00036860565251606043
2019-12-01,0.00037026769098499635
2019-12-02,0.00038837789713402616
2019-12-03,0.0004845589713441031
2019-12-04,0.00044132667330451503
2019-12-05,0.0004370696276292144
2019-12-06,0.0003850852583909888
2019-12-07,0.00038682805583913754
2019-12-08,0.0003885708532872876
2019-12-09,0.0004048169971112458
2019-12-10,0.0004269910887483734
2019-12-11,0.0004285736958657671
2019-12-12,0.0002814630960012893
2019-12-13,0.0002657317090866706
2019-12-14,0.00026755204362277494
2019-12-15,0.0002693723781588782
2019-12-16,0.00020130603437933385
2019-12-17,0.0001503615815820977
2019-12-18,0.0001857121535204296
2019-12-19,0.00019382147536197857
2019-12-20,0.00021367969828156081
2019-12-21,0.00021555934194708554
2019-12-22,0.00021743898561261136
2019-12-23,0.00019419777042207754
2019-12-24,0.00019629418259018507
2019-12-25,0.00019820879504654413
2019-12-26,0.00016325175901224813
2019-12-27,0.0001685374216211436
2019-12-28,0.00017045711782270688
2019-12-29,0.00017237681402426826
2019-12-30,0.00016049585206329397
2019-12-31,0.00015847136389860275
2020-01-01,0.00016035579563487883
2020-01-02,3.430551499459172e-05
2020-01-03,0.00013679834827527287
2020-01-04,0.00013860844054006843
2020-01-05,0.00014041853280486458
2020-01-06,0.0001538254908593091
2020-01-07,9.175495854224676e-05
2020-01-08,2.938592982870404e-05
2020-01-09,1.9973524180801365e-05
2020-01-10,8.033295601997853e-05
2020-01-11,8.206826300787213e-05
2020-01-12,8.380356999576583e-05
2020-01-13,3.9639742591896074e-05
2020-01-14,1.5837676339525717e-05
2020-01-15,6.231048305728335e-05
2020-01-16,2.833155542080677e-05
2020-01-17,4.7222556217699154e-05
2020-01-18,4.892423409477394e-05
2020-01-19,5.0625911971848134e-05
2020-01-20,5.232758984892314e-05
2020-01-21,0.00025372546931373447
2020-01-22,0.00016102050775202256
2020-01-23,0.00018093086442433267
2020-01-24,0.00025723317527337345
2020-01-25,0.00025883624937864797
2020-01-26,0.0002604393234839226
2020-01-27,0.0003524315750965295
2020-01-28,0.0003297691583366788
2020-01-29,0.00032994779896489335
2020-01-30,0.00028874114439829987
2020-01-31,0.00038282863517695594
2020-02-01,0.0003843670433731972
2020-02-02,0.0003859054515694387
2020-02-03,0.00038661320562140966
2020-02-04,0.00031004055077799876
2020-02-05,0.000162595949612148
2020-02-06,0.00013541936378361793
2020-02-07,0.00011795059814672146
2020-02-08,0.00011967078220876277
2020-02-09,0.00012139096627080315
2020-02-10,8.8658675958884e-05
2020-02-11,5.619169350760034e-05
2020-02-12,-1.1939945903859995e-05
2020-02-13,4.301741295216461e-05
2020-02-14,7.264190308676495e-05
2020-02-15,7.436926702376109e-05
2020-02-16,7.609663096075651e-05
2020-02-17,7.782399489775097e-05
2020-02-18,0.00010157120243429888
2020-02-19,7.934423357598675e-05
2020-02-20,4.220773380142641e-05
2020-02-21,0.000157282911777701
2020-02-22,0.00015896512482856036
2020-02-23,0.0001606473378794206
2020-02-24,0.00044240724852111446
2020-02-25,0.0006794883645567359
2020-02-26,0.0007335607070644737
2020-02-27,0.0009752638817618202
2020-02-28,0.0010883244743918065
2020-02-29,0.001089363293611465
2020-03-01,0.001090402112831122
2020-03-02,0.0009466251977260552
2020-03-03,0.0012066901095514884
2020-03-04,0.001100241839405113
2020-03-05,0.0013759895357685283
2020-03-06,0.0015696695748261197
2020-03-07,0.0015702615863831823
2020-03-08,0.0015708535979402469
2020-03-09,0.002277463854294055
2020-03-10,0.0020107469133846564
2020-03-11,0.002135315521141612
2020-03-12,0.0024477939908835386
2020-03-13,0.0014501785425287865
2020-03-14,0.0014507654375963098
2020-03-15,0.0014513523326638322
2020-03-16,0.0023556603476316638
2020-03-17,0.0020238106473229735
2020-03-18,0.002376458600490683
2020-03-19,0.002387051742284379
2020-03-20,0.002839361779534773
2020-03-21,0.0028390694165503372
2020-03-22,0.0028387770535659076
2020-03-23,0.0034075655873541484
2020-03-24,0.002761051140174447
2020-03-25,0.002831730299598393
2020-03-26,0.0025660983781485153
2020-03-27,0.0027340878100064036
2020-03-28,0.0027339857072185467
2020-03-29,0.00273388360443069
2020-03-30,0.0026536434978429333
2020-03-31,0.002813124749055112
2020-04-01,0.003160044032615091
2020-04-02,0.002919146771869546
2020-04-03,0.00304092208787524
2020-04-04,0.0030405405478875474
2020-04-05,0.0030401590078998515
2020-04-06,0.0028784095488312384
2020-04-07,0.002670879212183207
2020-04-08,0.0023103317642798717
2020-04-09,0.002035854576425437
2020-04-10,0.0020363563304803783
2020-04-11,0.002036858084535322
2020-04-12,0.0020373598385902657
2020-04-13,0.00221576682666651
2020-04-14,0.002297876241562118
2020-04-15,0.002598227591263868
2020-04-16,0.0027691750753008467
2020-04-17,0.002348082444403541
2020-04-18,0.002348321971849329
2020-04-19,0.0023485614992951147
2020-04-20,0.002568797826321789
2020-04-21,0.002697828006141697
2020-04-22,0.0026405850244241255
2020-04-23,0.002650869561443287
2020-04-24,0.002581253218690388
2020-04-25,0.002581283998381232
2020-04-26,0.002581314778072074
2020-04-27,0.002313009234028278
2020-04-28,0.0023138532736323215
2020-04-29,0.002226432567921283
2020-04-30,0.0023350027966233507
2020-05-01,0.0024746761422331123
2020-05-02,0.0024746916543578906
2020-05-03,0.0024747071664826667
2020-05-04,0.0024591898105744804
2020-05-05,0.0024081311780257716
2020-05-06,0.0024797717381130416
2020-05-07,0.0023933954646901167
2020-05-08,0.0022388058405799815
2020-05-09,0.00223903869251676
2020-05-10,0.0022392715444535414
2020-05-11,0.0024545769468858397
2020-05-12,0.0026112360112080413
2020-05-13,0.00286626070864452
2020-05-14,0.00257088748785946
2020-05-15,0.0026226136373067037
2020-05-16,0.0026224960506797314
2020-05-17,0.0026223784640527566
2020-05-18,0.0023935580297966023
2020-05-19,0.0025554765966886842
2020-05-20,0.0024352182581051226
2020-05-21,0.0024212201630426306
2020-05-22,0.0024353077760012713
2020-05-23,0.0024353555180946793
2020-05-24,0.0024354032601880894
2020-05-25,0.0024354510022815
2020-05-26,0.002150563738450602
2020-05-27,0.0018508791239646362
2020-05-28,0.0020595016795784547
2020-05-29,0.002204006850653902
2020-05-30,0.0022041949676283763
2020-05-31,0.0022043830846028485
2020-06-01,0.0021281821001729855
2020-06-02,0.0021168428349928677
2020-06-03,0.0019668339144494496
2020-06-04,0.0018497766914024865
2020-06-05,0.0016606635301514598
2020-06-06,0.0016614893304651543
2020-06-07,0.0016623151307788506
2020-06-08,0.0015937975507364368
2020-06-09,0.0016474493371461108
2020-06-10,0.0018843861239749285
2020-06-11,0.0022942500807503936
2020-06-12,0.002147875912735778
2020-06-13,0.002148172871933895
2020-06-14,0.0021484698311320114
2020-06-15,0.0020836847468479885
2020-06-16,0.001977675741206321
2020-06-17,0.0021209646497671883
2020-06-18,0.0021160182869282484
2020-06-19,0.0020485590692962924
2020-06-20,0.0020489722003551934
2020-06-21,0.002049385331414097
2020-06-22,0.002200579582279624
2020-06-23,0.002194551265479905
2020-06-24,0.0023379759045862765
2020-06-25,0.0022322013634654505
2020-06-26,0.0024923711502147505
2020-06-27,0.0024922220753298982
2020-06-28,0.002492073000445047
2020-06-29,0.002478046846918956
2020-06-30,0.002442008487009454
2020-07-01,0.002506300466467947
2020-07-02,0.0025478020051036433
2020-07-03,0.002547597350791438
2020-07-04,0.002547392696479232
2020-07-05,0.0025471880421670235
2020-07-06,0.002536720932672009
2020-07-07,0.0026024991734235983
2020-07-08,0.0026196371434137407
2020-07-09,0.0026337572675871252
2020-07-10,0.0024735968884696466
2020-07-11,0.002473505639013183
2020-07-12,0.002473414389556718
2020-07-13,0.0024265035587375935
2020-07-14,0.002487284319873543
2020-07-15,0.002407622488771624
2020-07-16,0.0025076200431851585
2020-07-17,0.002616703205494155
2020-07-18,0.0026163985212388236
2020-07-19,0.0026160938369834902
2020-07-20,0.002550048497683525
2020-07-21,0.002470761421057614
2020-07-22,0.0024925987491828338
2020-07-23,0.0024333100709198886
2020-07-24,0.0024622711180647097
2020-07-25,0.002462207802830293
2020-07-26,0.002462144487595877
2020-07-27,0.0025109558213927212
2020-07-28,0.002446994579962766
2020-07-29,0.0022978992146304254
2020-07-30,0.002339356161235787
2020-07-31,0.0023256075527860105
2020-08-01,0.0023257593250759893
2020-08-02,0.0023259110973659664
2020-08-03,0.002326822010058069
2020-08-04,0.0023419046885899066
2020-08-05,0.0023078301625985924
2020-08-06,0.0022995243800350085
2020-08-07,0.0022071809223750158
2020-08-08,0.0022074967901382176
2020-08-09,0.0022078126579014204
2020-08-10,0.0021518203717110934
2020-08-11,0.0021064625875811633
2020-08-12,0.002137020888825985
2020-08-13,0.002180310182037279
2020-08-14,0.0021610821669279766
2020-08-15,0.0021614462728578206
2020-08-16,0.0021618103787876632
2020-08-17,0.0022364853255527665
2020-08-18,0.0022769399140287177
2020-08-19,0.0022824216149949176
2020-08-20,0.0023304528841824115
2020-08-21,0.002349103763917098
2020-08-22,0.002349207937458498
2020-08-23,0.0023493121109999
2020-08-24,0.002268370539711343
2020-08-25,0.0022219347772879897
2020-08-26,0.0022951326023852563
2020-08-27,0.0022208808273938008
2020-08-28,0.00219143978265113
2020-08-29,0.0021917627930233556
2020-08-30,0.002192085803395581
2020-08-31,0.00225659721675554
2020-09-01,0.0022645663244905776
2020-09-02,0.0022398682520406933
2020-09-03,0.00227466534151312
2020-09-04,0.002154866135511751
2020-09-05,0.0021552523997680245
2020-09-06,0.002155638664024299
2020-09-07,0.0021560249282805742
2020-09-08,0.002292575623304097
2020-09-09,0.002316852877091688
2020-09-10,0.002359917065774514
2020-09-11,0.002310806611954228
2020-09-12,0.0023109811442668794
2020-09-13,0.0023111556765795303
2020-09-14,0.0023002383892289785
2020-09-15,0.0023447501671193392
2020-09-16,0.002304490269583884
2020-09-17,0.002333192549715103
2020-09-18,0.0023292081685659795
2020-09-19,0.002329362649368555
2020-09-20,0.0023295171301711288
2020-09-21,0.002374137665637263
2020-09-22,0.002458103664327723
2020-09-23,0.0025425611443483202
2020-09-24,0.002494357181007057
2020-09-25,0.0023971615631548774
2020-09-26,0.002397246650649901
2020-09-27,0.0023973317381449236
2020-09-28,0.0023688532121651294
2020-09-29,0.002428113321992542
2020-09-30,0.002384634483599349
2020-10-01,0.002395081533723165
2020-10-02,0.0023933047707754536
2020-10-03,0.00239337635756278
2020-10-04,0.002393447944350104
2020-10-05,0.0023495982400736073
2020-10-06,0.0023987350813765265
2020-10-07,0.0023294151764790966
2020-10-08,0.00226954325087371
2020-10-09,0.0022359280879750256
2020-10-10,0.0022361867677529283
2020-10-11,0.0022364454475308315
2020-10-12,0.0021949904656641114
2020-10-13,0.002306025477311611
2020-10-14,0.0025419094869182433
2020-10-15,0.002421684241070492
2020-10-16,0.0024347944253373622
2020-10-17,0.0024348152987473557
2020-10-18,0.0024348361721573462
2020-10-19,0.0025578594923498614
2020-10-20,0.0025944289701796807
2020-10-21,0.002583931766027025
2020-10-22,0.0024870360835567784
2020-10-23,0.0024825224390959653
2020-10-24,0.0024825299862509874
2020-10-25,0.002482537533406011
2020-10-26,0.0025308936053872098
2020-10-27,0.002595708281180681
2020-10-28,0.002569594754122369
2020-10-29,0.002555266076039069
2020-10-30,0.0025433451627301404
2020-10-31,0.00254322821408654
2020-11-01,0.002543111265442937
2020-11-02,0.0025174654610629534
2020-11-03,0.0025412332042601803
2020-11-04,0.002664990690811775
2020-11-05,0.0025994294861935883
2020-11-06,0.0026483714361319388
2020-11-07,0.0026481326798943206
2020-11-08,0.002647893923656705
2020-11-09,0.0022973137486678986
2020-11-10,0.0023087277710143175
2020-11-11,0.002338141775200165
2020-11-12,0.0023956847362708446
2020-11-13,0.00237401443507948
2020-11-14,0.0023742441046572674
2020-11-15,0.0023744737742350547
2020-11-16,0.0023421834280656093
2020-11-17,0.002348412149245372
2020-11-18,0.002381117103516751
2020-11-19,0.0023895038243980185
2020-11-20,0.0023990950760531533
2020-11-21,0.0023991600450692058
2020-11-22,0.0023992250140852586
2020-11-23,0.002365543897557247
2020-11-24,0.0022724449818249362
2020-11-25,0.0022744001594736597
2020-11-26,0.002274869323344139
2020-11-27,0.00227987854104414
2020-11-28,0.0022803514527194547
2020-11-29,0.0022808243643947694
2020-11-30,0.00234531026396016
2020-12-01,0.0023043580634469017
2020-12-02,0.0022804675556490225
2020-12-03,0.0022915550567069983
2020-12-04,0.002269491982534206
2020-12-05,0.0022700392975735202
2020-12-06,0.0022705866126128352
2020-12-07,0.0022831388838064383
2020-12-08,0.0022953913851249935
2020-12-09,0.0023043541242011548
2020-12-10,0.00229028605606431
2020-12-11,0.002338933334076085
2020-12-12,0.0023394237439885134
2020-12-13,0.0023399141539009417
2020-12-14,0.0023706333232993756
2020-12-15,0.0023341900323130024
2020-12-16,0.0023301917817951075
2020-12-17,0.002324117422858908
2020-12-18,0.0023385620800919866
2020-12-19,0.002339054838987566
2020-12-20,0.0023395475978831444
2020-12-21,0.0022575241752744233
2020-12-22,0.002312041798870898
2020-12-23,0.0022191344050801216
2020-12-24,0.002229956196121853
2020-12-25,0.002230688857229403
2020-12-26,0.002231421518336954
2020-12-27,0.002232154179444505
2020-12-28,0.002218737142430975
2020-12-29,0.0022271325872964595
2020-12-30,0.002233227247630591
2020-12-31,0.0022033306263745133
2021-01-01,0.002204117005651403
2021-01-02,0.002204903384928293
2021-01-03,0.002205689764205182
2021-01-04,0.002217625304655951
2021-01-05,0.002182805436769775
2021-01-06,0.0020359126924806284
2021-01-07,0.001953604259430382
2021-01-08,0.001999238703755975
2021-01-09,0.0020002270388622175
2021-01-10,0.0020012153739684606
2021-01-11,0.0019880862859165934
2021-01-12,0.0019464208888986128
2021-01-13,0.0019945749687204292
2021-01-14,0.0019523084993727053
2021-01-15,0.00201247407199501
2021-01-16,0.0020135676111784507
2021-01-17,0.00201466115036189
2021-01-18,0.0020157546895453304
2021-01-19,0.0020603123939798088
2021-01-20,0.00207747099492545
2021-01-21,0.0021109187926145454
2021-01-22,0.0021290192119767792
2021-01-23,0.0021299037332414947
2021-01-24,0.002130788254506212
2021-01-25,0.0021888674775564273
2021-01-26,0.002168486798374271
2021-01-27,0.002263336352847921
2021-01-28,0.0022042783676651584
2021-01-29,0.002284913711829568
2021-01-30,0.00228553625786062
2021-01-31,0.00228615880389167
2021-02-01,0.00225281539409826
2021-02-02,0.0021717216338396515
2021-02-03,0.002132433604779851
2021-02-04,0.002078223378853313
2021-02-05,0.002091253940025586
2021-02-06,0.0020922713897175375
2021-02-07,0.0020932888394094894
2021-02-08,0.0020058751600514333
2021-02-09,0.002013025845833915
2021-02-10,0.0020008264569223236
2021-02-11,0.0020233653802101655
2021-02-12,0.0019893555062721006
2021-02-13,0.0019904668774507733
2021-02-14,0.001991578248629446
2021-02-15,0.0019926896198081178
2021-02-16,0.001891239137772668
2021-02-17,0.0019274844071127644
2021-02-18,0.001978974452474724
2021-02-19,0.0019407430238616802
2021-02-20,0.0019420252471489593
2021-02-21,0.0019433074704362392
2021-02-22,0.0018852356924420174
2021-02-23,0.0018966927692610372
2021-02-24,0.0017999971931265957
2021-02-25,0.0018476482295382063
2021-02-26,0.0019449859467419763
2021-02-27,0.0019462951190990995
2021-02-28,0.0019476042914562228
2021-03-01,0.001856260798524807
2021-03-02,0.0018323206133852897
2021-03-03,0.0018456342185682716
2021-03-04,0.0019291557223399308
2021-03-05,0.0018625431489312679
2021-03-06,0.0018641759637431404
2021-03-07,0.0018658087785550143
2021-03-08,0.001848923579190916
2021-03-09,0.001899795761554535
2021-03-10,0.0018474526849296528
2021-03-11,0.001908771284872234
2021-03-12,0.001877381307536903
2021-03-13,0.0018791895346201254
2021-03-14,0.0018809977617033477
2021-03-15,0.0019031524566067541
2021-03-16,0.001882124977249649
2021-03-17,0.0018133041534737987
2021-03-18,0.0017157607604805002
2021-03-19,0.001725960869215984
2021-03-20,0.0017277669038656311
2021-03-21,0.0017295729385152778
2021-03-22,0.0017373448802834235
2021-03-23,0.0018524274618478955
2021-03-24,0.0018384183068797756
2021-03-25,0.0017521146838735218
2021-03-26,0.0017306391512472577
2021-03-27,0.0017324650429694265
2021-03-28,0.0017342909346915946
2021-03-29,0.0018647618062027057
2021-03-30,0.0018380259453682044
2021-03-31,0.0018705209982710412
2021-04-01,0.0017561462392655625
2021-04-02,0.001758113984946801
2021-04-03,0.0017600817306280393
2021-04-04,0.0017620494763092773
2021-04-05,0.0017095229022096752
2021-04-06,0.0016527960400902224
2021-04-07,0.0016488120703692286
2021-04-08,0.0016679235281791608
2021-04-09,0.0016597594084579775
2021-04-10,0.0016617447163504136
2021-04-11,0.0016637300242428523
2021-04-12,0.0016724404669725555
2021-04-13,0.0018475486321827197
2021-04-14,0.0017865977439805282
2021-04-15,0.0018088075128456017
2021-04-16,0.0017319508130011249
2021-04-17,0.0017338327316970292
2021-04-18,0.001735714650392933
2021-04-19,0.001782373524757974
2021-04-20,0.0019210550573724049
2021-04-21,0.0019234776984594826
2021-04-22,0.0020139623782315383
2021-04-23,0.0019376571672484251
2021-04-24,0.0019396603061897196
2021-04-25,0.001941663445131015
2021-04-26,0.0019188809010660384
2021-04-27,0.0019448093437927992
2021-04-28,0.0018427750114505242
2021-04-29,0.0017884753077242368
2021-04-30,0.0019098659959035785
2021-05-01,0.0019120612386197959
2021-05-02,0.0019142564813360132
2021-05-03,0.0018934455480546892
2021-05-04,0.0019876010980296446
2021-05-05,0.0018532650599359618
2021-05-06,0.0017306388191388928
2021-05-07,0.0016800276908241728
2021-05-08,0.001682364600291478
2021-05-09,0.0016847015097587838
2021-05-10,0.001816387698650152
2021-05-11,0.0019493261681268563
2021-05-12,0.002022357994169527
2021-05-13,0.0018873237169412867
2021-05-14,0.0017913230341263806
2021-05-15,0.001793730038753339
2021-05-16,0.0017961370433802976
2021-05-17,0.0017514705096365402
2021-05-18,0.0017953379781014646
2021-05-19,0.001809239365624527
2021-05-20,0.001739904976185734
2021-05-21,0.0016828577860106158
2021-05-22,0.0016852128272167313
2021-05-23,0.0016875678684228437
2021-05-24,0.0016450222574114362
2021-05-25,0.0016651534970310452
2021-05-26,0.0016858386509416908
2021-05-27,0.0015735471954580861
2021-05-28,0.0015346859061791788
2021-05-29,0.001536966512385022
2021-05-30,0.001539247118590864
2021-05-31,0.001541527724796707
2021-06-01,0.0014910262199758749
2021-06-02,0.0015127291725088243
2021-06-03,0.0014773330691477432
2021-06-04,0.0014960474259363055
2021-06-05,0.0014984264547044334
2021-06-06,0.0015008054834725608
2021-06-07,0.0015069828044492017
2021-06-08,0.0015221588424619778
2021-06-09,0.0015988575635940447
2021-06-10,0.0016493731996508468
2021-06-11,0.0016274521232618588
2021-06-12,0.0016296824684026159
2021-06-13,0.0016319128135433732
2021-06-14,0.0016438516378325834
2021-06-15,0.0016119978287396034
2021-06-16,0.0016646801615309084
2021-06-17,0.001822592196859506
2021-06-18,0.0019677521138507783
2021-06-19,0.0019696698829888616
2021-06-20,0.001971587652126944
2021-06-21,0.0019062237621933682
2021-06-22,0.0019451032858800747
2021-06-23,0.001915199443034062
2021-06-24,0.0018366336352319535
2021-06-25,0.001796537643349881
2021-06-26,0.0017988191669614539
2021-06-27,0.0018011006905730297
2021-06-28,0.001847404148930469
2021-06-29,0.0019046874319654167
2021-06-30,0.001932456194260672
2021-07-01,0.0018774710305648026
2021-07-02,0.001918724896566868
2021-07-03,0.0019209850373369125
2021-07-04,0.0019232451781069579
2021-07-05,0.0019255053188770045
2021-07-06,0.0020544408045723613
2021-07-07,0.0021077511764238917
2021-07-08,0.0022868908305324087
2021-07-09,0.002117303770217801
2021-07-10,0.002119480544165044
2021-07-11,0.002121657318112288
2021-07-12,0.0020507393409701135
2021-07-13,0.002115986889611423
2021-07-14,0.0021714205607978932
2021-07-15,0.002191164635558079
2021-07-16,0.0022966275386904103
2021-07-17,0.0022985230898518896
2021-07-18,0.002300418641013368
2021-07-19,0.0024560761466665883
2021-07-20,0.0022364386956793955
2021-07-21,0.002069604343549452
2021-07-22,0.002123122006565466
2021-07-23,0.0020837867339609383
2021-07-24,0.0020854879909088905
2021-07-25,0.002087189247856844
2021-07-26,0.0020068499616884648
2021-07-27,0.0020148365383449093
2021-07-28,0.0020169536702472294
2021-07-29,0.001919063512063324
2021-07-30,0.0019413480131680071
2021-07-31,0.0019430644986165506
2021-08-01,0.001944780984065094
2021-08-02,0.0019474876563841058
2021-08-03,0.0018937262005741592
2021-08-04,0.0019272029750619219
2021-08-05,0.001872379985970404
2021-08-06,0.0018045392500858363
2021-08-07,0.001806448129200825
2021-08-08,0.0018083570083158164
2021-08-09,0.0018039944809971845
2021-08-10,0.0017664398635318986
2021-08-11,0.0017157253331270116
2021-08-12,0.0017161969739330494
2021-08-13,0.001712774273479199
2021-08-14,0.0017148499531650606
2021-08-15,0.00171692563285092
2021-08-16,0.0017408927005617963
2021-08-17,0.0018034834986483186
2021-08-18,0.0018389272550565342
2021-08-19,0.001913894636176331
2021-08-20,0.001899082173643428
2021-08-21,0.001901059042775104
2021-08-22,0.0019030359119067797
2021-08-23,0.0018574820343901953
2021-08-24,0.0018141341662786625
2021-08-25,0.0017485639308537654
2021-08-26,0.0018335739421603914
2021-08-27,0.0017715697316542781
2021-08-28,0.0017737881435315953
2021-08-29,0.0017760065554089128
2021-08-30,0.0018717035207340782
2021-08-31,0.0018737341652356506
2021-09-01,0.0018687539228760184
2021-09-02,0.001879136036509069
2021-09-03,0.001882944854854828
2021-09-04,0.0018849978569236206
2021-09-05,0.0018870508589924123
2021-09-06,0.0018891038610612046
2021-09-07,0.0018848529555277947
2021-09-08,0.001941899724605134
2021-09-09,0.0019601708895953555
2021-09-10,0.001979682891381615
2021-09-11,0.0019816575239835826
2021-09-12,0.0019836321565855504
2021-09-13,0.0019103078215320503
2021-09-14,0.0019947092939318943
2021-09-15,0.001949872727751784
2021-09-16,0.0019330146797786295
2021-09-17,0.0020256202277127095
2021-09-18,0.0020276476018274174
2021-09-19,0.002029674975942124
2021-09-20,0.0023683151543796993
2021-09-21,0.0023994554415590207
2021-09-22,0.002245954194078196
2021-09-23,0.002107179789418229
2021-09-24,0.0020608660648348304
2021-09-25,0.002063187343404447
2021-09-26,0.002065508621974065
2021-09-27,0.0019265316667908218
2021-09-28,0.0019927861198441215
2021-09-29,0.0019409016440615726
2021-09-30,0.0020374018477771504
2021-10-01,0.0020107116167412797
2021-10-02,0.002013145092240797
2021-10-03,0.002015578567740313
2021-10-04,0.0019949167283024385
2021-10-05,0.0018842353870491017
2021-10-06,0.0019031026905781967
2021-10-07,0.0018017750664016624
2021-10-08,0.0017052661298698748
2021-10-09,0.0017077451303162889
2021-10-10,0.0017102241307627036
2021-10-11,0.0017495977057230777
2021-10-12,0.0017447630488457019
2021-10-13,0.0017491139607626756
2021-10-14,0.001560023327444938
2021-10-15,0.001483248179358608
2021-10-16,0.0014858938071977967
2021-10-17,0.0014885394350369855
2021-10-18,0.0015185869806125071
2021-10-19,0.0014909403254726766
2021-10-20,0.0014245675781910285
2021-10-21,0.0014367851730749804
2021-10-22,0.0013326204315899373
2021-10-23,0.0013353536766692667
2021-10-24,0.0013380869217485992
2021-10-25,0.0013050585565135703
2021-10-26,0.001230819993045004
2021-10-27,0.0012170173630293582
2021-10-28,0.0011607917736587098
2021-10-29,0.0011743602812703624
2021-10-30,0.001177054508729803
2021-10-31,0.0011797487361892437
2021-11-01,0.0010488533060963637
2021-11-02,0.0010335461908324369
2021-11-03,0.0010265944970468328
2021-11-04,0.0011699810990815497
2021-11-05,0.0011308082392143296
2021-11-06,0.0011333827771310473
2021-11-07,0.0011359573150477652
2021-11-08,0.00115581234246621
2021-11-09,0.0011421457485716803
2021-11-10,0.0012311925532757552
2021-11-11,0.0012125966174755833
2021-11-12,0.0012371551663475614
2021-11-13,0.0012397550319701706
2021-11-14,0.0012423548975927796
2021-11-15,0.0012743288933138798
2021-11-16,0.0012764841029977044
2021-11-17,0.0012043277873966102
2021-11-18,0.0013045160168286675
2021-11-19,0.0014882138768643935
2021-11-20,0.0014907149840991468
2021-11-21,0.0014932160913338991
2021-11-22,0.0014796964838722873
2021-11-23,0.0014162777320681455
2021-11-24,0.0013793594266011133
2021-11-25,0.0013820995906348153
2021-11-26,0.0016548933717952365
2021-11-27,0.0016574965247313743
2021-11-28,0.0016600996776675121
2021-11-29,0.0016374133989767645
2021-11-30,0.0016329931724452286
2021-12-01,0.001684147234651003
2021-12-02,0.0014872659537849128
2021-12-03,0.0015842573098736185
2021-12-04,0.0015865675534079218
2021-12-05,0.001588877796942222
2021-12-06,0.0015169647524276126
2021-12-07,0.0014181682658262651
2021-12-08,0.0014280032223301646
2021-12-09,0.0014569552254077864
2021-12-10,0.0014647907500163016
2021-12-11,0.0014671297842827088
2021-12-12,0.0014694688185491142
2021-12-13,0.0015326965301090075
2021-12-14,0.0015242979334388895
2021-12-15,0.001583003361946497
2021-12-16,0.001475008539752933
2021-12-17,0.00164721294655046
2021-12-18,0.001649537945632059
2021-12-19,0.001651862944713657
2021-12-20,0.001726093313272746
2021-12-21,0.0016311057063037575
2021-12-22,0.0015908056731559828
2021-12-23,0.001518981603140263
2021-12-24,0.0015213188555609997
2021-12-25,0.0015236561079817366
2021-12-26,0.0015259933604024735
2021-12-27,0.0014471087664372348
2021-12-28,0.0014360320672649205
2021-12-29,0.0014611454493003433
2021-12-30,0.0015022970315981834
2021-12-31,0.0015208406254429492
2022-01-01,0.001523179914823966
2022-01-02,0.001525519204204983
2022-01-03,0.0014107635840755243
2022-01-04,0.0012155583036122172
2022-01-05,0.0013082709425414755
2022-01-06,0.0010858038483978225
2022-01-07,0.0009704110449390152
2022-01-08,0.0009731128395880037
2022-01-09,0.0009758146342369954
2022-01-10,0.0010176112919592253
2022-01-11,0.000977624987144525
2022-01-12,0.000907118047828487
2022-01-13,0.0009095654322962422
2022-01-14,0.0008935789245226226
2022-01-15,0.0008961044403361258
2022-01-16,0.0008986299561496317
2022-01-17,0.0009011554719631377
2022-01-18,0.0009759820886940031
2022-01-19,0.0010459114212663199
2022-01-20,0.0010549152644158352
2022-01-21,0.0011011054798368005
2022-01-22,0.0011033492729225077
2022-01-23,0.0011055930660082152
2022-01-24,0.0012757838412333908
2022-01-25,0.0012220499820676113
2022-01-26,0.001159788634497695
2022-01-27,0.0012860511602571028
2022-01-28,0.0012780866965928527
2022-01-29,0.001280520901345737
2022-01-30,0.0012829551060986215
2022-01-31,0.0012054448304901363
2022-02-01,0.0006755962791013788
2022-02-02,0.0006384811753091268
2022-02-03,0.0006821400274918993
2022-02-04,0.0006933995776204128
2022-02-05,0.0006958742438611348
2022-02-06,0.0006983489101018566
2022-02-07,0.0006400725806450379
2022-02-08,0.0005190692551864074
2022-02-09,0.0004361364717789947
2022-02-10,0.0004716532925448124
2022-02-11,0.0006004948490469044
2022-02-12,0.0006028940287529604
2022-02-13,0.0006052932084590159
2022-02-14,0.0006373373327635587
2022-02-15,0.0006053197496856573
2022-02-16,0.0006736621122218776
2022-02-17,0.0007532250211894399
2022-02-18,0.0007633304230104505
2022-02-19,0.0007655638402083778
2022-02-20,0.0007677972574063054
2022-02-21,0.0007700306746042328
2022-02-22,0.0009767718470510077
2022-02-23,0.0010588236586948525
2022-02-24,0.001433204758780817
2022-02-25,0.0011460874828544659
2022-02-26,0.0011483658904364986
2022-02-27,0.00115064429801853
2022-02-28,0.0013755298977347883
2022-03-01,0.0016496354730367905
2022-03-02,0.0015877731331149078
2022-03-03,0.0017525379339792153
2022-03-04,0.0021555686400666608
2022-03-05,0.0021577297152209182
2022-03-06,0.0021598907903751744
2022-03-07,0.0025712193624259777
2022-03-08,0.002332117970581633
2022-03-09,0.0020117457400386125
2022-03-10,0.002098713881351493
2022-03-11,0.0021287595150908506
2022-03-12,0.002130732362398042
2022-03-13,0.002132705209705234
2022-03-14,0.0019902511245709943
2022-03-15,0.00194922398821422
2022-03-16,0.001648774612531294
2022-03-17,0.001581248508421025
2022-03-18,0.001511472407702304
2022-03-19,0.0015135162690480773
2022-03-20,0.0015155601303938502
2022-03-21,0.0014833404716470577
2022-03-22,0.0013462222569444928
2022-03-23,0.0014405832631219787
2022-03-24,0.001394905233933954
2022-03-25,0.0013273490853236097
2022-03-26,0.001329407407556734
2022-03-27,0.0013314657297898583
2022-03-28,0.0013718378093952454
2022-03-29,0.0012558136237950418
2022-03-30,0.0013130259231839097
2022-03-31,0.001312657109347084
2022-04-01,0.0012852300459570282
2022-04-02,0.001286878845555963
2022-04-03,0.0012885276451548994
2022-04-04,0.0012353739414383083
2022-04-05,0.001449838533879959
2022-04-06,0.00153120611596117
2022-04-07,0.0015413001299920577
2022-04-08,0.0015465800426061388
2022-04-09,0.0015482044051466656
2022-04-10,0.0015498287676871934
2022-04-11,0.0015792336822551905
2022-04-12,0.0017090754104659585
2022-04-13,0.001718287981933379
2022-04-14,0.001821367494748455
2022-04-15,0.0018228133880193254
2022-04-16,0.0018242592812901972
2022-04-17,0.001825705174561069
2022-04-18,0.0017637199649136663
2022-04-19,0.0016819997734334239
2022-04-20,0.0016718711313307383
2022-04-21,0.0017907409430410561
2022-04-22,0.0019035113512201839
2022-04-23,0.0019050003870181656
2022-04-24,0.0019064894228161464
2022-04-25,0.0019140194422828443
2022-04-26,0.0020441361989814843
2022-04-27,0.0020004191777911236
2022-04-28,0.0019648830091486364
2022-04-29,0.002100758176209221
2022-04-30,0.0021020261733588176
2022-05-01,0.0021032941705084137
2022-05-02,0.0020651589412873745
2022-05-03,0.0019377243900440973
2022-05-04,0.001773158028486267
2022-05-05,0.00194896270392565
2022-05-06,0.0019641790399647172
2022-05-07,0.0019656711579140763
2022-05-08,0.0019671632758634346
2022-05-09,0.00214979148213697
2022-05-10,0.002139359192956238
2022-05-11,0.002183279486076861
2022-05-12,0.0022203595523013374
2022-05-13,0.0021480311115268827
2022-05-14,0.002149155179904597
2022-05-15,0.002150279248282312
2022-05-16,0.0021954723117419694
2022-05-17,0.002069553927920158
2022-05-18,0.0021659145755782046
2022-05-19,0.00216047396893066
2022-05-20,0.002184624641514446
2022-05-21,0.002185471890359711
2022-05-22,0.0021863191392049747
2022-05-23,0.002032019369009601
2022-05-24,0.0020022521564554644
2022-05-25,0.0020229630350823953
2022-05-26,0.0019507595256278514
2022-05-27,0.0019336270343746512
2022-05-28,0.0019348165755488354
2022-05-29,0.00193600611672302
2022-05-30,0.0019371956578972049
2022-05-31,0.0019464860070446237
2022-06-01,0.001979800456523557
2022-06-02,0.0019380447593286441
2022-06-03,0.0019917090738429855
2022-06-04,0.0019927966297551185
2022-06-05,0.001993884185667251
2022-06-06,0.0019787968771106373
2022-06-07,0.001982756482927936
2022-06-08,0.0021190696939940553
2022-06-09,0.0022658492607660428
2022-06-10,0.002403391227810461
2022-06-11,0.0024042560377710216
2022-06-12,0.0024051208477315835
2022-06-13,0.0025533675130358932
2022-06-14,0.002618568628981594
2022-06-15,0.0025485608908638762
2022-06-16,0.00259094758090376
2022-06-17,0.0025797575198033586
2022-06-18,0.002580578055851466
2022-06-19,0.002581398591899573
2022-06-20,0.0025822191279476787
2022-06-21,0.002467321456694308
2022-06-22,0.002486347670588575
2022-06-23,0.0025582499013406157
2022-06-24,0.002500575237281597
2022-06-25,0.002501301458950308
2022-06-26,0.00250202768061902
2022-06-27,0.0024987997862911154
2022-06-28,0.0025177121003237225
2022-06-29,0.002563891526299034
2022-06-30,0.0026448128277899736
2022-07-01,0.0025985387502019397
2022-07-02,0.0025992348212508696
2022-07-03,0.0025999308922997994
2022-07-04,0.002600626963348727
2022-07-05,0.0026431328939470174
2022-07-06,0.002677587902618241
2022-07-07,0.0025643585605953814
2022-07-08,0.0025691150681696716
2022-07-09,0.0025698774559698686
2022-07-10,0.002570639843770063
2022-07-11,0.00261506672699626
2022-07-12,0.0026260677350097815
2022-07-13,0.002691590337729885
2022-07-14,0.0027816276015240346
2022-07-15,0.002497168440822522
2022-07-16,0.00249804693348405
2022-07-17,0.0024989254261455784
2022-07-18,0.002492113222121251
2022-07-19,0.002350280086027086
2022-07-20,0.0023627361078321684
2022-07-21,0.002305513910023214
2022-07-22,0.0023359821814181838
2022-07-23,0.0023369378829761985
2022-07-24,0.0023378935845342124
2022-07-25,0.0022937024929207423
2022-07-26,0.0024910959201439892
2022-07-27,0.0023907485935507466
2022-07-28,0.002393447104689343
2022-07-29,0.0023131004727601906
2022-07-30,0.0023141585214461885
2022-07-31,0.0023152165701321873
2022-08-01,0.0023339197381049967
2022-08-02,0.0024232363976581517
2022-08-03,0.0023459303737610017
2022-08-04,0.002349064105572662
2022-08-05,0.002308449276422567
2022-08-06,0.0023095345286172847
2022-08-07,0.0023106197808120004
2022-08-08,0.0023416983080792875
2022-08-09,0.0023111380846787145
2022-08-10,0.002159840281158563
2022-08-11,0.0020690912986034526
2022-08-12,0.002007728679034028
2022-08-13,0.0020090399923243358
2022-08-14,0.002010351305614645
2022-08-15,0.0020400052850932625
2022-08-16,0.0020052359610506863
2022-08-17,0.002058290907501715
2022-08-18,0.002064904232317451
2022-08-19,0.0022073760247304703
2022-08-20,0.00220869290875385
2022-08-21,0.002210009792777228
2022-08-22,0.002336732014891196
2022-08-23,0.0023742611626045166
2022-08-24,0.0023725951962048934
2022-08-25,0.002272307978863048
2022-08-26,0.0024399808659175187
2022-08-27,0.002441161769958144
2022-08-28,0.0024423426739987697
2022-08-29,0.0024371420241067936
2022-08-30,0.0024166171413669097
2022-08-31,0.0024820179080286406
2022-09-01,0.002527741796157398
2022-09-02,0.002527724318559543
2022-09-03,0.002528827248745576
2022-09-04,0.002529930178931608
2022-09-05,0.002531033109117641
2022-09-06,0.0025756257483219285
2022-09-07,0.002506491258465586
2022-09-08,0.002347950278425775
2022-09-09,0.002278421341065159
2022-09-10,0.0022796138343898443
2022-09-11,0.0022808063277145307
2022-09-12,0.0022200629814692315
2022-09-13,0.0023458884282295026
2022-09-14,0.002370224935752137
2022-09-15,0.0022968565587643992
2022-09-16,0.00236752069878228
2022-09-17,0.0023686014199217637
2022-09-18,0.002369682141061247
2022-09-19,0.002308735224101001
2022-09-20,0.0023910372953029023
2022-09-21,0.0025295565269332714
2022-09-22,0.0026319734164611188
2022-09-23,0.0027594351856484213
2022-09-24,0.0027603461848691307
2022-09-25,0.002761257184089842
2022-09-26,0.002878021422775276
2022-09-27,0.0029588779707728774
2022-09-28,0.0028837385584659747
2022-09-29,0.002946488737554119
2022-09-30,0.0030238884652678544
2022-10-01,0.003024592316423601
2022-10-02,0.0030252961675793473
2022-10-03,0.002877281801119471
2022-10-04,0.002676605820810115
2022-10-05,0.0027501110680316974
2022-10-06,0.0028267780015405327
2022-10-07,0.0029482294828145697
2022-10-08,0.002949008149175484
2022-10-09,0.0029497868155363965
2022-10-10,0.002960381083519428
2022-10-11,0.003120308440432233
2022-10-12,0.0030940302154988156
2022-10-13,0.0027702153035627356
2022-10-14,0.002771459892309045
2022-10-15,0.002772484062044646
2022-10-16,0.0027735082317802474
2022-10-17,0.0024259261873021496
2022-10-18,0.0022032357969199307
2022-10-19,0.0023677352962300996
2022-10-20,0.0024053226183727537
2022-10-21,0.0021980342804670426
2022-10-22,0.0021994726579201047
2022-10-23,0.0022009110353731643
2022-10-24,0.002161272865259141
2022-10-25,0.0020041666603755007
2022-10-26,0.0019962891364349875
2022-10-27,0.002001059939786265
2022-10-28,0.0019423077569122767
2022-10-29,0.001943750783877705
2022-10-30,0.0019451938108431353
2022-10-31,0.001996497780466229
2022-11-01,0.0019681437438518147
2022-11-02,0.0020099221239391054
2022-11-03,0.0020402407189348444
2022-11-04,0.001847817861416536
2022-11-05,0.001849312132860756
2022-11-06,0.001850806404304974
2022-11-07,0.0018172915768735836
2022-11-08,0.0018069762608465129
2022-11-09,0.0018855929237133373
2022-11-10,0.0015849699771688808
2022-11-11,0.0014135837126152523
2022-11-12,0.0014150220164119293
2022-11-13,0.001416460320208607
2022-11-14,0.0015044841394777284
2022-11-15,0.0014888316882769406
2022-11-16,0.00152648374204296
2022-11-17,0.0015468115104629852
2022-11-18,0.0015419432062814637
2022-11-19,0.0015432413898204484
2022-11-20,0.0015445395733594321
2022-11-21,0.001535251808284456
2022-11-22,0.0015219352861659372
2022-11-23,0.0015014670732653706
2022-11-24,0.0015028076610203531
2022-11-25,0.001486914119283569
2022-11-26,0.0014882563588060381
2022-11-27,0.0014895985983285074
2022-11-28,0.0016083409237114808
2022-11-29,0.0015765199513573945
2022-11-30,0.0014974529686650087
2022-12-01,0.0015796628413339256
2022-12-02,0.0016159057746107709
2022-12-03,0.0016170183996280368
2022-12-04,0.0016181310246453028
2022-12-05,0.001731787725988924
2022-12-06,0.0018528635256238328
2022-12-07,0.0018760631391854822
2022-12-08,0.00190234069159772
2022-12-09,0.0019072724672723597
2022-12-10,0.0019078194692259416
2022-12-11,0.0019083664711795247
2022-12-12,0.0018795209504156025
2022-12-13,0.0018685830389626387
2022-12-14,0.001909646539474608
2022-12-15,0.001956081608345821
2022-12-16,0.0019626193564111468
2022-12-17,0.0019631140668851564
2022-12-18,0.001963608777359166
2022-12-19,0.001929399142943169
2022-12-20,0.0019170816584589624
2022-12-21,0.0018703661887535434
2022-12-22,0.0018959811607966452
2022-12-23,0.0018874977007890445
2022-12-24,0.0018880113210297815
2022-12-25,0.0018885249412705191
2022-12-26,0.001889038561511257
2022-12-27,0.0018846843249673317
2022-12-28,0.0018681638105379746
2022-12-29,0.0018349801927548693
2022-12-30,0.0018404883539119038
2022-12-31,0.0018411044459379139
2023-01-01,0.001841720537963924
2023-01-02,0.0018423366299899332
2023-01-03,0.0018061684100265248
2023-01-04,0.0017397404277548901
2023-01-05,0.0017499993246532827
2023-01-06,0.001717505908586734
2023-01-07,0.0017181824838669079
2023-01-08,0.001718859059147081
2023-01-09,0.001739849130190208
2023-01-10,0.00171987741631074
2023-01-11,0.0017018503485220252
2023-01-12,0.0016880662817715443
2023-01-13,0.0016569301013356758
2023-01-14,0.0016576327335936236
2023-01-15,0.0016583353658515714
2023-01-16,0.0016590379981095184
2023-01-17,0.0016553614276805227
2023-01-18,0.0016708004589627969
2023-01-19,0.0016915884978919477
2023-01-20,0.001670815058632045
2023-01-21,0.0016712545161174839
2023-01-22,0.0016716939736029226
2023-01-23,0.001657312473954275
2023-01-24,0.001652692565266141
2023-01-25,0.0016396866320770897
2023-01-26,0.0016130355861618587
2023-01-27,0.0016266561331206458
2023-01-28,0.001627319212347665
2023-01-29,0.0016279822915746848
2023-01-30,0.0016419645254044416
2023-01-31,0.0016273699117238195
2023-02-01,0.0016037703658990455
2023-02-02,0.001601777081901187
2023-02-03,0.0015968383294507195
2023-02-04,0.0015976226673466423
2023-02-05,0.0015984070052425649
2023-02-06,0.0016233841561823165
2023-02-07,0.0015933808459662174
2023-02-08,0.0016039366293728063
2023-02-09,0.0016151450244797666
2023-02-10,0.0016250050265289723
2023-02-11,0.0016256728516437183
2023-02-12,0.001626340676758464
2023-02-13,0.0016071749464195671
2023-02-14,0.0015935863421786874
2023-02-15,0.0015967713063609603
2023-02-16,0.0016094409251211502
2023-02-17,0.0016084212260311774
2023-02-18,0.0016090144438046707
2023-02-19,0.001609607661578164
2023-02-20,0.0016102008793516566
2023-02-21,0.001636926173516266
2023-02-22,0.001652880703215322
2023-02-23,0.001647455248596478
2023-02-24,0.0016574757651612888
2023-02-25,0.001657946710424788
2023-02-26,0.0016584176556882877
2023-02-27,0.0016470032442021674
2023-02-28,0.0016437423557767782
2023-03-01,0.0016539021291028307
2023-03-02,0.0016749777342745659
2023-03-03,0.00164249667375114
2023-03-04,0.001642882668537871
2023-03-05,0.0016432686633246019
2023-03-06,0.0016432875634663732
2023-03-07,0.0016792140901805183
2023-03-08,0.0016932471156845548
2023-03-09,0.0017579843792210916
2023-03-10,0.0017463916873128717
2023-03-11,0.001746311883864492
2023-03-12,0.0017462320804161127
2023-03-13,0.0018018663066639458
2023-03-14,0.001837251404497317
2023-03-15,0.0017481231894953307
2023-03-16,0.0017497977210155877
2023-03-17,0.0017621958284971524
2023-03-18,0.0017619148628285866
2023-03-19,0.0017616338971600208
2023-03-20,0.0018383729537279061
2023-03-21,0.0019973120670025105
2023-03-22,0.0019850304198072316
2023-03-23,0.001888573408973528
2023-03-24,0.0018476302705395839
2023-03-25,0.0018471132857750972
2023-03-26,0.0018465963010106104
2023-03-27,0.0017666095037988476
2023-03-28,0.001786009509008354
2023-03-29,0.0018205366627766244
2023-03-30,0.0018804335145467244
2023-03-31,0.0019379386193198803
2023-04-01,0.0019374341543529135
2023-04-02,0.0019369296893859461
2023-04-03,0.0018829666353747537
2023-04-04,0.0019420505863901496
2023-04-05,0.001937457782882451
2023-04-06,0.0019225793233570744
2023-04-07,0.0019219919959094227
2023-04-08,0.001921404668461771
2023-04-09,0.0019208173410141189
2023-04-10,0.0019083596780705278
2023-04-11,0.0019440237299149347
2023-04-12,0.00193362795088723
2023-04-13,0.0019606731772374344
2023-04-14,0.0019497620151287464
2023-04-15,0.0019493691848419415
2023-04-16,0.001948976354555137
2023-04-17,0.0018716464124351841
2023-04-18,0.001859548047869868
2023-04-19,0.001875326951477011
2023-04-20,0.0018586327838375194
2023-04-21,0.00185627657771898
2023-04-22,0.0018561295608920856
2023-04-23,0.0018559825440651902
2023-04-24,0.0018791362980055619
2023-04-25,0.0018743100617923058
2023-04-26,0.0019393929007802291
2023-04-27,0.0019374596279873358
2023-04-28,0.0019057088223136441
2023-04-29,0.0019054569543274435
2023-04-30,0.0019052050863412428
2023-05-01,0.001905921284818737
2023-05-02,0.001962107982426355
2023-05-03,0.0019274169694536783
2023-05-04,0.0019669835795057913
2023-05-05,0.001992505838994859
2023-05-06,0.0019920140009145257
2023-05-07,0.0019915221628341905
2023-05-08,0.00198580907146301
2023-05-09,0.0019809734265856813
2023-05-10,0.001986793594934807
2023-05-11,0.0019535300228004
2023-05-12,0.0019804138890877846
2023-05-13,0.0019798657692967426
2023-05-14,0.0019793176495057014
2023-05-15,0.001949899900591186
2023-05-16,0.0019440753011060322
2023-05-17,0.0018735465860225341
2023-05-18,0.0018959104490462262
2023-05-19,0.001967697941521344
2023-05-20,0.0019672409419949953
2023-05-21,0.001966783942468648
2023-05-22,0.001958510211444958
2023-05-23,0.001907447398640966
2023-05-24,0.001928846180638285
2023-05-25,0.0019144426586023848
2023-05-26,0.001927743294928244
2023-05-27,0.0019273535469485922
2023-05-28,0.0019269637989689419
2023-05-29,0.0019265740509892915
2023-05-30,0.0018910173049497595
2023-05-31,0.001876130635073922
2023-06-01,0.0019501287421576936
2023-06-02,0.0019130587604361392
2023-06-03,0.0019127318136317722
2023-06-04,0.0019124048668274051
2023-06-05,0.0019292107994391865
2023-06-06,0.001900569520826055
2023-06-07,0.0018783968768323535
2023-06-08,0.0018964303341250247
2023-06-09,0.0018882831891351148
2023-06-10,0.0018880364424375923
2023-06-11,0.0018877896957400695
2023-06-12,0.0019065361730889407
2023-06-13,0.0018847851117734292
2023-06-14,0.0019220994763621741
2023-06-15,0.0018979527306628953
2023-06-16,0.0019102340148382585
2023-06-17,0.0019099466925064361
2023-06-18,0.001909659370174614
2023-06-19,0.0019093720478427906
2023-06-20,0.0019068856419495379
2023-06-21,0.0019282000424766805
2023-06-22,0.001965937477537004
2023-06-23,0.0019687278916576036
2023-06-24,0.00196823919357042
2023-06-25,0.001967750495483236
2023-06-26,0.0019104047980421468
2023-06-27,0.0019309852996299676
2023-06-28,0.0019408856501191155
2023-06-29,0.001905655561857452
2023-06-30,0.0019278124852926178
2023-07-01,0.0019274465564435973
2023-07-02,0.0019270806275945782
2023-07-03,0.0019041706192908887
2023-07-04,0.00190387825592449
2023-07-05,0.001863932951410585
2023-07-06,0.001892528719470637
2023-07-07,0.0019161844227460673
2023-07-08,0.001915837165438625
2023-07-09,0.0019154899081311814
2023-07-10,0.0019151426508237388
