Date,UBS - HSBC Accumulated Oriented Area
2019-01-01,0.0
2019-01-02,0.0
2019-01-03,7.027590213376261e-08
2019-01-04,-2.8154417115232194e-08
2019-01-05,8.644445835051901e-08
2019-01-06,2.0104333381648875e-07
2019-01-07,-5.846049976041324e-06
2019-01-08,-4.849279218187333e-06
2019-01-09,-1.562070998444521e-06
2019-01-10,-2.6467933231335214e-06
2019-01-11,-5.232304389420924e-06
2019-01-12,-5.116706044040569e-06
2019-01-13,-5.00110769866056e-06
2019-01-14,-1.2272271287858636e-05
2019-01-15,-8.208238251653415e-06
2019-01-16,-6.296203034963437e-06
2019-01-17,-6.418807014628569e-06
2019-01-18,8.631243823310797e-07
2019-01-19,1.0722993008952921e-06
2019-01-20,1.2814742194599195e-06
2019-01-21,1.4906491380240963e-06
2019-01-22,6.900256897356111e-06
2019-01-23,7.311079338561912e-06
2019-01-24,4.808092102137898e-06
2019-01-25,8.988024121482206e-06
2019-01-26,9.153181024306541e-06
2019-01-27,9.318337927130663e-06
2019-01-28,8.55294662074171e-06
2019-01-29,1.3317856546514868e-05
2019-01-30,1.0681300059797088e-05
2019-01-31,1.6498421448856733e-05
2019-02-01,1.6974408333343772e-05
2019-02-02,1.7103817867170837e-05
2019-02-03,1.723322740099798e-05
2019-02-04,1.92904114768494e-05
2019-02-05,1.4846415244149615e-05
2019-02-06,1.448745522628181e-05
2019-02-07,2.0132699096569913e-05
2019-02-08,2.2589469512500913e-05
2019-02-09,2.2709684105439078e-05
2019-02-10,2.2829898698377263e-05
2019-02-11,2.2822316928995928e-05
2019-02-12,1.923631081354802e-05
2019-02-13,1.6740580531450594e-05
2019-02-14,2.613864342304616e-05
2019-02-15,1.4499508502858049e-05
2019-02-16,1.4770039452237368e-05
2019-02-17,1.5040570401617071e-05
2019-02-18,1.5311101350996676e-05
2019-02-19,1.2105842867914026e-05
2019-02-20,2.3254401659764535e-05
2019-02-21,3.947472178370966e-05
2019-02-22,4.065881932030284e-05
2019-02-23,4.062084771422731e-05
2019-02-24,4.0582876108152e-05
2019-02-25,4.207600147636891e-05
2019-02-26,4.0928705152104905e-05
2019-02-27,3.87911501470163e-05
2019-02-28,4.003335066720721e-05
2019-03-01,4.08729240593162e-05
2019-03-02,4.08503064473913e-05
2019-03-03,4.082768883546632e-05
2019-03-04,4.035720905185135e-05
2019-03-05,3.838759753075225e-05
2019-03-06,3.972335496051905e-05
2019-03-07,4.362951936475416e-05
2019-03-08,4.397981042545668e-05
2019-03-09,4.393009310150408e-05
2019-03-10,4.388037577755103e-05
2019-03-11,3.944081977085031e-05
2019-03-12,3.80966971518665e-05
2019-03-13,3.5588851995119975e-05
2019-03-14,3.490358941572076e-05
2019-03-15,3.1185020813787075e-05
2019-03-16,3.122783738569712e-05
2019-03-17,3.127065395760746e-05
2019-03-18,2.3695690269053094e-05
2019-03-19,2.4021191981605275e-05
2019-03-20,3.0377819636221366e-05
2019-03-21,3.380826699377566e-05
2019-03-22,4.979454650082275e-05
2019-03-23,4.9682790234273705e-05
2019-03-24,4.957103396772416e-05
2019-03-25,4.8991768405944795e-05
2019-03-26,4.484686625953795e-05
2019-03-27,4.2968341712109095e-05
2019-03-28,4.642445053778178e-05
2019-03-29,4.489177953589047e-05
2019-03-30,4.481905954628031e-05
2019-03-31,4.474633955667059e-05
2019-04-01,1.8037533486942177e-05
2019-04-02,1.1973976272478585e-05
2019-04-03,1.4732314071365195e-06
2019-04-04,1.6910506456791055e-06
2019-04-05,1.274861628564065e-06
2019-04-06,1.4768291065296924e-06
2019-04-07,1.67879658449513e-06
2019-04-08,2.3908902005676208e-06
2019-04-09,2.2306541210089697e-06
2019-04-10,6.199592867739663e-06
2019-04-11,-6.662094383831119e-06
2019-04-12,-1.6564748518309522e-05
2019-04-13,-1.6272322727497513e-05
2019-04-14,-1.5979896936685413e-05
2019-04-15,-1.914046590703742e-05
2019-04-16,-3.179557612617788e-05
2019-04-17,-4.5181406981016115e-05
2019-04-18,-4.117867092237184e-05
2019-04-19,-4.0830710684945416e-05
2019-04-20,-4.048275044751903e-05
2019-04-21,-4.013479021009261e-05
2019-04-22,-3.989313826697729e-05
2019-04-23,-2.8895843308623677e-05
2019-04-24,-3.3379638013166136e-05
2019-04-25,-4.029669278487239e-05
2019-04-26,-3.823133395245424e-05
2019-04-27,-3.790307011371447e-05
2019-04-28,-3.75748062749748e-05
2019-04-29,-5.085272562271306e-05
2019-04-30,-4.228369645311704e-05
2019-05-01,-3.2830866988702384e-05
2019-05-02,-3.808642293429564e-05
2019-05-03,-2.8220947293847755e-05
2019-05-04,-2.7695132224188634e-05
2019-05-05,-2.7169317154528985e-05
2019-05-06,4.781073822094238e-05
2019-05-07,8.596347753804097e-05
2019-05-08,9.011212495858007e-05
2019-05-09,0.00010081964176228776
2019-05-10,9.830965548719044e-05
2019-05-11,9.85249929275481e-05
2019-05-12,9.874033036790525e-05
2019-05-13,0.00014151560060077752
2019-05-14,0.00013785956481788037
2019-05-15,0.00012431689797671414
2019-05-16,0.00012524456695652393
2019-05-17,0.00014619021667545658
2019-05-18,0.00014623694227772376
2019-05-19,0.00014628366787999158
2019-05-20,0.00015133852976517644
2019-05-21,0.00014206636269536906
2019-05-22,0.00014575509911588248
2019-05-23,0.00014674177918272803
2019-05-24,0.00013443433279775776
2019-05-25,0.00013452594496956067
2019-05-26,0.00013461755714136295
2019-05-27,0.00013470916931316592
2019-05-28,0.00016073216970886826
2019-05-29,0.00016198294638044392
2019-05-30,0.00017525872956045593
2019-05-31,0.00020213846781736295
2019-06-01,0.00020203498119045877
2019-06-02,0.0002019314945635554
2019-06-03,0.00019795229512149153
2019-06-04,0.0001773953184673932
2019-06-05,0.0001798080436652905
2019-06-06,0.00017774509171235783
2019-06-07,0.00016578996282878852
2019-06-08,0.0001658048860110911
2019-06-09,0.0001658198091933929
2019-06-10,0.0001569667593651108
2019-06-11,0.00015081439075412064
2019-06-12,0.00017697079920973402
2019-06-13,0.00018524507946500977
2019-06-14,0.00020065157519274035
2019-06-15,0.00020055595901067566
2019-06-16,0.00020046034282861192
2019-06-17,0.00020683387452717202
2019-06-18,0.00017523388791759715
2019-06-19,0.00016505069272599335
2019-06-20,0.00015537871565788377
2019-06-21,0.00018292270021932658
2019-06-22,0.00018287886721140328
2019-06-23,0.0001828350342034792
2019-06-24,0.0001842396403086568
2019-06-25,0.00018941930015999465
2019-06-26,0.000178943759022969
2019-06-27,0.00016403621541799684
2019-06-28,0.00015026856415626208
2019-06-29,0.0001503228045747304
2019-06-30,0.0001503770449931995
2019-07-01,0.00014324454904884849
2019-07-02,0.00013381069785510388
2019-07-03,0.00013034418433961395
2019-07-04,0.00013045465945877118
2019-07-05,0.00012427597947261326
2019-07-06,0.00012439585052344325
2019-07-07,0.00012451572157427324
2019-07-08,0.00014218014895292863
2019-07-09,0.00014429541797920958
2019-07-10,0.00014646121920159364
2019-07-11,0.00013966809682246
2019-07-12,0.0001399320656410749
2019-07-13,0.0001400018694525472
2019-07-14,0.00014007167326401888
2019-07-15,0.0001402900189074501
2019-07-16,0.00014882445293272354
2019-07-17,0.000160906163256574
2019-07-18,0.00015100875253604655
2019-07-19,0.00015915079718602205
2019-07-20,0.00015916420436196889
2019-07-21,0.00015917761153791664
2019-07-22,0.000151576122407674
2019-07-23,0.0001380352510698528
2019-07-24,0.0001727408819812783
2019-07-25,0.00018937403143311183
2019-07-26,0.0001829459724468558
2019-07-27,0.0001828741641134596
2019-07-28,0.0001828023557800624
2019-07-29,0.0002094964400488662
2019-07-30,0.00022295295919285603
2019-07-31,0.000237642312236547
2019-08-01,0.00026568217846186036
2019-08-02,0.00029720556653341646
2019-08-03,0.0002968913371222748
2019-08-04,0.0002965771077111342
2019-08-05,0.00038680444577045313
2019-08-06,0.00036722222851543244
2019-08-07,0.00035980439379798893
2019-08-08,0.0003564862959283499
2019-08-09,0.00040232310030796837
2019-08-10,0.0004017732960082687
2019-08-11,0.00040122349170856767
2019-08-12,0.0004632542345767596
2019-08-13,0.00044141047564578295
2019-08-14,0.00048417929393054955
2019-08-15,0.0005233160557017061
2019-08-16,0.0005064955335533521
2019-08-17,0.0005056671098329326
2019-08-18,0.0005048386861125146
2019-08-19,0.0004702101264095012
2019-08-20,0.0004995617930648729
2019-08-21,0.0004976315720548097
2019-08-22,0.0005235754763000548
2019-08-23,0.0005573571011906514
2019-08-24,0.0005564644209731414
2019-08-25,0.0005555717407556298
2019-08-26,0.0005744091915690335
2019-08-27,0.000560668115507772
2019-08-28,0.0005674693146973613
2019-08-29,0.0005340298934411316
2019-08-30,0.0005418535743720685
2019-08-31,0.0005410113428851373
2019-09-01,0.0005401691113982069
2019-09-02,0.000539326879911275
2019-09-03,0.0005234898623377295
2019-09-04,0.0004532269108566369
2019-09-05,0.0004692203079361386
2019-09-06,0.00046711776483376617
2019-09-07,0.00046644444469984736
2019-09-08,0.0004657711245659286
2019-09-09,0.0004441306815001063
2019-09-10,0.00042073336820722427
2019-09-11,0.00039446755519601234
2019-09-12,0.0003831815523374721
2019-09-13,0.0003656837189362367
2019-09-14,0.0003653911684189055
2019-09-15,0.0003650986179015733
2019-09-16,0.0004039399129170234
2019-09-17,0.0004020750758284652
2019-09-18,0.0004084036413770612
2019-09-19,0.00041045945540350143
2019-09-20,0.00041071863461237493
2019-09-21,0.0004102700964827699
2019-09-22,0.000409821558353166
2019-09-23,0.0004069870729773887
2019-09-24,0.00041364699839278494
2019-09-25,0.00040785534658516746
2019-09-26,0.00039701680592986243
2019-09-27,0.0004001117972492669
2019-09-28,0.0003996495953493659
2019-09-29,0.0003991873934494636
2019-09-30,0.0003886544053667491
2019-10-01,0.0004091108012487994
2019-10-02,0.00043884551729557816
2019-10-03,0.0004079424548053772
2019-10-04,0.0004297412436222561
2019-10-05,0.00042909849558488524
2019-10-06,0.0004284557475475159
2019-10-07,0.00042798114453555407
2019-10-08,0.00046570345462777524
2019-10-09,0.0004386058516382161
2019-10-10,0.00046114901198584775
2019-10-11,0.000371343723298539
2019-10-12,0.0003708709974153938
2019-10-13,0.0003703982715322475
2019-10-14,0.0003638295030127172
2019-10-15,0.00034501600124178664
2019-10-16,0.00033657197941845
2019-10-17,0.00032300488924311664
2019-10-18,0.00033641401606956185
2019-10-19,0.0003360347951156868
2019-10-20,0.00033565557416181306
2019-10-21,0.0003116552715122006
2019-10-22,0.00030627520851879604
2019-10-23,0.0002989573707671128
2019-10-24,0.00029317613668717474
2019-10-25,0.0002904030407955385
2019-10-26,0.00029016438078318594
2019-10-27,0.00028992572077083236
2019-10-28,0.000381266860612041
2019-10-29,0.0003948987955079636
2019-10-30,0.0003827967439673928
2019-10-31,0.0003868795741762478
2019-11-01,0.0003804535133522058
2019-11-02,0.0003800342606510074
2019-11-03,0.0003796150079498101
2019-11-04,0.00037270511353851103
2019-11-05,0.00037829183206034776
2019-11-06,0.0003746680211116826
2019-11-07,0.0003831903633300819
2019-11-08,0.0003869198769874297
2019-11-09,0.00038655928445178024
2019-11-10,0.00038619869191613065
2019-11-11,0.0004103360968839801
2019-11-12,0.0004069785437900019
2019-11-13,0.0004345057651141508
2019-11-14,0.00043903105660402213
2019-11-15,0.00043247851143706504
2019-11-16,0.00043193104435195866
2019-11-17,0.0004313835772668506
2019-11-18,0.0004181898389442304
2019-11-19,0.0004013684318038292
2019-11-20,0.0004139063063501783
2019-11-21,0.000430676381138399
2019-11-22,0.0004223641417894748
2019-11-23,0.0004218428844857359
2019-11-24,0.0004213216271819983
2019-11-25,0.0004094147704424669
2019-11-26,0.00040161955792696806
2019-11-27,0.00040013516698842204
2019-11-28,0.0003996772813836026
2019-11-29,0.0004118004435458693
2019-11-30,0.0004112835491759851
2019-12-01,0.0004107666548060999
2019-12-02,0.000429970492579563
2019-12-03,0.00044236211195282393
2019-12-04,0.0004404288016604096
2019-12-05,0.00045039824315050393
2019-12-06,0.00042137743723563595
2019-12-07,0.00042079590989234616
2019-12-08,0.00042021438254905734
2019-12-09,0.00042131427315271805
2019-12-10,0.0004213885135164938
2019-12-11,0.00038806196849154096
2019-12-12,0.0003557510607344936
2019-12-13,0.0003321413014924071
2019-12-14,0.0003317958375463968
2019-12-15,0.0003314503736003855
2019-12-16,0.00031129665106762437
2019-12-17,0.0003143245967331962
2019-12-18,0.0003053759767734534
2019-12-19,0.0003128812703288614
2019-12-20,0.0003105216614407078
2019-12-21,0.00031024786017597373
2019-12-22,0.0003099740589112406
2019-12-23,0.0003164909015326608
2019-12-24,0.0003205474161550303
2019-12-25,0.0003202489055112467
2019-12-26,0.0003098807803067769
2019-12-27,0.0003060958712058977
2019-12-28,0.00030584532262631126
2019-12-29,0.00030559477404672403
2019-12-30,0.00030811925685627446
2019-12-31,0.00030260039093625926
2020-01-01,0.000302368021393338
2020-01-02,0.0002952357960139357
2020-01-03,0.00031655800954643405
2020-01-04,0.00031629103741109913
2020-01-05,0.00031602406527576486
2020-01-06,0.00032085457650976644
2020-01-07,0.0003422067418239902
2020-01-08,0.00035198814904129473
2020-01-09,0.000343954096131863
2020-01-10,0.000350950173790398
2020-01-11,0.00035061878888811393
2020-01-12,0.00035028740398582983
2020-01-13,0.00033957851807413404
2020-01-14,0.0003460991080551629
2020-01-15,0.0003447095047052379
2020-01-16,0.0003387544280439353
2020-01-17,0.0003315997266539462
2020-01-18,0.000331365914507142
2020-01-19,0.0003311321023603372
2020-01-20,0.00033089829021353294
2020-01-21,0.0003449147824045695
2020-01-22,0.0003527176665113668
2020-01-23,0.0003674498233230364
2020-01-24,0.00036762709846013955
2020-01-25,0.0003671852008630942
2020-01-26,0.00036674330326604964
2020-01-27,0.00040763544297077025
2020-01-28,0.00039324858345771797
2020-01-29,0.00040030234300150855
2020-01-30,0.0003846520025624563
2020-01-31,0.0004110068365818585
2020-02-01,0.000410368856012337
2020-02-02,0.0004097308754428139
2020-02-03,0.0004196535796923493
2020-02-04,0.00040175335867143026
2020-02-05,0.00040131789708737096
2020-02-06,0.00040285916125320115
2020-02-07,0.0003984675915365685
2020-02-08,0.0003980172810010153
2020-02-09,0.00039756697046546333
2020-02-10,0.00039775517366079176
2020-02-11,0.00036973600901416345
2020-02-12,0.0003644224421914221
2020-02-13,0.00037171010365220724
2020-02-14,0.00037829250947974595
2020-02-15,0.00037794382646084935
2020-02-16,0.00037759514344195205
2020-02-17,0.0003772464604230557
2020-02-18,0.00046809349756357166
2020-02-19,0.0004507765654647029
2020-02-20,0.00046370795565066683
2020-02-21,0.00042077463217657797
2020-02-22,0.00042020421103911
2020-02-23,0.00041963378990164283
2020-02-24,0.0004054453569998494
2020-02-25,0.0004008126663540351
2020-02-26,0.0003218121941637501
2020-02-27,0.00042230878862831677
2020-02-28,0.00039507007426116896
2020-02-29,0.0003939115741137814
2020-03-01,0.000392753073966392
2020-03-02,0.0004195156779359709
2020-03-03,0.0004821335347521213
2020-03-04,0.0004504733520094629
2020-03-05,0.0003889980973691985
2020-03-06,0.00042656601860408493
2020-03-07,0.00042515078866207115
2020-03-08,0.00042373555872005954
2020-03-09,0.00036315689081753747
2020-03-10,0.0003860391723119208
2020-03-11,0.000347716373560311
2020-03-12,0.0003810442500884288
2020-03-13,0.0004097127831899224
2020-03-14,0.0004077631022680482
2020-03-15,0.00040581342134617533
2020-03-16,0.0001699667872768877
2020-03-17,9.654350815216329e-05
2020-03-18,0.000254613472908868
2020-03-19,0.0003301486998082369
2020-03-20,0.0002307748921359736
2020-03-21,0.00022852951441942437
2020-03-22,0.00022628413670287384
2020-03-23,0.00027977289140625975
2020-03-24,0.00041854574061952495
2020-03-25,0.0004973908982501602
2020-03-26,0.0006661124935639662
2020-03-27,0.0007092732193866884
2020-03-28,0.0007071699087086124
2020-03-29,0.0007050665980305388
2020-03-30,0.0007759678868773893
2020-03-31,0.0008387186695312238
2020-04-01,0.0013484553018629278
2020-04-02,0.0015833726251616954
2020-04-03,0.0015224363931645435
2020-04-04,0.0015193817798053299
2020-04-05,0.0015163271664461121
2020-04-06,0.0017055424353181637
2020-04-07,0.0016809961805024124
2020-04-08,0.0015831428845889184
2020-04-09,0.001670304567065445
2020-04-10,0.0016678715060746312
2020-04-11,0.0016654384450838144
2020-04-12,0.0016630053840930002
2020-04-13,0.001547446378738575
2020-04-14,0.0015581277956141038
2020-04-15,0.0015900964891877316
2020-04-16,0.0015026820854191782
2020-04-17,0.0016030840934540568
2020-04-18,0.0016004521490124814
2020-04-19,0.0015978202045709038
2020-04-20,0.001714747948840539
2020-04-21,0.0016537771666642871
2020-04-22,0.0015609413756010897
2020-04-23,0.00161306516147646
2020-04-24,0.0016696579571339482
2020-04-25,0.0016668012550288974
2020-04-26,0.0016639445529238474
2020-04-27,0.001685589579243166
2020-04-28,0.001977543545637392
2020-04-29,0.0021853545980184876
2020-04-30,0.002211675548763277
2020-05-01,0.002091360479888567
2020-05-02,0.0020886610539201053
2020-05-03,0.002085961627951642
2020-05-04,0.002056252599208464
2020-05-05,0.0017134064480310422
2020-05-06,0.0016894888627569029
2020-05-07,0.001711576231600933
2020-05-08,0.0017080736760223681
2020-05-09,0.0017054049430867489
2020-05-10,0.0017027362101511314
2020-05-11,0.0016150427530009434
2020-05-12,0.0016248361188255847
2020-05-13,0.0016088591103697758
2020-05-14,0.0015946405968594837
2020-05-15,0.001580021236746479
2020-05-16,0.0015770109979524186
2020-05-17,0.001574000759158361
2020-05-18,0.001787541380905393
2020-05-19,0.0017950838364629176
2020-05-20,0.00189115156218038
2020-05-21,0.0020101385847465124
2020-05-22,0.0022194553149419097
2020-05-23,0.0022161997536693694
2020-05-24,0.0022129441923968264
2020-05-25,0.0022096886311242865
2020-05-26,0.002397374695467982
2020-05-27,0.0025997665227409676
2020-05-28,0.0026552071250867293
2020-05-29,0.002730271455397475
2020-05-30,0.002727116160969988
2020-05-31,0.0027239608665425023
2020-06-01,0.002667903106232535
2020-06-02,0.0027590147940675727
2020-06-03,0.0028360804645416885
2020-06-04,0.0028549809309218336
2020-06-05,0.002674353409944082
2020-06-06,0.002672021112075167
2020-06-07,0.002669688814206252
2020-06-08,0.0027789126963433473
2020-06-09,0.0027911012018525406
2020-06-10,0.0027480477338167855
2020-06-11,0.0026071038230725515
2020-06-12,0.0026296175778026806
2020-06-13,0.002626685527658973
2020-06-14,0.0026237534775152673
2020-06-15,0.0026882038295140925
2020-06-16,0.0027204255877327863
2020-06-17,0.0027364442799672453
2020-06-18,0.0027848663534123883
2020-06-19,0.0025552698263250698
2020-06-20,0.002552349944070513
2020-06-21,0.0025494300618159544
2020-06-22,0.0027655645738226074
2020-06-23,0.0027966278565177746
2020-06-24,0.0027299765003910154
2020-06-25,0.002890125419596352
2020-06-26,0.0029049579712680843
2020-06-27,0.002901918056784093
2020-06-28,0.0028988781423001046
2020-06-29,0.002951056424071943
2020-06-30,0.0030886310949785204
2020-07-01,0.0030294716852232017
2020-07-02,0.00298739639919654
2020-07-03,0.00298459055879182
2020-07-04,0.0029817847183870993
2020-07-05,0.0029789788779823767
2020-07-06,0.0029136419516109734
2020-07-07,0.002953444550051115
2020-07-08,0.0031148959425287533
2020-07-09,0.0030891234983722446
2020-07-10,0.003177151666255107
2020-07-11,0.0031742857911900447
2020-07-12,0.003171419916124981
2020-07-13,0.003094789364426769
2020-07-14,0.003280515438653959
2020-07-15,0.0031844838751009614
2020-07-16,0.0032045807804806756
2020-07-17,0.0032743358040161555
2020-07-18,0.003271421490244465
2020-07-19,0.003268507176472775
2020-07-20,0.0032346735878172697
2020-07-21,0.0033136414223557667
2020-07-22,0.003418104517097637
2020-07-23,0.00333331505558812
2020-07-24,0.0033520648510782904
2020-07-25,0.0033490756446078896
2020-07-26,0.0033460864381374866
2020-07-27,0.0035014211935382074
2020-07-28,0.003355582169951956
2020-07-29,0.0031679962684093704
2020-07-30,0.0031553617614594673
2020-07-31,0.0031341726351172333
2020-08-01,0.003131009374166364
2020-08-02,0.003127846113215496
2020-08-03,0.003416622168900591
2020-08-04,0.003461636172681755
2020-08-05,0.003607141863102576
2020-08-06,0.003692441950244537
2020-08-07,0.003662463889201385
2020-08-08,0.0036590292578215526
2020-08-09,0.0036555946264417187
2020-08-10,0.003655205287694318
2020-08-11,0.0035554996070390602
2020-08-12,0.003578983401150676
2020-08-13,0.003621298592550756
2020-08-14,0.0035786664474107906
2020-08-15,0.0035754686429358114
2020-08-16,0.00357227083846083
2020-08-17,0.003556786650015943
2020-08-18,0.0035088044614238483
2020-08-19,0.003502109052598211
2020-08-20,0.0034600553490207243
2020-08-21,0.0034703163084863677
2020-08-22,0.00346694220820294
2020-08-23,0.0034635681079195147
2020-08-24,0.003512465469304892
2020-08-25,0.0035143723357680934
2020-08-26,0.0036420690445723393
2020-08-27,0.003608364502236305
2020-08-28,0.0035881325742556924
2020-08-29,0.003584880333108999
2020-08-30,0.0035816280919623083
2020-08-31,0.0035114797804028756
2020-09-01,0.0035997358066805645
2020-09-02,0.003722334787895049
2020-09-03,0.003647384436476931
2020-09-04,0.0036322701523572583
2020-09-05,0.003628850694045542
2020-09-06,0.0036254312357338254
2020-09-07,0.0036220117774221094
2020-09-08,0.0035234710098633044
2020-09-09,0.0036637431851742593
2020-09-10,0.0036705351573321186
2020-09-11,0.0037014693731441586
2020-09-12,0.00369787225558237
2020-09-13,0.0036942751380205827
2020-09-14,0.003880068725734022
2020-09-15,0.003708346959227949
2020-09-16,0.003800941716658544
2020-09-17,0.0037841885259614896
2020-09-18,0.003680353889260842
2020-09-19,0.0036764955250215394
2020-09-20,0.0036726371607822385
2020-09-21,0.003376533504749839
2020-09-22,0.0033229769197155212
2020-09-23,0.003010855355679957
2020-09-24,0.0028954786488627543
2020-09-25,0.0027195406163080496
2020-09-26,0.00271510411106045
2020-09-27,0.002710667605812845
2020-09-28,0.0026826635258623043
2020-09-29,0.0027726275566243882
2020-09-30,0.0028389190230219095
2020-10-01,0.00290981066428551
2020-10-02,0.0029152844669173444
2020-10-03,0.0029114066911398334
2020-10-04,0.0029075289153623236
2020-10-05,0.0030621242927569015
2020-10-06,0.003059290451818069
2020-10-07,0.003101098056899201
2020-10-08,0.003129818502333158
2020-10-09,0.003084621684406074
2020-10-10,0.0030808394620082244
2020-10-11,0.003077057239610372
2020-10-12,0.003151950897895436
2020-10-13,0.0031232153463755415
2020-10-14,0.0031402639183845684
2020-10-15,0.0030388582490991755
2020-10-16,0.0031056954604426062
2020-10-17,0.0031017986308909443
2020-10-18,0.003097901801339284
2020-10-19,0.003165333654628277
2020-10-20,0.003606901903898652
2020-10-21,0.003499899878255209
2020-10-22,0.0036002886076021935
2020-10-23,0.003472877120577084
2020-10-24,0.003469347692432644
2020-10-25,0.0034658182642882014
2020-10-26,0.003454856413455616
2020-10-27,0.0031096309615536557
2020-10-28,0.0029650631103358936
2020-10-29,0.002821700076489458
2020-10-30,0.002924488874132344
2020-10-31,0.0029209250389220765
2020-11-01,0.0029173612037118107
2020-11-02,0.002997074150575596
2020-11-03,0.0032871396915636506
2020-11-04,0.0033544097369131976
2020-11-05,0.0035218602356641778
2020-11-06,0.003523176997266681
2020-11-07,0.003520034180459494
2020-11-08,0.00351689136365231
2020-11-09,0.0034774985427739784
2020-11-10,0.00355562114790999
2020-11-11,0.0034569777480349005
2020-11-12,0.003482579206473289
2020-11-13,0.00354317558029648
2020-11-14,0.0035405806059019907
2020-11-15,0.003537985631507502
2020-11-16,0.0037007840740410757
2020-11-17,0.0038350212399626085
2020-11-18,0.0037076203071587733
2020-11-19,0.0037825142927900165
2020-11-20,0.003768012931864762
2020-11-21,0.0037656247807567184
2020-11-22,0.0037632366296486757
2020-11-23,0.0037923064215445793
2020-11-24,0.003798998910987672
2020-11-25,0.0037442158046506043
2020-11-26,0.003742139108663642
2020-11-27,0.003707815558693737
2020-11-28,0.0037057616310921344
2020-11-29,0.003703707703490531
2020-11-30,0.0036262918518409903
2020-12-01,0.0036498619411234855
2020-12-02,0.003629595548453774
2020-12-03,0.003592048174507918
2020-12-04,0.0035594160922284832
2020-12-05,0.0035576356992745636
2020-12-06,0.0035558553063206443
2020-12-07,0.0036319200846753477
2020-12-08,0.0036640618689807117
2020-12-09,0.003645327584732413
2020-12-10,0.0035569181411969015
2020-12-11,0.0035029208491203067
2020-12-12,0.0035007606607888597
2020-12-13,0.0034986004724574114
2020-12-14,0.0034778809668051395
2020-12-15,0.003579904466337622
2020-12-16,0.00356825192330347
2020-12-17,0.003528565923063068
2020-12-18,0.0035495485457888772
2020-12-19,0.003547325634669046
2020-12-20,0.003545102723549218
2020-12-21,0.003499766419022992
2020-12-22,0.0034540378173224307
2020-12-23,0.0035763375266565202
2020-12-24,0.003553595414593092
2020-12-25,0.0035513430921026126
2020-12-26,0.003549090769612134
2020-12-27,0.003546838447121655
2020-12-28,0.0035659790663673564
2020-12-29,0.0035777958802320656
2020-12-30,0.003545854665879843
2020-12-31,0.003572749223580486
2021-01-01,0.0035704727279997506
2021-01-02,0.0035681962324190146
2021-01-03,0.0035659197368382795
2021-01-04,0.003638773672786559
2021-01-05,0.0037411466201427226
2021-01-06,0.003760068139541403
2021-01-07,0.0038863617615744915
2021-01-08,0.0038225340884146556
2021-01-09,0.0038207151869913848
2021-01-10,0.0038188962855681126
2021-01-11,0.003817179952486956
2021-01-12,0.003829305875976026
2021-01-13,0.0037826421125932205
2021-01-14,0.0038008073556374425
2021-01-15,0.003788181147387457
2021-01-16,0.003786253482770473
2021-01-17,0.00378432581815349
2021-01-18,0.0037823981535365057
2021-01-19,0.0036754242874355554
2021-01-20,0.003699822682300096
2021-01-21,0.0036554549410047635
2021-01-22,0.0036765791062406566
2021-01-23,0.00367472480912253
2021-01-24,0.0036728705120044032
2021-01-25,0.0035986509853086967
2021-01-26,0.003710861947485965
2021-01-27,0.0036047853785210883
2021-01-28,0.0037878814642611607
2021-01-29,0.0036098594218675452
2021-01-30,0.0036076486782347416
2021-01-31,0.0036054379346019396
2021-02-01,0.003680301578691575
2021-02-02,0.00372621419795523
2021-02-03,0.0037608858480637913
2021-02-04,0.0037422944615888914
2021-02-05,0.0037411621403407964
2021-02-06,0.0037391035436473777
2021-02-07,0.00373704494695396
2021-02-08,0.0038617908690622886
2021-02-09,0.003836012759375643
2021-02-10,0.0038490777305770743
2021-02-11,0.0038190875655141946
2021-02-12,0.003822950875154144
2021-02-13,0.003821125646777026
2021-02-14,0.003819300418399907
2021-02-15,0.003817475190022789
2021-02-16,0.0038516516986338333
2021-02-17,0.0037928761806310255
2021-02-18,0.0037568228540942987
2021-02-19,0.0037829369187586006
2021-02-20,0.003781440821545794
2021-02-21,0.003779944724332988
2021-02-22,0.0038080965769086107
2021-02-23,0.003785748832800909
2021-02-24,0.003839552047638001
2021-02-25,0.0038115474407885677
2021-02-26,0.003768392174684842
2021-02-27,0.0037669226041540235
2021-02-28,0.0037654530336232043
2021-03-01,0.003843541382607236
2021-03-02,0.003871706326840623
2021-03-03,0.003815248550493835
2021-03-04,0.003743090553202017
2021-03-05,0.003747811354517177
2021-03-06,0.0037465100704839193
2021-03-07,0.0037452087864506605
2021-03-08,0.003721975126788281
2021-03-09,0.0037251430627687726
2021-03-10,0.0037299114409765936
2021-03-11,0.003748140326595918
2021-03-12,0.003743369045144431
2021-03-13,0.003741900442467693
2021-03-14,0.0037404318397909544
2021-03-15,0.0037356089766576363
2021-03-16,0.0037688390576021023
2021-03-17,0.003801243788723698
2021-03-18,0.00383511814446215
2021-03-19,0.0038508999439005164
2021-03-20,0.0038495016986730204
2021-03-21,0.0038481034534455245
2021-03-22,0.0038815654072983543
2021-03-23,0.0038016165003584104
2021-03-24,0.003828727249854538
2021-03-25,0.003883661224952138
2021-03-26,0.003872966919101982
2021-03-27,0.003871430926634548
2021-03-28,0.0038698949341671148
2021-03-29,0.0037694771592049676
2021-03-30,0.003748087280318494
2021-03-31,0.003744936283653766
2021-04-01,0.003812878901883322
2021-04-02,0.003811349459365931
2021-04-03,0.003809820016848541
2021-04-04,0.00380829057433115
2021-04-05,0.003834641608028196
2021-04-06,0.0038860876266576124
2021-04-07,0.0038702407065326163
2021-04-08,0.0038453817003446435
2021-04-09,0.003858492779558768
2021-04-10,0.0038570976128188823
2021-04-11,0.0038557024460789957
2021-04-12,0.003853296738079736
2021-04-13,0.0037544022367533235
2021-04-14,0.0037762928482814387
2021-04-15,0.00379992449511202
2021-04-16,0.0038413611321151783
2021-04-17,0.0038399060200379033
2021-04-18,0.0038384509079606283
2021-04-19,0.003793477185993159
2021-04-20,0.0037417249026936382
2021-04-21,0.0037068643180388737
2021-04-22,0.0036731658670797534
2021-04-23,0.0036807085428121017
2021-04-24,0.003679105852385934
2021-04-25,0.003677503161959767
2021-04-26,0.0036697979394595477
2021-04-27,0.0035502235799596926
2021-04-28,0.0036060849994889
2021-04-29,0.0035667457397429323
2021-04-30,0.003541028343176739
2021-05-01,0.003539804311873107
2021-05-02,0.0035385802805694743
2021-05-03,0.0035839900157232764
2021-05-04,0.0035079394793899998
2021-05-05,0.0035229157151152385
2021-05-06,0.003566426404064394
2021-05-07,0.0035893018793769454
2021-05-08,0.003588172619297561
2021-05-09,0.003587043359218177
2021-05-10,0.0035148780175382837
2021-05-11,0.00349664197362835
2021-05-12,0.0034922614399086234
2021-05-13,0.003526236198661455
2021-05-14,0.003529862414904114
2021-05-15,0.003528735727449403
2021-05-16,0.0035276090399946913
2021-05-17,0.003559421827859009
2021-05-18,0.0035480644237838857
2021-05-19,0.0035407971737181736
2021-05-20,0.0035792995412371803
2021-05-21,0.0036010533030540392
2021-05-22,0.0035998999988752865
2021-05-23,0.003598746694696536
2021-05-24,0.0036094033096138282
2021-05-25,0.003612519827753094
2021-05-26,0.0036006827754444483
2021-05-27,0.003628820001300152
2021-05-28,0.0036331174396239995
2021-05-29,0.0036321498508420976
2021-05-30,0.0036311822620601966
2021-05-31,0.0036302146732782948
2021-06-01,0.003670607997056883
2021-06-02,0.003647335504574256
2021-06-03,0.003676573847258618
2021-06-04,0.0036688676449906626
2021-06-05,0.0036677614768521913
2021-06-06,0.003666655308713719
2021-06-07,0.003664554989275792
2021-06-08,0.003666310456707976
2021-06-09,0.003652676046468861
2021-06-10,0.0036418413745968213
2021-06-11,0.0036451455764787313
2021-06-12,0.0036439166896815615
2021-06-13,0.0036426878028843917
2021-06-14,0.0036400804480328074
2021-06-15,0.003663616447385652
2021-06-16,0.003626055803634641
2021-06-17,0.003585293351086373
2021-06-18,0.003569209501809867
2021-06-19,0.003567713404597061
2021-06-20,0.0035662173073842543
2021-06-21,0.003568623569676671
2021-06-22,0.003549760558753698
2021-06-23,0.0035654222650720758
2021-06-24,0.0035902461116475407
2021-06-25,0.0035815613515719803
2021-06-26,0.0035801139198701603
2021-06-27,0.0035786664881683394
2021-06-28,0.003578206098854278
2021-06-29,0.003583106909136529
2021-06-30,0.0035561674104995955
2021-07-01,0.003562155503480192
2021-07-02,0.0035701133616145974
2021-07-03,0.003568481233537594
2021-07-04,0.0035668491054605877
2021-07-05,0.0035652169773835824
2021-07-06,0.0035190476028674617
2021-07-07,0.0034825741514973967
2021-07-08,0.003432199334561549
2021-07-09,0.003459578830373802
2021-07-10,0.0034578977950494526
2021-07-11,0.0034562167597251042
2021-07-12,0.0034926537865949516
2021-07-13,0.003476560568394302
2021-07-14,0.0034935476752682194
2021-07-15,0.0034958448442585755
2021-07-16,0.003505971669239868
2021-07-17,0.003504094074935566
2021-07-18,0.003502216480631262
2021-07-19,0.003491951672019427
2021-07-20,0.003693687509032994
2021-07-21,0.0037966937508464964
2021-07-22,0.003774192540271615
2021-07-23,0.0038321504570643797
2021-07-24,0.003830321635466265
2021-07-25,0.003828492813868151
2021-07-26,0.0038891655776949283
2021-07-27,0.003879771704931011
2021-07-28,0.003883476472772202
2021-07-29,0.003964086570609833
2021-07-30,0.003963710242638505
2021-07-31,0.003961906272474841
2021-08-01,0.003960102302311177
2021-08-02,0.003980773897985592
2021-08-03,0.004001176226582387
2021-08-04,0.003976420015985269
2021-08-05,0.003996569546262516
2021-08-06,0.004018970024469602
2021-08-07,0.004017346838337956
2021-08-08,0.004015723652206309
2021-08-09,0.004007870213777788
2021-08-10,0.004024390286120596
2021-08-11,0.004044886426706993
2021-08-12,0.004046211932858071
2021-08-13,0.0040592292583545575
2021-08-14,0.004057624534121476
2021-08-15,0.004056019809888397
2021-08-16,0.004051265511848664
2021-08-17,0.004012009441487472
2021-08-18,0.003992431929133865
2021-08-19,0.003975611490264255
2021-08-20,0.00397534562592347
2021-08-21,0.003973469290728294
2021-08-22,0.003971592955533118
2021-08-23,0.00399845784947498
2021-08-24,0.004036740597169501
2021-08-25,0.004059393304820832
2021-08-26,0.0040034992217300985
2021-08-27,0.004039605802606359
2021-08-28,0.004037745438995089
2021-08-29,0.004035885075383821
2021-08-30,0.003992339426321968
2021-08-31,0.003999552488275445
2021-09-01,0.004012026668343799
2021-09-02,0.004009634107295305
2021-09-03,0.004005304020510733
2021-09-04,0.00400332870488591
2021-09-05,0.004001353389261085
2021-09-06,0.003999378073636262
2021-09-07,0.004012521472661025
2021-09-08,0.003980083412216206
2021-09-09,0.003959278091748683
2021-09-10,0.00396694662961372
2021-09-11,0.00396483482524854
2021-09-12,0.003962723020883361
2021-09-13,0.003998414443587597
2021-09-14,0.00398538014318723
2021-09-15,0.004020932869698903
2021-09-16,0.004042106765751142
2021-09-17,0.003913707917598791
2021-09-18,0.0039115408007228125
2021-09-19,0.003909373683846836
2021-09-20,0.003656214732245675
2021-09-21,0.003616643813443691
2021-09-22,0.0036545467180092253
2021-09-23,0.0036712630597892718
2021-09-24,0.0037017485917422524
2021-09-25,0.003699552687696708
2021-09-26,0.0036973567836511637
2021-09-27,0.0037222169999204875
2021-09-28,0.003705660879480489
2021-09-29,0.0037303855506399947
2021-09-30,0.0036814599593378537
2021-10-01,0.0036579643576888
2021-10-02,0.0036558967036590955
2021-10-03,0.0036538290496293912
2021-10-04,0.0036833953042751163
2021-10-05,0.003684910869583226
2021-10-06,0.0036102680333529695
2021-10-07,0.0036577497061716447
2021-10-08,0.003703147433748462
2021-10-09,0.0037015250610301785
2021-10-10,0.003699902688311894
2021-10-11,0.0036693721154217864
2021-10-12,0.0036664285303221822
2021-10-13,0.00367396557572668
2021-10-14,0.003748006783950031
2021-10-15,0.003741565164570744
2021-10-16,0.0037402439511664103
2021-10-17,0.003738922737762078
2021-10-18,0.003736336928157726
2021-10-19,0.003740442962125528
2021-10-20,0.003763673644756686
2021-10-21,0.003758533000159483
2021-10-22,0.0038010633772803198
2021-10-23,0.003799772236468645
2021-10-24,0.0037984810956569683
2021-10-25,0.003801342692987008
2021-10-26,0.0038254186551822653
2021-10-27,0.0038430126145129156
2021-10-28,0.0038646856211217886
2021-10-29,0.0038641380362842725
2021-10-30,0.003862881239849454
2021-10-31,0.0038616244434146354
2021-11-01,0.003914084138069084
2021-11-02,0.003923798823467738
2021-11-03,0.003925068930777408
2021-11-04,0.0038719008414606643
2021-11-05,0.003893819300909643
2021-11-06,0.0038924406090641676
2021-11-07,0.0038910619172186924
2021-11-08,0.0038795084550282076
2021-11-09,0.003892913630631674
2021-11-10,0.0038428637162133353
2021-11-11,0.003849395704733844
2021-11-12,0.0038398880231976986
2021-11-13,0.0038384387048354678
2021-11-14,0.0038369893864732374
2021-11-15,0.003811721809145778
2021-11-16,0.0038052577411865824
2021-11-17,0.0038464800478516543
2021-11-18,0.0037943169733006326
2021-11-19,0.003714854266870617
2021-11-20,0.003713390215038783
2021-11-21,0.003711926163206948
2021-11-22,0.0037064591267253876
2021-11-23,0.0037046164795871213
2021-11-24,0.0037221248414100955
2021-11-25,0.0037207616312688453
2021-11-26,0.003669723290214961
2021-11-27,0.0036679902676431085
2021-11-28,0.0036662572450712567
2021-11-29,0.00368239744828351
2021-11-30,0.0037197196181960376
2021-12-01,0.003688118005433282
2021-12-02,0.0037719065575354174
2021-12-03,0.0037327541083411373
2021-12-04,0.003731167230637939
2021-12-05,0.0037295803529347428
2021-12-06,0.0037584315654649175
2021-12-07,0.0037985233835946897
2021-12-08,0.003806276231356374
2021-12-09,0.0037825427179636914
2021-12-10,0.0037768910976409427
2021-12-11,0.003775447396301105
2021-12-12,0.003774003694961269
2021-12-13,0.003769189787202619
2021-12-14,0.0037539114998810068
2021-12-15,0.0037155081526317217
2021-12-16,0.0037332847128873584
2021-12-17,0.0036621561375729797
2021-12-18,0.0036607235986430473
2021-12-19,0.003659291059713116
2021-12-20,0.0036271002944241095
2021-12-21,0.0036631170096902027
2021-12-22,0.003675913273640769
2021-12-23,0.003705640586858929
2021-12-24,0.00370433127530724
2021-12-25,0.003703021963755551
2021-12-26,0.003701712652203861
2021-12-27,0.0037367540819108484
2021-12-28,0.003739842389259812
2021-12-29,0.0037250116744338597
2021-12-30,0.0037055284492881983
2021-12-31,0.003696614119366772
2022-01-01,0.003695356384273237
2022-01-02,0.003694098649179702
2022-01-03,0.0037238307788967657
2022-01-04,0.003761468885721602
2022-01-05,0.003736802649599086
2022-01-06,0.003796451416739452
2022-01-07,0.0038279197926453425
2022-01-08,0.003827170031733443
2022-01-09,0.0038264202708215415
2022-01-10,0.0038141033152576955
2022-01-11,0.0038222091916732493
2022-01-12,0.003836929104311145
2022-01-13,0.0038382901244751965
2022-01-14,0.003841290248214676
2022-01-15,0.003840955705862929
2022-01-16,0.003840621163511182
2022-01-17,0.0038402866211594347
2022-01-18,0.003828879433637483
2022-01-19,0.0038177412143042505
2022-01-20,0.003819677729307985
2022-01-21,0.003813615232041135
2022-01-22,0.003813027359323896
2022-01-23,0.003812439486606657
2022-01-24,0.0037726959753823374
2022-01-25,0.003762675291881063
2022-01-26,0.003763744994347938
2022-01-27,0.0037335661936866963
2022-01-28,0.0037402888927021982
2022-01-29,0.0037399093389323726
2022-01-30,0.0037395297851625466
2022-01-31,0.0037469792522316155
2022-02-01,0.0037917861321851085
2022-02-02,0.0037985972190453386
2022-02-03,0.003792507486417144
2022-02-04,0.003795142567334782
2022-02-05,0.0037950989902117054
2022-02-06,0.0037950554130886287
2022-02-07,0.0038032216447347806
2022-02-08,0.003815965150308233
2022-02-09,0.003802875942771406
2022-02-10,0.0038049239038513176
2022-02-11,0.0038052538756868904
2022-02-12,0.0038053235960856715
2022-02-13,0.003805393316484452
2022-02-14,0.0038007766559218672
2022-02-15,0.0037993456174579103
2022-02-16,0.0037938275161116014
2022-02-17,0.00378180762996464
2022-02-18,0.00378371700229322
2022-02-19,0.003783620516819514
2022-02-20,0.003783524031345808
2022-02-21,0.0037834275458721017
2022-02-22,0.0037748625772205265
2022-02-23,0.0037729623181915507
2022-02-24,0.0037790984694010214
2022-02-25,0.0037778892532781307
2022-02-26,0.003777651085435093
2022-02-27,0.0037774129175920552
2022-02-28,0.003790284831239991
2022-03-01,0.0037887530223324043
2022-03-02,0.0037544476515503807
2022-03-03,0.0037561918447112748
2022-03-04,0.0037685959154147492
2022-03-05,0.003767410359820243
2022-03-06,0.0037662248042257384
2022-03-07,0.0037038701898074716
2022-03-08,0.0037951490953631426
2022-03-09,0.0038304068783374303
2022-03-10,0.003859127475099968
2022-03-11,0.003864936172928312
2022-03-12,0.003863774490471426
2022-03-13,0.0038626128080145395
2022-03-14,0.0038653769497098587
2022-03-15,0.0038970827294995194
2022-03-16,0.003952853086054422
2022-03-17,0.003955659461701577
2022-03-18,0.003980960583482035
2022-03-19,0.003980246665939449
2022-03-20,0.003979532748396864
2022-03-21,0.003996697834552969
2022-03-22,0.004009050370583513
2022-03-23,0.0039980899532233456
2022-03-24,0.004000338321365502
2022-03-25,0.004013674149383907
2022-03-26,0.004013154070970803
2022-03-27,0.004012633992557697
2022-03-28,0.0040059597180500325
2022-03-29,0.004030008630664692
2022-03-30,0.004017001281459534
2022-03-31,0.004024089974608963
2022-04-01,0.00402880640199464
2022-04-02,0.004028368932766386
2022-04-03,0.00402793146353813
2022-04-04,0.004043039607711166
2022-04-05,0.003984316299525414
2022-04-06,0.003964928404017514
2022-04-07,0.0039598583686375425
2022-04-08,0.003950756236428367
2022-04-09,0.00395024405068314
2022-04-10,0.0039497318649379136
2022-04-11,0.003938650994434247
2022-04-12,0.003943101270401755
2022-04-13,0.003924071205115509
2022-04-14,0.0039058584515414396
2022-04-15,0.003905207261749896
2022-04-16,0.0039045560719583525
2022-04-17,0.0039039048821668085
2022-04-18,0.0039059187980760284
2022-04-19,0.003899876345412101
2022-04-20,0.0038733049431375816
2022-04-21,0.003872209337364434
2022-04-22,0.003918887241128698
2022-04-23,0.003918140185794589
2022-04-24,0.003917393130460481
2022-04-25,0.0039893648656988785
2022-04-26,0.00409970115982367
2022-04-27,0.004123909456993873
2022-04-28,0.004087092753863015
2022-04-29,0.004020559058741979
2022-04-30,0.004019391965564724
2022-05-01,0.004018224872387468
2022-05-02,0.004034066268707652
2022-05-03,0.004000163531170279
2022-05-04,0.004010118486514595
2022-05-05,0.004023467538139851
2022-05-06,0.0040291180405813065
2022-05-07,0.0040280082327275694
2022-05-08,0.004026898424873833
2022-05-09,0.003989462736278634
2022-05-10,0.0040310858367545695
2022-05-11,0.00403229237961337
2022-05-12,0.004100975436239339
2022-05-13,0.004110116348798277
2022-05-14,0.004108924623722347
2022-05-15,0.004107732898646417
2022-05-16,0.004072687738839308
2022-05-17,0.004092774882819186
2022-05-18,0.004113753358278343
2022-05-19,0.004169552223668602
2022-05-20,0.004173705270769434
2022-05-21,0.004172548126893163
2022-05-22,0.004171390983016892
2022-05-23,0.004219151805112627
2022-05-24,0.004204326009860502
2022-05-25,0.004177301150845614
2022-05-26,0.004202992566761027
2022-05-27,0.004185715974639883
2022-05-28,0.004185097156835974
2022-05-29,0.004184478339032065
2022-05-30,0.004183859521228156
2022-05-31,0.004183144909162083
2022-06-01,0.004184704398325369
2022-06-02,0.004203401008617942
2022-06-03,0.004190806961912579
2022-06-04,0.004190065813597887
2022-06-05,0.004189324665283194
2022-06-06,0.0041868597039911104
2022-06-07,0.004177237894527968
2022-06-08,0.004133531640734918
2022-06-09,0.004113846496910763
2022-06-10,0.004128199244630202
2022-06-11,0.0041269993760218735
2022-06-12,0.004125799507413546
2022-06-13,0.004011384444981758
2022-06-14,0.003944715254771202
2022-06-15,0.0038752236874692327
2022-06-16,0.0038452650140133006
2022-06-17,0.0039413641204222504
2022-06-18,0.003940123859640104
2022-06-19,0.003938883598857959
2022-06-20,0.003937643338075813
2022-06-21,0.0037226571797871377
2022-06-22,0.0037913586796163145
2022-06-23,0.003785623737094174
2022-06-24,0.003829212441432247
2022-06-25,0.003828374939148418
2022-06-26,0.003827537436864591
2022-06-27,0.0038369420359144926
2022-06-28,0.0038015802493809514
2022-06-29,0.003747647950071188
2022-06-30,0.003802211257136065
2022-07-01,0.003790523164162611
2022-07-02,0.0037895897876694404
2022-07-03,0.003788656411176269
2022-07-04,0.0037877230346831
2022-07-05,0.0038577281490989033
2022-07-06,0.0038801243063850926
2022-07-07,0.0038002470607127817
2022-07-08,0.003880378654100212
2022-07-09,0.0038792551091103135
2022-07-10,0.0038781315641204166
2022-07-11,0.0038655063754639532
2022-07-12,0.0038990015354283297
2022-07-13,0.0038637034900449486
2022-07-14,0.003920161653709936
2022-07-15,0.003957941166021196
2022-07-16,0.003956645864242949
2022-07-17,0.0039553505624647005
2022-07-18,0.003942295389041371
2022-07-19,0.003950994184786068
2022-07-20,0.003986978761963088
2022-07-21,0.0040117651689222465
2022-07-22,0.004032869484197963
2022-07-23,0.004031668817667523
2022-07-24,0.004030468151137084
2022-07-25,0.0039757723905298106
2022-07-26,0.0037672221564429543
2022-07-27,0.003752512721365624
2022-07-28,0.0038901592458259696
2022-07-29,0.003945486366070264
2022-07-30,0.003944350089786578
2022-07-31,0.003943213813502889
2022-08-01,0.0037121651535545587
2022-08-02,0.0037985997965530646
2022-08-03,0.0037715349564689275
2022-08-04,0.003824272717991363
2022-08-05,0.0037863350963404903
2022-08-06,0.003785427845598147
2022-08-07,0.0037845205948558018
2022-08-08,0.0037992453001319546
2022-08-09,0.0037287843572144166
2022-08-10,0.0037842118850695966
2022-08-11,0.003778990114935057
2022-08-12,0.003789660873601467
2022-08-13,0.003788936513152043
2022-08-14,0.0037882121527026196
2022-08-15,0.0038096043112167423
2022-08-16,0.0037897065733264747
2022-08-17,0.003799219596934751
2022-08-18,0.0038622974724041017
2022-08-19,0.003856988932920778
2022-08-20,0.0038559229959186847
2022-08-21,0.0038548570589165897
2022-08-22,0.0038099759868365558
2022-08-23,0.003846790952833729
2022-08-24,0.0038983077537580917
2022-08-25,0.0039055724589150183
2022-08-26,0.0038814164268018087
2022-08-27,0.003880153860757281
2022-08-28,0.0038788912947127553
2022-08-29,0.0038889705997637164
2022-08-30,0.003913357443404321
2022-08-31,0.003908033827621146
2022-09-01,0.003895052358186444
2022-09-02,0.003882997119694538
2022-09-03,0.003881680524829613
2022-09-04,0.003880363929964687
2022-09-05,0.0038790473350997622
2022-09-06,0.003870781353996293
2022-09-07,0.003933690063959329
2022-09-08,0.00397524072098205
2022-09-09,0.00400448346434606
2022-09-10,0.004003281718725668
2022-09-11,0.00400207997310528
2022-09-12,0.003985200689091181
2022-09-13,0.004079464269964548
2022-09-14,0.004069070537899522
2022-09-15,0.004054706522960632
2022-09-16,0.004014926824419137
2022-09-17,0.004013642381920455
2022-09-18,0.004012357939421772
2022-09-19,0.004003387681198776
2022-09-20,0.003972188362922796
2022-09-21,0.004048936630830296
2022-09-22,0.00400246494302101
2022-09-23,0.00403849942399389
2022-09-24,0.004036710713866301
2022-09-25,0.004034922003738713
2022-09-26,0.004158828411004316
2022-09-27,0.004222628679710119
2022-09-28,0.004363215166011571
2022-09-29,0.0043540985993348645
2022-09-30,0.0042927531863448205
2022-10-01,0.004290534324269188
2022-10-02,0.004288315462193554
2022-10-03,0.004330907530144368
2022-10-04,0.0043513779511537036
2022-10-05,0.004357169317556332
2022-10-06,0.00429633433359289
2022-10-07,0.004309811914981393
2022-10-08,0.004307618942499788
2022-10-09,0.004305425970018184
2022-10-10,0.004305455154912755
2022-10-11,0.0043511581705422565
2022-10-12,0.004310403267211069
2022-10-13,0.004258847499664284
2022-10-14,0.004202316098391484
2022-10-15,0.004200024743838922
2022-10-16,0.00419773338928636
2022-10-17,0.00411730844861867
2022-10-18,0.00424279151687719
2022-10-19,0.004193620543703918
2022-10-20,0.0041894757508945365
2022-10-21,0.004131398494511905
2022-10-22,0.004129433138515718
2022-10-23,0.004127467782519529
2022-10-24,0.0042445376163995135
2022-10-25,0.00479897778834856
2022-10-26,0.004687879683472581
2022-10-27,0.0046013300239790035
2022-10-28,0.0046775386314287255
2022-10-29,0.004675393919513504
2022-10-30,0.004673249207598285
2022-10-31,0.004589016599512519
2022-11-01,0.004527884253070744
2022-11-02,0.004515161921338813
2022-11-03,0.0045394096470054626
2022-11-04,0.004385912921614915
2022-11-05,0.004384217016385721
2022-11-06,0.004382521111156525
2022-11-07,0.004479390117436855
2022-11-08,0.00445973564498602
2022-11-09,0.004512615100297798
2022-11-10,0.004681784626242711
2022-11-11,0.0048785990054685015
2022-11-12,0.004877001181840375
2022-11-13,0.004875403358212248
2022-11-14,0.004797696854858632
2022-11-15,0.0048221440381217145
2022-11-16,0.004797694448151936
2022-11-17,0.004760280319262346
2022-11-18,0.004768746576646843
2022-11-19,0.0047672263258964915
2022-11-20,0.004765706075146139
2022-11-21,0.004750951185848205
2022-11-22,0.0047363092368881855
2022-11-23,0.004711192934065357
2022-11-24,0.004709846698902874
2022-11-25,0.00470321489559706
2022-11-26,0.0047019175810321025
2022-11-27,0.004700620266467148
2022-11-28,0.004656835379346479
2022-11-29,0.004582612756672196
2022-11-30,0.004575107442004626
2022-12-01,0.00460449497966503
2022-12-02,0.0045969745212140695
2022-12-03,0.004595822055584993
2022-12-04,0.004594669589955915
2022-12-05,0.0046103310344089606
2022-12-06,0.004585081220582799
2022-12-07,0.004600524114274241
2022-12-08,0.0045796756395854645
2022-12-09,0.004574464275985314
2022-12-10,0.004573262509220008
2022-12-11,0.0045720607424547
2022-12-12,0.004565160202796157
2022-12-13,0.004599334172944125
2022-12-14,0.004571849882968306
2022-12-15,0.004556307279749544
2022-12-16,0.004537497425826683
2022-12-17,0.0045361861054541205
2022-12-18,0.00453487478508156
2022-12-19,0.0045442613088211535
2022-12-20,0.004519321134934522
2022-12-21,0.0045501015796295015
2022-12-22,0.0045380104456138525
2022-12-23,0.004553257151643272
2022-12-24,0.004552174272749884
2022-12-25,0.0045510913938564945
2022-12-26,0.004550008514963106
2022-12-27,0.004541359413068828
2022-12-28,0.004531287863799161
2022-12-29,0.004547487218168371
2022-12-30,0.004534957042836033
2022-12-31,0.004533913860272151
2023-01-01,0.0045328706777082685
2023-01-02,0.004531827495144384
2023-01-03,0.004528871744302651
2023-01-04,0.004531871721842003
2023-01-05,0.004465447982683489
2023-01-06,0.004454906116040707
2023-01-07,0.0044544281425885745
2023-01-08,0.004453950169136441
2023-01-09,0.00446504015511442
2023-01-10,0.004466444346354388
2023-01-11,0.0044655287392065465
2023-01-12,0.004444756873412098
2023-01-13,0.004424911946026836
2023-01-14,0.004424749599069858
2023-01-15,0.004424587252112882
2023-01-16,0.004424424905155904
2023-01-17,0.0044244133293799585
2023-01-18,0.004427576098605008
2023-01-19,0.004420474557617549
2023-01-20,0.004410060536425137
2023-01-21,0.0044100150537342625
2023-01-22,0.004409969571043388
2023-01-23,0.004410237231956636
2023-01-24,0.004413012283618716
2023-01-25,0.004404510330168377
2023-01-26,0.004394789895175333
2023-01-27,0.004402622164845741
2023-01-28,0.004402632713443238
2023-01-29,0.004402643262040733
2023-01-30,0.004405517408497989
2023-01-31,0.004407084227989626
2023-02-01,0.00440615876210147
2023-02-02,0.004417025129478482
2023-02-03,0.0044207818455163994
2023-02-04,0.004420637666286458
2023-02-05,0.004420493487056516
2023-02-06,0.004417991026923021
2023-02-07,0.004409710830845252
2023-02-08,0.004403407870969185
2023-02-09,0.004396708929967369
2023-02-10,0.00440392144639211
2023-02-11,0.004403895723569953
2023-02-12,0.004403870000747796
2023-02-13,0.004395219618309205
2023-02-14,0.004393743982997638
2023-02-15,0.004397584847020178
2023-02-16,0.004395634246549578
2023-02-17,0.004392383298467162
2023-02-18,0.004392442620563541
2023-02-19,0.004392501942659921
2023-02-20,0.004392561264756299
2023-02-21,0.004372388547115713
2023-02-22,0.004395428699963294
2023-02-23,0.00439729143112051
2023-02-24,0.004401494363934564
2023-02-25,0.004401624890056049
2023-02-26,0.004401755416177532
2023-02-27,0.004395551599961258
2023-02-28,0.004388747126781583
2023-03-01,0.004392887135949137
2023-03-02,0.004425152156577036
2023-03-03,0.004415230499110161
2023-03-04,0.004415283578537308
2023-03-05,0.004415336657964456
2023-03-06,0.004415498722380854
2023-03-07,0.004423552363335431
2023-03-08,0.004417357727645688
2023-03-09,0.004438633334444377
2023-03-10,0.004487645940353289
2023-03-11,0.004487339918866683
2023-03-12,0.004487033897380076
2023-03-13,0.004496020814917448
2023-03-14,0.004484806593481611
2023-03-15,0.004521408771265558
2023-03-16,0.004494368636574649
2023-03-17,0.004548105233356496
2023-03-18,0.004547351041944151
2023-03-19,0.004546596850531806
2023-03-20,0.004573153356961618
2023-03-21,0.004660996482000231
2023-03-22,0.0046160351728156005
2023-03-23,0.004602026537265709
2023-03-24,0.004619929180232492
2023-03-25,0.004619215609867382
2023-03-26,0.004618502039502269
2023-03-27,0.004602473964951275
2023-03-28,0.004606912337084577
2023-03-29,0.0046015189405034925
2023-03-30,0.004614952456866684
2023-03-31,0.0046557289400137375
2023-04-01,0.004655290669293612
2023-04-02,0.0046548523985734894
2023-04-03,0.004607968903230135
2023-04-04,0.004620424237400901
2023-04-05,0.0046114258993184545
2023-04-06,0.004589620650647642
2023-04-07,0.004589314837817058
2023-04-08,0.004589009024986475
2023-04-09,0.004588703212155892
2023-04-10,0.004589076780025774
2023-04-11,0.004614577176564957
2023-04-12,0.004605163530189266
2023-04-13,0.004594275203807449
2023-04-14,0.004580001330054985
2023-04-15,0.004579917077499134
2023-04-16,0.004579832824943283
2023-04-17,0.004583158818893687
2023-04-18,0.004592880866019026
2023-04-19,0.004587606148363924
2023-04-20,0.004579660474315777
2023-04-21,0.004590867828108932
2023-04-22,0.004590615552436386
2023-04-23,0.004590363276763841
2023-04-24,0.004585649436890685
2023-04-25,0.004618427663202288
2023-04-26,0.0045873639937979525
2023-04-27,0.004553166461568528
2023-04-28,0.004562088607673868
2023-04-29,0.004561887043579302
2023-04-30,0.004561685479484736
2023-05-01,0.004571704164738825
2023-05-02,0.004499151790049481
2023-05-03,0.0045058041932991835
2023-05-04,0.0045114104976233405
2023-05-05,0.004415900839456698
2023-05-06,0.004415977512372199
2023-05-07,0.004416054185287701
2023-05-08,0.004418623085100477
2023-05-09,0.0044336480406366
2023-05-10,0.004431285706848136
2023-05-11,0.004482247404766751
2023-05-12,0.004479143976500345
2023-05-13,0.004479096182504739
2023-05-14,0.004479048388509132
2023-05-15,0.004406743237156303
2023-05-16,0.004458013302380802
2023-05-17,0.004437008215802116
2023-05-18,0.004414775595449197
2023-05-19,0.004397132838727778
2023-05-20,0.004397243719743824
2023-05-21,0.004397354600759873
2023-05-22,0.004382363707869778
2023-05-23,0.004414612385379428
2023-05-24,0.004479770187022538
2023-05-25,0.004455836856283762
2023-05-26,0.0044346039650639745
2023-05-27,0.004434634524987974
2023-05-28,0.004434665084911972
2023-05-29,0.004434695644835972
2023-05-30,0.004469537089886902
2023-05-31,0.004522452599754767
2023-06-01,0.004468831789600389
2023-06-02,0.004432843095685698
2023-06-03,0.004432879417475317
2023-06-04,0.004432915739264938
2023-06-05,0.00443767377360323
2023-06-06,0.004402178656460482
2023-06-07,0.004393697225508513
2023-06-08,0.004390295188922378
2023-06-09,0.004392612885177996
2023-06-10,0.004392746262296416
2023-06-11,0.004392879639414834
2023-06-12,0.004410024165359372
2023-06-13,0.004389769887602595
2023-06-14,0.004371667458427208
2023-06-15,0.004353854777427455
2023-06-16,0.004347675086053204
2023-06-17,0.004347917390665954
2023-06-18,0.0043481596952787025
2023-06-19,0.004348401999891452
2023-06-20,0.00435423808296152
2023-06-21,0.0043536731213265805
2023-06-22,0.004405172215399597
2023-06-23,0.004441098786986746
2023-06-24,0.004441181511164583
2023-06-25,0.00444126423534242
2023-06-26,0.004432228666386415
2023-06-27,0.004382447775495628
2023-06-28,0.004392038871042776
2023-06-29,0.004363330835393157
2023-06-30,0.004325970003975372
2023-07-01,0.004326264255378845
2023-07-02,0.004326558506782316
2023-07-03,0.004296813811715134
2023-07-04,0.004297160920019269
2023-07-05,0.0043543341717289805
2023-07-06,0.004420239267190624
2023-07-07,0.004378374744777776
2023-07-08,0.0043786024774262085
2023-07-09,0.004378830210074643
2023-07-10,0.004379057942723075
