Date,UBS - SMFG Accumulated Oriented Area
2019-01-01,0.0
2019-01-02,0.0
2019-01-03,7.945841920782366e-08
2019-01-04,-5.402697804238634e-06
2019-01-05,-5.117283575927894e-06
2019-01-06,-4.8318693476168095e-06
2019-01-07,-1.308473450819967e-05
2019-01-08,-1.1933263062400279e-05
2019-01-09,-8.110248284134255e-06
2019-01-10,-9.71217332420403e-06
2019-01-11,-9.509032570509622e-06
2019-01-12,-9.053590839636859e-06
2019-01-13,-8.598149108764408e-06
2019-01-14,-1.4715799801739842e-05
2019-01-15,-1.1675219634499606e-05
2019-01-16,-4.20543078337998e-05
2019-01-17,-2.9019541340534358e-05
2019-01-18,-3.1756558424609877e-05
2019-01-19,-3.1241687135081474e-05
2019-01-20,-3.072681584555312e-05
2019-01-21,-3.0211944556024768e-05
2019-01-22,3.134863992244941e-05
2019-01-23,2.388163301636669e-05
2019-01-24,2.9772268418979123e-05
2019-01-25,3.170017960266969e-05
2019-01-26,3.2393140901437124e-05
2019-01-27,3.3086102200204654e-05
2019-01-28,4.140770886303261e-05
2019-01-29,4.781338050461351e-05
2019-01-30,2.5320818779370213e-05
2019-01-31,6.461139037293578e-05
2019-02-01,6.982924499495452e-05
2019-02-02,7.043557155482427e-05
2019-02-03,7.1041898114694e-05
2019-02-04,7.721339259273415e-05
2019-02-05,5.298266426049218e-05
2019-02-06,5.768208800971729e-05
2019-02-07,7.665680580813607e-05
2019-02-08,8.483364359714604e-05
2019-02-09,8.523656995510814e-05
2019-02-10,8.563949631307018e-05
2019-02-11,8.50958341451277e-05
2019-02-12,7.34319976177334e-05
2019-02-13,6.472330396418795e-05
2019-02-14,8.78873641192309e-05
2019-02-15,6.060805184641823e-05
2019-02-16,6.120667015719698e-05
2019-02-17,6.180528846797647e-05
2019-02-18,6.240390677875594e-05
2019-02-19,6.933770672966614e-05
2019-02-20,0.00013455384343943015
2019-02-21,0.00016009349435100814
2019-02-22,0.00015948516480103605
2019-02-23,0.0001601547356976784
2019-02-24,0.0001608243065943207
2019-02-25,0.00014943956118876575
2019-02-26,0.0001338492157730319
2019-02-27,0.0001308679165165554
2019-02-28,0.00013171078137596485
2019-03-01,0.00012840217816188624
2019-03-02,0.00012889167060890403
2019-03-03,0.00012938116305592193
2019-03-04,0.00013875498617621908
2019-03-05,0.00014826880336051424
2019-03-06,0.0001669674096762805
2019-03-07,0.0002183890787917442
2019-03-08,0.00022675221063372966
2019-03-09,0.00022706038729560199
2019-03-10,0.0002273685639574743
2019-03-11,0.000206623907584608
2019-03-12,0.00020089208662749341
2019-03-13,0.00017769651888315343
2019-03-14,0.00017715337494193833
2019-03-15,0.000171708339009226
2019-03-16,0.0001722457186096354
2019-03-17,0.00017278309821004502
2019-03-18,0.0001371659070970153
2019-03-19,0.0001294201529891477
2019-03-20,0.0001598748932892917
2019-03-21,0.00016651124600531203
2019-03-22,0.0002295853405905219
2019-03-23,0.00023010301532443617
2019-03-24,0.00023062069005835045
2019-03-25,0.00023375555375444284
2019-03-26,0.0002002780113817833
2019-03-27,0.00018970210905674322
2019-03-28,0.0002152504974406774
2019-03-29,0.0002210858194551756
2019-03-30,0.000221512132572029
2019-03-31,0.0002219384456888817
2019-04-01,0.00016808584443548283
2019-04-02,0.00016097673491972508
2019-04-03,0.00014483566419979825
2019-04-04,0.000135052356665382
2019-04-05,0.00014141729199047172
2019-04-06,0.0001420758004505914
2019-04-07,0.00014273430891071113
2019-04-08,0.00015018041290630068
2019-04-09,0.0001631258033096476
2019-04-10,0.00016954214232880956
2019-04-11,0.0001613304405933339
2019-04-12,0.00014646992243162637
2019-04-13,0.000146923506097866
2019-04-14,0.00014737708976410557
2019-04-15,0.0001428541859485525
2019-04-16,0.00012566406496984577
2019-04-17,0.00010850966866838878
2019-04-18,0.00011870621037071469
2019-04-19,0.00011932992244329671
2019-04-20,0.00011995363451587873
2019-04-21,0.0001205773465884607
2019-04-22,0.00011896654677077673
2019-04-23,0.00013814355245444484
2019-04-24,0.0001306232366243816
2019-04-25,0.00012025849102412698
2019-04-26,0.0001258963256184563
2019-04-27,0.00012646270653023496
2019-04-28,0.0001270290874420136
2019-04-29,0.00010224156403763916
2019-04-30,0.00011315934008646429
2019-05-01,0.0001305052943314678
2019-05-02,0.0001200895156508797
2019-05-03,0.00012880651797672062
2019-05-04,0.00012943453990296743
2019-05-05,0.00013006256182921487
2019-05-06,0.00022516747942982236
2019-05-07,0.0002731588282901992
2019-05-08,0.00026860012352003775
2019-05-09,0.00030105639019242797
2019-05-10,0.00030555629775250593
2019-05-11,0.0003060480674536627
2019-05-12,0.0003065398371548195
2019-05-13,0.00037907889529455185
2019-05-14,0.0003521070734542862
2019-05-15,0.0003374460943027257
2019-05-16,0.0003141209539766882
2019-05-17,0.00034238297268766405
2019-05-18,0.0003427680904034432
2019-05-19,0.0003431532081192229
2019-05-20,0.0003413641060278597
2019-05-21,0.0003281260659254358
2019-05-22,0.00035074644200448345
2019-05-23,0.0003803642621661565
2019-05-24,0.0003272143992782849
2019-05-25,0.0003276727189832466
2019-05-26,0.0003281310386882083
2019-05-27,0.0003285893583931695
2019-05-28,0.00035574526264882855
2019-05-29,0.00036625161809345364
2019-05-30,0.00036566959021828483
2019-05-31,0.0003988350773515555
2019-06-01,0.00039923092442510833
2019-06-02,0.00039962677149866187
2019-06-03,0.00044751998709090105
2019-06-04,0.0003813700408798834
2019-06-05,0.0003900093406990197
2019-06-06,0.00038211591724146316
2019-06-07,0.0003737363800283514
2019-06-08,0.00037414962334368336
2019-06-09,0.0003745628666590154
2019-06-10,0.0003788275545199061
2019-06-11,0.0003727576081475838
2019-06-12,0.0003992554917611231
2019-06-13,0.0004092364658384056
2019-06-14,0.00042285020627772993
2019-06-15,0.00042317670213070594
2019-06-16,0.0004235031979836814
2019-06-17,0.00044317865871920973
2019-06-18,0.0003631445111268761
2019-06-19,0.0003940802963599288
2019-06-20,0.0003753841849980744
2019-06-21,0.0003858702974974457
2019-06-22,0.0003862777619707284
2019-06-23,0.0003866852264440111
2019-06-24,0.00039439518254750247
2019-06-25,0.0004066001192755947
2019-06-26,0.0003770861926317987
2019-06-27,0.0003689040927045839
2019-06-28,0.00034310699482389403
2019-06-29,0.0003435941318216186
2019-06-30,0.00034408126881934253
2019-07-01,0.00035576016752703743
2019-07-02,0.0003330696846527197
2019-07-03,0.00032566672592904903
2019-07-04,0.000326172935930042
2019-07-05,0.0003221078815355944
2019-07-06,0.0003225761867781258
2019-07-07,0.00032304449202065727
2019-07-08,0.000333132860262557
2019-07-09,0.0003674706867371067
2019-07-10,0.0003528980913228769
2019-07-11,0.00033506665615891075
2019-07-12,0.00034081827227743535
2019-07-13,0.0003412220298917047
2019-07-14,0.0003416257875059735
2019-07-15,0.000343074007948475
2019-07-16,0.0003490144640683358
2019-07-17,0.0003534519561430023
2019-07-18,0.00033848706990234845
2019-07-19,0.00036209408734594106
2019-07-20,0.00036251223356548466
2019-07-21,0.00036293037978502854
2019-07-22,0.00032318523801596764
2019-07-23,0.00029390856515085966
2019-07-24,0.00033946119980634486
2019-07-25,0.00041592493179914075
2019-07-26,0.00042611536890471984
2019-07-27,0.00042659639015055716
2019-07-28,0.00042707741139639426
2019-07-29,0.000433868785113066
2019-07-30,0.0004824740469575532
2019-07-31,0.00046335450719804596
2019-08-01,0.0005011049605580547
2019-08-02,0.0005057058122789874
2019-08-03,0.0005060899457195945
2019-08-04,0.0005064740791602025
2019-08-05,0.0005862437713659322
2019-08-06,0.00048684686080727017
2019-08-07,0.0005067168898584447
2019-08-08,0.000525801237457433
2019-08-09,0.000600543125254435
2019-08-10,0.0006008033110093078
2019-08-11,0.0006010634967641808
2019-08-12,0.0006341700604827665
2019-08-13,0.0006798414270154265
2019-08-14,0.0008338232799421582
2019-08-15,0.0008525375888879448
2019-08-16,0.0007856820979145862
2019-08-17,0.0007856995203393754
2019-08-18,0.0007857169427641659
2019-08-19,0.0007921113102623148
2019-08-20,0.000845359238558825
2019-08-21,0.0008426699235667351
2019-08-22,0.0008581012279427851
2019-08-23,0.0009244164826236736
2019-08-24,0.0009242270078916278
2019-08-25,0.000924037533159582
2019-08-26,0.0008435747650360288
2019-08-27,0.0008494944799956027
2019-08-28,0.0008867447886979433
2019-08-29,0.0008435859665591319
2019-08-30,0.000812508893894014
2019-08-31,0.0008124904292917761
2019-09-01,0.0008124719646895365
2019-09-02,0.0008124535000872982
2019-09-03,0.0008270253356346612
2019-09-04,0.0007858465206490301
2019-09-05,0.0007612701549059736
2019-09-06,0.0007805359827127252
2019-09-07,0.000780557963496816
2019-09-08,0.0007805799442809072
2019-09-09,0.000767772207903777
2019-09-10,0.0006550482458814811
2019-09-11,0.0005837901439756682
2019-09-12,0.0005963345682582666
2019-09-13,0.0005588366987581013
2019-09-14,0.0005592459709166437
2019-09-15,0.0005596552430751854
2019-09-16,0.0005860777605564965
2019-09-17,0.0005858785759586047
2019-09-18,0.0005919270233888385
2019-09-19,0.0005896464074163212
2019-09-20,0.0005597014625465075
2019-09-21,0.000560163515915416
2019-09-22,0.0005606255692843245
2019-09-23,0.0005885121861931823
2019-09-24,0.0006173438265075445
2019-09-25,0.0005183856661678516
2019-09-26,0.0005265011473256642
2019-09-27,0.000645987618146378
2019-09-28,0.0006463149654002171
2019-09-29,0.0006466423126540561
2019-09-30,0.000665610462774155
2019-10-01,0.0006982670089744021
2019-10-02,0.0007363509798226501
2019-10-03,0.0006791261368789005
2019-10-04,0.0006717514190238115
2019-10-05,0.0006720756693158467
2019-10-06,0.000672399919607882
2019-10-07,0.0007200467743454812
2019-10-08,0.0007429504513567357
2019-10-09,0.000701125936301613
2019-10-10,0.0006956947870660503
2019-10-11,0.0006371427831758916
2019-10-12,0.0006374829723822834
2019-10-13,0.0006378231615886753
2019-10-14,0.000659441021498819
2019-10-15,0.0005750522049292451
2019-10-16,0.0005781823682089305
2019-10-17,0.0006025362814922035
2019-10-18,0.0006333429081537328
2019-10-19,0.0006336553921009159
2019-10-20,0.0006339678760480998
2019-10-21,0.0005821234941431181
2019-10-22,0.0005894855406878717
2019-10-23,0.0005391182470841791
2019-10-24,0.0005153062801735763
2019-10-25,0.0005059755284523047
2019-10-26,0.0005064710916615314
2019-10-27,0.000506966654870758
2019-10-28,0.00047643762220410835
2019-10-29,0.0004166122967938063
2019-10-30,0.0004568864170869483
2019-10-31,0.000498368564921647
2019-11-01,0.0004448638410210386
2019-11-02,0.00044547336746061136
2019-11-03,0.0004460828939001849
2019-11-04,0.00039704026938500923
2019-11-05,0.00038244142741082886
2019-11-06,0.0003755462684245159
2019-11-07,0.0003422531088905613
2019-11-08,0.00034840279853855867
2019-11-09,0.0003491414525140203
2019-11-10,0.0003498801064894819
2019-11-11,0.0003517829831071039
2019-11-12,0.0003681565756397381
2019-11-13,0.00039709593434722517
2019-11-14,0.0004108353621463045
2019-11-15,0.0003923325206167531
2019-11-16,0.0003930479774282983
2019-11-17,0.0003937634342398434
2019-11-18,0.0004029670473958706
2019-11-19,0.0003939619570758682
2019-11-20,0.00042263486135044417
2019-11-21,0.00043055045650460845
2019-11-22,0.00040705198820424854
2019-11-23,0.00040774463367379066
2019-11-24,0.00040843727914333225
2019-11-25,0.0003690394022363465
2019-11-26,0.0003843926932797831
2019-11-27,0.00036939504362767494
2019-11-28,0.0003701812250560075
2019-11-29,0.0004098548479636458
2019-11-30,0.0004105873065623224
2019-12-01,0.0004113197651609983
2019-12-02,0.0004310362032094552
2019-12-03,0.0004568257795524594
2019-12-04,0.00040260377584888424
2019-12-05,0.00042334712942329285
2019-12-06,0.0003804268134502596
2019-12-07,0.00038126882163079073
2019-12-08,0.00038211082981132194
2019-12-09,0.00038907398421184037
2019-12-10,0.0004002207639528646
2019-12-11,0.00042010081942789237
2019-12-12,0.00039057577422465226
2019-12-13,0.0003599289216573568
2019-12-14,0.0003607463578840086
2019-12-15,0.00036156379411066044
2019-12-16,0.00030930386272754536
2019-12-17,0.0002712992062236934
2019-12-18,0.0002942529395558107
2019-12-19,0.0003134479902271232
2019-12-20,0.0003188134752374664
2019-12-21,0.0003197042203798413
2019-12-22,0.0003205949655222161
2019-12-23,0.00034056319080261974
2019-12-24,0.00035083443860108737
2019-12-25,0.00035163676024668213
2019-12-26,0.0003408372407842497
2019-12-27,0.000339117857594489
2019-12-28,0.0003399229198690071
2019-12-29,0.0003407279821435246
2019-12-30,0.0003314913642608442
2019-12-31,0.00033228849084837467
2020-01-01,0.00033308561743590514
2020-01-02,0.0002690103549286976
2020-01-03,0.00032008172361543005
2020-01-04,0.00032085533445463786
2020-01-05,0.00032162894529384615
2020-01-06,0.00033691044558129235
2020-01-07,0.00032298420986237234
2020-01-08,0.00028079563942559003
2020-01-09,0.0002835872999640218
2020-01-10,0.0003221715824057982
2020-01-11,0.00032283270169697565
2020-01-12,0.0003234938209881531
2020-01-13,0.00029110920530078186
2020-01-14,0.00032423580258587024
2020-01-15,0.00034441807627461876
2020-01-16,0.00033276927298759717
2020-01-17,0.0003379908116923565
2020-01-18,0.0003385274250296591
2020-01-19,0.00033906403836696225
2020-01-20,0.0003396006517042654
2020-01-21,0.00040229575610828796
2020-01-22,0.0003798215663262325
2020-01-23,0.0003890799901916092
2020-01-24,0.0004302160152936655
2020-01-25,0.00043064435928837313
2020-01-26,0.00043107270328308076
2020-01-27,0.0004534161081427636
2020-01-28,0.00043586987354507235
2020-01-29,0.0004234633835407377
2020-01-30,0.0003900727898248495
2020-01-31,0.0004748750616699246
2020-02-01,0.0004752636432352429
2020-02-02,0.0004756522248005607
2020-02-03,0.0004336060612206166
2020-02-04,0.00037765197621676086
2020-02-05,0.00035037974161545037
2020-02-06,0.0003383925365779782
2020-02-07,0.0003474399179464871
2020-02-08,0.0003479615740169295
2020-02-09,0.0003484832300873715
2020-02-10,0.0003376727650752663
2020-02-11,0.00032023975926467755
2020-02-12,0.0003186929108314516
2020-02-13,0.0003640815012047
2020-02-14,0.00039335034641668147
2020-02-15,0.00039362031490363227
2020-02-16,0.00039389028339058247
2020-02-17,0.0003941602518775331
2020-02-18,0.0004283021753560326
2020-02-19,0.00045254887423732803
2020-02-20,0.00048209540254407564
2020-02-21,0.00048429093545611655
2020-02-22,0.00048424100351515773
2020-02-23,0.0004841910715741989
2020-02-24,0.000540286626027807
2020-02-25,0.0005388816903521557
2020-02-26,0.0005126173700407844
2020-02-27,0.0005713194753442185
2020-02-28,0.00044682787400043616
2020-02-29,0.0004465906407503785
2020-03-01,0.0004463534075003209
2020-03-02,0.00048218078846880714
2020-03-03,0.0005464336937734857
2020-03-04,0.0005952067764122236
2020-03-05,0.0006645848698116792
2020-03-06,0.0008207757249042888
2020-03-07,0.0008199787818140691
2020-03-08,0.0008191818387238493
2020-03-09,0.0011095031867647258
2020-03-10,0.0011156614213038364
2020-03-11,0.0009526771130920778
2020-03-12,0.0014614393061893596
2020-03-13,0.0015786096264407468
2020-03-14,0.0015768616161093334
2020-03-15,0.0015751136057779176
2020-03-16,0.0013271593261539821
2020-03-17,0.0011502418822556906
2020-03-18,0.001773197901570575
2020-03-19,0.001969723884707592
2020-03-20,0.001881183095375686
2020-03-21,0.001878851362747384
2020-03-22,0.0018765196301190883
2020-03-23,0.0017790077247288362
2020-03-24,0.0012943207799580368
2020-03-25,0.0013906851249078963
2020-03-26,0.001408981703078194
2020-03-27,0.0015148893510610623
2020-03-28,0.0015132102680174586
2020-03-29,0.0015115311849738544
2020-03-30,0.001773433562198893
2020-03-31,0.002159449043530855
2020-04-01,0.0020517359902141974
2020-04-02,0.0020683069813000644
2020-04-03,0.00215059915896869
2020-04-04,0.002148099528085608
2020-04-05,0.0021455998972025256
2020-04-06,0.0021850242298986533
2020-04-07,0.001946733038070937
2020-04-08,0.00205370679596701
2020-04-09,0.0021968728637752526
2020-04-10,0.0021949191191274345
2020-04-11,0.0021929653744796156
2020-04-12,0.0021910116298317966
2020-04-13,0.0018307612025834496
2020-04-14,0.0018229396614098934
2020-04-15,0.0018290410221717495
2020-04-16,0.001934002928065728
2020-04-17,0.0020369252548954856
2020-04-18,0.002034960276890331
2020-04-19,0.002032995298885175
2020-04-20,0.0020870857705853267
2020-04-21,0.0020165961931659423
2020-04-22,0.0018983374039556232
2020-04-23,0.00174922968566583
2020-04-24,0.0017626301630950633
2020-04-25,0.0017607582676386643
2020-04-26,0.0017588863721822634
2020-04-27,0.0017539662065068318
2020-04-28,0.0019474212518525917
2020-04-29,0.002138208930845981
2020-04-30,0.002151662110868156
2020-05-01,0.0022141703330480077
2020-05-02,0.0022121908851059904
2020-05-03,0.0022102114371639727
2020-05-04,0.0021452673435089983
2020-05-05,0.0017713093436302163
2020-05-06,0.0017483307538825694
2020-05-07,0.0017424323118161726
2020-05-08,0.0017176884221059144
2020-05-09,0.0017159333019631743
2020-05-10,0.001714178181820434
2020-05-11,0.0015783346494337555
2020-05-12,0.0016923456215627737
2020-05-13,0.0015188829520215554
2020-05-14,0.001541538764303683
2020-05-15,0.001434031284725995
2020-05-16,0.001432226334643467
2020-05-17,0.0014304213845609392
2020-05-18,0.0013359005388135846
2020-05-19,0.0013051821697075503
2020-05-20,0.001333710334243364
2020-05-21,0.0013759487040532728
2020-05-22,0.0013998320230086073
2020-05-23,0.001398245150889313
2020-05-24,0.0013966582787700182
2020-05-25,0.0013950714066507238
2020-05-26,0.0012030454485073762
2020-05-27,0.0010944516055311016
2020-05-28,0.0009674972800001688
2020-05-29,0.0010872208143051204
2020-05-30,0.0010862183645661823
2020-05-31,0.0010852159148272444
2020-06-01,0.0010882880618835326
2020-06-02,0.001039355425005287
2020-06-03,0.0011612314750151604
2020-06-04,0.0011630460273845892
2020-06-05,0.0009585476538179093
2020-06-06,0.0009579587443164578
2020-06-07,0.0009573698348150087
2020-06-08,0.0008170772772769904
2020-06-09,0.0009554597205319662
2020-06-10,0.0010198952765768103
2020-06-11,0.0011351384170128146
2020-06-12,0.0010601124653005988
2020-06-13,0.0010591988317677874
2020-06-14,0.0010582851982349757
2020-06-15,0.0010640686727595642
2020-06-16,0.0009473275356744683
2020-06-17,0.001026072006740199
2020-06-18,0.0010539487927214578
2020-06-19,0.0010796847723124055
2020-06-20,0.0010787234225930345
2020-06-21,0.0010777620728736651
2020-06-22,0.001130112822065848
2020-06-23,0.0011801648808532437
2020-06-24,0.0012086798469065564
2020-06-25,0.0013960053074959747
2020-06-26,0.0014422973266350878
2020-06-27,0.0014409978738930906
2020-06-28,0.0014396984211510928
2020-06-29,0.0014177307783377455
2020-06-30,0.0015179643684007317
2020-07-01,0.0015011948852557743
2020-07-02,0.001478835851641814
2020-07-03,0.0014776304640139928
2020-07-04,0.0014764250763861701
2020-07-05,0.0014752196887583458
2020-07-06,0.0014558424460707424
2020-07-07,0.0015200367246912387
2020-07-08,0.0016254590474607633
2020-07-09,0.0016210827234259624
2020-07-10,0.001582920488672784
2020-07-11,0.0015816575877586512
2020-07-12,0.0015803946868445165
2020-07-13,0.0015155772246458503
2020-07-14,0.001604080420631739
2020-07-15,0.0015122526144385722
2020-07-16,0.0014750650078248113
2020-07-17,0.0015739743854150093
2020-07-18,0.0015727667138025671
2020-07-19,0.0015715590421901235
2020-07-20,0.0015727060302299402
2020-07-21,0.001656307563916612
2020-07-22,0.0016881112476408678
2020-07-23,0.0016642622420504937
2020-07-24,0.0016846708927540047
2020-07-25,0.0016833128564124535
2020-07-26,0.0016819548200709023
2020-07-27,0.0016799744106823415
2020-07-28,0.00162277585867914
2020-07-29,0.0016154161376508182
2020-07-30,0.0016870178913038084
2020-07-31,0.0017811402483446674
2020-08-01,0.0017794422307988124
2020-08-02,0.001777744213252957
2020-08-03,0.001802358921399623
2020-08-04,0.0017418598285659837
2020-08-05,0.0018210807666213663
2020-08-06,0.0018498011308522543
2020-08-07,0.0017638515383498411
2020-08-08,0.0017624061970207014
2020-08-09,0.0017609608556915617
2020-08-10,0.0017642544984520685
2020-08-11,0.0016154236335835998
2020-08-12,0.0016135954571465752
2020-08-13,0.0016223202702240055
2020-08-14,0.0016229722373976932
2020-08-15,0.0016217934110310673
2020-08-16,0.0016206145846644395
2020-08-17,0.00160716653158997
2020-08-18,0.0015774840247103853
2020-08-19,0.0015607038581761878
2020-08-20,0.0015407602282021236
2020-08-21,0.001618080884013015
2020-08-22,0.001616793577636693
2020-08-23,0.0016155062712603742
2020-08-24,0.0015975641649697775
2020-08-25,0.0014940523903581862
2020-08-26,0.0015530922277371356
2020-08-27,0.0015786970567204508
2020-08-28,0.0014474012785923903
2020-08-29,0.00144647722698266
2020-08-30,0.0014455531753729295
2020-08-31,0.0014514948350527418
2020-09-01,0.0014337161905987215
2020-09-02,0.0014692315867456808
2020-09-03,0.0015282262433587593
2020-09-04,0.0014169392971135712
2020-09-05,0.0014160223103528628
2020-09-06,0.0014151053235921557
2020-09-07,0.0014141883368314488
2020-09-08,0.0014696157210339674
2020-09-09,0.0015779061906142958
2020-09-10,0.0015526887014231617
2020-09-11,0.0015073754562977364
2020-09-12,0.0015063142948582501
2020-09-13,0.0015052531334187632
2020-09-14,0.0015258338368048592
2020-09-15,0.0014546484529421393
2020-09-16,0.0014606543252212853
2020-09-17,0.001465303589494147
2020-09-18,0.0013977953456204228
2020-09-19,0.0013968244471879306
2020-09-20,0.0013958535487554372
2020-09-21,0.001365492394967912
2020-09-22,0.0012792823300919812
2020-09-23,0.0011426449901416167
2020-09-24,0.0010292366764963368
2020-09-25,0.0009098157389726012
2020-09-26,0.0009089587340361181
2020-09-27,0.0009081017290996332
2020-09-28,0.0011045208804438412
2020-09-29,0.0012283027064690223
2020-09-30,0.001467202129241657
2020-10-01,0.0014670697631628045
2020-10-02,0.0014472013182929818
2020-10-03,0.0014459874865154158
2020-10-04,0.0014447736547378478
2020-10-05,0.0014274922738216286
2020-10-06,0.0014887245930022936
2020-10-07,0.0014998990570162277
2020-10-08,0.0015426440415868348
2020-10-09,0.0015598458321546109
2020-10-10,0.001558582271562798
2020-10-11,0.0015573187109709857
2020-10-12,0.001525064664342932
2020-10-13,0.0015221345515101434
2020-10-14,0.0015333337149506323
2020-10-15,0.0015055470182927574
2020-10-16,0.001547060864965497
2020-10-17,0.0015457885735435507
2020-10-18,0.0015445162821216046
2020-10-19,0.0016148400042786336
2020-10-20,0.0018605313542971074
2020-10-21,0.0017075125146264198
2020-10-22,0.0017788546847956556
2020-10-23,0.0017396816813942178
2020-10-24,0.0017384641771289802
2020-10-25,0.0017372466728637435
2020-10-26,0.0017965913897479305
2020-10-27,0.0017706792370540652
2020-10-28,0.001776882370638911
2020-10-29,0.001636331372843808
2020-10-30,0.0016383145920342364
2020-10-31,0.0016368927231480003
2020-11-01,0.0016354708542617644
2020-11-02,0.001575998355957123
2020-11-03,0.0016560931425255796
2020-11-04,0.0017676469040975385
2020-11-05,0.0018865002477740048
2020-11-06,0.0018666363859326139
2020-11-07,0.00186534453035226
2020-11-08,0.001864052674771909
2020-11-09,0.0017700804531968566
2020-11-10,0.00184054148294302
2020-11-11,0.001795963920705669
2020-11-12,0.0018177765591553233
2020-11-13,0.0018452439699222407
2020-11-14,0.0018442079478665668
2020-11-15,0.001843171925810893
2020-11-16,0.0018669323210289798
2020-11-17,0.0018769988902098643
2020-11-18,0.001880341308590281
2020-11-19,0.0019024378991915015
2020-11-20,0.001892533141309687
2020-11-21,0.001891667032861402
2020-11-22,0.0018908009244131172
2020-11-23,0.0019064163749742283
2020-11-24,0.0019119724113008138
2020-11-25,0.0019363875993332934
2020-11-26,0.0019354524380522365
2020-11-27,0.0019496234651340347
2020-11-28,0.0019486025915309924
2020-11-29,0.0019475817179279496
2020-11-30,0.0019746087251681726
2020-12-01,0.002027195892287412
2020-12-02,0.001977433735504641
2020-12-03,0.0019895683907703034
2020-12-04,0.0019566498729274955
2020-12-05,0.0019555590031520567
2020-12-06,0.001954468133376616
2020-12-07,0.0020117250666407812
2020-12-08,0.0019912405280317056
2020-12-09,0.0020020330491333322
2020-12-10,0.0019308319108636387
2020-12-11,0.0018461140402150408
2020-12-12,0.0018449984132885792
2020-12-13,0.0018438827863621182
2020-12-14,0.0018024766411281327
2020-12-15,0.0018645364283679802
2020-12-16,0.0018542728902530177
2020-12-17,0.0018045897763971355
2020-12-18,0.0017985823376305422
2020-12-19,0.0017976040769473315
2020-12-20,0.0017966258162641219
2020-12-21,0.0017224169409909525
2020-12-22,0.0017594704794538865
2020-12-23,0.0018345707681770326
2020-12-24,0.0018112922496504196
2020-12-25,0.0018102999202601689
2020-12-26,0.001809307590869919
2020-12-27,0.001808315261479669
2020-12-28,0.0017410169337960593
2020-12-29,0.0017233519298432208
2020-12-30,0.0017135858354131324
2020-12-31,0.001731050148203352
2021-01-01,0.00173024802862297
2021-01-02,0.001729445909042588
2021-01-03,0.0017286437894622059
2021-01-04,0.0017960011101110973
2021-01-05,0.0018151040655067243
2021-01-06,0.0017531754383091098
2021-01-07,0.0017407413244231351
2021-01-08,0.0017199466541955254
2021-01-09,0.0017197010079643559
2021-01-10,0.0017194553617331867
2021-01-11,0.0017013947948354652
2021-01-12,0.0017137010846875005
2021-01-13,0.0016970903724401654
2021-01-14,0.0016528612950331163
2021-01-15,0.001706469526156103
2021-01-16,0.0017062488124676618
2021-01-17,0.0017060280987792203
2021-01-18,0.0017058073850907784
2021-01-19,0.001708130155304158
2021-01-20,0.0017530310406843343
2021-01-21,0.0017732359940631198
2021-01-22,0.0017943321176307513
2021-01-23,0.001793781177185757
2021-01-24,0.0017932302367407627
2021-01-25,0.0017740343114919833
2021-01-26,0.0018143300994675322
2021-01-27,0.0018364633183600208
2021-01-28,0.0018644615434864542
2021-01-29,0.0018110140545274955
2021-01-30,0.0018102405858666298
2021-01-31,0.001809467117205765
2021-02-01,0.0017778216083136871
2021-02-02,0.0018000431334603642
2021-02-03,0.001773655438386472
2021-02-04,0.0017777249833589902
2021-02-05,0.0017413889943037708
2021-02-06,0.001740968832469196
2021-02-07,0.0017405486706346227
2021-02-08,0.00167423306149615
2021-02-09,0.001689407787594787
2021-02-10,0.0016908639362494102
2021-02-11,0.0016695444925283812
2021-02-12,0.001623613226464655
2021-02-13,0.001623672494247027
2021-02-14,0.0016237317620293994
2021-02-15,0.0016237910298117714
2021-02-16,0.0015651476739549936
2021-02-17,0.0015682336164591876
2021-02-18,0.0016268488512014585
2021-02-19,0.0015975914640868256
2021-02-20,0.0015977990499382207
2021-02-21,0.0015980066357896157
2021-02-22,0.0015735057564960624
2021-02-23,0.0015771902588028407
2021-02-24,0.0015625303996819138
2021-02-25,0.0015756467566709446
2021-02-26,0.0016169317132870122
2021-02-27,0.0016170381061708945
2021-02-28,0.001617144499054777
2021-03-01,0.0015926025642111052
2021-03-02,0.001595133967019582
2021-03-03,0.0015870843913823006
2021-03-04,0.0016087762900944182
2021-03-05,0.0015825819897632573
2021-03-06,0.0015828364565497579
2021-03-07,0.001583090923336258
2021-03-08,0.0015504641577090276
2021-03-09,0.001567535284778263
2021-03-10,0.0015328771002599455
2021-03-11,0.0015591176750428951
2021-03-12,0.001534589950383554
2021-03-13,0.001535099226200617
2021-03-14,0.0015356085020176804
2021-03-15,0.0014803362721876677
2021-03-16,0.001519033241784267
2021-03-17,0.001483376134044087
2021-03-18,0.0013978588817660075
2021-03-19,0.0013744237117726986
2021-03-20,0.0013754078785314608
2021-03-21,0.0013763920452902231
2021-03-22,0.0013733410786542213
2021-03-23,0.001472203405888303
2021-03-24,0.0014994153967473533
2021-03-25,0.0014468983114738635
2021-03-26,0.0014239593187975884
2021-03-27,0.001424800312181242
2021-03-28,0.0014256413055648953
2021-03-29,0.0015333394421424738
2021-03-30,0.001541771308826682
2021-03-31,0.0016054088976217534
2021-04-01,0.0016096795873412643
2021-04-02,0.0016099609213111937
2021-04-03,0.001610242255281123
2021-04-04,0.0016105235892510529
2021-04-05,0.0015658302140692327
2021-04-06,0.001590987523974273
2021-04-07,0.001581855014186759
2021-04-08,0.0016087724930767236
2021-04-09,0.0016026862304249878
2021-04-10,0.0016028850391468133
2021-04-11,0.001603083847868639
2021-04-12,0.0016099701790782026
2021-04-13,0.0016291954424948738
2021-04-14,0.001616796651006491
2021-04-15,0.0015994968155159267
2021-04-16,0.0015870427195105743
2021-04-17,0.001587292773680143
2021-04-18,0.0015875428278497123
2021-04-19,0.001603213133812658
2021-04-20,0.0016617485178392311
2021-04-21,0.001649277692305139
2021-04-22,0.0016700176535417444
2021-04-23,0.0016169234262988204
2021-04-24,0.0016170677404951563
2021-04-25,0.001617212054691493
2021-04-26,0.0016328721557001703
2021-04-27,0.0016161633656487807
2021-04-28,0.0016094871565871995
2021-04-29,0.0015822821819668862
2021-04-30,0.0016204704901145856
2021-05-01,0.001620618054253245
2021-05-02,0.0016207656183919047
2021-05-03,0.0016053515599671777
2021-05-04,0.0016066690747509125
2021-05-05,0.0015967583146757952
2021-05-06,0.0015153920642276934
2021-05-07,0.0015064863231461969
2021-05-08,0.0015069028885195698
2021-05-09,0.0015073194538929423
2021-05-10,0.0015215683849735993
2021-05-11,0.0015668611331016281
2021-05-12,0.0016242722246642806
2021-05-13,0.0015564007611000774
2021-05-14,0.0015366933153633795
2021-05-15,0.0015371127958955586
2021-05-16,0.0015375322764277378
2021-05-17,0.0015414738026676338
2021-05-18,0.0015091014882526086
2021-05-19,0.001524361728657145
2021-05-20,0.0015137508012583276
2021-05-21,0.0015021057284187143
2021-05-22,0.0015025600841058432
2021-05-23,0.0015030144397929711
2021-05-24,0.0014769359945491418
2021-05-25,0.001496588775907995
2021-05-26,0.001497213732394509
2021-05-27,0.0015088729795674288
2021-05-28,0.001494396111841533
2021-05-29,0.001494768592239927
2021-05-30,0.0014951410726383196
2021-05-31,0.0014955135530367138
2021-06-01,0.0014886358282216732
2021-06-02,0.0014874562431696622
2021-06-03,0.0014642182256146125
2021-06-04,0.0014778598708994517
2021-06-05,0.001478300377726752
2021-06-06,0.0014787408845540525
2021-06-07,0.0014920855096349588
2021-06-08,0.001495485420188809
2021-06-09,0.0015278328433821033
2021-06-10,0.0015430201855878352
2021-06-11,0.0015451499741791757
2021-06-12,0.0015453457153690392
2021-06-13,0.0015455414565589032
2021-06-14,0.0015698336198387108
2021-06-15,0.0015595822985616616
2021-06-16,0.001555308361924738
2021-06-17,0.0015659888296824206
2021-06-18,0.0016388693531656472
2021-06-19,0.0016388157268724139
2021-06-20,0.0016387621005791806
2021-06-21,0.0015831739037042694
2021-06-22,0.00158525317561668
2021-06-23,0.0016431191843049807
2021-06-24,0.0015942888231658644
2021-06-25,0.0015635631774111244
2021-06-26,0.0015637356288657324
2021-06-27,0.0015639080803203412
2021-06-28,0.0015602854913509985
2021-06-29,0.0016102886849006118
2021-06-30,0.001646627260676342
2021-07-01,0.0016282669878574566
2021-07-02,0.001631010671229613
2021-07-03,0.0016310234131922457
2021-07-04,0.0016310361551548783
2021-07-05,0.0016310488971175109
2021-07-06,0.001651825378842478
2021-07-07,0.0016723371102443992
2021-07-08,0.0017312320293934348
2021-07-09,0.001621297277757883
2021-07-10,0.0016212992403451029
2021-07-11,0.001621301202932322
2021-07-12,0.0016205068325399875
2021-07-13,0.0016449488786062449
2021-07-14,0.0016737933827495378
2021-07-15,0.0017025750042226856
2021-07-16,0.0017191355087643888
2021-07-17,0.0017189126447253416
2021-07-18,0.0017186897806862945
2021-07-19,0.0017456353838339457
2021-07-20,0.0017107089337392862
2021-07-21,0.0017134245464400385
2021-07-22,0.001744536656572814
2021-07-23,0.0017475469505258958
2021-07-24,0.001747321116994949
2021-07-25,0.0017470952834640013
2021-07-26,0.0017679457498111285
2021-07-27,0.0017574874575146946
2021-07-28,0.0017352106372081465
2021-07-29,0.001757595987010596
2021-07-30,0.0017783517067508584
2021-07-31,0.0017780601140908402
2021-08-01,0.0017777685214308222
2021-08-02,0.0017723538364042457
2021-08-03,0.0017727627012475858
2021-08-04,0.0017934003000773134
2021-08-05,0.00177766868951976
2021-08-06,0.0017702885779256317
2021-08-07,0.0017700950129341064
2021-08-08,0.0017699014479425805
2021-08-09,0.001766097358025446
2021-08-10,0.0017594296921574137
2021-08-11,0.001720012078954835
2021-08-12,0.001722034677911044
2021-08-13,0.0017262530189400397
2021-08-14,0.0017262937388935794
2021-08-15,0.001726334458847119
2021-08-16,0.0017357126130781127
2021-08-17,0.0017531916681563977
2021-08-18,0.001757439307943409
2021-08-19,0.001775861139904975
2021-08-20,0.0017629105210136677
2021-08-21,0.0017627253966040967
2021-08-22,0.0017625402721945258
2021-08-23,0.0017557899038100771
2021-08-24,0.0017514078546581294
2021-08-25,0.001754562677531055
2021-08-26,0.0017501581406763628
2021-08-27,0.0017451818536484349
2021-08-28,0.001745091240326728
2021-08-29,0.0017450006270050215
2021-08-30,0.001760661760443383
2021-08-31,0.0017453676782661505
2021-09-01,0.0017251203927443164
2021-09-02,0.0017304072529672142
2021-09-03,0.001691146950456877
2021-09-04,0.0016912499704408446
2021-09-05,0.0016913529904248113
2021-09-06,0.001691456010408778
2021-09-07,0.0016830994239481973
2021-09-08,0.0016806501456233967
2021-09-09,0.001668889483898811
2021-09-10,0.00166879099076371
2021-09-11,0.0016689972226355038
2021-09-12,0.0016692034545072979
2021-09-13,0.001620459579595657
2021-09-14,0.0016432727219297932
2021-09-15,0.0016277225774085009
2021-09-16,0.0016386139609313682
2021-09-17,0.0016675753837316605
2021-09-18,0.00166781504428046
2021-09-19,0.00166805470482926
2021-09-20,0.001738190929976141
2021-09-21,0.001677719045932466
2021-09-22,0.0016489005360480315
2021-09-23,0.001617606252307578
2021-09-24,0.001606998460098614
2021-09-25,0.0016073660002710692
2021-09-26,0.0016077335404435236
2021-09-27,0.0015136905839493004
2021-09-28,0.0015954540717243511
2021-09-29,0.001616224173843212
2021-09-30,0.0017141355434168249
2021-10-01,0.0017320778120991397
2021-10-02,0.0017320949900187783
2021-10-03,0.0017321121679384167
2021-10-04,0.0018213812740415073
2021-10-05,0.0017423243009450078
2021-10-06,0.0017160618568419455
2021-10-07,0.0017212592686839199
2021-10-08,0.001758985352099474
2021-10-09,0.0017589202406847544
2021-10-10,0.0017588551292700345
2021-10-11,0.0017605220307029689
2021-10-12,0.0017689237745983008
2021-10-13,0.001807287818306592
2021-10-14,0.0018526018683531374
2021-10-15,0.0018264764570966403
2021-10-16,0.0018262776548605183
2021-10-17,0.0018260788526243965
2021-10-18,0.0018325519852614783
2021-10-19,0.0018358994751948316
2021-10-20,0.0018334329676704029
2021-10-21,0.001850640262651577
2021-10-22,0.0018692222590222171
2021-10-23,0.0018688792182308183
2021-10-24,0.0018685361774394187
2021-10-25,0.0018932946756988153
2021-10-26,0.001910917298178379
2021-10-27,0.001928513183250261
2021-10-28,0.0019435649817962876
2021-10-29,0.0019480211399899032
2021-10-30,0.0019472969866708542
2021-10-31,0.0019465728333518048
2021-11-01,0.001962271099310244
2021-11-02,0.001968481806181021
2021-11-03,0.0019668779348492533
2021-11-04,0.0019375867550456751
2021-11-05,0.0019431359155871028
2021-11-06,0.0019426870180447966
2021-11-07,0.0019422381205024897
2021-11-08,0.0019274532775545126
2021-11-09,0.0019511472003312692
2021-11-10,0.0019241832285048686
2021-11-11,0.0019190095263215468
2021-11-12,0.0018782081292009903
2021-11-13,0.0018781345373980371
2021-11-14,0.0018780609455950842
2021-11-15,0.0018957200845158588
2021-11-16,0.0019159365711367013
2021-11-17,0.0019320768861958405
2021-11-18,0.0019125484716633538
2021-11-19,0.0018883706464027973
2021-11-20,0.0018879814571219795
2021-11-21,0.001887592267841162
2021-11-22,0.0018857700256173678
2021-11-23,0.001887365070542687
2021-11-24,0.001891354543110979
2021-11-25,0.0018909880007032499
2021-11-26,0.0018771394499854164
2021-11-27,0.001876674119691979
2021-11-28,0.001876208789398542
2021-11-29,0.0018940800696743791
2021-11-30,0.001948965973390029
2021-12-01,0.001928349988850677
2021-12-02,0.0019164031572827154
2021-12-03,0.0019047285572926812
2021-12-04,0.0019043142696544843
2021-12-05,0.0019038999820162885
2021-12-06,0.0018855366299467486
2021-12-07,0.0018847315999886527
2021-12-08,0.0018903158116582485
2021-12-09,0.0018958070874215784
2021-12-10,0.0018883701597640866
2021-12-11,0.001888092744516149
2021-12-12,0.0018878153292682114
2021-12-13,0.0019057831064421896
2021-12-14,0.0018769485460937425
2021-12-15,0.001860846469550921
2021-12-16,0.001863032395819648
2021-12-17,0.0018595309514418575
2021-12-18,0.0018592880622398716
2021-12-19,0.0018590451730378858
2021-12-20,0.0019011493497938265
2021-12-21,0.0018818483235200514
2021-12-22,0.0018956309413729906
2021-12-23,0.0018969335291809538
2021-12-24,0.0018966267690708988
2021-12-25,0.0018963200089608429
2021-12-26,0.0018960132488507865
2021-12-27,0.0019053087713928375
2021-12-28,0.0019091182550097703
2021-12-29,0.0019087525394418524
2021-12-30,0.001907474845716004
2021-12-31,0.0018993783228988855
2022-01-01,0.0018990447140143814
2022-01-02,0.0018987111051298774
2022-01-03,0.0018807230847155453
2022-01-04,0.0018743408009589831
2022-01-05,0.001871483615689523
2022-01-06,0.0018725705477422292
2022-01-07,0.001869639834430818
2022-01-08,0.001869695013705955
2022-01-09,0.0018697501929810926
2022-01-10,0.0018706347330313374
2022-01-11,0.0018656290783432166
2022-01-12,0.0018590481408109023
2022-01-13,0.0018606061745805153
2022-01-14,0.001859243420533814
2022-01-15,0.0018596468946219071
2022-01-16,0.0018600503687100007
2022-01-17,0.0018604538427980943
2022-01-18,0.0018692219470873882
2022-01-19,0.001876783471836372
2022-01-20,0.0018797506132247747
2022-01-21,0.001881773753266987
2022-01-22,0.0018817611673418839
2022-01-23,0.0018817485814167805
2022-01-24,0.0018733634969633282
2022-01-25,0.0018619979909223626
2022-01-26,0.0018620619971890743
2022-01-27,0.0018666664395729422
2022-01-28,0.0018667086547864244
2022-01-29,0.00186686831551689
2022-01-30,0.0018670279762473558
2022-01-31,0.0018761788099323955
2022-02-01,0.00185742514112015
2022-02-02,0.0018726768068315274
2022-02-03,0.0018527598334273092
2022-02-04,0.0018607253829227622
2022-02-05,0.001860855976387838
2022-02-06,0.0018609865698529142
2022-02-07,0.0018828457017274628
2022-02-08,0.0018727001091686972
2022-02-09,0.001841770338082516
2022-02-10,0.001842394625075136
2022-02-11,0.0018574004589950364
2022-02-12,0.0018577156356906171
2022-02-13,0.001858030812386198
2022-02-14,0.0018584856849794716
2022-02-15,0.0018593669515915875
2022-02-16,0.001872845986023997
2022-02-17,0.0018752519661923133
2022-02-18,0.001874584418122226
2022-02-19,0.0018747949242420593
2022-02-20,0.0018750054303618927
2022-02-21,0.0018752159364817263
2022-02-22,0.0018996401987638428
2022-02-23,0.0019131752950805334
2022-02-24,0.001960697773201772
2022-02-25,0.001941258257962593
2022-02-26,0.0019414117423309299
2022-02-27,0.0019415652266992656
2022-02-28,0.0019711868665189297
2022-03-01,0.0020339132137237063
2022-03-02,0.001991612812763402
2022-03-03,0.001949588171049331
2022-03-04,0.001995387635529223
2022-03-05,0.001995304702025863
2022-03-06,0.001995221768522503
2022-03-07,0.002088558386533075
2022-03-08,0.002477927864510367
2022-03-09,0.002462715894372481
2022-03-10,0.0024267191579370718
2022-03-11,0.002406316970296892
2022-03-12,0.0024058126772070997
2022-03-13,0.0024053083841173066
2022-03-14,0.0023493313366936787
2022-03-15,0.002343324726068868
2022-03-16,0.0023608686854499055
2022-03-17,0.0023695800373568954
2022-03-18,0.0023854005896023146
2022-03-19,0.002385132643660635
2022-03-20,0.002384864697718955
2022-03-21,0.0023872496496685075
2022-03-22,0.002394200001434095
2022-03-23,0.00239343351493563
2022-03-24,0.00240027675377434
2022-03-25,0.002410551974742824
2022-03-26,0.0024102591922549594
2022-03-27,0.002409966409767095
2022-03-28,0.002428928469639835
2022-03-29,0.0024642906785610767
2022-03-30,0.002455013980459062
2022-03-31,0.0024871602598207374
2022-04-01,0.002500211819508507
2022-04-02,0.0024992378795827904
2022-04-03,0.0024982639396570728
2022-04-04,0.002528656363619846
2022-04-05,0.002406513656435246
2022-04-06,0.0023689112926391473
2022-04-07,0.0023677550529870974
2022-04-08,0.0023487079974655305
2022-04-09,0.0023475943712015007
2022-04-10,0.002346480744937471
2022-04-11,0.002331768318587823
2022-04-12,0.0022406758933368963
2022-04-13,0.0022389066004341734
2022-04-14,0.0022078882793877498
2022-04-15,0.0022067216547788974
2022-04-16,0.002205555030170045
2022-04-17,0.0022043884055611934
2022-04-18,0.0021942527857651277
2022-04-19,0.0022462096698538632
2022-04-20,0.0022244901206124514
2022-04-21,0.0021650491531345086
2022-04-22,0.0021675908900083106
2022-04-23,0.002166382417427315
2022-04-24,0.0021651739448463195
2022-04-25,0.002171042235157824
2022-04-26,0.0021133613955942572
2022-04-27,0.002231246203946833
2022-04-28,0.002185920499708359
2022-04-29,0.0021063017798602433
2022-04-30,0.0021050462191825638
2022-05-01,0.002103790658504886
2022-05-02,0.002145125769021536
2022-05-03,0.0021977567202317995
2022-05-04,0.002249338166805493
2022-05-05,0.0021882878336674273
2022-05-06,0.0021477139645151577
2022-05-07,0.0021464761236976012
2022-05-08,0.0021452382828800447
2022-05-09,0.0020531428123244182
2022-05-10,0.002150400346526652
2022-05-11,0.0021841486259003276
2022-05-12,0.00213530876153051
2022-05-13,0.0021498341168073062
2022-05-14,0.00214864970299762
2022-05-15,0.0021474652891879348
2022-05-16,0.002134849711680301
2022-05-17,0.002260747792701366
2022-05-18,0.002211526876172166
2022-05-19,0.0022384384507310538
2022-05-20,0.0022634567890043654
2022-05-21,0.0022622100391762913
2022-05-22,0.0022609632893482168
2022-05-23,0.0023169471107543325
2022-05-24,0.0023850034145703686
2022-05-25,0.0023366459698890485
2022-05-26,0.002375471271369933
2022-05-27,0.0023915126307389135
2022-05-28,0.002390408218324934
2022-05-29,0.0023893038059109545
2022-05-30,0.002388199393496975
2022-05-31,0.0024019196377218256
2022-06-01,0.0023861666435582634
2022-06-02,0.0024340003909007323
2022-06-03,0.002398865703907703
2022-06-04,0.002397539881632754
2022-06-05,0.0023962140593578054
2022-06-06,0.002423833788074895
2022-06-07,0.0023987904002825836
2022-06-08,0.002272619836639906
2022-06-09,0.0021503994321405524
2022-06-10,0.0020817511500287092
2022-06-11,0.002080155462197803
2022-06-12,0.0020785597743668963
2022-06-13,0.001818698138568475
2022-06-14,0.0016963824742604074
2022-06-15,0.0016975009132576273
2022-06-16,0.0015107485610390964
2022-06-17,0.001723794345458128
2022-06-18,0.0017223828224410026
2022-06-19,0.0017209712994238802
2022-06-20,0.0017195597764067558
2022-06-21,0.001607975281985324
2022-06-22,0.0016964898368862754
2022-06-23,0.0016210110174022041
2022-06-24,0.0017133197008899295
2022-06-25,0.0017122231814179936
2022-06-26,0.0017111266619460595
2022-06-27,0.0017676709949654725
2022-06-28,0.0017043769017729643
2022-06-29,0.0017159502324604013
2022-06-30,0.0017268764686568668
2022-07-01,0.0016270984493646115
2022-07-02,0.0016258964717795112
2022-07-03,0.0016246944941944118
2022-07-04,0.0016234925166093133
2022-07-05,0.0015477965154234727
2022-07-06,0.0015863522522463936
2022-07-07,0.0015848407310294118
2022-07-08,0.0015592840333605359
2022-07-09,0.0015581224934804508
2022-07-10,0.0015569609536003654
2022-07-11,0.0015188274944658534
2022-07-12,0.0015663587452672857
2022-07-13,0.0015480722767908495
2022-07-14,0.0015773577049765096
2022-07-15,0.0016202185876439809
2022-07-16,0.0016189029900359193
2022-07-17,0.001617587392427859
2022-07-18,0.0016600394517834799
2022-07-19,0.0016773325687031086
2022-07-20,0.0016930155319982887
2022-07-21,0.0017795146978505675
2022-07-22,0.0017394021621133953
2022-07-23,0.0017381438991890584
2022-07-24,0.00173688563626472
2022-07-25,0.0017173055301810262
2022-07-26,0.0013228047805781198
2022-07-27,0.001317763801714551
2022-07-28,0.001416889231342855
2022-07-29,0.0012666255065911546
2022-07-30,0.0012659285678823478
2022-07-31,0.0012652316291735385
2022-08-01,0.0012730908904718603
2022-08-02,0.0013732509538439159
2022-08-03,0.001460675904812348
2022-08-04,0.0015916342705575535
2022-08-05,0.0015173364911053298
2022-08-06,0.0015162721436426637
2022-08-07,0.0015152077961799976
2022-08-08,0.0015678713072311782
2022-08-09,0.0015729727069642536
2022-08-10,0.0015328724741788368
2022-08-11,0.001541246450723247
2022-08-12,0.0015582921066726073
2022-08-13,0.0015573977094339897
2022-08-14,0.0015565033121953712
2022-08-15,0.0015347736003029394
2022-08-16,0.0015672112780873285
2022-08-17,0.0015343521553369008
2022-08-18,0.0015503447222151325
2022-08-19,0.0015083977569388491
2022-08-20,0.0015073418279372916
2022-08-21,0.0015062858989357331
2022-08-22,0.0014573381494992089
2022-08-23,0.0014369662682628375
2022-08-24,0.0013605195780010371
2022-08-25,0.0013604536397714086
2022-08-26,0.0013955568457292246
2022-08-27,0.0013944978351844851
2022-08-28,0.0013934388246397461
2022-08-29,0.0014638807593318765
2022-08-30,0.001432006979489558
2022-08-31,0.0014564002400890372
2022-09-01,0.0013703594820101365
2022-09-02,0.0014069816900118151
2022-09-03,0.0014058673516898997
2022-09-04,0.001404753013367984
2022-09-05,0.001403638675046069
2022-09-06,0.0015342598233984554
2022-09-07,0.0016289289425676706
2022-09-08,0.001533131890107289
2022-09-09,0.0015508693484094422
2022-09-10,0.0015498311145600305
2022-09-11,0.0015487928807106205
2022-09-12,0.0016386372485505253
2022-09-13,0.0017636583730089757
2022-09-14,0.0016586804442694334
2022-09-15,0.001700137909588598
2022-09-16,0.0015657021388658888
2022-09-17,0.0015645695294291765
2022-09-18,0.001563436919992465
2022-09-19,0.001538102802291288
2022-09-20,0.0015058629470545374
2022-09-21,0.0015154019883074593
2022-09-22,0.0013726485137264492
2022-09-23,0.0014779623478087178
2022-09-24,0.0014765884468504488
2022-09-25,0.0014752145458921796
2022-09-26,0.00138291422109817
2022-09-27,0.0014322381553303989
2022-09-28,0.0015525230379140114
2022-09-29,0.0015628109968642365
2022-09-30,0.0017268806529211539
2022-10-01,0.001725132406586799
2022-10-02,0.0017233841602524455
2022-10-03,0.0016722714669621425
2022-10-04,0.0017562245503389051
2022-10-05,0.001718084608337468
2022-10-06,0.0015731990476682764
2022-10-07,0.001618789215793631
2022-10-08,0.0016171996262334255
2022-10-09,0.001615610036673221
2022-10-10,0.0015656232829743214
2022-10-11,0.0014373466956379313
2022-10-12,0.0014521772554884436
2022-10-13,0.0015224831196162436
2022-10-14,0.0014330383179251502
2022-10-15,0.0014314901385039836
2022-10-16,0.0014299419590828124
2022-10-17,0.0017160249121084552
2022-10-18,0.0019373235690271795
2022-10-19,0.0019123653617476337
2022-10-20,0.0019598826107784166
2022-10-21,0.0017977928581752868
2022-10-22,0.0017960953048428954
2022-10-23,0.0017943977515105037
2022-10-24,0.0018565377555327467
2022-10-25,0.0022021120116296872
2022-10-26,0.002057575026999004
2022-10-27,0.0020830450472237964
2022-10-28,0.002150755193283965
2022-10-29,0.0021490310490678067
2022-10-30,0.0021473069048516466
2022-10-31,0.0020601809671314773
2022-11-01,0.002065861650683244
2022-11-02,0.0019540040578504324
2022-11-03,0.001977648348870811
2022-11-04,0.0019980841470360355
2022-11-05,0.0019966168823597457
2022-11-06,0.001995149617683456
2022-11-07,0.0020188780527235976
2022-11-08,0.0019622023609490733
2022-11-09,0.0019506268863084904
2022-11-10,0.0019555039669276832
2022-11-11,0.0021655282834952593
2022-11-12,0.0021643455422171347
2022-11-13,0.0021631628009390093
2022-11-14,0.0019464298844984176
2022-11-15,0.0019853638923743562
2022-11-16,0.0019466158547468647
2022-11-17,0.0018716889011772934
2022-11-18,0.001870197530254541
2022-11-19,0.0018695720272285973
2022-11-20,0.001868946524202653
2022-11-21,0.0018987938911513157
2022-11-22,0.0018337640694995009
2022-11-23,0.0018011232570881352
2022-11-24,0.0018006669251646329
2022-11-25,0.0017301994792303529
2022-11-26,0.0017299124586696438
2022-11-27,0.0017296254381089357
2022-11-28,0.0017668646630059478
2022-11-29,0.0017375013751441514
2022-11-30,0.0017569724359437953
2022-12-01,0.0017553023453371023
2022-12-02,0.0017421201238602545
2022-12-03,0.0017417927673837924
2022-12-04,0.0017414654109073311
2022-12-05,0.0018232066690023947
2022-12-06,0.0017820713726849579
2022-12-07,0.0017475708063774422
2022-12-08,0.0017437241921547666
2022-12-09,0.0017360101786400065
2022-12-10,0.0017356510774654728
2022-12-11,0.0017352919762909386
2022-12-12,0.0017250603733877047
2022-12-13,0.0017414047122430226
2022-12-14,0.0017262809700087868
2022-12-15,0.001742507993867828
2022-12-16,0.0016939203546908537
2022-12-17,0.0016935834196362806
2022-12-18,0.0016932464845817086
2022-12-19,0.0016437318108147576
2022-12-20,0.0012165633486802886
2022-12-21,0.0010611893210937394
2022-12-22,0.0010386277548700734
2022-12-23,0.0009529410567262792
2022-12-24,0.0009539084654522829
2022-12-25,0.0009548758741782866
2022-12-26,0.0009558432829042903
2022-12-27,0.0009502881695840899
2022-12-28,0.0009930362524159342
2022-12-29,0.001002739481357766
2022-12-30,0.0009709044973195856
2022-12-31,0.0009718389117686866
2023-01-01,0.0009727733262177882
2023-01-02,0.0009737077406668905
2023-01-03,0.0009154141791474419
2023-01-04,0.0007768168481985392
2023-01-05,0.0008600088729442549
2023-01-06,0.0007998265566914013
2023-01-07,0.0008007904433712494
2023-01-08,0.0008017543300510971
2023-01-09,0.0008131835605197251
2023-01-10,0.0007934924361202677
2023-01-11,0.0007676142344387109
2023-01-12,0.0006171061571636038
2023-01-13,0.000527186965028981
2023-01-14,0.0005289304043861326
2023-01-15,0.0005306738437432842
2023-01-16,0.000532417283100434
2023-01-17,0.0005135947717624552
2023-01-18,0.0005132108441114275
2023-01-19,0.0005650504217302281
2023-01-20,0.0005338867905403618
2023-01-21,0.0005352010389730339
2023-01-22,0.000536515287405706
2023-01-23,0.0005319397546972356
2023-01-24,0.0005152433813830548
2023-01-25,0.00048202487330645553
2023-01-26,0.0004311073239439281
2023-01-27,0.0004623128468793452
2023-01-28,0.00046389327197488787
2023-01-29,0.0004654736970704323
2023-01-30,0.0004945606933147617
2023-01-31,0.0004830978543910211
2023-02-01,0.00044526350836391823
2023-02-02,0.00045707970090550247
2023-02-03,0.0004579113529416972
2023-02-04,0.0004592685653026594
2023-02-05,0.00046062577766362153
2023-02-06,0.0005330991829590424
2023-02-07,0.00047082190878679816
2023-02-08,0.0004788403756858734
2023-02-09,0.00046826149871538646
2023-02-10,0.0004743066136396242
2023-02-11,0.0004757709879733311
2023-02-12,0.00047723536230703627
2023-02-13,0.0004254849083941475
2023-02-14,0.0003887468123762172
2023-02-15,0.00039321130390006145
2023-02-16,0.00041979101146261176
2023-02-17,0.00041620883878391293
2023-02-18,0.0004177426969026363
2023-02-19,0.00041927655502136014
2023-02-20,0.00042081041314008224
2023-02-21,0.0004707616399733613
2023-02-22,0.0005165183028355766
2023-02-23,0.0004793931541624756
2023-02-24,0.0005443011507956209
2023-02-25,0.0005456291027290702
2023-02-26,0.00054695705466252
2023-02-27,0.0004893304003222758
2023-02-28,0.00047833271908696287
2023-03-01,0.0005134288625785631
2023-03-02,0.0005390448387017251
2023-03-03,0.00041475800892259735
2023-03-04,0.0004162547912834728
2023-03-05,0.00041775157364434823
2023-03-06,0.00040456380244051305
2023-03-07,0.0005193690624589542
2023-03-08,0.0005377501581625269
2023-03-09,0.0006167290556262444
2023-03-10,0.0008530730798277692
2023-03-11,0.0008543063955032946
2023-03-12,0.00085553971117882
2023-03-13,0.0010717432002810066
2023-03-14,0.001139875511560652
2023-03-15,0.001287049065896452
2023-03-16,0.001157357831893311
2023-03-17,0.0013421033847997401
2023-03-18,0.0013427046959598066
2023-03-19,0.001343306007119872
2023-03-20,0.0011902900981583496
2023-03-21,0.0009848555753093776
2023-03-22,0.0010565829865458332
2023-03-23,0.001164482972283719
2023-03-24,0.001138382070906772
2023-03-25,0.001139175591428287
2023-03-26,0.0011399691119498012
2023-03-27,0.0010961190137714245
2023-03-28,0.0010669580682327717
2023-03-29,0.0010103437571907289
2023-03-30,0.001021411709961343
2023-03-31,0.0009303375581865853
2023-04-01,0.0009310858703474264
2023-04-02,0.0009318341825082662
2023-04-03,0.0009678674890388978
2023-04-04,0.0009342610156326445
2023-04-05,0.000956497257907407
2023-04-06,0.0009655098156529664
2023-04-07,0.0009663616077703707
2023-04-08,0.0009672133998877759
2023-04-09,0.000968065192005181
2023-04-10,0.0009769392036228976
2023-04-11,0.0008788799487493065
2023-04-12,0.0009017796165627068
2023-04-13,0.0008661916237162801
2023-04-14,0.0008172537285211241
2023-04-15,0.0008182712492622005
2023-04-16,0.0008192887700032769
2023-04-17,0.0009062675851164133
2023-04-18,0.0008938993511686736
2023-04-19,0.0008874355919037324
2023-04-20,0.0009690882875129803
2023-04-21,0.0010094742257835613
2023-04-22,0.001010701185608455
2023-04-23,0.001011928145433349
2023-04-24,0.0010084803055904435
2023-04-25,0.0011606922966067666
2023-04-26,0.001109271888281862
2023-04-27,0.0009873667860208963
2023-04-28,0.0010891270728432103
2023-04-29,0.0010901464296387184
2023-04-30,0.0010911657864342275
2023-05-01,0.0011035730332173222
2023-05-02,0.0011846208872931174
2023-05-03,0.001272972283696847
2023-05-04,0.001373819083320081
2023-05-05,0.001130050499472531
2023-05-06,0.001131102846746081
2023-05-07,0.0011321551940196317
2023-05-08,0.0011267862502962714
2023-05-09,0.001086894858478891
2023-05-10,0.0011144600455839909
2023-05-11,0.0011132066956617494
2023-05-12,0.0011283051167173298
2023-05-13,0.001129565575646012
2023-05-14,0.0011308260345746935
2023-05-15,0.0009954748082580175
2023-05-16,0.001138627771101523
2023-05-17,0.001031464242881538
2023-05-18,0.0010893627193771381
2023-05-19,0.0011390296917809261
2023-05-20,0.0011399615675439256
2023-05-21,0.001140893443306925
2023-05-22,0.0011126082771090902
2023-05-23,0.0011880635448344354
2023-05-24,0.0012148035436315143
2023-05-25,0.0012633597179378883
2023-05-26,0.0012605488982605005
2023-05-27,0.0012612973727113164
2023-05-28,0.0012620458471621324
2023-05-29,0.0012627943216129483
2023-05-30,0.001253461004884561
2023-05-31,0.0012645776424071139
2023-06-01,0.0010665425885879294
2023-06-02,0.0010284056292205771
2023-06-03,0.0010295193347820515
2023-06-04,0.0010306330403435254
2023-06-05,0.001049469874303397
2023-06-06,0.0009808491128439904
2023-06-07,0.001052206251113165
2023-06-08,0.0010344248685942776
2023-06-09,0.0010179602414824621
2023-06-10,0.0010190411309307329
2023-06-11,0.0010201220203790028
2023-06-12,0.0010223628108236389
2023-06-13,0.0009970793363944684
2023-06-14,0.0009548902229690997
2023-06-15,0.0009606922622097777
2023-06-16,0.0010044971516142403
2023-06-17,0.0010055549490825427
2023-06-18,0.0010066127465508446
2023-06-19,0.0010076705440191474
2023-06-20,0.001066308456815762
2023-06-21,0.0009704143412743163
2023-06-22,0.0009744908373121126
2023-06-23,0.0011012966464920637
2023-06-24,0.0011023754465366892
2023-06-25,0.0011034542465813146
2023-06-26,0.0011261312992813964
2023-06-27,0.001014234608299074
2023-06-28,0.0010083439123041694
2023-06-29,0.0008966175672673374
2023-06-30,0.0008714207452774482
2023-07-01,0.0008728075281163004
2023-07-02,0.0008741943109551527
2023-07-03,0.0008305323587407439
2023-07-04,0.0008319437893823975
2023-07-05,0.0008401147218938415
2023-07-06,0.0010242515176492432
2023-07-07,0.0008985605597992357
2023-07-08,0.0009001198165227596
2023-07-09,0.0009016790732462843
2023-07-10,0.0009032383299698091
