Date,UBS - GS Accumulated Oriented Area
2019-01-01,0.0
2019-01-02,0.0
2019-01-03,-2.150282714555439e-09
2019-01-04,1.8501240608277629e-06
2019-01-05,1.7929592480030163e-06
2019-01-06,1.7357944351780944e-06
2019-01-07,1.1227620442528245e-06
2019-01-08,-1.399355273170437e-06
2019-01-09,2.3031887374201914e-06
2019-01-10,-2.5033698436022413e-06
2019-01-11,-1.2414941782642302e-06
2019-01-12,-1.4195353409193403e-06
2019-01-13,-1.5975765035750436e-06
2019-01-14,2.927237666676002e-06
2019-01-15,9.278978463321976e-06
2019-01-16,5.970226267342171e-05
2019-01-17,7.804449527218073e-05
2019-01-18,7.695783874065591e-05
2019-01-19,7.736520133920478e-05
2019-01-20,7.777256393775262e-05
2019-01-21,7.817992653630047e-05
2019-01-22,0.00016977807350008678
2019-01-23,0.00015241830764755853
2019-01-24,0.00015215356872558922
2019-01-25,0.00015528217135812538
2019-01-26,0.00015590636314150686
2019-01-27,0.00015653055492488826
2019-01-28,0.00016456021806948208
2019-01-29,0.0001716133922605194
2019-01-30,0.00014510450594668313
2019-01-31,0.00017419271050325957
2019-02-01,0.00018593998970361847
2019-02-02,0.00018656250503338423
2019-02-03,0.00018718502036315005
2019-02-04,0.00019449230961776157
2019-02-05,0.0001677803177014833
2019-02-06,0.0001702717680142285
2019-02-07,0.00019558438513404667
2019-02-08,0.00020641100754747153
2019-02-09,0.00020698800473737837
2019-02-10,0.00020756500192728455
2019-02-11,0.00020721756349372178
2019-02-12,0.00019297823775827624
2019-02-13,0.00018266050126296507
2019-02-14,0.00020965159495049687
2019-02-15,0.0001774453345193393
2019-02-16,0.00017808362354184586
2019-02-17,0.0001787219125643524
2019-02-18,0.00017936020158685917
2019-02-19,0.00018442101787135472
2019-02-20,0.00025184834535642937
2019-02-21,0.00027661546067099323
2019-02-22,0.0002772539138295266
2019-02-23,0.0002781577300753912
2019-02-24,0.0002790615463212552
2019-02-25,0.0002566552554663719
2019-02-26,0.00023548831934642824
2019-02-27,0.0002316556163894592
2019-02-28,0.00023126891613085225
2019-03-01,0.00022532681067180212
2019-03-02,0.00022608849721006999
2019-03-03,0.00022685018374833776
2019-03-04,0.00024044605928594454
2019-03-05,0.0002583634562969831
2019-03-06,0.0002781883187531636
2019-03-07,0.0003264770636977324
2019-03-08,0.00032247511406137386
2019-03-09,0.00032359488963632275
2019-03-10,0.00032471466521127114
2019-03-11,0.0003010058674654977
2019-03-12,0.0002975517352401831
2019-03-13,0.0002779025374351618
2019-03-14,0.0002741500183524066
2019-03-15,0.00027856329333219746
2019-03-16,0.0002795994578883942
2019-03-17,0.00028063562244459164
2019-03-18,0.00022709826739139582
2019-03-19,0.0002221993690516262
2019-03-20,0.0002750066383798806
2019-03-21,0.0002833423099063507
2019-03-22,0.0003485654537090308
2019-03-23,0.0003495184027430186
2019-03-24,0.00035047135177700763
2019-03-25,0.0003567317903023426
2019-03-26,0.0003371776697008263
2019-03-27,0.0003345119443072886
2019-03-28,0.00033065072670217526
2019-03-29,0.0003165629621295101
2019-03-30,0.0003174757471858819
2019-03-31,0.0003183885322422546
2019-04-01,0.00026835380925840257
2019-04-02,0.000265322403972756
2019-04-03,0.0002401136394668173
2019-04-04,0.0002289849204468307
2019-04-05,0.00023385435281878892
2019-04-06,0.0002348256063045863
2019-04-07,0.00023579685979038361
2019-04-08,0.00024060627278593057
2019-04-09,0.0002488197178244973
2019-04-10,0.00024902575107049133
2019-04-11,0.00021454032927354898
2019-04-12,0.0001874847593124259
2019-04-13,0.0001884544018488418
2019-04-14,0.00018942404438525683
2019-04-15,0.0001888405379752934
2019-04-16,0.00016399355355526844
2019-04-17,0.00013915867888858127
2019-04-18,0.00014839416694795862
2019-04-19,0.00014908526695892795
2019-04-20,0.00014977636696989703
2019-04-21,0.0001504674669808662
2019-04-22,0.00015003672681753686
2019-04-23,0.000174197211788834
2019-04-24,0.00016447783912559315
2019-04-25,0.00015023817298373538
2019-04-26,0.00015361201675685436
2019-04-27,0.00015420390329091337
2019-04-28,0.00015479578982497232
2019-04-29,0.00012819040635218753
2019-04-30,0.00013983470702976788
2019-05-01,0.00016120293056104436
2019-05-02,0.0001485410659119887
2019-05-03,0.00015894231300341385
2019-05-04,0.00015964295059961255
2019-05-05,0.00016034358819581147
2019-05-06,0.00027764858214151926
2019-05-07,0.00034428314793990975
2019-05-08,0.0003486129998634867
2019-05-09,0.0003639790900338223
2019-05-10,0.0003612313933172689
2019-05-11,0.0003624395588888259
2019-05-12,0.00036364772446038245
2019-05-13,0.0004546054480785525
2019-05-14,0.00044247937113054157
2019-05-15,0.0004444525055851488
2019-05-16,0.00040342653742549654
2019-05-17,0.00042079979893215304
2019-05-18,0.00042196885235375084
2019-05-19,0.0004231379057753472
2019-05-20,0.00042207963677903034
2019-05-21,0.00040525370172578344
2019-05-22,0.0004466021505824205
2019-05-23,0.0004890808614597829
2019-05-24,0.00047256803368972357
2019-05-25,0.0004736303124842585
2019-05-26,0.00047469259127879494
2019-05-27,0.0004757548700733314
2019-05-28,0.0005231667713249257
2019-05-29,0.0005404785309404757
2019-05-30,0.000550346373774671
2019-05-31,0.0006106881852500112
2019-06-01,0.0006117051519894475
2019-06-02,0.0006127221187288861
2019-06-03,0.0006054201394262268
2019-06-04,0.0005276315168905706
2019-06-05,0.0005438581924497539
2019-06-06,0.0005303732859724375
2019-06-07,0.0005304229916565632
2019-06-08,0.0005314507809715881
2019-06-09,0.0005324785702866148
2019-06-10,0.0004891177295675333
2019-06-11,0.0004809721501425111
2019-06-12,0.0005344624385013703
2019-06-13,0.000524348602182709
2019-06-14,0.0005293395300680563
2019-06-15,0.0005305834381757342
2019-06-16,0.000531827346283412
2019-06-17,0.0005453818806824976
2019-06-18,0.0004893873310428346
2019-06-19,0.00047801073483156334
2019-06-20,0.0004786296305310722
2019-06-21,0.0004851646465815514
2019-06-22,0.00048648023341849706
2019-06-23,0.0004877958202554428
2019-06-24,0.0004705978536652099
2019-06-25,0.0004936535544660843
2019-06-26,0.00047756332977224225
2019-06-27,0.0004427095324268398
2019-06-28,0.00039218832821597715
2019-06-29,0.0003936373052223001
2019-06-30,0.0003950862822286231
2019-07-01,0.00036931759891994383
2019-07-02,0.0003750571362593964
2019-07-03,0.00036867727470597106
2019-07-04,0.0003700852341993293
2019-07-05,0.0003373936497374706
2019-07-06,0.00033876758633620254
2019-07-07,0.00034014152293493447
2019-07-08,0.0003817076805196163
2019-07-09,0.0003742629982756442
2019-07-10,0.00037497752466356295
2019-07-11,0.00031384892956141247
2019-07-12,0.0002867192019741203
2019-07-13,0.0002882188067504569
2019-07-14,0.00028971841152679106
2019-07-15,0.0003198128034210885
2019-07-16,0.0002963892989876023
2019-07-17,0.00032764867663923026
2019-07-18,0.00030491092868648907
2019-07-19,0.0003404264399578919
2019-07-20,0.000342060629287069
2019-07-21,0.00034369481861624464
2019-07-22,0.0003193340613082582
2019-07-23,0.0002489738598220188
2019-07-24,0.0003169220012638009
2019-07-25,0.00041794226064568
2019-07-26,0.0004105451447326515
2019-07-27,0.0004127752867296538
2019-07-28,0.00041500542872665376
2019-07-29,0.0004440202557484037
2019-07-30,0.00045487643379409884
2019-07-31,0.0004907767893899387
2019-08-01,0.0006767528431877323
2019-08-02,0.0006768505433504561
2019-08-03,0.0006788884116551213
2019-08-04,0.0006809262799597893
2019-08-05,0.0008308304693774159
2019-08-06,0.0007512307148660143
2019-08-07,0.0007775158377124189
2019-08-08,0.0007512631572591056
2019-08-09,0.0007539241413622206
2019-08-10,0.0007560451917914473
2019-08-11,0.0007581662422206777
2019-08-12,0.0008802401411086918
2019-08-13,0.0008339432443257759
2019-08-14,0.0010477474976161795
2019-08-15,0.001035559853944398
2019-08-16,0.0009536602439280161
2019-08-17,0.0009558794690802291
2019-08-18,0.000958098694232442
2019-08-19,0.0008968879383044044
2019-08-20,0.0009502312326957475
2019-08-21,0.0009339108325026364
2019-08-22,0.0008896615552349408
2019-08-23,0.0010260859832600814
2019-08-24,0.001028153061101013
2019-08-25,0.0010302201389419446
2019-08-26,0.0009563275092124738
2019-08-27,0.0009963947992119079
2019-08-28,0.0009479894515473819
2019-08-29,0.0008841257461752492
2019-08-30,0.000875411702492775
2019-08-31,0.0008776298887722058
2019-09-01,0.0008798480750516364
2019-09-02,0.0008820662613310637
2019-09-03,0.0009930321195353081
2019-09-04,0.0009321261600933825
2019-09-05,0.0008145554590182023
2019-09-06,0.0008069237134687557
2019-09-07,0.0008090537660582363
2019-09-08,0.0008111838186477168
2019-09-09,0.0007046387418205458
2019-09-10,0.0006067479098767915
2019-09-11,0.0005803822903743525
2019-09-12,0.0005653622409943245
2019-09-13,0.0005206046855067881
2019-09-14,0.0005225593450154393
2019-09-15,0.0005245140045240873
2019-09-16,0.0005826595676492557
2019-09-17,0.0006223480185039888
2019-09-18,0.0006083410784406496
2019-09-19,0.000624006998926588
2019-09-20,0.0006554170152408686
2019-09-21,0.0006573719596268502
2019-09-22,0.0006593269040128294
2019-09-23,0.0006777587618906503
2019-09-24,0.0007793627573224821
2019-09-25,0.0007453754808427585
2019-09-26,0.0007779299572550338
2019-09-27,0.0007580821129324924
2019-09-28,0.0007599822314837835
2019-09-29,0.0007618823500350718
2019-09-30,0.000791445445674535
2019-10-01,0.0008782973062140862
2019-10-02,0.0009776889739105826
2019-10-03,0.0010022745761477986
2019-10-04,0.0009282722021014145
2019-10-05,0.0009303116475525856
2019-10-06,0.0009323510930037602
2019-10-07,0.0009442672310060466
2019-10-08,0.0010122070221972115
2019-10-09,0.00102559293609249
2019-10-10,0.0009612184391943515
2019-10-11,0.000859557128013576
2019-10-12,0.0008614715323434284
2019-10-13,0.000863385936673284
2019-10-14,0.0008482309260011508
2019-10-15,0.0008256361274762002
2019-10-16,0.0008171367798968065
2019-10-17,0.0008295231183846931
2019-10-18,0.0008246049746439958
2019-10-19,0.0008264154404411243
2019-10-20,0.0008282259062382558
2019-10-21,0.000775089492662966
2019-10-22,0.0007749238987121681
2019-10-23,0.0007402573584786538
2019-10-24,0.000741301783952049
2019-10-25,0.0006933577653255496
2019-10-26,0.0006951312522749421
2019-10-27,0.0006969047392243346
2019-10-28,0.0006349618418952281
2019-10-29,0.0006222122967988443
2019-10-30,0.0006730914137075639
2019-10-31,0.0007132287123699986
2019-11-01,0.000644778328199259
2019-11-02,0.0006465264354891751
2019-11-03,0.0006482745427790911
2019-11-04,0.0005784100430295796
2019-11-05,0.0005868278419233566
2019-11-06,0.0005904572398211277
2019-11-07,0.0005287828869559941
2019-11-08,0.0005492399518858027
2019-11-09,0.0005508772293462642
2019-11-10,0.0005525145068067255
2019-11-11,0.0005915836600293146
2019-11-12,0.0005883257149463136
2019-11-13,0.0006232949659360176
2019-11-14,0.0006237849886646614
2019-11-15,0.0006093534681396972
2019-11-16,0.0006110336393792028
2019-11-17,0.0006127138106187077
2019-11-18,0.000619929431982449
2019-11-19,0.0006266186052405747
2019-11-20,0.0006629723885904974
2019-11-21,0.0006587542528635861
2019-11-22,0.0006203482738000684
2019-11-23,0.0006220234656597487
2019-11-24,0.0006236986575194268
2019-11-25,0.000582471287327517
2019-11-26,0.0006080477219085344
2019-11-27,0.00059663544460131
2019-11-28,0.000598359929334148
2019-11-29,0.000631398521716341
2019-11-30,0.0006331435361022259
2019-12-01,0.0006348885504881089
2019-12-02,0.0006898283917456368
2019-12-03,0.0007764841317421554
2019-12-04,0.0007231030693908524
2019-12-05,0.0007058781837381551
2019-12-06,0.0006115532259840345
2019-12-07,0.0006134564438238018
2019-12-08,0.0006153596616635667
2019-12-09,0.0006524227331845689
2019-12-10,0.0006630429368803534
2019-12-11,0.0006773367592561935
2019-12-12,0.0005881432686725194
2019-12-13,0.0005864961705037231
2019-12-14,0.0005882699120138163
2019-12-15,0.0005900436535239127
2019-12-16,0.0005355569278259829
2019-12-17,0.0004912634697653161
2019-12-18,0.0005187211592106596
2019-12-19,0.0005239374143841373
2019-12-20,0.0005448699390210275
2019-12-21,0.0005466788608771416
2019-12-22,0.0005484877827332579
2019-12-23,0.0005427624691759529
2019-12-24,0.0005378604372674525
2019-12-25,0.000539677914216065
2019-12-26,0.0005194234593349962
2019-12-27,0.0005234536324741146
2019-12-28,0.0005252452169855131
2019-12-29,0.0005270368014969138
2019-12-30,0.0005250802755852016
2019-12-31,0.0005255905261918102
2020-01-01,0.0005273178678645518
2020-01-02,0.0004394774067200414
2020-01-03,0.0004963692215255287
2020-01-04,0.0004980667407709682
2020-01-05,0.0004997642600164078
2020-01-06,0.00048534410794820514
2020-01-07,0.0004318158694959181
2020-01-08,0.00038850556129407544
2020-01-09,0.0003532220485735439
2020-01-10,0.0003897826124687457
2020-01-11,0.00039159860678154856
2020-01-12,0.0003934146010943524
2020-01-13,0.0003515934014104912
2020-01-14,0.0003400686636946765
2020-01-15,0.00035732285126668223
2020-01-16,0.0003043714364076943
2020-01-17,0.00032140038590781846
2020-01-18,0.00032330942102511893
2020-01-19,0.00032521845614241963
2020-01-20,0.00032712749125971756
2020-01-21,0.0004976219046814342
2020-01-22,0.00041875588943521356
2020-01-23,0.00043694707674188696
2020-01-24,0.0005028045954485025
2020-01-25,0.0005047982630228578
2020-01-26,0.0005067919305972114
2020-01-27,0.0005804991204573125
2020-01-28,0.0005388038606704399
2020-01-29,0.0005524456166046541
2020-01-30,0.0005056054273596739
2020-01-31,0.0006104345719357017
2020-02-01,0.0006124822276190106
2020-02-02,0.0006145298833023172
2020-02-03,0.0006096337497676076
2020-02-04,0.0005564009059279408
2020-02-05,0.0004779626924366247
2020-02-06,0.00048043788205040386
2020-02-07,0.0005000980334151366
2020-02-08,0.0005018274738329585
2020-02-09,0.0005035569142507785
2020-02-10,0.0004929777989634381
2020-02-11,0.00048456593202256314
2020-02-12,0.00043639904097845204
2020-02-13,0.0004696701655027727
2020-02-14,0.0004943629863264867
2020-02-15,0.0004959767695999046
2020-02-16,0.0004975905528733248
2020-02-17,0.0004992043361467453
2020-02-18,0.0005274799927495646
2020-02-19,0.000496441101643394
2020-02-20,0.0005150291009861484
2020-02-21,0.0005732000282498103
2020-02-22,0.0005747455511694084
2020-02-23,0.0005762910740890082
2020-02-24,0.0007146431287365701
2020-02-25,0.000845689641724336
2020-02-26,0.000878588247117239
2020-02-27,0.0010679202898646835
2020-02-28,0.0011636734249949835
2020-02-29,0.0011655359583864577
2020-03-01,0.0011673984917779361
2020-03-02,0.0009912132999937125
2020-03-03,0.001115675769183766
2020-03-04,0.001005745419940621
2020-03-05,0.0012188148920157379
2020-03-06,0.0013696067818384722
2020-03-07,0.0013715838433809855
2020-03-08,0.001373560904923499
2020-03-09,0.0018049284690561294
2020-03-10,0.0015741488776722591
2020-03-11,0.001886446743924187
2020-03-12,0.0023799749586186705
2020-03-13,0.0013949185120365028
2020-03-14,0.001397395573724906
2020-03-15,0.0013998726354133087
2020-03-16,0.001979123360271749
2020-03-17,0.0021474675875589504
2020-03-18,0.003103774751385121
2020-03-19,0.0028041895048067644
2020-03-20,0.003252397631759366
2020-03-21,0.0032541391054037843
2020-03-22,0.0032558805790482027
2020-03-23,0.0032805212227740993
2020-03-24,0.0028877346976840003
2020-03-25,0.002946695061076053
2020-03-26,0.0027849886318843716
2020-03-27,0.0028799661266766174
2020-03-28,0.0028815446875928062
2020-03-29,0.002883123248508995
2020-03-30,0.0029026148838055734
2020-03-31,0.0030055400924581662
2020-04-01,0.0032714640415675966
2020-04-02,0.003087142919086204
2020-04-03,0.0031508619105690356
2020-04-04,0.0031523956370197352
2020-04-05,0.0031539293634704263
2020-04-06,0.0029985173682844334
2020-04-07,0.00268200154902138
2020-04-08,0.0022452920917181538
2020-04-09,0.002102918079213348
2020-04-10,0.0021049043851660656
2020-04-11,0.0021068906911187813
2020-04-12,0.002108876997071492
2020-04-13,0.0022059601260990443
2020-04-14,0.002295956616711163
2020-04-15,0.002143163226155487
2020-04-16,0.00214307644361868
2020-04-17,0.002013090273511131
2020-04-18,0.0020153464011851766
2020-04-19,0.002017602528859217
2020-04-20,0.0021437979152143178
2020-04-21,0.0022824920509917153
2020-04-22,0.0021846609982288964
2020-04-23,0.0022596204654767612
2020-04-24,0.0022066675752669077
2020-04-25,0.0022088782220571436
2020-04-26,0.002211088868847385
2020-04-27,0.002064115709626605
2020-04-28,0.002073816078523006
2020-04-29,0.0021149391317735267
2020-04-30,0.00225050356943316
2020-05-01,0.002350236770352208
2020-05-02,0.002351749138107502
2020-05-03,0.002353261505862801
2020-05-04,0.0023224876364053913
2020-05-05,0.0020881393717087247
2020-05-06,0.0021258047285106652
2020-05-07,0.0019763566009298144
2020-05-08,0.0019081448485410405
2020-05-09,0.0019102387404708314
2020-05-10,0.0019123326324006287
2020-05-11,0.0019450943162940535
2020-05-12,0.00213022398730831
2020-05-13,0.0023034488863627814
2020-05-14,0.0021631249958325134
2020-05-15,0.0022407828618958145
2020-05-16,0.0022429304827677283
2020-05-17,0.0022450781036396413
2020-05-18,0.0020746921033563946
2020-05-19,0.0021910331846100813
2020-05-20,0.002134588333516159
2020-05-21,0.002164303365757354
2020-05-22,0.002114085864969725
2020-05-23,0.0021160931669099332
2020-05-24,0.002118100468850141
2020-05-25,0.0021201077707903443
2020-05-26,0.001703764267660432
2020-05-27,0.001376256372161691
2020-05-28,0.0015913791276720422
2020-05-29,0.0017169843206334542
2020-05-30,0.0017189131384755265
2020-05-31,0.0017208419563175992
2020-06-01,0.0016510481000208289
2020-06-02,0.001574889360875522
2020-06-03,0.0014681414103840146
2020-06-04,0.0013841502602534687
2020-06-05,0.0013255797918798147
2020-06-06,0.001327522462043657
2020-06-07,0.001329465132207496
2020-06-08,0.0012778702070163322
2020-06-09,0.001329575357832885
2020-06-10,0.0014187885602149146
2020-06-11,0.0018179352195568787
2020-06-12,0.0016363864177028507
2020-06-13,0.0016383568104246737
2020-06-14,0.0016403272031464923
2020-06-15,0.0015306212226744583
2020-06-16,0.0014638548185894823
2020-06-17,0.0015460146878514152
2020-06-18,0.0016086131950033195
2020-06-19,0.00163765308282688
2020-06-20,0.0016396581708214952
2020-06-21,0.001641663258816106
2020-06-22,0.0016256439987891228
2020-06-23,0.0016157771490548012
2020-06-24,0.0017502634977614874
2020-06-25,0.0015804077964596758
2020-06-26,0.001992588591636301
2020-06-27,0.001993953682203337
2020-06-28,0.0019953187727703775
2020-06-29,0.0019194672566479286
2020-06-30,0.0018486726202302777
2020-07-01,0.0018313431182102814
2020-07-02,0.0018737400357833856
2020-07-03,0.0018750941746651104
2020-07-04,0.0018764483135468308
2020-07-05,0.0018778024524285556
2020-07-06,0.0017033450690184058
2020-07-07,0.00184584744614816
2020-07-08,0.0018069184190675032
2020-07-09,0.0018969452067797076
2020-07-10,0.001746935426955957
2020-07-11,0.0017483648946564835
2020-07-12,0.0017497943623570136
2020-07-13,0.0016715003856886323
2020-07-14,0.001599064721182134
2020-07-15,0.001544207307321421
2020-07-16,0.0015868657438273923
2020-07-17,0.0016492587829634712
2020-07-18,0.0016507743382796994
2020-07-19,0.0016522898935959272
2020-07-20,0.0016445523373284868
2020-07-21,0.001660465178824714
2020-07-22,0.001771905522397327
2020-07-23,0.001805335234074064
2020-07-24,0.0018376960323668412
2020-07-25,0.0018388635967338366
2020-07-26,0.0018400311611008312
2020-07-27,0.0018287685500454048
2020-07-28,0.0018280953576351882
2020-07-29,0.0017964443289400851
2020-07-30,0.0018288378078871565
2020-07-31,0.001856233033094255
2020-08-01,0.0018575859899513864
2020-08-02,0.001858938946808517
2020-08-03,0.0018541051677196635
2020-08-04,0.0018313356714431293
2020-08-05,0.0018028754374425687
2020-08-06,0.0018129421723740119
2020-08-07,0.0017322041060422813
2020-08-08,0.0017335596233765196
2020-08-09,0.0017349151407107576
2020-08-10,0.0017243277746242422
2020-08-11,0.0016986143145190406
2020-08-12,0.0016976481402137915
2020-08-13,0.0017538803525341054
2020-08-14,0.001754452592899202
2020-08-15,0.0017557185649347195
2020-08-16,0.001756984536970234
2020-08-17,0.0018454057295453233
2020-08-18,0.0018597366995041801
2020-08-19,0.0018278846313060618
2020-08-20,0.0018357799324297728
2020-08-21,0.0018248947952071047
2020-08-22,0.0018261728884281223
2020-08-23,0.0018274509816491368
2020-08-24,0.0017618910595603326
2020-08-25,0.001784202065744119
2020-08-26,0.0017803337948405413
2020-08-27,0.0017172284161137072
2020-08-28,0.0017717140597303246
2020-08-29,0.0017729552989996413
2020-08-30,0.0017741965382689548
2020-08-31,0.0018043378596734455
2020-09-01,0.001799106322867567
2020-09-02,0.0017413202395845583
2020-09-03,0.00176706567901482
2020-09-04,0.0017098903663375054
2020-09-05,0.001711264608524603
2020-09-06,0.0017126388507117038
2020-09-07,0.0017140130928988049
2020-09-08,0.0018519229528220656
2020-09-09,0.0019052475919782358
2020-09-10,0.001933074956928133
2020-09-11,0.0019222295260201583
2020-09-12,0.0019233342490782058
2020-09-13,0.0019244389721362561
2020-09-14,0.001961382806670848
2020-09-15,0.001988206217759679
2020-09-16,0.0019456311101392818
2020-09-17,0.0020514011786439516
2020-09-18,0.002001635387525103
2020-09-19,0.002002684329179119
2020-09-20,0.002003733270833137
2020-09-21,0.001880320982852083
2020-09-22,0.001914425112767627
2020-09-23,0.0019938408495140704
2020-09-24,0.0016766339785286868
2020-09-25,0.0016185204270284799
2020-09-26,0.0016205288310795524
2020-09-27,0.001622537235130625
2020-09-28,0.0016229631461244487
2020-09-29,0.0016783563232194518
2020-09-30,0.0015888932984880286
2020-10-01,0.001672412012753273
2020-10-02,0.0016614304170851498
2020-10-03,0.0016630512392934488
2020-10-04,0.0016646720615017478
2020-10-05,0.0016606256639338812
2020-10-06,0.0016819832894040387
2020-10-07,0.0016521503196218115
2020-10-08,0.0015548736513570595
2020-10-09,0.0015508879566345651
2020-10-10,0.001552531123149971
2020-10-11,0.0015541742896653767
2020-10-12,0.0014202781404294665
2020-10-13,0.0014788381822608845
2020-10-14,0.001453471866193782
2020-10-15,0.0015118006881956725
2020-10-16,0.00160151871522911
2020-10-17,0.0016031536382174949
2020-10-18,0.0016047885612058754
2020-10-19,0.0016403590245837013
2020-10-20,0.0016853703080718673
2020-10-21,0.0017690868804064693
2020-10-22,0.0017554676472035296
2020-10-23,0.0017637920216637853
2020-10-24,0.0017649097784190886
2020-10-25,0.0017660275351743893
2020-10-26,0.0018381114818328426
2020-10-27,0.0018974034775320785
2020-10-28,0.0019223161792065995
2020-10-29,0.0019188004523457347
2020-10-30,0.001972398438852071
2020-10-31,0.00197346812122887
2020-11-01,0.0019745378036056635
2020-11-02,0.0020144189344738655
2020-11-03,0.002031078409695317
2020-11-04,0.001999764588326191
2020-11-05,0.001985131411866984
2020-11-06,0.0020276961446263992
2020-11-07,0.0020283575499708364
2020-11-08,0.0020290189553152705
2020-11-09,0.00188713640000148
2020-11-10,0.0018690899394209625
2020-11-11,0.0018597782984328705
2020-11-12,0.001890546421043862
2020-11-13,0.0018493525036792282
2020-11-14,0.001850200687315228
2020-11-15,0.00185104887095123
2020-11-16,0.0018591504885805271
2020-11-17,0.0018534904430914628
2020-11-18,0.0018431831030614545
2020-11-19,0.001853945727236613
2020-11-20,0.0018624437941399845
2020-11-21,0.0018630297399509525
2020-11-22,0.001863615685761922
2020-11-23,0.0018236259234983222
2020-11-24,0.0017612565276599402
2020-11-25,0.001768907086238252
2020-11-26,0.001769740453072495
2020-11-27,0.001779166675503194
2020-11-28,0.0017800049878194
2020-11-29,0.001780843300135608
2020-11-30,0.0018170271888981802
2020-12-01,0.0018148939895864377
2020-12-02,0.001769071345871336
2020-12-03,0.0017880433456140359
2020-12-04,0.00175307474956898
2020-12-05,0.0017540726371894828
2020-12-06,0.0017550705248099855
2020-12-07,0.001765925344389799
2020-12-08,0.001763388970233861
2020-12-09,0.0017292259925904363
2020-12-10,0.001721009459123576
2020-12-11,0.001771006076971221
2020-12-12,0.001772253678416943
2020-12-13,0.0017735012798626645
2020-12-14,0.0017992876686836743
2020-12-15,0.0017517228304692023
2020-12-16,0.001741163081339717
2020-12-17,0.0017375476930278915
2020-12-18,0.0017636457149161294
2020-12-19,0.001764896138293601
2020-12-20,0.0017661465616710726
2020-12-21,0.0016149553134902062
2020-12-22,0.0017038751987172895
2020-12-23,0.0016110620867958443
2020-12-24,0.0016189164825468748
2020-12-25,0.0016205005372217952
2020-12-26,0.0016220845918967152
2020-12-27,0.001623668646571635
2020-12-28,0.001589674938798934
2020-12-29,0.001604974074907125
2020-12-30,0.0015957244096949032
2020-12-31,0.0015487541637067247
2021-01-01,0.0015504827281259369
2021-01-02,0.0015522112925451497
2021-01-03,0.00155393985696436
2021-01-04,0.0015282502141131173
2021-01-05,0.0014455452219696604
2021-01-06,0.0012802581879032121
2021-01-07,0.0011762453395533512
2021-01-08,0.0012298575698237826
2021-01-09,0.001231600356888658
2021-01-10,0.0012333431439535325
2021-01-11,0.0012271672483661425
2021-01-12,0.0011619157654878755
2021-01-13,0.001214941038054149
2021-01-14,0.0011618386126252566
2021-01-15,0.0012241562840508418
2021-01-16,0.001226195957943549
2021-01-17,0.0012282356318362544
2021-01-18,0.0012302753057289609
2021-01-19,0.001319366618214438
2021-01-20,0.0013359481941745807
2021-01-21,0.0013484240236875378
2021-01-22,0.0013588858679478458
2021-01-23,0.0013608068479547568
2021-01-24,0.001362727827961671
2021-01-25,0.0014689666541085953
2021-01-26,0.0014194246915817182
2021-01-27,0.0015340969329220317
2021-01-28,0.0014593411168291866
2021-01-29,0.0015716337333615451
2021-01-30,0.0015734008828651215
2021-01-31,0.0015751680323687004
2021-02-01,0.0015180006587529999
2021-02-02,0.0013987655882406783
2021-02-03,0.0013750743550989281
2021-02-04,0.0013355187246991648
2021-02-05,0.0013464002226562216
2021-02-06,0.0013483822333745597
2021-02-07,0.0013503642440928993
2021-02-08,0.0012352801367061493
2021-02-09,0.0012355844627654998
2021-02-10,0.0011998847929361738
2021-02-11,0.001238695297583444
2021-02-12,0.0011990332675705215
2021-02-13,0.0012010528041022637
2021-02-14,0.0012030723406340057
2021-02-15,0.0012050918771657467
2021-02-16,0.0010822241856679046
2021-02-17,0.001135520103576466
2021-02-18,0.0012076642808841929
2021-02-19,0.0011471271254193992
2021-02-20,0.0011492715115407142
2021-02-21,0.0011514158976620294
2021-02-22,0.0010981099331495978
2021-02-23,0.001119512153212706
2021-02-24,0.0009872252735900898
2021-02-25,0.0010428771458462888
2021-02-26,0.001152200530605063
2021-02-27,0.0011544180028296956
2021-02-28,0.001156635475054326
2021-03-01,0.0010393343582465121
2021-03-02,0.000991691958933544
2021-03-03,0.001034618164275418
2021-03-04,0.0011692503138871868
2021-03-05,0.0011182237560637695
2021-03-06,0.0011205378887039006
2021-03-07,0.0011228520213440304
2021-03-08,0.0010820700177508965
2021-03-09,0.0011253538195132012
2021-03-10,0.0010576213783276222
2021-03-11,0.0011307935154793807
2021-03-12,0.0010948720773622227
2021-03-13,0.001097649656988962
2021-03-14,0.0011004272366156999
2021-03-15,0.001132856296947221
2021-03-16,0.0011221850718501633
2021-03-17,0.0010367741847864026
2021-03-18,0.0009442397591476934
2021-03-19,0.0009561255415475546
2021-03-20,0.0009585621149995123
2021-03-21,0.0009609986884514688
2021-03-22,0.0009588067633957615
2021-03-23,0.0010981614672034641
2021-03-24,0.0010955197508571903
2021-03-25,0.0010177751255963567
2021-03-26,0.0010361266333558344
2021-03-27,0.0010382577412854615
2021-03-28,0.0010403888492150914
2021-03-29,0.0011624061277655006
2021-03-30,0.0011312877713266836
2021-03-31,0.0011771475782770733
2021-04-01,0.0010953700594511328
2021-04-02,0.0010975901537755221
2021-04-03,0.00109981024809991
2021-04-04,0.0011020303424242985
2021-04-05,0.0010821002198300755
2021-04-06,0.0010191862417044265
2021-04-07,0.0010252919932046093
2021-04-08,0.0010195984092330678
2021-04-09,0.0010203028718154732
2021-04-10,0.001022426162462888
2021-04-11,0.0010245494531103043
2021-04-12,0.001030741260691472
2021-04-13,0.0011840513875848377
2021-04-14,0.0011107089996468034
2021-04-15,0.0010798648560440885
2021-04-16,0.0009975793205099436
2021-04-17,0.000999947529733084
2021-04-18,0.0010023157389562243
2021-04-19,0.0010499351780117914
2021-04-20,0.001206206147851913
2021-04-21,0.0012193286272494757
2021-04-22,0.0013207642796838552
2021-04-23,0.0012320347994457114
2021-04-24,0.0012347022893984556
2021-04-25,0.0012373697793512004
2021-04-26,0.0012009981402868683
2021-04-27,0.001233109470419132
2021-04-28,0.001126833249680003
2021-04-29,0.0010919536604727326
2021-04-30,0.0012136017048575986
2021-05-01,0.00121644680549648
2021-05-02,0.0012192919061353588
2021-05-03,0.0011902848682425276
2021-05-04,0.001308137904584264
2021-05-05,0.00114523934721684
2021-05-06,0.001002300483935643
2021-05-07,0.0009332701738498834
2021-05-08,0.0009362581317728781
2021-05-09,0.0009392460896958728
2021-05-10,0.0010849250291493284
2021-05-11,0.0012521720510542554
2021-05-12,0.0013428579914817435
2021-05-13,0.0012146266947661443
2021-05-14,0.0010847629865842062
2021-05-15,0.0010878568212915616
2021-05-16,0.0010909506559989152
2021-05-17,0.0010597706861225438
2021-05-18,0.0011050217354463395
2021-05-19,0.0011452427004758645
2021-05-20,0.001066679302559786
2021-05-21,0.0009993844347494932
2021-05-22,0.001002265554546943
2021-05-23,0.0010051466743443906
2021-05-24,0.0009620561133108353
2021-05-25,0.0009778439696176704
2021-05-26,0.0009878421717479167
2021-05-27,0.0008734994083960984
2021-05-28,0.0008267292905057167
2021-05-29,0.0008294845289648204
2021-05-30,0.0008322397674239252
2021-05-31,0.0008349950058830313
2021-06-01,0.0007629716060048779
2021-06-02,0.0007843685792786478
2021-06-03,0.0007382744879744067
2021-06-04,0.0007519047089066897
2021-06-05,0.0007549229103218616
2021-06-06,0.0007579411117370346
2021-06-07,0.0007710714507714528
2021-06-08,0.0007922186972764264
2021-06-09,0.0008667125621855552
2021-06-10,0.0009349625882189366
2021-06-11,0.0009011582845310723
2021-06-12,0.0009040666665322298
2021-06-13,0.0009069750485333889
2021-06-14,0.000922801781968751
2021-06-15,0.0008952791643036082
2021-06-16,0.0009616544473572124
2021-06-17,0.0011040267687263043
2021-06-18,0.0012849218830479783
2021-06-19,0.0012876677904279106
2021-06-20,0.0012904136978078452
2021-06-21,0.0012195700796700923
2021-06-22,0.0012744671542495143
2021-06-23,0.0012334721919712765
2021-06-24,0.0011360970957820045
2021-06-25,0.0011323783345548641
2021-06-26,0.0011353858232321574
2021-06-27,0.0011383933119094507
2021-06-28,0.0011847664853916226
2021-06-29,0.001187849900650184
2021-06-30,0.001197389365373924
2021-07-01,0.001182763778416984
2021-07-02,0.0012120294753241508
2021-07-03,0.0012152472268761078
2021-07-04,0.0012184649784280626
2021-07-05,0.0012216827299800182
2021-07-06,0.0013291388994405918
2021-07-07,0.0013853105005706807
2021-07-08,0.0015898948277165094
2021-07-09,0.0013883235072904812
2021-07-10,0.0013917030097369888
2021-07-11,0.0013950825121834965
2021-07-12,0.0012907849796187241
2021-07-13,0.0013453089715086365
2021-07-14,0.0013462823233529992
2021-07-15,0.0013784271023443786
2021-07-16,0.0015032004482699196
2021-07-17,0.0015065185194420227
2021-07-18,0.0015098365906141239
2021-07-19,0.0017063189493331929
2021-07-20,0.001399451611416972
2021-07-21,0.0011755883327041448
2021-07-22,0.0012193408984462095
2021-07-23,0.0011362418785294238
2021-07-24,0.001139222809701768
2021-07-25,0.00114220374087411
2021-07-26,0.0010449511644753274
2021-07-27,0.0010527540886610758
2021-07-28,0.001068109332383825
2021-07-29,0.0009476885369934355
2021-07-30,0.0009737526810212878
2021-07-31,0.0009765065329340394
2021-08-01,0.000979260384846787
2021-08-02,0.0009498128939839563
2021-08-03,0.0008931521637093244
2021-08-04,0.0009370034770358837
2021-08-05,0.0008712759136041374
2021-08-06,0.000779252651502626
2021-08-07,0.0007821906158422751
2021-08-08,0.0007851285801819252
2021-08-09,0.0007928247571997566
2021-08-10,0.0007459758157226156
2021-08-11,0.0006795413524339142
2021-08-12,0.0006836987210980068
2021-08-13,0.0006743994548669805
2021-08-14,0.0006774333126010146
2021-08-15,0.0006804671703350489
2021-08-16,0.0007085150709072471
2021-08-17,0.0007955328205831494
2021-08-18,0.0008513554909156159
2021-08-19,0.0009440544300638332
2021-08-20,0.0009241388275226569
2021-08-21,0.0009271603240363995
2021-08-22,0.000930181820550143
2021-08-23,0.0008732901606652093
2021-08-24,0.0008151729042065361
2021-08-25,0.0007398951318968207
2021-08-26,0.0008487849268660661
2021-08-27,0.0007615309191722414
2021-08-28,0.0007647854001705905
2021-08-29,0.0007680398811689426
2021-08-30,0.0008821274541185569
2021-08-31,0.00088959965546493
2021-09-01,0.000857557797017939
2021-09-02,0.000861667979550549
2021-09-03,0.0008802153135359829
2021-09-04,0.0008834201335880638
2021-09-05,0.0008866249536401446
2021-09-06,0.0008898297736922214
2021-09-07,0.0009004634900868617
2021-09-08,0.0009726378760040546
2021-09-09,0.0010068991560351946
2021-09-10,0.0010038238655670436
2021-09-11,0.0010069940199710008
2021-09-12,0.0010101641743749579
2021-09-13,0.0009203974657436594
2021-09-14,0.0010044684701089304
2021-09-15,0.0009646477579508298
2021-09-16,0.0009780394721565847
2021-09-17,0.00112227461320324
2021-09-18,0.0011253274539430274
2021-09-19,0.0011283802946828146
2021-09-20,0.0015424737543920611
2021-09-21,0.0016019099902837702
2021-09-22,0.0014227523268264325
2021-09-23,0.0013223550125214018
2021-09-24,0.0013044781963897085
2021-09-25,0.0013077500083650522
2021-09-26,0.001311021820340394
2021-09-27,0.0011678392668920334
2021-09-28,0.00129266568088911
2021-09-29,0.0012640927371065792
2021-09-30,0.0013709290991758445
2021-10-01,0.001364588468339956
2021-10-02,0.0013676642870528281
2021-10-03,0.0013707401057656962
2021-10-04,0.0014020949723390515
2021-10-05,0.0012701955907874392
2021-10-06,0.00127643067238724
2021-10-07,0.0011618711546414894
2021-10-08,0.0010672138795168428
2021-10-09,0.001070150471431332
2021-10-10,0.00107308706334582
2021-10-11,0.001125935581762292
2021-10-12,0.001107572046882777
2021-10-13,0.0010991504552042444
2021-10-14,0.0009597659247478189
2021-10-15,0.0008716148473554555
2021-10-16,0.0008745134833339071
2021-10-17,0.0008774121193123596
2021-10-18,0.0008804571455425544
2021-10-19,0.0008636147449020937
2021-10-20,0.0008276098021417074
2021-10-21,0.0008347020595244397
2021-10-22,0.0007347917577936007
2021-10-23,0.0007376532509912332
2021-10-24,0.0007405147441888666
2021-10-25,0.0007079612573152384
2021-10-26,0.0006397330724206968
2021-10-27,0.0006266904585810924
2021-10-28,0.0005770944582658576
2021-10-29,0.000591807219022444
2021-10-30,0.0005944647907191397
2021-10-31,0.0005971223624158387
2021-11-01,0.0004735755665957041
2021-11-02,0.000454455961243968
2021-11-03,0.0004540296985829416
2021-11-04,0.0005865110332156313
2021-11-05,0.0005492964505957214
2021-11-06,0.0005517845038499843
2021-11-07,0.0005542725571042473
2021-11-08,0.0005740437072074495
2021-11-09,0.0005616131389432582
2021-11-10,0.0006523330639026216
2021-11-11,0.0006341319974542466
2021-11-12,0.0006445010524258779
2021-11-13,0.000647054125844794
2021-11-14,0.0006496071992637099
2021-11-15,0.0006802505449375153
2021-11-16,0.000686296396522054
2021-11-17,0.0006396038631944008
2021-11-18,0.000720532016804375
2021-11-19,0.0008685797664468497
2021-11-20,0.000871109700318563
2021-11-21,0.0008736396341902763
2021-11-22,0.0008527792560330066
2021-11-23,0.0007922856138501133
2021-11-24,0.0007853062478140056
2021-11-25,0.0007879440705033829
2021-11-26,0.0010058373335722062
2021-11-27,0.0010085745332365189
2021-11-28,0.0010113117329008325
2021-11-29,0.0010008362479356904
2021-11-30,0.0009910764775583132
2021-12-01,0.0010356436952396147
2021-12-02,0.0008560921057277661
2021-12-03,0.0009329163196946588
2021-12-04,0.0009353653953664961
2021-12-05,0.0009378144710383326
2021-12-06,0.0008597486853086549
2021-12-07,0.0007513671992112256
2021-12-08,0.0007575153023334029
2021-12-09,0.0007933970853362025
2021-12-10,0.0008158351960660742
2021-12-11,0.0008182577086001904
2021-12-12,0.0008206802211343067
2021-12-13,0.0008762864752554752
2021-12-14,0.0008684515490723678
2021-12-15,0.0009134135262496553
2021-12-16,0.0008171271194726097
2021-12-17,0.000994467414033905
2021-12-18,0.000996942426405874
2021-12-19,0.0009994174387778442
2021-12-20,0.0010844924550346097
2021-12-21,0.0009991111579698633
2021-12-22,0.0009611128118768284
2021-12-23,0.0008957787774696488
2021-12-24,0.0008981397390001125
2021-12-25,0.000900500700530577
2021-12-26,0.0009028616620610427
2021-12-27,0.0008325568642247388
2021-12-28,0.000825714718740273
2021-12-29,0.000849501231155536
2021-12-30,0.000884084931681191
2021-12-31,0.0009080258220742969
2022-01-01,0.0009103279301752652
2022-01-02,0.0009126300382762327
2022-01-03,0.0008138922669130889
2022-01-04,0.000652737747313779
2022-01-05,0.0007347395359696808
2022-01-06,0.000572328530534438
2022-01-07,0.0004893349594249097
2022-01-08,0.000491304157970193
2022-01-09,0.0004932733565154769
2022-01-10,0.0005230877078441002
2022-01-11,0.0004927763752755018
2022-01-12,0.00044138940478783903
2022-01-13,0.00044329736469840217
2022-01-14,0.00043078975238676574
2022-01-15,0.00043240480724691466
2022-01-16,0.0004340198621070638
2022-01-17,0.0004356349169672134
2022-01-18,0.00047894014056273134
2022-01-19,0.000517206749911397
2022-01-20,0.000519321485613947
2022-01-21,0.0005430340778704926
2022-01-22,0.0005442505370259836
2022-01-23,0.0005454669961814749
2022-01-24,0.0006255087531792335
2022-01-25,0.0006119400392632511
2022-01-26,0.0005854282900890492
2022-01-27,0.0006415067064292498
2022-01-28,0.0006257680740076991
2022-01-29,0.0006272653904033339
2022-01-30,0.0006287627067989709
2022-01-31,0.0005751629465300286
2022-02-01,0.0002890387204618765
2022-02-02,0.00026667951479181717
2022-02-03,0.00028591112369337154
2022-02-04,0.0002945646920109119
2022-02-05,0.00029568583633679296
2022-02-06,0.00029680698066267405
2022-02-07,0.00026435556330052187
2022-02-08,0.00019600682969645442
2022-02-09,0.00016486277643107676
2022-02-10,0.00017424379647482178
2022-02-11,0.0002334025167086537
2022-02-12,0.00023434559610389905
2022-02-13,0.00023528867549914528
2022-02-14,0.00024936285779825554
2022-02-15,0.00023727266268259235
2022-02-16,0.00026539977453608364
2022-02-17,0.0002957665301184932
2022-02-18,0.0002974876405319976
2022-02-19,0.00029833267473561905
2022-02-20,0.0002991777089392405
2022-02-21,0.00030002274314286197
2022-02-22,0.00038917253582126596
2022-02-23,0.0004249795894258222
2022-02-24,0.0005796377627031316
2022-02-25,0.0004299352259313654
2022-02-26,0.00043132659509453625
2022-02-27,0.00043271796425770623
2022-02-28,0.000554618035532149
2022-03-01,0.0007045228548010845
2022-03-02,0.0006448113300274822
2022-03-03,0.0007190996754869745
2022-03-04,0.0008767718548218209
2022-03-05,0.0008790112349004022
2022-03-06,0.0008812506149789856
2022-03-07,0.0010477050685888578
2022-03-08,0.0009690265139761177
2022-03-09,0.0007977699750014605
2022-03-10,0.0008555510098652501
2022-03-11,0.0008843688575158777
2022-03-12,0.0008862454804767941
2022-03-13,0.0008881221034377131
2022-03-14,0.0008721214921761191
2022-03-15,0.0008339947578439911
2022-03-16,0.000667820125361528
2022-03-17,0.0006306378425718893
2022-03-18,0.0005894324194501057
2022-03-19,0.0005908325891596697
2022-03-20,0.0005922327588692346
2022-03-21,0.000596352495229581
2022-03-22,0.0005389703745857051
2022-03-23,0.0005862569446595397
2022-03-24,0.0005675271712400464
2022-03-25,0.0005428744377291759
2022-03-26,0.0005438631517329035
2022-03-27,0.0005448518657366324
2022-03-28,0.0005629453497681927
2022-03-29,0.0005126385650551686
2022-03-30,0.0005380258161912922
2022-03-31,0.0005389949471585214
2022-04-01,0.0005280020769596176
2022-04-02,0.0005287328301432333
2022-04-03,0.0005294635833268495
2022-04-04,0.0005114682108579597
2022-04-05,0.000586973961889893
2022-04-06,0.0006317631234984541
2022-04-07,0.0006405668208848288
2022-04-08,0.0006166140432226378
2022-04-09,0.0006176118882064816
2022-04-10,0.000618609733190324
2022-04-11,0.0006294226440216933
2022-04-12,0.0006668984080050767
2022-04-13,0.0006532867577385237
2022-04-14,0.0006712385151863383
2022-04-15,0.0006726017083229824
2022-04-16,0.0006739649014596266
2022-04-17,0.000675328094596269
2022-04-18,0.0006242292626312609
2022-04-19,0.0005675401398221639
2022-04-20,0.0005372393883741164
2022-04-21,0.0006201017032615086
2022-04-22,0.0007384982902279903
2022-04-23,0.000739960406568096
2022-04-24,0.0007414225229081999
2022-04-25,0.000727505368222801
2022-04-26,0.0008181114552364595
2022-04-27,0.0008054924186537177
2022-04-28,0.0007662103678700281
2022-04-29,0.0008881919300680492
2022-04-30,0.0008895620464700526
2022-05-01,0.0008909321628720584
2022-05-02,0.000846499186907152
2022-05-03,0.0008005145424113428
2022-05-04,0.0007138589132000554
2022-05-05,0.000821724866888942
2022-05-06,0.0008253550102949466
2022-05-07,0.000826745315141799
2022-05-08,0.0008281356199886533
2022-05-09,0.0008815688394238073
2022-05-10,0.000917315494771735
2022-05-11,0.0009520184636570262
2022-05-12,0.0009753844848587065
2022-05-13,0.0009102529245949911
2022-05-14,0.0009114575270758791
2022-05-15,0.0009126621295567688
2022-05-16,0.0009440745959389128
2022-05-17,0.0008647551748537756
2022-05-18,0.0009170822594182912
2022-05-19,0.0009050527301312017
2022-05-20,0.0009151796942366071
2022-05-21,0.0009161749172867627
2022-05-22,0.0009171701403369182
2022-05-23,0.0008506118730053471
2022-05-24,0.0008554227868610652
2022-05-25,0.0008570367139726243
2022-05-26,0.0008081612790196773
2022-05-27,0.0007878542303213069
2022-05-28,0.0007888188896283759
2022-05-29,0.0007897835489354449
2022-05-30,0.0007907482082425139
2022-05-31,0.0008034754300784929
2022-06-01,0.0008297777263290716
2022-06-02,0.0008082710361142259
2022-06-03,0.0008412896767039963
2022-06-04,0.0008421379217214231
2022-06-05,0.0008429861667388502
2022-06-06,0.0008318004786685893
2022-06-07,0.0008312125564224595
2022-06-08,0.0008945240162234816
2022-06-09,0.0009782585401304112
2022-06-10,0.001128166689816527
2022-06-11,0.0011291534309868971
2022-06-12,0.0011301401721572674
2022-06-13,0.0011157024127513519
2022-06-14,0.0011200475679627223
2022-06-15,0.0010421836619651963
2022-06-16,0.0010675018395170895
2022-06-17,0.001158466532468016
2022-06-18,0.0011598002390372834
2022-06-19,0.0011611339456065503
2022-06-20,0.0011624676521758141
2022-06-21,0.0011100115015821384
2022-06-22,0.0011306261540074886
2022-06-23,0.0010825923599978562
2022-06-24,0.0009300575027626982
2022-06-25,0.0009313818656814105
2022-06-26,0.0009327062286001199
2022-06-27,0.0009551194629369387
2022-06-28,0.0009614388990493946
2022-06-29,0.0009129669657192345
2022-06-30,0.0009863411074933705
2022-07-01,0.000955804042243684
2022-07-02,0.0009573547633646997
2022-07-03,0.0009589054844857117
2022-07-04,0.0009604562056067267
2022-07-05,0.0009730280751619269
2022-07-06,0.0010135204826400817
2022-07-07,0.000955451788434058
2022-07-08,0.0009964611516691418
2022-07-09,0.0009980356387238834
2022-07-10,0.000999610125778622
2022-07-11,0.0010347367447231138
2022-07-12,0.001058628208291043
2022-07-13,0.0010792809589233046
2022-07-14,0.0011766608843701446
2022-07-15,0.001021400730763045
2022-07-16,0.001023034147760885
2022-07-17,0.0010246675647587297
2022-07-18,0.0009306403934960749
2022-07-19,0.0007254387902939025
2022-07-20,0.0006900002720244582
2022-07-21,0.0006211216736260539
2022-07-22,0.0006554573560258255
2022-07-23,0.0006573157459930463
2022-07-24,0.0006591741359602702
2022-07-25,0.0006523452529084862
2022-07-26,0.0007634813562053221
2022-07-27,0.000664197450584061
2022-07-28,0.0005859008675892755
2022-07-29,0.0005163091481752086
2022-07-30,0.0005184616828503657
2022-07-31,0.0005206142175255266
2022-08-01,0.0005432598977830379
2022-08-02,0.0006065254459437512
2022-08-03,0.0005350758161732114
2022-08-04,0.0005351421544431672
2022-08-05,0.0005170517125031729
2022-08-06,0.0005192360150529395
2022-08-07,0.000521420317602707
2022-08-08,0.0005090100502152567
2022-08-09,0.0004993587119998658
2022-08-10,0.0003467110746917246
2022-08-11,0.00029719913532121143
2022-08-12,0.00025554786575416114
2022-08-13,0.00025764711153271466
2022-08-14,0.00025974635731126905
2022-08-15,0.0002627507503009381
2022-08-16,0.0002702099101467761
2022-08-17,0.0003082314660349662
2022-08-18,0.0002979981182384358
2022-08-19,0.0004070195331334391
2022-08-20,0.00040943441732284834
2022-08-21,0.0004118493015122576
2022-08-22,0.0005297455121759114
2022-08-23,0.0005612996205639326
2022-08-24,0.000548080714480515
2022-08-25,0.00046976978095792776
2022-08-26,0.000629525192771581
2022-08-27,0.0006319938669439324
2022-08-28,0.0006344625411162795
2022-08-29,0.0006568328484925054
2022-08-30,0.0006633133719621612
2022-08-31,0.0006820679458790194
2022-09-01,0.0006888266109108237
2022-09-02,0.0007171185388450975
2022-09-03,0.0007195577074498704
2022-09-04,0.0007219968760546385
2022-09-05,0.0007244360446594109
2022-09-06,0.0007973518589791768
2022-09-07,0.0007396197619575951
2022-09-08,0.0006636587592618562
2022-09-09,0.0005887453506071318
2022-09-10,0.0005908794935473526
2022-09-11,0.00059301363648757
2022-09-12,0.0005512884839134909
2022-09-13,0.000708128858908062
2022-09-14,0.0007250600492835352
2022-09-15,0.0006747503804977739
2022-09-16,0.000746653810059803
2022-09-17,0.0007485930616858575
2022-09-18,0.0007505323133119154
2022-09-19,0.0007220516260931136
2022-09-20,0.0007955128694551025
2022-09-21,0.0008315415132978407
2022-09-22,0.000942206207251645
2022-09-23,0.0011005603616400185
2022-09-24,0.0011027229212353367
2022-09-25,0.0011048854808306601
2022-09-26,0.0012228992606642944
2022-09-27,0.0012890484796327984
2022-09-28,0.0011505805980676982
2022-09-29,0.0012099495438054578
2022-09-30,0.001257241806575631
2022-10-01,0.0012594166891414839
2022-10-02,0.0012615915717073412
2022-10-03,0.0011701276322010964
2022-10-04,0.0009610727412404799
2022-10-05,0.0010388629749701343
2022-10-06,0.0010822754395801264
2022-10-07,0.001146189607474752
2022-10-08,0.0011484541820665386
2022-10-09,0.0011507187566583243
2022-10-10,0.001142301720620121
2022-10-11,0.0012531183839305329
2022-10-12,0.001213129023570165
2022-10-13,0.001029880580976032
2022-10-14,0.0011377079803576357
2022-10-15,0.001140186528218834
2022-10-16,0.0011426650760800324
2022-10-17,0.0010402337614270464
2022-10-18,0.0009284341841869371
2022-10-19,0.0009596762949785746
2022-10-20,0.0009790021232899933
2022-10-21,0.0007270418893694855
2022-10-22,0.0007296387058175154
2022-10-23,0.0007322355222655458
2022-10-24,0.0006746416411651341
2022-10-25,0.0006166405351200597
2022-10-26,0.0005789320412383633
2022-10-27,0.0005651388923605632
2022-10-28,0.0004979012206251339
2022-10-29,0.0005002432540313481
2022-10-30,0.0005025852874375627
2022-10-31,0.0004789598303832419
2022-11-01,0.0004207992679203577
2022-11-02,0.0004188314493143814
2022-11-03,0.00043633217852807665
2022-11-04,0.0002722048911909915
2022-11-05,0.00027470174022198356
2022-11-06,0.00027719858925296997
2022-11-07,0.00021702932310482294
2022-11-08,0.00020155799889383548
2022-11-09,0.0002374645196928371
2022-11-10,-4.161474533967858e-05
2022-11-11,-0.00021782833998480917
2022-11-12,-0.0002157687667145424
2022-11-13,-0.00021370919344427869
2022-11-14,-0.0001528423175459477
2022-11-15,-0.00017316073216480307
2022-11-16,-0.0001543481305069476
2022-11-17,-0.00012798811969275993
2022-11-18,-0.00012601891788829433
2022-11-19,-0.00012394196818610662
2022-11-20,-0.00012186501848392107
2022-11-21,-0.0001293521768392712
2022-11-22,-0.00015604115528894966
2022-11-23,-0.00018381571469914485
2022-11-24,-0.00018168579492754437
2022-11-25,-0.00020846510930095253
2022-11-26,-0.00020632914495466058
2022-11-27,-0.00020419318060836645
2022-11-28,-9.598318740619777e-05
2022-11-29,-0.0001269842996425752
2022-11-30,-0.00016357875449511195
2022-12-01,-0.00015069952350793125
2022-12-02,-0.00012239903620246684
2022-12-03,-0.00012035803149655112
2022-12-04,-0.00011831702679063194
2022-12-05,-5.23590148876589e-05
2022-12-06,2.9901388934381375e-05
2022-12-07,5.961877464355893e-05
2022-12-08,7.888263848488189e-05
2022-12-09,6.913770778698737e-05
2022-12-10,7.091499967151315e-05
2022-12-11,7.269229155604153e-05
2022-12-12,4.015080694777908e-05
2022-12-13,-3.393907470515848e-05
2022-12-14,5.132886369149745e-05
2022-12-15,0.00016572453461578904
2022-12-16,0.00020552925453313662
2022-12-17,0.00020728138802504712
2022-12-18,0.0002090335215169611
2022-12-19,0.0002253705297887822
2022-12-20,0.00022541436234952425
2022-12-21,0.0001667143627330039
2022-12-22,0.00020889476520247153
2022-12-23,0.00020681448873126817
2022-12-24,0.00020821311641647028
2022-12-25,0.0002096117441016728
2022-12-26,0.00021101037178687318
2022-12-27,0.00024037086803080409
2022-12-28,0.00025126586634387823
2022-12-29,0.00023032287765270814
2022-12-30,0.00023331660535606596
2022-12-31,0.0002346590597789456
2023-01-01,0.0002360015142018248
2023-01-02,0.00023734396862470182
2023-01-03,0.00021359419444393762
2023-01-04,0.00019363918483391706
2023-01-05,0.00021913483394434777
2023-01-06,0.00019186354838468924
2023-01-07,0.00019283942022832413
2023-01-08,0.00019381529207195686
2023-01-09,0.00016760608227219063
2023-01-10,0.00014054808420401084
2023-01-11,0.00010434337443280704
2023-01-12,7.277815272731117e-05
2023-01-13,5.227164020217686e-05
2023-01-14,5.336931634354397e-05
2023-01-15,5.446699248490934e-05
2023-01-16,5.556466862627644e-05
2023-01-17,0.00010889888772764537
2023-01-18,0.0001101428959849552
2023-01-19,0.00011059929514535029
2023-01-20,0.00013558794620846786
2023-01-21,0.00013601333011742465
2023-01-22,0.00013643871402638057
2023-01-23,0.00011684198786155592
2023-01-24,0.00011971869307694826
2023-01-25,0.00011543784689971564
2023-01-26,9.919347758986655e-05
2023-01-27,0.00010739782537876486
2023-01-28,0.00010793851310748372
2023-01-29,0.00010847920083620344
2023-01-30,0.00010363442925452647
2023-01-31,7.809162737512816e-05
2023-02-01,6.885345408775287e-05
2023-02-02,6.337469014096537e-05
2023-02-03,6.276118038936679e-05
2023-02-04,6.348656793312086e-05
2023-02-05,6.421195547687622e-05
2023-02-06,7.75715236537777e-05
2023-02-07,5.591320157027858e-05
2023-02-08,5.8816737069960785e-05
2023-02-09,7.078589000779909e-05
2023-02-10,6.959243062643148e-05
2023-02-11,7.037866973434162e-05
2023-02-12,7.116490884225262e-05
2023-02-13,5.2019273906372347e-05
2023-02-14,4.416472143142563e-05
2023-02-15,4.3210095865997555e-05
2023-02-16,5.647463317159712e-05
2023-02-17,5.9305599115641594e-05
2023-02-18,5.992947217953702e-05
2023-02-19,6.0553345243432016e-05
2023-02-20,6.117721830732658e-05
2023-02-21,8.302759577794982e-05
2023-02-22,9.070514090395165e-05
2023-02-23,8.013445042024704e-05
2023-02-24,8.681445560943099e-05
2023-02-25,8.753516902616342e-05
2023-02-26,8.825588244289629e-05
2023-02-27,7.473605704890265e-05
2023-02-28,0.00010377414353036733
2023-03-01,0.00011669316533497766
2023-03-02,0.00010897525138429866
2023-03-03,8.737606526610557e-05
2023-03-04,8.775295945840506e-05
2023-03-05,8.812985365070324e-05
2023-03-06,8.799669277534568e-05
2023-03-07,0.00011301290545612892
2023-03-08,0.00010328986196379971
2023-03-09,0.00012515754614218604
2023-03-10,0.00017580184210827
2023-03-11,0.00017625595580507154
2023-03-12,0.00017671006950187263
2023-03-13,0.00019605237881494594
2023-03-14,0.00019413404953140187
2023-03-15,0.00017611546018822402
2023-03-16,0.0001981035429939747
2023-03-17,0.0002057666826666858
2023-03-18,0.0002065482333489222
2023-03-19,0.00020732978403115946
2023-03-20,0.00021103853728717675
2023-03-21,0.0003570043926049201
2023-03-22,0.000322902743022616
2023-03-23,0.00020554298305831397
2023-03-24,0.00021043331217574478
2023-03-25,0.0002110901743361906
2023-03-26,0.00021174703649663382
2023-03-27,0.00019565440397895009
2023-03-28,0.0001864165478009266
2023-03-29,0.00023429758859868158
2023-03-30,0.0002619531859172101
2023-03-31,0.00028684099483414953
2023-04-01,0.00028694490439398626
2023-04-02,0.00028704881395382213
2023-04-03,0.00025238132552551223
2023-04-04,0.00029125662219761216
2023-04-05,0.00028218353492136423
2023-04-06,0.0002756883364559001
2023-04-07,0.00027590020568169166
2023-04-08,0.0002761120749074828
2023-04-09,0.0002763239441332726
2023-04-10,0.0002586528769323898
2023-04-11,0.0002979527641702069
2023-04-12,0.00027392854505199583
2023-04-13,0.0002854907126060304
2023-04-14,0.0002832693649500737
2023-04-15,0.00028336424175533616
2023-04-16,0.00028345911856059907
2023-04-17,0.00024244833808207246
2023-04-18,0.0002666290968251564
2023-04-19,0.00024361190832114694
2023-04-20,0.00021487534686171796
2023-04-21,0.00019468903149762835
2023-04-22,0.00019541195214987797
2023-04-23,0.00019613487280212933
2023-04-24,0.00019173011791502473
2023-04-25,0.00018894492613068595
2023-04-26,0.00022792128023934244
2023-04-27,0.00020931092165291532
2023-04-28,0.0001962578362818307
2023-04-29,0.00019702597645498846
2023-04-30,0.00019779411662814795
2023-05-01,0.00021018382185103521
2023-05-02,0.00025670364347786046
2023-05-03,0.0002603996470300304
2023-05-04,0.0003001078422882322
2023-05-05,0.0003107417849225959
2023-05-06,0.0003114032077392707
2023-05-07,0.0003120646305559455
2023-05-08,0.000312414077389436
2023-05-09,0.0003230368970029004
2023-05-10,0.0003256116034450734
2023-05-11,0.000325432473478709
2023-05-12,0.00033520150438140365
2023-05-13,0.0003359270911822399
2023-05-14,0.0003366526779830779
2023-05-15,0.00033353269557919287
2023-05-16,0.0003203342870244266
2023-05-17,0.00027031155678055837
2023-05-18,0.0002862550256896839
2023-05-19,0.0003453356462995226
2023-05-20,0.00034584939556583363
2023-05-21,0.00034636314483214295
2023-05-22,0.0003641891070487995
2023-05-23,0.0003479099725832513
2023-05-24,0.0003617723717044075
2023-05-25,0.00031993353956640555
2023-05-26,0.000271557318426428
2023-05-27,0.0002722632554907128
2023-05-28,0.0002729691925549959
2023-05-29,0.0002736751296192807
2023-05-30,0.00025704955918275617
2023-05-31,0.00027890462692531197
2023-06-01,0.0004172687105486045
2023-06-02,0.0003994085656659906
2023-06-03,0.0003999184829344589
2023-06-04,0.00040042840020292503
2023-06-05,0.0004187510036068251
2023-06-06,0.0004073513933454758
2023-06-07,0.00033944426268161815
2023-06-08,0.00034147512569697577
2023-06-09,0.000334200253477631
2023-06-10,0.0003348580868960684
2023-06-11,0.00033551592031450753
2023-06-12,0.00031672995939245954
2023-06-13,0.0002952171962453437
2023-06-14,0.00033606263810959103
2023-06-15,0.0003234921589172009
2023-06-16,0.0003335668379388212
2023-06-17,0.00033418875069211006
2023-06-18,0.00033481066344540067
2023-06-19,0.00033543257619869215
2023-06-20,0.00037071114410358076
2023-06-21,0.0004137480098096646
2023-06-22,0.0004458911843081381
2023-06-23,0.00047429313919832277
2023-06-24,0.00047470951325001435
2023-06-25,0.0004751258873017085
2023-06-26,0.0004731036114919481
2023-06-27,0.0005036747737083448
2023-06-28,0.0004958838170996131
2023-06-29,0.0004328250116515807
2023-06-30,0.0004641971153974342
2023-07-01,0.0004645807699049007
2023-07-02,0.00046496442441236767
2023-07-03,0.0004533000542795793
2023-07-04,0.00045368956313997537
2023-07-05,0.00044918582187562827
2023-07-06,0.0004576901742226517
2023-07-07,0.0004955366158502154
2023-07-08,0.000495929586724223
2023-07-09,0.0004963225575982302
2023-07-10,0.0004967155284722373
