Date,UBS - IBN Accumulated Oriented Area
2019-01-01,0.0
2019-01-02,0.0
2019-01-03,7.718322631333724e-08
2019-01-04,1.0388461012374788e-05
2019-01-05,1.0211994036053664e-05
2019-01-06,1.0035527059732709e-05
2019-01-07,8.097237174300414e-06
2019-01-08,2.221501466930908e-05
2019-01-09,2.4248259820107394e-05
2019-01-10,1.931254215096199e-05
2019-01-11,1.0905004347575144e-05
2019-01-12,1.0600438198018536e-05
2019-01-13,1.0295872048462152e-05
2019-01-14,-7.357438022973501e-06
2019-01-15,-6.054293163238084e-06
2019-01-16,4.190545679426436e-06
2019-01-17,5.445437876771835e-07
2019-01-18,-7.89072396437882e-06
2019-01-19,-8.602549759972463e-06
2019-01-20,-9.314375555565554e-06
2019-01-21,-1.0026201351159186e-05
2019-01-22,-3.421163424545614e-05
2019-01-23,-3.199865383809677e-05
2019-01-24,-3.272535560461546e-05
2019-01-25,-4.9023317493534957e-05
2019-01-26,-4.9715250047893504e-05
2019-01-27,-5.0407182602251794e-05
2019-01-28,-7.717412395849634e-05
2019-01-29,-7.510317666158772e-05
2019-01-30,-1.993402518134198e-05
2019-01-31,-4.412395013411543e-05
2019-02-01,-5.972731773709223e-05
2019-02-02,-6.030829506140747e-05
2019-02-03,-6.0889272385722646e-05
2019-02-04,-6.481509687921047e-05
2019-02-05,-4.9032555195540855e-05
2019-02-06,-4.6466525923234675e-05
2019-02-07,-6.665826501995226e-05
2019-02-08,-7.585585129545184e-05
2019-02-09,-7.636400011316729e-05
2019-02-10,-7.687214893088274e-05
2019-02-11,-7.527746817494033e-05
2019-02-12,-5.9501652597481634e-05
2019-02-13,-5.0161028810525834e-05
2019-02-14,-8.279281775586207e-05
2019-02-15,-4.65020889293646e-05
2019-02-16,-4.7365042095422415e-05
2019-02-17,-4.8227995261481015e-05
2019-02-18,-4.9090948427539656e-05
2019-02-19,-5.272350442621127e-05
2019-02-20,-0.00011719644702659694
2019-02-21,-0.00014200585229083692
2019-02-22,-0.00014658041850785372
2019-02-23,-0.0001467730888807537
2019-02-24,-0.00014696575925365397
2019-02-25,-0.0001379087425430354
2019-02-26,-0.00011526053117822986
2019-02-27,-0.00010744616645265608
2019-02-28,-0.00010955181089220592
2019-03-01,-0.00010694477974932717
2019-03-02,-0.00010738408326164479
2019-03-03,-0.00010782338677396235
2019-03-04,-0.0001165171047846971
2019-03-05,-0.00014517997322291486
2019-03-06,-0.00015957757079526857
2019-03-07,-0.00016885765507766265
2019-03-08,-0.00018016513605167463
2019-03-09,-0.00017970228987890626
2019-03-10,-0.00017923944370613735
2019-03-11,-0.00020817388201893426
2019-03-12,-0.00023453717685148348
2019-03-13,-0.0002422286211369665
2019-03-14,-0.00023883362901549486
2019-03-15,-0.00025200055869723946
2019-03-16,-0.0002512808462282524
2019-03-17,-0.000250561133759265
2019-03-18,-0.00027483818701434836
2019-03-19,-0.00027801586166360977
2019-03-20,-0.00025973859819184466
2019-03-21,-0.0002516823127394804
2019-03-22,-0.00020868977720039445
2019-03-23,-0.00020784480087674
2019-03-24,-0.00020699982455308496
2019-03-25,-0.00019301914038258772
2019-03-26,-0.00022617854019521365
2019-03-27,-0.00022990635690502668
2019-03-28,-0.0002453298603279523
2019-03-29,-0.00025624148492192026
2019-03-30,-0.00025535207716162646
2019-03-31,-0.00025446266940133244
2019-04-01,-0.00026957711507407983
2019-04-02,-0.0002747192931202519
2019-04-03,-0.0002708914579384583
2019-04-04,-0.0002605438737260231
2019-04-05,-0.00026446929283076954
2019-04-06,-0.0002640168812372953
2019-04-07,-0.0002635644696438208
2019-04-08,-0.00025278293401305007
2019-04-09,-0.00026208427086928923
2019-04-10,-0.0002610416107122446
2019-04-11,-0.00026246031825893814
2019-04-12,-0.0002664026238139236
2019-04-13,-0.00026615060401457706
2019-04-14,-0.00026589858421523037
2019-04-15,-0.0002675333301291594
2019-04-16,-0.0002779623634018295
2019-04-17,-0.0002904291297812771
2019-04-18,-0.00028881361004471197
2019-04-19,-0.00028868220010468213
2019-04-20,-0.0002885507901646522
2019-04-21,-0.0002884193802246223
2019-04-22,-0.0002926589172826058
2019-04-23,-0.0002886513432946807
2019-04-24,-0.0002903072407804334
2019-04-25,-0.00029276263052971797
2019-04-26,-0.00028703341640604464
2019-04-27,-0.00028689454294123526
2019-04-28,-0.0002867556694764261
2019-04-29,-0.0002980604449490396
2019-04-30,-0.00029781622655941967
2019-05-01,-0.0002945697705178814
2019-05-02,-0.0002983362176898519
2019-05-03,-0.00029441292016301824
2019-05-04,-0.0002943771768484204
2019-05-05,-0.0002943414335338225
2019-05-06,-0.00027590876691218626
2019-05-07,-0.00024228904871623327
2019-05-08,-0.00022538909223691566
2019-05-09,-0.0002445897071902597
2019-05-10,-0.00024488525040313667
2019-05-11,-0.0002443264424326054
2019-05-12,-0.00024376763446207412
2019-05-13,-0.00022155159122673926
2019-05-14,-0.00023821274967901333
2019-05-15,-0.00023035667855611947
2019-05-16,-0.00024288041149149233
2019-05-17,-0.0002626383134689496
2019-05-18,-0.0002619152098367295
2019-05-19,-0.0002611921062045094
2019-05-20,-0.00035615320598123956
2019-05-21,-0.00034296307200788105
2019-05-22,-0.0003302349107071992
2019-05-23,-0.0003501398788996381
2019-05-24,-0.00047889288017327624
2019-05-25,-0.00047734969414127046
2019-05-26,-0.0004758065081092646
2019-05-27,-0.00047426332207725944
2019-05-28,-0.00040313241376851387
2019-05-29,-0.00033810617403915263
2019-05-30,-0.00037742493218083985
2019-05-31,-0.00035493516155104274
2019-06-01,-0.0003532479018356587
2019-06-02,-0.0003515606421202758
2019-06-03,-0.0003426362355596759
2019-06-04,-0.0003531641174447108
2019-06-05,-0.0003371035475627722
2019-06-06,-0.000345335887957799
2019-06-07,-0.00035745717822264274
2019-06-08,-0.00035607594081235464
2019-06-09,-0.00035469470340206746
2019-06-10,-0.00035035458109823815
2019-06-11,-0.00037316915992605717
2019-06-12,-0.00034075290431683967
2019-06-13,-0.00034000936454551487
2019-06-14,-0.0003243095796093012
2019-06-15,-0.00032275390260475293
2019-06-16,-0.0003211982256002054
2019-06-17,-0.0002902400445640075
2019-06-18,-0.0003333382509412196
2019-06-19,-0.0003313823357327539
2019-06-20,-0.000406193948880337
2019-06-21,-0.0003701127825847302
2019-06-22,-0.0003684604025953768
2019-06-23,-0.0003668080226060244
2019-06-24,-0.0003762039725445363
2019-06-25,-0.00038941494758981004
2019-06-26,-0.00041705360411521626
2019-06-27,-0.0004493265558960553
2019-06-28,-0.0004472128238959478
2019-06-29,-0.0004455395218108656
2019-06-30,-0.0004438662197257844
2019-07-01,-0.0004545067952355939
2019-07-02,-0.0004469458496399042
2019-07-03,-0.0004551541452190065
2019-07-04,-0.0004535839516462284
2019-07-05,-0.0004642095274211589
2019-07-06,-0.000462763532572722
2019-07-07,-0.0004613175377242858
2019-07-08,-0.00041607817689261217
2019-07-09,-0.00041391913180317114
2019-07-10,-0.0004350054829267513
2019-07-11,-0.0004331762365713729
2019-07-12,-0.0004271995930636492
2019-07-13,-0.0004259329926510206
2019-07-14,-0.0004246663922383928
2019-07-15,-0.0004074282126636538
2019-07-16,-0.000410648320948252
2019-07-17,-0.00039995675839334447
2019-07-18,-0.0003795598870164879
2019-07-19,-0.0003285772781557256
2019-07-20,-0.00032739063003485376
2019-07-21,-0.0003262039819139827
2019-07-22,-0.000327189580235586
2019-07-23,-0.0003193460273972879
2019-07-24,-0.0003096373018136116
2019-07-25,-0.0003207993915956575
2019-07-26,-0.0003347113229328565
2019-07-27,-0.00033305962171723745
2019-07-28,-0.00033140792050161973
2019-07-29,-0.0004988668275623844
2019-07-30,-0.00039201219670304205
2019-07-31,-0.00039345832468116733
2019-08-01,-0.0002973833539229876
2019-08-02,-0.00022955630136775864
2019-08-03,-0.00022779279847852076
2019-08-04,-0.0002260292955892843
2019-08-05,-8.876925981775653e-05
2019-08-06,-0.00020392524844020272
2019-08-07,-0.00017305952744072644
2019-08-08,-0.0002752773974536033
2019-08-09,-0.0002451734562049075
2019-08-10,-0.00024319685404859695
2019-08-11,-0.00024122025189228475
2019-08-12,-0.00021040080239930712
2019-08-13,-0.0001841252629899228
2019-08-14,-0.00014213413950090508
2019-08-15,-0.00018159073127028253
2019-08-16,-0.0002467790278064131
2019-08-17,-0.0002444278730780213
2019-08-18,-0.00024207671834962748
2019-08-19,-0.00021122504302019656
2019-08-20,-0.00018135374877009544
2019-08-21,-0.00014555150942302715
2019-08-22,0.00017249685091807427
2019-08-23,-3.5116637356686614e-05
2019-08-24,-3.311985681068085e-05
2019-08-25,-3.112307626467308e-05
2019-08-26,-6.510131473691792e-05
2019-08-27,-0.00015695373870340036
2019-08-28,-6.487703679508325e-05
2019-08-29,-3.0009845887933e-05
2019-08-30,-2.9981347147124435e-05
2019-08-31,-2.805071485975853e-05
2019-09-01,-2.6120082572391233e-05
2019-09-02,-2.41894502850258e-05
2019-09-03,0.00015127659833855895
2019-09-04,0.0001340516892175036
2019-09-05,0.00023984165860403746
2019-09-06,0.0001800589440677431
2019-09-07,0.00018154930307223412
2019-09-08,0.00018303966207672674
2019-09-09,0.00019037976356941423
2019-09-10,0.00027568768898740754
2019-09-11,0.00021306789429473174
2019-09-12,0.00015476931274304427
2019-09-13,0.0001337560071262662
2019-09-14,0.00013493080474310135
2019-09-15,0.00013610560235993767
2019-09-16,0.00020601048207675527
2019-09-17,0.00018135706189323432
2019-09-18,0.00024161078054707875
2019-09-19,0.0003107203548309927
2019-09-20,1.760379426759153e-05
2019-09-21,1.918568035320698e-05
2019-09-22,2.0767566438823844e-05
2019-09-23,-0.0001656802646967377
2019-09-24,-0.00011278007460046262
2019-09-25,-9.956803608209244e-05
2019-09-26,-0.00017462861309787092
2019-09-27,-0.0001369696788947934
2019-09-28,-0.00013495511278606464
2019-09-29,-0.0001329405466773344
2019-09-30,-5.156615324238139e-05
2019-10-01,2.6653209030274986e-05
2019-10-02,4.3860313611056886e-05
2019-10-03,9.66913286759001e-06
2019-10-04,0.00011195071275683063
2019-10-05,0.00011400600893840726
2019-10-06,0.00011606130511998574
2019-10-07,7.838147322823316e-05
2019-10-08,0.00010513910900306806
2019-10-09,-1.4475880455422714e-05
2019-10-10,2.7166877061384142e-05
2019-10-11,5.566437862306735e-05
2019-10-12,5.7534781422620616e-05
2019-10-13,5.940518422217575e-05
2019-10-14,5.903323644788987e-05
2019-10-15,9.482536542199648e-06
2019-10-16,-1.6889370054295956e-05
2019-10-17,-1.0843500654266353e-05
2019-10-18,-1.9287669236593802e-05
2019-10-19,-1.744998965612726e-05
2019-10-20,-1.5612310075660758e-05
2019-10-21,-2.2657620666828137e-05
2019-10-22,-0.00011140398407379194
2019-10-23,-0.00015473227193026312
2019-10-24,-0.0001671387042801243
2019-10-25,-0.00022974470640822758
2019-10-26,-0.0002277951904574204
2019-10-27,-0.00022584567450661326
2019-10-28,-0.0002595431731821841
2019-10-29,-0.000304873530477338
2019-10-30,-0.00025232663800438173
2019-10-31,-0.0002139737856609083
2019-11-01,-0.000239081352922853
2019-11-02,-0.00023724343225113768
2019-11-03,-0.00023540551157942243
2019-11-04,-0.0002895313620083426
2019-11-05,-0.00027108937660391723
2019-11-06,-0.0003171035256883126
2019-11-07,-0.0003107656376746627
2019-11-08,-0.0003441750561319128
2019-11-09,-0.0003424295041250523
2019-11-10,-0.00034068395211819173
2019-11-11,-0.0003520224862832934
2019-11-12,-0.0003320855543142507
2019-11-13,-0.000282291615039379
2019-11-14,-0.00030642208143290435
2019-11-15,-0.0003389955239320398
2019-11-16,-0.00033703343314916496
2019-11-17,-0.00033507134236629026
2019-11-18,-0.00031335537387657057
2019-11-19,-0.00030154086688429616
2019-11-20,-0.0003023931469903839
2019-11-21,-0.0003300997220217767
2019-11-22,-0.00031884805085151787
2019-11-23,-0.0003169207604278499
2019-11-24,-0.0003149934700041837
2019-11-25,-0.00035090532600640816
2019-11-26,-0.0003572215985140464
2019-11-27,-0.000399566822773372
2019-11-28,-0.00039744617115840616
2019-11-29,-0.0003638996963656351
2019-11-30,-0.00036173564660437895
2019-12-01,-0.0003595715968431239
2019-12-02,-0.00034012059552710155
2019-12-03,-0.00029376189762444864
2019-12-04,-0.0004660790925782377
2019-12-05,-0.00047199245718300843
2019-12-06,-0.000464284231897003
2019-12-07,-0.00046176562954489575
2019-12-08,-0.00045924702719278977
2019-12-09,-0.00046621619544161947
2019-12-10,-0.0004776958733864581
2019-12-11,-0.00048020801385432695
2019-12-12,-0.0005558487855022515
2019-12-13,-0.000594611241214434
2019-12-14,-0.0005920633166465951
2019-12-15,-0.0005895153920787575
2019-12-16,-0.0006307431994160567
2019-12-17,-0.0006583556180258352
2019-12-18,-0.0006077241936737486
2019-12-19,-0.0006075552821341395
2019-12-20,-0.0006182228284358047
2019-12-21,-0.0006157313144687077
2019-12-22,-0.0006132398005016117
2019-12-23,-0.0005910751374307105
2019-12-24,-0.0005944589932498634
2019-12-25,-0.0005920427276840024
2019-12-26,-0.0005996179743718547
2019-12-27,-0.0006294912693667189
2019-12-28,-0.0006270649509820761
2019-12-29,-0.0006246386325974355
2019-12-30,-0.0006173740507806133
2019-12-31,-0.0006091036003729913
2020-01-01,-0.0006068122372455993
2020-01-02,-0.0006960047366306103
2020-01-03,-0.0006103023052935445
2020-01-04,-0.0006081726824511217
2020-01-05,-0.0006060430596086997
2020-01-06,-0.0005694789590463852
2020-01-07,-0.0005914502600330074
2020-01-08,-0.0006327523796722185
2020-01-09,-0.0006835106361116598
2020-01-10,-0.0006386393069428372
2020-01-11,-0.0006366436761700351
2020-01-12,-0.0006346480453972337
2020-01-13,-0.0006585935424488166
2020-01-14,-0.0006617697005739198
2020-01-15,-0.0006419337378923693
2020-01-16,-0.0006608514333993394
2020-01-17,-0.0006364202007520541
2020-01-18,-0.000634608092359378
2020-01-19,-0.0006327959839667011
2020-01-20,-0.0006309838755740243
2020-01-21,-0.0005022616559314053
2020-01-22,-0.0005250745610659644
2020-01-23,-0.0005330994494600399
2020-01-24,-0.0005092880243830454
2020-01-25,-0.0005072277842480061
2020-01-26,-0.0005051675441129659
2020-01-27,-0.0004939738709660165
2020-01-28,-0.0005022326156469001
2020-01-29,-0.0004892240860048016
2020-01-30,-0.0004950736221861493
2020-01-31,-0.0004355672070035299
2020-02-01,-0.0004333449958052593
2020-02-02,-0.0004311227846069867
2020-02-03,-0.00039472832173119204
2020-02-04,-0.0004861535251801431
2020-02-05,-0.0005719062138576226
2020-02-06,-0.0005879674104161031
2020-02-07,-0.0005858101036458729
2020-02-08,-0.0005838362518688227
2020-02-09,-0.0005818624000917725
2020-02-10,-0.0006089640137253011
2020-02-11,-0.0006510476855479466
2020-02-12,-0.0007062973195219841
2020-02-13,-0.0006420371746741082
2020-02-14,-0.0006246656132467949
2020-02-15,-0.0006227432211800515
2020-02-16,-0.0006208208291133072
2020-02-17,-0.0006188984370465648
2020-02-18,-0.0006178709209582033
2020-02-19,-0.000628796138839106
2020-02-20,-0.0006476658031676066
2020-02-21,-0.0005757871919759191
2020-02-22,-0.0005737602721027477
2020-02-23,-0.0005717333522295753
2020-02-24,-0.0003576502814633031
2020-02-25,-0.0003087108005558717
2020-02-26,-0.00030628240601686114
2020-02-27,-0.00014814846350361252
2020-02-28,-5.359392759178496e-05
2020-02-29,-5.065625794480611e-05
2020-03-01,-4.771858829782509e-05
2020-03-02,-0.00014496005056001003
2020-03-03,-4.845440983633519e-05
2020-03-04,6.060115129268682e-05
2020-03-05,0.0002684944578198144
2020-03-06,0.00032770602172102584
2020-03-07,0.00033063302431914586
2020-03-08,0.0003335600269172687
2020-03-09,0.0007101097182980799
2020-03-10,0.0005261040532416111
2020-03-11,0.0007279242548774811
2020-03-12,0.0015043191506504898
2020-03-13,0.0010545960770258528
2020-03-14,0.0010579788927451025
2020-03-15,0.0010613617084643547
2020-03-16,0.0014462941418201267
2020-03-17,0.0021498765639176303
2020-03-18,0.002799272806672324
2020-03-19,0.004393682970721911
2020-03-20,0.00405149967506537
2020-03-21,0.004053602793863595
2020-03-22,0.004055705912661824
2020-03-23,0.0052506930026737135
2020-03-24,0.0062333660665810885
2020-03-25,0.005597203779159118
2020-03-26,0.005339392077581178
2020-03-27,0.005190514932625558
2020-03-28,0.005191868803589498
2020-03-29,0.005193222674553442
2020-03-30,0.005500299767557435
2020-03-31,0.005217106308190962
2020-04-01,0.0056722026588078844
2020-04-02,0.005611264972667217
2020-04-03,0.006153749967403675
2020-04-04,0.006154496095720932
2020-04-05,0.0061552422240381864
2020-04-06,0.00604213800030055
2020-04-07,0.005828895283078238
2020-04-08,0.005540361449659524
2020-04-09,0.005548366791412676
2020-04-10,0.00554939642202122
2020-04-11,0.0055504260526297675
2020-04-12,0.005551455683238314
2020-04-13,0.005432569062607083
2020-04-14,0.005453366764221294
2020-04-15,0.005488479296686634
2020-04-16,0.005140528275368745
2020-04-17,0.004813902255356072
2020-04-18,0.004815630597138257
2020-04-19,0.004817358938920438
2020-04-20,0.005082622091097375
2020-04-21,0.005408339626397651
2020-04-22,0.0049154454588652115
2020-04-23,0.004953081304088518
2020-04-24,0.005289755524913319
2020-04-25,0.005291135401638586
2020-04-26,0.005292515278363845
2020-04-27,0.005134975546362943
2020-04-28,0.005454366613253979
2020-04-29,0.005279595880855999
2020-04-30,0.005377788397115056
2020-05-01,0.005421886395066088
2020-05-02,0.005422843431374813
2020-05-03,0.0054238004676835355
2020-05-04,0.005555320572212977
2020-05-05,0.005301935131073958
2020-05-06,0.0053091441994007026
2020-05-07,0.005391075694255089
2020-05-08,0.005370971265391675
2020-05-09,0.005372074710377259
2020-05-10,0.005373178155362838
2020-05-11,0.0057651375479850706
2020-05-12,0.005089703332033072
2020-05-13,0.00519386467272199
2020-05-14,0.005177948660284861
2020-05-15,0.005328961204456994
2020-05-16,0.0053302911540599835
2020-05-17,0.005331621103662969
2020-05-18,0.006161131378171098
2020-05-19,0.006325596180805267
2020-05-20,0.006295109004102773
2020-05-21,0.0063940738186306825
2020-05-22,0.006407409786682045
2020-05-23,0.006407679322787285
2020-05-24,0.0064079488588925215
2020-05-25,0.006408218394997762
2020-05-26,0.006802485280670815
2020-05-27,0.006718480315883518
2020-05-28,0.006673197083948569
2020-05-29,0.00649041362966893
2020-05-30,0.006490651192000289
2020-05-31,0.006490888754331644
2020-06-01,0.006457130740935372
2020-06-02,0.006244731119778807
2020-06-03,0.006375053576697976
2020-06-04,0.006603341101904147
2020-06-05,0.0064127224040855055
2020-06-06,0.006412937562168335
2020-06-07,0.006413152720251164
2020-06-08,0.006589714785368827
2020-06-09,0.006670406936842476
2020-06-10,0.006478419354763408
2020-06-11,0.006385537791926794
2020-06-12,0.006300178889364717
2020-06-13,0.006300483905591235
2020-06-14,0.006300788921817749
2020-06-15,0.006396400869415017
2020-06-16,0.006470437868320381
2020-06-17,0.00643290330138687
2020-06-18,0.0062923287906186875
2020-06-19,0.006002571540147683
2020-06-20,0.006003246291914436
2020-06-21,0.006003921043681186
2020-06-22,0.006046403323842983
2020-06-23,0.006027544587851132
2020-06-24,0.006252831044883934
2020-06-25,0.0063909764536672995
2020-06-26,0.006465060543445511
2020-06-27,0.006465130376449674
2020-06-28,0.006465200209453838
2020-06-29,0.006525394900045089
2020-06-30,0.00653038117034519
2020-07-01,0.006297564274298728
2020-07-02,0.006410816463851311
2020-07-03,0.006410948085428826
2020-07-04,0.0064110797070063355
2020-07-05,0.006411211328583848
2020-07-06,0.006480707594998112
2020-07-07,0.006318581590261755
2020-07-08,0.006405717622370639
2020-07-09,0.006375022236654929
2020-07-10,0.006517240318615421
2020-07-11,0.006517222136845392
2020-07-12,0.006517203955075362
2020-07-13,0.006581820808348113
2020-07-14,0.006831846310515203
2020-07-15,0.006750978366361012
2020-07-16,0.006808667151309609
2020-07-17,0.006745688329152084
2020-07-18,0.006745356504706322
2020-07-19,0.006745024680260562
2020-07-20,0.006449551540823436
2020-07-21,0.006344752514048739
2020-07-22,0.0064383402108398324
2020-07-23,0.0063740392781953415
2020-07-24,0.006406278658058018
2020-07-25,0.006406439055066519
2020-07-26,0.0064065994520750204
2020-07-27,0.0066382461218242195
2020-07-28,0.006647586277982045
2020-07-29,0.006593526601956513
2020-07-30,0.006559214745331715
2020-07-31,0.006503945364780346
2020-08-01,0.006503895166276726
2020-08-02,0.006503844967773108
2020-08-03,0.006642620730713101
2020-08-04,0.006696615801852577
2020-08-05,0.006763909539982961
2020-08-06,0.006723958853730374
2020-08-07,0.006697229837249867
2020-08-08,0.006696957135614343
2020-08-09,0.006696684433978819
2020-08-10,0.006599523571298048
2020-08-11,0.006546150139028105
2020-08-12,0.006649096911619614
2020-08-13,0.006609635764270024
2020-08-14,0.006698057618934822
2020-08-15,0.006697775831057233
2020-08-16,0.006697494043179641
2020-08-17,0.006611271680218935
2020-08-18,0.006415071415442997
2020-08-19,0.006491690344917736
2020-08-20,0.006433453618699683
2020-08-21,0.006380843205837478
2020-08-22,0.006381037297892755
2020-08-23,0.006381231389948037
2020-08-24,0.006403156996547658
2020-08-25,0.006267371023367527
2020-08-26,0.006387661606552979
2020-08-27,0.006293080524993942
2020-08-28,0.006109777277516701
2020-08-29,0.006110364993618049
2020-08-30,0.0061109527097194
2020-08-31,0.0062252594744146225
2020-09-01,0.006185486558308887
2020-09-02,0.006289867129569426
2020-09-03,0.006378483685797276
2020-09-04,0.006442360728253705
2020-09-05,0.006442459490562722
2020-09-06,0.0064425582528717384
2020-09-07,0.006442657015180753
2020-09-08,0.006359082778606539
2020-09-09,0.00651970611081642
2020-09-10,0.0065210632724284606
2020-09-11,0.006519356499637836
2020-09-12,0.006519347918317396
2020-09-13,0.006519339336996955
2020-09-14,0.006710458604589867
2020-09-15,0.006511743051210742
2020-09-16,0.0065238288881935315
2020-09-17,0.006531133899942792
2020-09-18,0.006437325075904452
2020-09-19,0.0064374379936417425
2020-09-20,0.0064375509113790315
2020-09-21,0.006244676222778191
2020-09-22,0.006150534348421858
2020-09-23,0.006101367857071785
2020-09-24,0.006142691044104923
2020-09-25,0.005751295258621173
2020-09-26,0.005752311230671214
2020-09-27,0.005753327202721252
2020-09-28,0.0059598800925502685
2020-09-29,0.005906409813724872
2020-09-30,0.006002377130270579
2020-10-01,0.005796856143702227
2020-10-02,0.005866515037721239
2020-10-03,0.005867270952794894
2020-10-04,0.0058680268678685445
2020-10-05,0.00587367473334543
2020-10-06,0.005910107787818355
2020-10-07,0.005872608236232035
2020-10-08,0.005801077608571267
2020-10-09,0.0056464700958704945
2020-10-10,0.005647448822110793
2020-10-11,0.005648427548351089
2020-10-12,0.005702317558339904
2020-10-13,0.005716454797581816
2020-10-14,0.005534567770869161
2020-10-15,0.005636733006624227
2020-10-16,0.005671538764849391
2020-10-17,0.005672509296199933
2020-10-18,0.005673479827550471
2020-10-19,0.005570978277489079
2020-10-20,0.005764673056847863
2020-10-21,0.005680576039848376
2020-10-22,0.005802812629252039
2020-10-23,0.005758129577363509
2020-10-24,0.005758788464432559
2020-10-25,0.005759447351501607
2020-10-26,0.005892167399954061
2020-10-27,0.005740681914651017
2020-10-28,0.005803345651541114
2020-10-29,0.005747392706451748
2020-10-30,0.005857763586041989
2020-10-31,0.005858440826821205
2020-11-01,0.00585911806760042
2020-11-02,0.005491259923975289
2020-11-03,0.005592172634373139
2020-11-04,0.005535464119367043
2020-11-05,0.005623405382631216
2020-11-06,0.005634156755018585
2020-11-07,0.005634741669685226
2020-11-08,0.005635326584351867
2020-11-09,0.00538957771769491
2020-11-10,0.005455820235455455
2020-11-11,0.00546274947671881
2020-11-12,0.00550820927142372
2020-11-13,0.005472833640174649
2020-11-14,0.005473541624419737
2020-11-15,0.005474249608664824
2020-11-16,0.005512922479307044
2020-11-17,0.0055501620738949865
2020-11-18,0.005539368161921485
2020-11-19,0.0056160580259469305
2020-11-20,0.005620166853983849
2020-11-21,0.005620294858095728
2020-11-22,0.005620422862207606
2020-11-23,0.0056695148498500676
2020-11-24,0.0056484064887666365
2020-11-25,0.005653092891131506
2020-11-26,0.005653124287192837
2020-11-27,0.005640528974713263
2020-11-28,0.005640602504531789
2020-11-29,0.005640676034350315
2020-11-30,0.005586924612921564
2020-12-01,0.005557337488504529
2020-12-02,0.005582701062042243
2020-12-03,0.005593680800778931
2020-12-04,0.005478047597573772
2020-12-05,0.005478578258406362
2020-12-06,0.0054791089192389505
2020-12-07,0.00546414831372063
2020-12-08,0.005472831509318385
2020-12-09,0.005458527294761017
2020-12-10,0.005437455620277518
2020-12-11,0.00537983659933162
2020-12-12,0.005380786033350918
2020-12-13,0.005381735467370217
2020-12-14,0.005343177396873386
2020-12-15,0.005368934291236747
2020-12-16,0.005389114160616231
2020-12-17,0.005395944570503519
2020-12-18,0.005383810077649425
2020-12-19,0.005384705793596136
2020-12-20,0.005385601509542848
2020-12-21,0.005444284374186833
2020-12-22,0.005431787950555401
2020-12-23,0.005449791875538242
2020-12-24,0.0054209983767270105
2020-12-25,0.005421829490245455
2020-12-26,0.005422660603763898
2020-12-27,0.005423491717282342
2020-12-28,0.0053728754023799575
2020-12-29,0.005319606578254282
2020-12-30,0.005298081304214712
2020-12-31,0.005266482810379405
2021-01-01,0.005267657230099344
2021-01-02,0.005268831649819283
2021-01-03,0.005270006069539223
2021-01-04,0.005358850480466477
2021-01-05,0.00532544657851317
2021-01-06,0.005303237729081633
2021-01-07,0.005349765301563442
2021-01-08,0.005329149165472563
2021-01-09,0.005329681692237744
2021-01-10,0.005330214219002927
2021-01-11,0.00533892535685331
2021-01-12,0.005311155799762946
2021-01-13,0.005296244637525877
2021-01-14,0.005316928087813773
2021-01-15,0.005331006215865927
2021-01-16,0.005331626878240738
2021-01-17,0.005332247540615551
2021-01-18,0.005332868202990362
2021-01-19,0.005307863698718087
2021-01-20,0.005279772936054508
2021-01-21,0.005279985531204203
2021-01-22,0.005324632602392601
2021-01-23,0.005325399533602841
2021-01-24,0.0053261664648130815
2021-01-25,0.005328884791916514
2021-01-26,0.005348604333483113
2021-01-27,0.00539788765889773
2021-01-28,0.005357123119574729
2021-01-29,0.005291325161044243
2021-01-30,0.005292440604532522
2021-01-31,0.0052935560480208005
2021-02-01,0.0049985609894010845
2021-02-02,0.004939327689155788
2021-02-03,0.004945125675772611
2021-02-04,0.004930328342201114
2021-02-05,0.004911412675395444
2021-02-06,0.00491315702254517
2021-02-07,0.0049149013696948955
2021-02-08,0.004864642287969491
2021-02-09,0.004859660288138549
2021-02-10,0.004861837329205587
2021-02-11,0.004881749292261017
2021-02-12,0.004820899618943172
2021-02-13,0.004822562975862268
2021-02-14,0.004824226332781363
2021-02-15,0.004825889689700458
2021-02-16,0.004768608214405982
2021-02-17,0.004810099561786415
2021-02-18,0.00487090238735664
2021-02-19,0.004876566758451285
2021-02-20,0.004877909482499368
2021-02-21,0.004879252206547451
2021-02-22,0.004903343110660896
2021-02-23,0.004886583740876446
2021-02-24,0.004827967905297895
2021-02-25,0.00487682177678747
2021-02-26,0.004938560547181345
2021-02-27,0.004939613719343385
2021-02-28,0.004940666891505425
2021-03-01,0.004902986571659027
2021-03-02,0.004902875740283559
2021-03-03,0.004890948793280652
2021-03-04,0.004930399757282972
2021-03-05,0.004920478000315624
2021-03-06,0.004921600743330678
2021-03-07,0.004922723486345733
2021-03-08,0.004937728453088389
2021-03-09,0.004893518523558074
2021-03-10,0.004898220756622518
2021-03-11,0.004897302343667087
2021-03-12,0.004959534267155403
2021-03-13,0.004960710146816251
2021-03-14,0.004961886026477099
2021-03-15,0.0049815191490521155
2021-03-16,0.004975616960097064
2021-03-17,0.005001170333208793
2021-03-18,0.005048017530083108
2021-03-19,0.005027148232026717
2021-03-20,0.005027748164548544
2021-03-21,0.005028348097070371
2021-03-22,0.0050483881149357085
2021-03-23,0.005037256302107969
2021-03-24,0.005068962666150612
2021-03-25,0.005054072441049933
2021-03-26,0.005031682458766544
2021-03-27,0.005032304172054112
2021-03-28,0.005032925885341682
2021-03-29,0.005046953559352809
2021-03-30,0.005028992263184502
2021-03-31,0.005045696977577853
2021-04-01,0.005034548220761036
2021-04-02,0.005035262877362525
2021-04-03,0.005035977533964014
2021-04-04,0.005036692190565502
2021-04-05,0.005074747942454822
2021-04-06,0.005113269019322502
2021-04-07,0.005105035720873974
2021-04-08,0.005115239474045761
2021-04-09,0.0051206275994035546
2021-04-10,0.005120814768762777
2021-04-11,0.0051210019381219985
2021-04-12,0.005197621739927812
2021-04-13,0.0050997187449713256
2021-04-14,0.005105348118098947
2021-04-15,0.005051018767094826
2021-04-16,0.005083292085229844
2021-04-17,0.005083466281886023
2021-04-18,0.005083640478542202
2021-04-19,0.005092573861414467
2021-04-20,0.005088632405482626
2021-04-21,0.005061621732652685
2021-04-22,0.0049849882444604875
2021-04-23,0.004991387794997559
2021-04-24,0.004991939366054305
2021-04-25,0.004992490937111049
2021-04-26,0.004879637167014049
2021-04-27,0.004847090757256823
2021-04-28,0.00477237577237592
2021-04-29,0.004773238437606405
2021-04-30,0.004829756199343287
2021-05-01,0.004830821570607898
2021-05-02,0.004831886941872508
2021-05-03,0.004830681146485543
2021-05-04,0.004872198176670823
2021-05-05,0.004835996929089876
2021-05-06,0.004798982350859376
2021-05-07,0.004798485243938839
2021-05-08,0.004799407981192685
2021-05-09,0.00480033071844653
2021-05-10,0.004800133939440683
2021-05-11,0.004811766761516672
2021-05-12,0.004909706984215543
2021-05-13,0.004889076037243401
2021-05-14,0.004845366623524413
2021-05-15,0.004846410134390952
2021-05-16,0.0048474536452574905
2021-05-17,0.00478626267751924
2021-05-18,0.004772725326349184
2021-05-19,0.004766943471811805
2021-05-20,0.004765540775292244
2021-05-21,0.004719348947743158
2021-05-22,0.004720585956699905
2021-05-23,0.004721822965656653
2021-05-24,0.004704445072616693
2021-05-25,0.0047154591608264
2021-05-26,0.004691387796500299
2021-05-27,0.004655971913041569
2021-05-28,0.004660244124100973
2021-05-29,0.004661339790640905
2021-05-30,0.004662435457180837
2021-05-31,0.00466353112372077
2021-06-01,0.004662153573860746
2021-06-02,0.004667037389209318
2021-06-03,0.004669767549442423
2021-06-04,0.004667743809021082
2021-06-05,0.004668757922303241
2021-06-06,0.004669772035585399
2021-06-07,0.004671487579694257
2021-06-08,0.004681249241266154
2021-06-09,0.004717649375881665
2021-06-10,0.004705354469708397
2021-06-11,0.004709928322324775
2021-06-12,0.004710930732300851
2021-06-13,0.004711933142276929
2021-06-14,0.004712427198974473
2021-06-15,0.004706389655107777
2021-06-16,0.0047302401028844095
2021-06-17,0.004758782778305529
2021-06-18,0.0047899582195255865
2021-06-19,0.004791105651802978
2021-06-20,0.004792253084080371
2021-06-21,0.004746231623652759
2021-06-22,0.004771326286525639
2021-06-23,0.004787401177310599
2021-06-24,0.004751423402081273
2021-06-25,0.00472249977980718
2021-06-26,0.004723781423584252
2021-06-27,0.004725063067361324
2021-06-28,0.004719457083548356
2021-06-29,0.004761981524087082
2021-06-30,0.004782688360473199
2021-07-01,0.004783813525111852
2021-07-02,0.0047606215826832676
2021-07-03,0.004761986711928283
2021-07-04,0.004763351841173298
2021-07-05,0.004764716970418313
2021-07-06,0.004761344957182663
2021-07-07,0.0047172908633337715
2021-07-08,0.004801379671516526
2021-07-09,0.00476480158062943
2021-07-10,0.004766444301244378
2021-07-11,0.004768087021859329
2021-07-12,0.004718519794625517
2021-07-13,0.004698387950115243
2021-07-14,0.004681099054419833
2021-07-15,0.004673437911271474
2021-07-16,0.004739088643687045
2021-07-17,0.004740893444353337
2021-07-18,0.00474269824501963
2021-07-19,0.004820884879208065
2021-07-20,0.004797837347672199
2021-07-21,0.00478214194447607
2021-07-22,0.00477369674756257
2021-07-23,0.004683960170093477
2021-07-24,0.004685392369438797
2021-07-25,0.004686824568784118
2021-07-26,0.004667979483214444
2021-07-27,0.004688286431328951
2021-07-28,0.0046487098147101075
2021-07-29,0.004607639460861277
2021-07-30,0.0046306361962665
2021-07-31,0.004631873065083603
2021-08-01,0.004633109933900707
2021-08-02,0.00464664608648689
2021-08-03,0.0046073860182759985
2021-08-04,0.004576791437735143
2021-08-05,0.004570299846409808
2021-08-06,0.004576749807396778
2021-08-07,0.004577915227898748
2021-08-08,0.004579080648400718
2021-08-09,0.004573855240516166
2021-08-10,0.004577763676962312
2021-08-11,0.004580726913595605
2021-08-12,0.00454950486903046
2021-08-13,0.0045488979795763025
2021-08-14,0.004550056454401231
2021-08-15,0.004551214929226158
2021-08-16,0.00457229654737166
2021-08-17,0.0046005136970669516
2021-08-18,0.004625383077312934
2021-08-19,0.004639416079585194
2021-08-20,0.004638876527558917
2021-08-21,0.004640025541791959
2021-08-22,0.004641174556025002
2021-08-23,0.004631796262592707
2021-08-24,0.004606153930626718
2021-08-25,0.004601358557175508
2021-08-26,0.00462438023041311
2021-08-27,0.0045813098147733725
2021-08-28,0.004582526183866959
2021-08-29,0.004583742552960545
2021-08-30,0.004593747306890713
2021-08-31,0.004568703046804042
2021-09-01,0.004548157509380383
2021-09-02,0.0045537289765166305
2021-09-03,0.004553016665312275
2021-09-04,0.004554516047722518
2021-09-05,0.004556015430132762
2021-09-06,0.0045575148125430055
2021-09-07,0.0045752791470179245
2021-09-08,0.004587001837566033
2021-09-09,0.00460247710612769
2021-09-10,0.004617457960867193
2021-09-11,0.004618919004802066
2021-09-12,0.0046203800487369375
2021-09-13,0.004613026166483649
2021-09-14,0.004635412603388418
2021-09-15,0.00460316489037217
2021-09-16,0.004560978012844437
2021-09-17,0.004631786850810251
2021-09-18,0.004633383036948991
2021-09-19,0.004634979223087731
2021-09-20,0.0047509305026014245
2021-09-21,0.004754297172056429
2021-09-22,0.004736149001163027
2021-09-23,0.004676427752676444
2021-09-24,0.004676029339534947
2021-09-25,0.004677911792797295
2021-09-26,0.004679794246059641
2021-09-27,0.004621093295050348
2021-09-28,0.004741958236005153
2021-09-29,0.004705628684557484
2021-09-30,0.004759753748947582
2021-10-01,0.004752463607127327
2021-10-02,0.00475411614987418
2021-10-03,0.004755768692621032
2021-10-04,0.004783172618918508
2021-10-05,0.004765225635312083
2021-10-06,0.0047868990674029685
2021-10-07,0.004753859998401826
2021-10-08,0.004776595131714987
2021-10-09,0.004777720502228864
2021-10-10,0.00477884587274274
2021-10-11,0.004766295723498374
2021-10-12,0.004755242904324816
2021-10-13,0.0047503690618514805
2021-10-14,0.004697179357515986
2021-10-15,0.004685564626149843
2021-10-16,0.004686670700751967
2021-10-17,0.004687776775354091
2021-10-18,0.004662308349897967
2021-10-19,0.004644985331606007
2021-10-20,0.004641831844805083
2021-10-21,0.004636543757398046
2021-10-22,0.004629066863037801
2021-10-23,0.004630121325411945
2021-10-24,0.00463117578778609
2021-10-25,0.004529076652362116
2021-10-26,0.004508722379413891
2021-10-27,0.004497841633601548
2021-10-28,0.004493112534093589
2021-10-29,0.004502018031908094
2021-10-30,0.004503221586359366
2021-10-31,0.0045044251408106395
2021-11-01,0.004458098070613188
2021-11-02,0.00445459189619043
2021-11-03,0.004459726704765855
2021-11-04,0.004498336757245395
2021-11-05,0.0044853291108783245
2021-11-06,0.0044862824453081925
2021-11-07,0.0044872357797380615
2021-11-08,0.004484130848343605
2021-11-09,0.004476786974269484
2021-11-10,0.004515813779880241
2021-11-11,0.0045178264828653015
2021-11-12,0.004520428836690207
2021-11-13,0.004521508707576344
2021-11-14,0.004522588578462483
2021-11-15,0.004537183469164993
2021-11-16,0.004547033647382574
2021-11-17,0.004526889294825038
2021-11-18,0.004545948931938468
2021-11-19,0.004589154201296106
2021-11-20,0.004590476738884205
2021-11-21,0.004591799276472305
2021-11-22,0.004674718434612091
2021-11-23,0.0046585242290501745
2021-11-24,0.004636572388630818
2021-11-25,0.004637591877081218
2021-11-26,0.004730909811121289
2021-11-27,0.004731920614189678
2021-11-28,0.004732931417258068
2021-11-29,0.004717477510388248
2021-11-30,0.004765818742377034
2021-12-01,0.00475995593670847
2021-12-02,0.004752382059733364
2021-12-03,0.004765530870057339
2021-12-04,0.004766198078132233
2021-12-05,0.004766865286207127
2021-12-06,0.0047852442100781946
2021-12-07,0.004740419194122684
2021-12-08,0.004709541408709692
2021-12-09,0.004700899842780566
2021-12-10,0.0047083317985297775
2021-12-11,0.004709272729040174
2021-12-12,0.004710213659550572
2021-12-13,0.004731309927336422
2021-12-14,0.004731946329774632
2021-12-15,0.004754855973892007
2021-12-16,0.004765913626131425
2021-12-17,0.00479554351415561
2021-12-18,0.004796372680056549
2021-12-19,0.004797201845957489
2021-12-20,0.004828688600859112
2021-12-21,0.004789833700964186
2021-12-22,0.004754131030745884
2021-12-23,0.004754146360551387
2021-12-24,0.004754943246439429
2021-12-25,0.004755740132327472
2021-12-26,0.004756537018215516
2021-12-27,0.0047435102661605045
2021-12-28,0.0047407193498319525
2021-12-29,0.0047487966353931595
2021-12-30,0.004739032951676633
2021-12-31,0.004732538074031461
2022-01-01,0.004733458755630582
2022-01-02,0.004734379437229704
2022-01-03,0.0046919629262786935
2022-01-04,0.004656744744475799
2022-01-05,0.004660665355437198
2022-01-06,0.004604445695617022
2022-01-07,0.00457020816640847
2022-01-08,0.0045710116664084205
2022-01-09,0.004571815166408372
2022-01-10,0.004583434661254172
2022-01-11,0.004569987026203361
2022-01-12,0.004546651696791226
2022-01-13,0.004546922258692688
2022-01-14,0.004542136936157384
2022-01-15,0.004542936889291115
2022-01-16,0.004543736842424847
2022-01-17,0.004544536795558579
2022-01-18,0.004569952216453315
2022-01-19,0.004595471348787159
2022-01-20,0.0045961576772130825
2022-01-21,0.004615046266208361
2022-01-22,0.0046157982744867865
2022-01-23,0.004616550282765211
2022-01-24,0.004655996271655013
2022-01-25,0.004653038365207385
2022-01-26,0.004643881326181412
2022-01-27,0.0046686152480187
2022-01-28,0.00466259129937189
2022-01-29,0.00466362155408795
2022-01-30,0.00466465180880401
2022-01-31,0.0046172861760914626
2022-02-01,0.004454459222054514
2022-02-02,0.004442814552411134
2022-02-03,0.004443582842534804
2022-02-04,0.004443054444254209
2022-02-05,0.004443345978451128
2022-02-06,0.004443637512648047
2022-02-07,0.00441756024390557
2022-02-08,0.0043984380993079015
2022-02-09,0.0043844159921124495
2022-02-10,0.004363915021113879
2022-02-11,0.004370807983761684
2022-02-12,0.00437070835537001
2022-02-13,0.0043706087269783376
2022-02-14,0.004333380786837287
2022-02-15,0.004362581500062322
2022-02-16,0.004358331752850696
2022-02-17,0.004350963255558095
2022-02-18,0.004354549994853918
2022-02-19,0.004354450292063902
2022-02-20,0.0043543505892738865
2022-02-21,0.00435425088648387
2022-02-22,0.004363028131866734
2022-02-23,0.004371550187123765
2022-02-24,0.004378726948749779
2022-02-25,0.004359344563877775
2022-02-26,0.004359774188346635
2022-02-27,0.004360203812815494
2022-02-28,0.004370612705297977
2022-03-01,0.004433778699240944
2022-03-02,0.004403076801602316
2022-03-03,0.004449249710796887
2022-03-04,0.004465515448552484
2022-03-05,0.004466676686035764
2022-03-06,0.004467837923519043
2022-03-07,0.004594089934809732
2022-03-08,0.004690708932446652
2022-03-09,0.004599509556570757
2022-03-10,0.004609889963987506
2022-03-11,0.004615421815727429
2022-03-12,0.004616247994194781
2022-03-13,0.004617074172662131
2022-03-14,0.00458338619164037
2022-03-15,0.004559221959354985
2022-03-16,0.00457233194679013
2022-03-17,0.004580719198887126
2022-03-18,0.00458562577865609
2022-03-19,0.004585926564923102
2022-03-20,0.004586227351190112
2022-03-21,0.004610894617737424
2022-03-22,0.004620297030616226
2022-03-23,0.004637172427137638
2022-03-24,0.004645459646873787
2022-03-25,0.004666155250104439
2022-03-26,0.004665850010961574
2022-03-27,0.0046655447718187085
2022-03-28,0.004643055586296864
2022-03-29,0.004660327224533972
2022-03-30,0.004648329115815723
2022-03-31,0.004653491282382419
2022-04-01,0.004654421161066858
2022-04-02,0.004654306000639835
2022-04-03,0.00465419084021281
2022-04-04,0.00465598488832982
2022-04-05,0.004640855964868977
2022-04-06,0.004626996361594319
2022-04-07,0.004626833001279054
2022-04-08,0.004600857992063348
2022-04-09,0.0046014889138522
2022-04-10,0.004602119835641049
2022-04-11,0.004606385711196852
2022-04-12,0.004604326006535072
2022-04-13,0.0046041598345924655
2022-04-14,0.00460243208484736
2022-04-15,0.004603449468998292
2022-04-16,0.004604466853149223
2022-04-17,0.004605484237300154
2022-04-18,0.004622032041632302
2022-04-19,0.00458724844208821
2022-04-20,0.004612468766248747
2022-04-21,0.0046091800566326726
2022-04-22,0.004696263382407925
2022-04-23,0.004697178440345402
2022-04-24,0.004698093498282881
2022-04-25,0.004629376156772988
2022-04-26,0.004651268038691929
2022-04-27,0.004674498152927622
2022-04-28,0.004623672907718766
2022-04-29,0.004670463422818327
2022-04-30,0.004671661501261306
2022-05-01,0.004672859579704287
2022-05-02,0.004653983622528012
2022-05-03,0.0046539791189546586
2022-05-04,0.004679501562541687
2022-05-05,0.004703892012937591
2022-05-06,0.004749732219035685
2022-05-07,0.004750597154261977
2022-05-08,0.004751462089488269
2022-05-09,0.0047661673877458675
2022-05-10,0.004751568738718466
2022-05-11,0.004757563860848411
2022-05-12,0.0048153508664852875
2022-05-13,0.004933199715887572
2022-05-14,0.004933684970304704
2022-05-15,0.0049341702247218365
2022-05-16,0.004901918475111147
2022-05-17,0.004848096283562879
2022-05-18,0.004903852613281667
2022-05-19,0.004958654572474217
2022-05-20,0.0049388641135914135
2022-05-21,0.004939246162652167
2022-05-22,0.004939628211712921
2022-05-23,0.004968588299832876
2022-05-24,0.0050137620322737875
2022-05-25,0.004968083053984316
2022-05-26,0.004969419578717556
2022-05-27,0.004949131328801631
2022-05-28,0.0049493889941492255
2022-05-29,0.004949646659496821
2022-05-30,0.004949904324844416
2022-05-31,0.0049515212962409055
2022-06-01,0.004937767858840818
2022-06-02,0.0049428605098939616
2022-06-03,0.00495702522549045
2022-06-04,0.0049572713574082385
2022-06-05,0.0049575174893260274
2022-06-06,0.004976480406883423
2022-06-07,0.0049696255884676445
2022-06-08,0.004911345166863146
2022-06-09,0.004886554633144616
2022-06-10,0.00492003362668752
2022-06-11,0.004920831717858421
2022-06-12,0.004921629809029321
2022-06-13,0.004925839172423582
2022-06-14,0.004858430876907379
2022-06-15,0.004835206242574871
2022-06-16,0.004870864378632219
2022-06-17,0.004820455495802449
2022-06-18,0.00482169865216373
2022-06-19,0.004822941808525013
2022-06-20,0.004824184964886293
2022-06-21,0.004715826441985949
2022-06-22,0.004835721249833104
2022-06-23,0.0047179107014402085
2022-06-24,0.004770159330374778
2022-06-25,0.004771141809618934
2022-06-26,0.004772124288863091
2022-06-27,0.004822165229120934
2022-06-28,0.00485167812906541
2022-06-29,0.004820457388063356
2022-06-30,0.004798281803078116
2022-07-01,0.004739608260829966
2022-07-02,0.00474080901635007
2022-07-03,0.004742009771870172
2022-07-04,0.004743210527390275
2022-07-05,0.0046098789085446
2022-07-06,0.004524949111823241
2022-07-07,0.0044147729069844745
2022-07-08,0.0043912408219831936
2022-07-09,0.004392984786605072
2022-07-10,0.004394728751226948
2022-07-11,0.004387308557375806
2022-07-12,0.004468865973387153
2022-07-13,0.004491035894241445
2022-07-14,0.004398036242067008
2022-07-15,0.004425784389189147
2022-07-16,0.004427584562820702
2022-07-17,0.004429384736452255
2022-07-18,0.00442539684167056
2022-07-19,0.004356280013011944
2022-07-20,0.004363202482238421
2022-07-21,0.00435150047824512
2022-07-22,0.0042940195009618124
2022-07-23,0.0042957215652255545
2022-07-24,0.004297423629489295
2022-07-25,0.004314761830418632
2022-07-26,0.004233176961080787
2022-07-27,0.004179923252297419
2022-07-28,0.004103920583542831
2022-07-29,0.004090880045143155
2022-07-30,0.004092948390220602
2022-07-31,0.004095016735298046
2022-08-01,0.004103853835181013
2022-08-02,0.004108819954883509
2022-08-03,0.004047020780834154
2022-08-04,0.0041029279511387625
2022-08-05,0.004017772640285601
2022-08-06,0.004019981036347544
2022-08-07,0.004022189432409484
2022-08-08,0.0040169789397874476
2022-08-09,0.004009079853437258
2022-08-10,0.0038779701070950335
2022-08-11,0.0039018150134539275
2022-08-12,0.00382734476842742
2022-08-13,0.0038293633895769303
2022-08-14,0.003831382010726439
2022-08-15,0.0038174932721291403
2022-08-16,0.003841884889153274
2022-08-17,0.0038561323073771003
2022-08-18,0.0038586044870413914
2022-08-19,0.003954435685469289
2022-08-20,0.00395679635250562
2022-08-21,0.0039591570195419475
2022-08-22,0.004057874292704601
2022-08-23,0.003989053987179754
2022-08-24,0.003940122706887114
2022-08-25,0.003942299914601773
2022-08-26,0.004048840895678702
2022-08-27,0.004051428456909024
2022-08-28,0.004054016018139344
2022-08-29,0.004052759738286385
2022-08-30,0.003955580678920715
2022-08-31,0.0039797587366785965
2022-09-01,0.003958843501353844
2022-09-02,0.003987145112907938
2022-09-03,0.003989925478506249
2022-09-04,0.003992705844104556
2022-09-05,0.003995486209702866
2022-09-06,0.003929161980778785
2022-09-07,0.0038773299644519104
2022-09-08,0.0037373165198446474
2022-09-09,0.003719094009811172
2022-09-10,0.0037216315053786673
2022-09-11,0.0037241690009461605
2022-09-12,0.0036842985840620764
2022-09-13,0.0037480139606203
2022-09-14,0.0036596572006846097
2022-09-15,0.003689530920663069
2022-09-16,0.0037855210288211963
2022-09-17,0.003788053203843218
2022-09-18,0.0037905853788652417
2022-09-19,0.0037611139499395436
2022-09-20,0.003759839724532782
2022-09-21,0.003856202412620811
2022-09-22,0.003929706641263139
2022-09-23,0.0041232333656085335
2022-09-24,0.0041262638049839335
2022-09-25,0.004129294244359337
2022-09-26,0.004241300700636061
2022-09-27,0.004317498031333834
2022-09-28,0.004272084508691713
2022-09-29,0.004354149121314236
2022-09-30,0.0042685426843892885
2022-10-01,0.0042716573019637785
2022-10-02,0.00427477191953827
2022-10-03,0.004268438234387578
2022-10-04,0.004149134269613704
2022-10-05,0.004150126036455226
2022-10-06,0.00419642011054901
2022-10-07,0.00429258211301778
2022-10-08,0.0042956364610936305
2022-10-09,0.004298690809169483
2022-10-10,0.004236226856761859
2022-10-11,0.004298841541542
2022-10-12,0.004333180444974687
2022-10-13,0.004252538652818689
2022-10-14,0.004314329700817857
2022-10-15,0.004317652295908816
2022-10-16,0.004320974890999776
2022-10-17,0.004093742401637059
2022-10-18,0.004084300341689179
2022-10-19,0.004169972097415904
2022-10-20,0.004244239497568036
2022-10-21,0.004060841129828494
2022-10-22,0.00406401066001506
2022-10-23,0.004067180190201627
2022-10-24,0.0038562770434936947
2022-10-25,0.0038507571872337274
2022-10-26,0.0038407924329511515
2022-10-27,0.003924575267004381
2022-10-28,0.003963127999410927
2022-10-29,0.003965701872875714
2022-10-30,0.003968275746340503
2022-10-31,0.004032793127415279
2022-11-01,0.004037611339509687
2022-11-02,0.004070986715319524
2022-11-03,0.004020208130128392
2022-11-04,0.003959226382106447
2022-11-05,0.0039616775379216805
2022-11-06,0.003964128693736917
2022-11-07,0.0039329450464604
2022-11-08,0.003872406567922862
2022-11-09,0.0039371139771405975
2022-11-10,0.003804767566437018
2022-11-11,0.0038729764574644754
2022-11-12,0.0038744168157884297
2022-11-13,0.003875857174112384
2022-11-14,0.003908492856390844
2022-11-15,0.0038348398008449074
2022-11-16,0.0038729422455585105
2022-11-17,0.003875766925044769
2022-11-18,0.0038800162496388578
2022-11-19,0.0038815973380819926
2022-11-20,0.0038831784265251274
2022-11-21,0.0038809769012222114
2022-11-22,0.0038698489733495546
2022-11-23,0.003857482192369302
2022-11-24,0.003859057927713236
2022-11-25,0.003856636416253314
2022-11-26,0.0038581776907514014
2022-11-27,0.0038597189652494887
2022-11-28,0.0038425446310741476
2022-11-29,0.003800067355505824
2022-11-30,0.00376747579419526
2022-12-01,0.0038315347200110366
2022-12-02,0.003833423946967617
2022-12-03,0.0038350625476054464
2022-12-04,0.003836701148243276
2022-12-05,0.003880732029266414
2022-12-06,0.003917802531575791
2022-12-07,0.003902166594554642
2022-12-08,0.003881451552623307
2022-12-09,0.003901436906131922
2022-12-10,0.0039030488435803155
2022-12-11,0.003904660781028708
2022-12-12,0.0038942330541627893
2022-12-13,0.00392049474129324
2022-12-14,0.0039650838352406565
2022-12-15,0.004010500656135669
2022-12-16,0.0039904525638403765
2022-12-17,0.003992068744201515
2022-12-18,0.003993684924562654
2022-12-19,0.003988341754306309
2022-12-20,0.003962807668720956
2022-12-21,0.00401698968276106
2022-12-22,0.00404835866254608
2022-12-23,0.0040829135162980664
2022-12-24,0.004084013776753091
2022-12-25,0.004085114037208114
2022-12-26,0.004086214297663139
2022-12-27,0.0040448460924993965
2022-12-28,0.004047257909564467
2022-12-29,0.004027861459601793
2022-12-30,0.004049314327578689
2022-12-31,0.004050486891092558
2023-01-01,0.004051659454606425
2023-01-02,0.0040528320181202945
2023-01-03,0.004063542247343272
2023-01-04,0.004101849727502953
2023-01-05,0.004166994331989507
2023-01-06,0.004186927574548734
2023-01-07,0.004187363154232087
2023-01-08,0.004187798733915438
2023-01-09,0.004187973172950824
2023-01-10,0.004216501522802947
2023-01-11,0.0042154393046418825
2023-01-12,0.004236155568835981
2023-01-13,0.004228327237155491
2023-01-14,0.004228496087791302
2023-01-15,0.004228664938427112
2023-01-16,0.004228833789062924
2023-01-17,0.00428990201795344
2023-01-18,0.004291405692784394
2023-01-19,0.004262451175760362
2023-01-20,0.004266901001867603
2023-01-21,0.004266862790699717
2023-01-22,0.004266824579531831
2023-01-23,0.004260824365209869
2023-01-24,0.004265713926201982
2023-01-25,0.0043180355315409836
2023-01-26,0.004342090146862749
2023-01-27,0.004342862721068667
2023-01-28,0.004342285676069355
2023-01-29,0.004341708631070046
2023-01-30,0.004315931780859532
2023-01-31,0.004308959559290808
2023-02-01,0.004360701739513005
2023-02-02,0.004332607131028086
2023-02-03,0.004337061713124591
2023-02-04,0.004336594741806031
2023-02-05,0.00433612777048747
2023-02-06,0.004312429989953892
2023-02-07,0.004338251452121666
2023-02-08,0.004327416714656588
2023-02-09,0.00433714000943885
2023-02-10,0.0043304329281813915
2023-02-11,0.004329944514007678
2023-02-12,0.0043294560998339655
2023-02-13,0.004357259194496722
2023-02-14,0.004374456041471793
2023-02-15,0.004368916740437793
2023-02-16,0.004357505995383131
2023-02-17,0.004359692154970607
2023-02-18,0.004359128623353019
2023-02-19,0.004358565091735433
2023-02-20,0.0043580015601178464
2023-02-21,0.004340823806589049
2023-02-22,0.004322728629106012
2023-02-23,0.004337864312082758
2023-02-24,0.004314171145405873
2023-02-25,0.004313665726627827
2023-02-26,0.00431316030784978
2023-02-27,0.0043414206351510805
2023-02-28,0.00434081551686318
2023-03-01,0.004321807024466449
2023-03-02,0.004297888898805966
2023-03-03,0.004348448476821531
2023-03-04,0.004347939293177729
2023-03-05,0.004347430109533927
2023-03-06,0.004349874179176063
2023-03-07,0.004296023589690109
2023-03-08,0.004275711127525384
2023-03-09,0.004264046553272139
2023-03-10,0.004202732815430266
2023-03-11,0.004202689898004061
2023-03-12,0.004202646980577857
2023-03-13,0.004095084541639105
2023-03-14,0.004138743256029569
2023-03-15,0.0040270714703123794
2023-03-16,0.004061505040084798
2023-03-17,0.0038986345720074134
2023-03-18,0.003899492686849416
2023-03-19,0.0039003508016914198
2023-03-20,0.003945080749283659
2023-03-21,0.004209008931595749
2023-03-22,0.0041381012381410094
2023-03-23,0.003958747901294963
2023-03-24,0.003937740589936608
2023-03-25,0.003938423455928598
2023-03-26,0.0039391063219205895
2023-03-27,0.003987032251093363
2023-03-28,0.003941931541132984
2023-03-29,0.004040209682409279
2023-03-30,0.004092667763013392
2023-03-31,0.004139421345248783
2023-04-01,0.004139330486904976
2023-04-02,0.0041392396285611695
2023-04-03,0.004073267403237705
2023-04-04,0.004106094487709178
2023-04-05,0.0040801702731705376
2023-04-06,0.0040741638669790125
2023-04-07,0.004074349900786217
2023-04-08,0.00407453593459342
2023-04-09,0.0040747219684006235
2023-04-10,0.004096627019075811
2023-04-11,0.004158573264137561
2023-04-12,0.004130249919914073
2023-04-13,0.004134779792925599
2023-04-14,0.004155044036881879
2023-04-15,0.004154911850374982
2023-04-16,0.004154779663868085
2023-04-17,0.0040927815625322475
2023-04-18,0.004101632509097818
2023-04-19,0.004093371565315545
2023-04-20,0.00404408088077038
2023-04-21,0.004026655964859355
2023-04-22,0.0040271267969294346
2023-04-23,0.004027597628999515
2023-04-24,0.004018189266438808
2023-04-25,0.003943596443431756
2023-04-26,0.0039752709482925065
2023-04-27,0.003974963080616399
2023-04-28,0.00395193125717498
2023-04-29,0.003952633798820087
2023-04-30,0.003953336340465195
2023-05-01,0.0039418290702206435
2023-05-02,0.003960584969618676
2023-05-03,0.0039052485539579755
2023-05-04,0.003885191299153053
2023-05-05,0.003878669804392992
2023-05-06,0.003879660401697765
2023-05-07,0.0038806509990025394
2023-05-08,0.0038628143779293068
2023-05-09,0.0038822048528139434
2023-05-10,0.0038524288869189196
2023-05-11,0.003847412029463742
2023-05-12,0.00384215751712845
2023-05-13,0.0038434092624847933
2023-05-14,0.0038446610078411367
2023-05-15,0.003847881400662047
2023-05-16,0.0038359307497971835
2023-05-17,0.0038781536952462183
2023-05-18,0.003876598434625202
2023-05-19,0.003916613246700391
2023-05-20,0.003917451642340769
2023-05-21,0.003918290037981145
2023-05-22,0.00393439312718642
2023-05-23,0.0039215627849693
2023-05-24,0.003921946381396289
2023-05-25,0.003921957822493934
2023-05-26,0.0039042598479318625
2023-05-27,0.003905195510111504
2023-05-28,0.003906131172291144
2023-05-29,0.003907066834470786
2023-05-30,0.0038874606375536493
2023-05-31,0.003835218718368669
2023-06-01,0.003876953353640565
2023-06-02,0.0039005106705201366
2023-06-03,0.00390142904667962
2023-06-04,0.0039023474228391014
2023-06-05,0.003915202790772836
2023-06-06,0.00394351991711173
2023-06-07,0.003952062595921963
2023-06-08,0.003946357189584217
2023-06-09,0.003936501160382165
2023-06-10,0.0039372932212414025
2023-06-11,0.003938085282100638
2023-06-12,0.003976071127618748
2023-06-13,0.0039343159444353475
2023-06-14,0.003968520236978117
2023-06-15,0.003971758706493863
2023-06-16,0.003971546085355996
2023-06-17,0.003972212730328646
2023-06-18,0.003972879375301296
2023-06-19,0.003973546020273945
2023-06-20,0.0039731435535564335
2023-06-21,0.003972341402093118
2023-06-22,0.003919464457566699
2023-06-23,0.003919105435997768
2023-06-24,0.003920042401037979
2023-06-25,0.003920979366078188
2023-06-26,0.003918713421485729
2023-06-27,0.003912416152769054
2023-06-28,0.0039048702678730887
2023-06-29,0.003908944218768619
2023-06-30,0.003936113439599822
2023-07-01,0.003936898182265355
2023-07-02,0.003937682924930886
2023-07-03,0.0039198378728300225
2023-07-04,0.003920620605321709
2023-07-05,0.003873386845002835
2023-07-06,0.0038613072049225477
2023-07-07,0.003919738544108109
2023-07-08,0.003920709831203122
2023-07-09,0.003921681118298133
2023-07-10,0.003922652405393146
