Date,UBS - BNS Accumulated Oriented Area
2019-01-01,0.0
2019-01-02,0.0
2019-01-03,-1.656797167530203e-08
2019-01-04,-3.86743052479023e-06
2019-01-05,-3.782037644763074e-06
2019-01-06,-3.6966447647357994e-06
2019-01-07,-3.0106826991834913e-06
2019-01-08,4.3477553519029986e-07
2019-01-09,1.4154719448633588e-05
2019-01-10,7.979822266788812e-06
2019-01-11,1.9257545531090437e-06
2019-01-12,2.293274514872639e-06
2019-01-13,2.660794476636126e-06
2019-01-14,-5.309464835803075e-06
2019-01-15,3.099083081475861e-06
2019-01-16,-1.533719130278361e-05
2019-01-17,1.584163606583302e-06
2019-01-18,-7.985482517505361e-06
2019-01-19,-7.483361386566095e-06
2019-01-20,-6.981240255626876e-06
2019-01-21,-6.4791191246876635e-06
2019-01-22,6.861210910585723e-05
2019-01-23,5.487889460027641e-05
2019-01-24,5.396627916644243e-05
2019-01-25,5.6415998360151936e-05
2019-01-26,5.700314171024834e-05
2019-01-27,5.7590285060344466e-05
2019-01-28,6.597237237584842e-05
2019-01-29,7.338840792494458e-05
2019-01-30,5.34009389136274e-05
2019-01-31,9.143311342433856e-05
2019-02-01,0.00010271292829245228
2019-02-02,0.00010340827379198771
2019-02-03,0.00010410361929152316
2019-02-04,0.00011120075554210393
2019-02-05,8.490604826873374e-05
2019-02-06,8.85184180998243e-05
2019-02-07,0.00011874912728886749
2019-02-08,0.00013167151757259763
2019-02-09,0.0001323518413929942
2019-02-10,0.00013303216521339076
2019-02-11,0.00013260218046687972
2019-02-12,0.00011578599839458703
2019-02-13,0.00010404396525016745
2019-02-14,0.00013502505986014737
2019-02-15,9.990454471331444e-05
2019-02-16,0.00010059978993354474
2019-02-17,0.00010129503515377588
2019-02-18,0.00010199028037400697
2019-02-19,0.00010747376052392982
2019-02-20,0.00017706363920785013
2019-02-21,0.0002017748297762926
2019-02-22,0.00019836594716955908
2019-02-23,0.00019921142705050092
2019-02-24,0.00020005690693144303
2019-02-25,0.0001830335718595615
2019-02-26,0.00017375933624525186
2019-02-27,0.00017058680159258132
2019-02-28,0.00016783352199907075
2019-03-01,0.00016725237014418722
2019-03-02,0.00016775958315563038
2019-03-03,0.0001682667961670736
2019-03-04,0.0001764765722476124
2019-03-05,0.00019341303211645031
2019-03-06,0.0002073201673775396
2019-03-07,0.00024330105814891891
2019-03-08,0.00024705488940125644
2019-03-09,0.000247546838118782
2019-03-10,0.00024803878683630814
2019-03-11,0.00022801918319764316
2019-03-12,0.00022106855206512058
2019-03-13,0.00020312742078707757
2019-03-14,0.00020238882741514916
2019-03-15,0.00020595769087667292
2019-03-16,0.00020652436438649735
2019-03-17,0.00020709103789632178
2019-03-18,0.00017209738303785503
2019-03-19,0.000165711613097604
2019-03-20,0.00019828507965638268
2019-03-21,0.0002156493387411116
2019-03-22,0.0002663471393789153
2019-03-23,0.000266754295929799
2019-03-24,0.0002671614524806834
2019-03-25,0.00027848375222810413
2019-03-26,0.0002759089239280292
2019-03-27,0.0002704007461257331
2019-03-28,0.0002657350781096853
2019-03-29,0.00025330854034222273
2019-03-30,0.00025371124089313947
2019-03-31,0.0002541139414440558
2019-04-01,0.00023315118497374356
2019-04-02,0.00023755684051326298
2019-04-03,0.00022787536040769473
2019-04-04,0.0002225663112379033
2019-04-05,0.00022597983667107814
2019-04-06,0.00022634490550181455
2019-04-07,0.00022670997433255129
2019-04-08,0.0002268215574839363
2019-04-09,0.0002299390341194849
2019-04-10,0.00023117013996077257
2019-04-11,0.00021656280642329265
2019-04-12,0.00020477755822237225
2019-04-13,0.00020517872453522512
2019-04-14,0.00020557989084807798
2019-04-15,0.0002004716632572903
2019-04-16,0.0001842022466287112
2019-04-17,0.00016719174811163234
2019-04-18,0.00017432343671994378
2019-04-19,0.00017478766883023618
2019-04-20,0.00017525190094052864
2019-04-21,0.000175716133050821
2019-04-22,0.00017523518788366472
2019-04-23,0.0001904279926497512
2019-04-24,0.0001843350781635418
2019-04-25,0.00017574660175401582
2019-04-26,0.00017881125345161985
2019-04-27,0.00017926032669105294
2019-04-28,0.00017970939993048598
2019-04-29,0.0001598223889083309
2019-04-30,0.00017119925495246336
2019-05-01,0.00018554846932144928
2019-05-02,0.00017553043466906305
2019-05-03,0.000181881700557624
2019-05-04,0.00018234131255070863
2019-05-05,0.00018280092454379373
2019-05-06,0.00025424768760992747
2019-05-07,0.0002951832980596543
2019-05-08,0.0002998427529704022
2019-05-09,0.00031499041532277055
2019-05-10,0.00030509130705134904
2019-05-11,0.0003055708683484831
2019-05-12,0.0003060504296456165
2019-05-13,0.00036448612658748953
2019-05-14,0.00035620670017200184
2019-05-15,0.00036015369350761797
2019-05-16,0.0003424212619776197
2019-05-17,0.00034581753586905204
2019-05-18,0.00034621022400138814
2019-05-19,0.0003466029121337243
2019-05-20,0.0003418583030456645
2019-05-21,0.0003296859124738929
2019-05-22,0.00035046784703096634
2019-05-23,0.00038646087251503487
2019-05-24,0.00037213406200840404
2019-05-25,0.0003724669708788927
2019-05-26,0.0003727998797493807
2019-05-27,0.0003731327886198687
2019-05-28,0.00040904561909606296
2019-05-29,0.00041891674484136634
2019-05-30,0.00042946294004452825
2019-05-31,0.00046208011126078885
2019-06-01,0.0004622336952744611
2019-06-02,0.0004623872792881333
2019-06-03,0.0004300859372978507
2019-06-04,0.00038513521265929403
2019-06-05,0.00039230771021993153
2019-06-06,0.00038146717330389887
2019-06-07,0.0003569980398855662
2019-06-08,0.00035739480848760794
2019-06-09,0.0003577915770896489
2019-06-10,0.00034440018252065627
2019-06-11,0.00034215739567133684
2019-06-12,0.00037413827280336365
2019-06-13,0.00037409285903665303
2019-06-14,0.00038514214173053334
2019-06-15,0.0003855216148565117
2019-06-16,0.00038590108798249034
2019-06-17,0.00038957624797172745
2019-06-18,0.00035538901499117807
2019-06-19,0.00033131653540934794
2019-06-20,0.000313090295222225
2019-06-21,0.0003248701822141008
2019-06-22,0.00032541125802364423
2019-06-23,0.00032595233383318675
2019-06-24,0.0003138556808370928
2019-06-25,0.00033040152748651066
2019-06-26,0.00031898232164448805
2019-06-27,0.00030793199875611373
2019-06-28,0.00030085464339496266
2019-06-29,0.00030140630645665855
2019-06-30,0.00030195796951835443
2019-07-01,0.0003189567476353402
2019-07-02,0.0003109664609320996
2019-07-03,0.0002891757610012203
2019-07-04,0.0002897272777323341
2019-07-05,0.00028360093318369233
2019-07-06,0.0002841168203844666
2019-07-07,0.0002846327075852401
2019-07-08,0.0003039851924347975
2019-07-09,0.0003131880819130153
2019-07-10,0.00030254137366625677
2019-07-11,0.0002944627061580035
2019-07-12,0.00030622567920464644
2019-07-13,0.00030664676109974946
2019-07-14,0.0003070678429948525
2019-07-15,0.0003205953678809679
2019-07-16,0.00032852637742268
2019-07-17,0.0003384269751781614
2019-07-18,0.000322556874973358
2019-07-19,0.00033616290042694046
2019-07-20,0.00033655941422699824
2019-07-21,0.00033695592802705717
2019-07-22,0.0003381539346811437
2019-07-23,0.00032259804071115233
2019-07-24,0.0003361936128153796
2019-07-25,0.0003504772261700092
2019-07-26,0.0003644551174394435
2019-07-27,0.0003649613183233742
2019-07-28,0.00036546751920730445
2019-07-29,0.00035719549703783476
2019-07-30,0.00037614035176338715
2019-07-31,0.0003936769149860295
2019-08-01,0.0004383480963308565
2019-08-02,0.00045019463827598605
2019-08-03,0.00045061116221380284
2019-08-04,0.00045102768615162115
2019-08-05,0.0005168654473150316
2019-08-06,0.0005257631917044598
2019-08-07,0.000509290013735705
2019-08-08,0.0004665498585969605
2019-08-09,0.0004756788114343869
2019-08-10,0.00047608445566199115
2019-08-11,0.00047649009988959533
2019-08-12,0.0005108796260578478
2019-08-13,0.000492165535933437
2019-08-14,0.0006162847929359092
2019-08-15,0.000638264502468045
2019-08-16,0.000603332314448335
2019-08-17,0.0006036290240331416
2019-08-18,0.0006039257336179502
2019-08-19,0.0005714798733560985
2019-08-20,0.0006045038911477908
2019-08-21,0.0005832720823280141
2019-08-22,0.0005608001110291
2019-08-23,0.0006071377336547272
2019-08-24,0.000607421106008997
2019-08-25,0.0006077044783632667
2019-08-26,0.0005871104355302352
2019-08-27,0.0005673508115908723
2019-08-28,0.0005117168070220704
2019-08-29,0.00043922130593563647
2019-08-30,0.00042192751356927673
2019-08-31,0.00042246792289820224
2019-09-01,0.0004230083322271299
2019-09-02,0.00042354874155605565
2019-09-03,0.0004679684717802693
2019-09-04,0.00038373264986157137
2019-09-05,0.0003367719419303658
2019-09-06,0.0002904129607370474
2019-09-07,0.0002910963460874959
2019-09-08,0.0002917797314379445
2019-09-09,0.0002352170311421932
2019-09-10,0.00018020139582179538
2019-09-11,0.00014837055280316223
2019-09-12,0.0001377200021158513
2019-09-13,9.873158340664099e-05
2019-09-14,9.953529020265259e-05
2019-09-15,0.00010033899699866554
2019-09-16,0.00013322975811138615
2019-09-17,0.00014031260962003161
2019-09-18,0.00015603047695298463
2019-09-19,0.00014486106845793117
2019-09-20,0.0001520417740425253
2019-09-21,0.0001528485095839599
2019-09-22,0.00015365524512539445
2019-09-23,0.00015706721312255982
2019-09-24,0.0001524469536145441
2019-09-25,0.00014002965684859858
2019-09-26,0.00012590547095363578
2019-09-27,9.65533392703719e-05
2019-09-28,9.751640061800258e-05
2019-09-29,9.847946196563475e-05
2019-09-30,0.00014264656797666333
2019-10-01,0.0001947718678747131
2019-10-02,0.00031311905611705143
2019-10-03,0.00033488259929369084
2019-10-04,0.0002879578168706973
2019-10-05,0.00028878631709072214
2019-10-06,0.00028961481731074696
2019-10-07,0.00029982462054930267
2019-10-08,0.0003205710325756414
2019-10-09,0.00028826287177108236
2019-10-10,0.0002495124345716492
2019-10-11,0.0001574785763457031
2019-10-12,0.00015839386917982973
2019-10-13,0.00015930916201395564
2019-10-14,0.00017366425149430156
2019-10-15,0.0001169205333766753
2019-10-16,0.00012229432654730746
2019-10-17,0.00010672306171739259
2019-10-18,8.349763592060112e-05
2019-10-19,8.446107615148719e-05
2019-10-20,8.542451638237332e-05
2019-10-21,5.76532067361765e-05
2019-10-22,7.324730663874006e-05
2019-10-23,5.1427095046601714e-05
2019-10-24,4.360363497828761e-05
2019-10-25,2.7586196213417953e-05
2019-10-26,2.8504338067810396e-05
2019-10-27,2.9422479922202785e-05
2019-10-28,1.7498569539263042e-06
2019-10-29,-2.2152553966524536e-05
2019-10-30,2.1980094138682773e-05
2019-10-31,4.3481569349016554e-05
2019-11-01,-1.5520483036720852e-06
2019-11-02,-6.36162148357687e-07
2019-11-03,2.7972400695535585e-07
2019-11-04,-7.001859770689695e-05
2019-11-05,-7.460587925909215e-05
2019-11-06,-7.44423532900968e-05
2019-11-07,-9.645405837768595e-05
2019-11-08,-7.30317869068455e-05
2019-11-09,-7.214003749740928e-05
2019-11-10,-7.124828808797307e-05
2019-11-11,-6.995394197208647e-05
2019-11-12,-5.23591058069251e-05
2019-11-13,-1.294578264963723e-05
2019-11-14,-1.382163347550964e-05
2019-11-15,-2.2991383941909906e-05
2019-11-16,-2.2120040853457836e-05
2019-11-17,-2.1248697765006145e-05
2019-11-18,-3.186780461920691e-05
2019-11-19,-1.478362341829638e-05
2019-11-20,1.3844145839009243e-05
2019-11-21,1.2318329625730776e-05
2019-11-22,1.2445968453000445e-05
2019-11-23,1.3247035207876901e-05
2019-11-24,1.4048101962752679e-05
2019-11-25,-9.421024155363897e-06
2019-11-26,2.8501362568227588e-05
2019-11-27,3.028838571521509e-05
2019-11-28,3.103695794384639e-05
2019-11-29,5.766006657024187e-05
2019-11-30,5.838607136474393e-05
2019-12-01,5.9112076159244844e-05
2019-12-02,6.917209839224573e-05
2019-12-03,0.00011842452736194573
2019-12-04,7.702294040212157e-05
2019-12-05,4.278307394934777e-05
2019-12-06,4.3891664905632374e-05
2019-12-07,4.469438730530999e-05
2019-12-08,4.549710970498766e-05
2019-12-09,4.957064160673457e-05
2019-12-10,7.564553389284809e-05
2019-12-11,6.958761878641148e-05
2019-12-12,3.0813674151962124e-05
2019-12-13,5.380324492632843e-05
2019-12-14,5.450162801770033e-05
2019-12-15,5.520001110907098e-05
2019-12-16,2.2546761038274877e-05
2019-12-17,-1.4952324341540755e-06
2019-12-18,3.107510693567097e-05
2019-12-19,4.074852487330035e-05
2019-12-20,4.391119754908822e-05
2019-12-21,4.460003679224037e-05
2019-12-22,4.528887603539263e-05
2019-12-23,5.1334037150894306e-05
2019-12-24,5.257463463964189e-05
2019-12-25,5.323716298247846e-05
2019-12-26,4.4816700881884905e-05
2019-12-27,3.252986597648526e-05
2019-12-28,3.3222496175316614e-05
2019-12-29,3.3915126374146285e-05
2019-12-30,2.2275137704955118e-05
2019-12-31,1.1005118334791151e-05
2020-01-01,1.173436806527179e-05
2020-01-02,-3.542971355839807e-05
2020-01-03,-7.5998904872704625e-06
2020-01-04,-6.864105129169673e-06
2020-01-05,-6.128319771068856e-06
2020-01-06,2.7922305516359493e-05
2020-01-07,2.8579165476971412e-05
2020-01-08,3.392995321473282e-06
2020-01-09,7.815576452259156e-06
2020-01-10,2.7261338603603457e-05
2020-01-11,2.780514784020611e-05
2020-01-12,2.834895707680955e-05
2020-01-13,1.3676301489463802e-05
2020-01-14,1.5234931366222654e-05
2020-01-15,1.4659236354581099e-05
2020-01-16,-3.074771420185263e-06
2020-01-17,7.5039019332858825e-06
2020-01-18,8.070703173399603e-06
2020-01-19,8.637504413513324e-06
2020-01-20,9.204305653627098e-06
2020-01-21,6.398701474348025e-05
2020-01-22,2.2510179216927106e-05
2020-01-23,2.098302447406481e-05
2020-01-24,4.286440268983424e-05
2020-01-25,4.350907457049624e-05
2020-01-26,4.4153746451159275e-05
2020-01-27,7.422425152815997e-05
2020-01-28,7.346088111516137e-05
2020-01-29,8.209195928493215e-05
2020-01-30,8.569465103996262e-05
2020-01-31,0.00012464847933914974
2020-02-01,0.00012518426215964108
2020-02-02,0.00012572004498013275
2020-02-03,0.00014263225257593018
2020-02-04,0.0001046530530440977
2020-02-05,7.209120930245117e-05
2020-02-06,4.3059143714643534e-05
2020-02-07,2.6864683234395606e-05
2020-02-08,2.7497188400558552e-05
2020-02-09,2.8129693566721797e-05
2020-02-10,2.0430369753769614e-05
2020-02-11,8.020318960644051e-06
2020-02-12,-2.4757944047347654e-05
2020-02-13,-4.004010816980881e-06
2020-02-14,1.780308390360232e-06
2020-02-15,2.453449121702419e-06
2020-02-16,3.126589853044606e-06
2020-02-17,3.799730584386142e-06
2020-02-18,5.391213601368814e-06
2020-02-19,2.0434310773847738e-06
2020-02-20,-5.12489982393448e-06
2020-02-21,3.212539085811639e-05
2020-02-22,3.2786829006311766e-05
2020-02-23,3.344826715450809e-05
2020-02-24,0.00015049419874157852
2020-02-25,0.00021757582018609473
2020-02-26,0.0002201667921055121
2020-02-27,0.00032378248547458306
2020-02-28,0.0004240675068900951
2020-02-29,0.0004244647355912193
2020-03-01,0.0004248619642923434
2020-03-02,0.00036859058517128623
2020-03-03,0.00045087525989360907
2020-03-04,0.00038542902196796994
2020-03-05,0.0005414358083377401
2020-03-06,0.0006665326764648499
2020-03-07,0.0006666972085389599
2020-03-08,0.0006668617406130724
2020-03-09,0.0013972330059767858
2020-03-10,0.0015161694134235857
2020-03-11,0.00157960606498995
2020-03-12,0.002201931291669941
2020-03-13,0.0012763753130917847
2020-03-14,0.0012757175426868332
2020-03-15,0.0012750597722818802
2020-03-16,0.001787706626358729
2020-03-17,0.0021536764517828973
2020-03-18,0.002740804065075505
2020-03-19,0.0030191877402761737
2020-03-20,0.0028166617243221576
2020-03-21,0.0028148211905191177
2020-03-22,0.002812980656716082
2020-03-23,0.0033766258136603256
2020-03-24,0.003051511914461749
2020-03-25,0.0024580544894163394
2020-03-26,0.002468259532020029
2020-03-27,0.0027189593853958545
2020-03-28,0.0027176382279795784
2020-03-29,0.002716317070563301
2020-03-30,0.002795797971413147
2020-03-31,0.0023231797906548505
2020-04-01,0.0026166410597838466
2020-04-02,0.0025525290998582614
2020-04-03,0.0025191263516010022
2020-04-04,0.0025178450576269656
2020-04-05,0.0025165637636529277
2020-04-06,0.002758268146250316
2020-04-07,0.0026774475169322118
2020-04-08,0.0025844148097746203
2020-04-09,0.002621801025783459
2020-04-10,0.0026207680422308437
2020-04-11,0.002619735058678226
2020-04-12,0.0026187020751256077
2020-04-13,0.0026292474259262035
2020-04-14,0.0027336334136807854
2020-04-15,0.0028465082926750354
2020-04-16,0.0029961195497214374
2020-04-17,0.0028331255728764235
2020-04-18,0.0028317883336952633
2020-04-19,0.0028304510945141035
2020-04-20,0.0028601842021686295
2020-04-21,0.0029659881259331495
2020-04-22,0.0028810639741813325
2020-04-23,0.002910626062750269
2020-04-24,0.002897939055484325
2020-04-25,0.0028964590898760026
2020-04-26,0.002894979124267675
2020-04-27,0.0028981292974507348
2020-04-28,0.0030004381713621374
2020-04-29,0.0029617976695773957
2020-04-30,0.003075298544249578
2020-05-01,0.0031380083215787804
2020-05-02,0.003136558083887439
2020-05-03,0.003135107846196098
2020-05-04,0.0031181595783852057
2020-05-05,0.002910188698763983
2020-05-06,0.0029580557811080413
2020-05-07,0.0030496420974796892
2020-05-08,0.0030189630412390278
2020-05-09,0.0030174633969911164
2020-05-10,0.003015963752743201
2020-05-11,0.0029097499706622503
2020-05-12,0.0029337186163914024
2020-05-13,0.0031937861683571673
2020-05-14,0.0030964320157884835
2020-05-15,0.0031585036897179082
2020-05-16,0.003156633832128095
2020-05-17,0.003154763974538282
2020-05-18,0.00297604559908361
2020-05-19,0.0032187226701808776
2020-05-20,0.0032636947876325297
2020-05-21,0.003274917143014931
2020-05-22,0.0032212977742174594
2020-05-23,0.0032195559758446514
2020-05-24,0.00321781417747184
2020-05-25,0.0032160723790990295
2020-05-26,0.002809341513791588
2020-05-27,0.0027226905442840742
2020-05-28,0.002766591495218386
2020-05-29,0.002969384435252674
2020-05-30,0.0029681212488683545
2020-05-31,0.0029668580624840346
2020-06-01,0.0028289599738533008
2020-06-02,0.002806777895852296
2020-06-03,0.002769868615187213
2020-06-04,0.0027663189906650463
2020-06-05,0.002646351727314654
2020-06-06,0.0026457382754522685
2020-06-07,0.0026451248235898825
2020-06-08,0.002645598768961567
2020-06-09,0.002630539172576704
2020-06-10,0.0026353624041031793
2020-06-11,0.0027545623819078616
2020-06-12,0.0026853970361970306
2020-06-13,0.0026845706186152873
2020-06-14,0.002683744201033543
2020-06-15,0.0027338033450100482
2020-06-16,0.0027133335331355796
2020-06-17,0.0027349750666832637
2020-06-18,0.002803741565945371
2020-06-19,0.0027808234435008324
2020-06-20,0.0027798595202056043
2020-06-21,0.0027788955969103735
2020-06-22,0.0028725275126518304
2020-06-23,0.0029392759220032184
2020-06-24,0.0029722714499529094
2020-06-25,0.003088425263767252
2020-06-26,0.00318657159610366
2020-06-27,0.003185220108307122
2020-06-28,0.0031838686205105816
2020-06-29,0.0031234328864868316
2020-06-30,0.0031141784822439475
2020-07-01,0.003126327557527809
2020-07-02,0.0031108375558630084
2020-07-03,0.0031097188274307043
2020-07-04,0.003108600098998399
2020-07-05,0.0031074813705660956
2020-07-06,0.0031939536006741365
2020-07-07,0.00324619192083708
2020-07-08,0.0032857675779250114
2020-07-09,0.003288628380324272
2020-07-10,0.00326360470450842
2020-07-11,0.003262356088248782
2020-07-12,0.0032611074719891423
2020-07-13,0.0031728500652747856
2020-07-14,0.0032909045674517513
2020-07-15,0.0031996227334635083
2020-07-16,0.0031787288600098685
2020-07-17,0.003218371812197844
2020-07-18,0.003217230900536628
2020-07-19,0.0032160899888754144
2020-07-20,0.0032291240044106696
2020-07-21,0.0032586340477202837
2020-07-22,0.0032661992297870375
2020-07-23,0.003227318752459427
2020-07-24,0.0032703738703729946
2020-07-25,0.003269179950373893
2020-07-26,0.0032679860303747917
2020-07-27,0.0032965833660303576
2020-07-28,0.003257202817183003
2020-07-29,0.003164243344429482
2020-07-30,0.00312406973911158
2020-07-31,0.0031413923702091583
2020-08-01,0.003140203818797497
2020-08-02,0.0031390152673858385
2020-08-03,0.0031842673880046976
2020-08-04,0.0032011409819470687
2020-08-05,0.003200478587614122
2020-08-06,0.003192354049278837
2020-08-07,0.0031532859614955954
2020-08-08,0.003152256883212534
2020-08-09,0.003151227804929472
2020-08-10,0.003093377465267204
2020-08-11,0.003065132264844496
2020-08-12,0.0030605544607350474
2020-08-13,0.0030582293619297717
2020-08-14,0.0030839739497727442
2020-08-15,0.0030830831360102616
2020-08-16,0.0030821923222477806
2020-08-17,0.0030892721334886955
2020-08-18,0.0030559285137168263
2020-08-19,0.003102203755968524
2020-08-20,0.0031003626156184145
2020-08-21,0.00314019332373846
2020-08-22,0.003139125164256646
2020-08-23,0.003138057004774833
2020-08-24,0.003156303223173758
2020-08-25,0.003144501169240058
2020-08-26,0.0031327798086018947
2020-08-27,0.0030417543071364424
2020-08-28,0.00310163849114969
2020-08-29,0.0031007247298571313
2020-08-30,0.0030998109685645737
2020-08-31,0.003062170415883874
2020-09-01,0.003141275534048529
2020-09-02,0.003175106382062996
2020-09-03,0.003184734730540485
2020-09-04,0.0031775112013405975
2020-09-05,0.003176458333690789
2020-09-06,0.003175405466040981
2020-09-07,0.0031743525983911735
2020-09-08,0.003195199758784287
2020-09-09,0.0032125238773355446
2020-09-10,0.0032088507742305855
2020-09-11,0.0032009615402669423
2020-09-12,0.0031998525615518107
2020-09-13,0.003198743582836679
2020-09-14,0.0032802265756575162
2020-09-15,0.003196830208540078
2020-09-16,0.003249367503801042
2020-09-17,0.003203511462834524
2020-09-18,0.003170950275157904
2020-09-19,0.0031697993915258318
2020-09-20,0.0031686485078937596
2020-09-21,0.0030249910520725658
2020-09-22,0.00299380196058524
2020-09-23,0.0029077924915007843
2020-09-24,0.0028590654935141202
2020-09-25,0.0027413448285985853
2020-09-26,0.0027402058015080005
2020-09-27,0.0027390667744174135
2020-09-28,0.0027606755452040262
2020-09-29,0.0028033929127749178
2020-09-30,0.0028326848088841947
2020-10-01,0.002823920639044206
2020-10-02,0.002816195970817916
2020-10-03,0.002815182090573006
2020-10-04,0.002814168210328096
2020-10-05,0.0028898204644502642
2020-10-06,0.002894403296920246
2020-10-07,0.002859769532425167
2020-10-08,0.0028302971018821714
2020-10-09,0.002800480552190986
2020-10-10,0.0027995714424618777
2020-10-11,0.0027986623327327705
2020-10-12,0.0027742173845907926
2020-10-13,0.0028175098333553155
2020-10-14,0.0028105295690337984
2020-10-15,0.002791409384379436
2020-10-16,0.0028252641454314703
2020-10-17,0.002824305314392082
2020-10-18,0.0028233464833526912
2020-10-19,0.0028925351667853367
2020-10-20,0.0030717438740781723
2020-10-21,0.003027359305461855
2020-10-22,0.003023749124257066
2020-10-23,0.00296415115838249
2020-10-24,0.00296325205491108
2020-10-25,0.00296235295143967
2020-10-26,0.003009142311490808
2020-10-27,0.0029923260620295486
2020-10-28,0.003020353464138564
2020-10-29,0.0029261920630352187
2020-10-30,0.002947169345989012
2020-10-31,0.002946046860336259
2020-11-01,0.002944924374683504
2020-11-02,0.002962185781188193
2020-11-03,0.003100009901597518
2020-11-04,0.0030450827822843304
2020-11-05,0.0031061706537293455
2020-11-06,0.003129457401554854
2020-11-07,0.00312847308734268
2020-11-08,0.003127488773130508
2020-11-09,0.003022249871915581
2020-11-10,0.0029762664595150536
2020-11-11,0.002967428329641437
2020-11-12,0.00298839253251242
2020-11-13,0.003023415009405854
2020-11-14,0.003022796834641127
2020-11-15,0.0030221786598763987
2020-11-16,0.003037647930575999
2020-11-17,0.003067749370411397
2020-11-18,0.0030078961102792457
2020-11-19,0.0030195656130022263
2020-11-20,0.003004485637737569
2020-11-21,0.0030041065279064775
2020-11-22,0.0030037274180753867
2020-11-23,0.0030017191299867197
2020-11-24,0.002986144641060312
2020-11-25,0.002973057489974576
2020-11-26,0.002972819644911489
2020-11-27,0.0029532748062967304
2020-11-28,0.0029530901430183175
2020-11-29,0.0029529054797399036
2020-11-30,0.002984900413173288
2020-12-01,0.00294094739969363
2020-12-02,0.002903073136060499
2020-12-03,0.0028828048379953707
2020-12-04,0.0028343942830135306
2020-12-05,0.002834551886890569
2020-12-06,0.0028347094907676075
2020-12-07,0.002848222727541624
2020-12-08,0.0028192860910961604
2020-12-09,0.00281354988341582
2020-12-10,0.002803763380121902
2020-12-11,0.002802092784068017
2020-12-12,0.0028024007904408894
2020-12-13,0.0028027087968137605
2020-12-14,0.0028237101357173502
2020-12-15,0.00280473612366964
2020-12-16,0.00281836846358604
2020-12-17,0.0028147032765342955
2020-12-18,0.002834536910663996
2020-12-19,0.0028347617564646985
2020-12-20,0.0028349866022654015
2020-12-21,0.0028544313834573277
2020-12-22,0.0028643074121777
2020-12-23,0.0028293371226030166
2020-12-24,0.0028190204436618605
2020-12-25,0.002819283468279646
2020-12-26,0.0028195464928974312
2020-12-27,0.0028198095175152177
2020-12-28,0.0028173710854918167
2020-12-29,0.0028126029947533886
2020-12-30,0.0027995348690579435
2020-12-31,0.002791623335920689
2021-01-01,0.002791946094753778
2021-01-02,0.0027922688535868675
2021-01-03,0.002792591612419957
2021-01-04,0.0028440894560173677
2021-01-05,0.002812704721713339
2021-01-06,0.0027870789088024193
2021-01-07,0.0027652249141908885
2021-01-08,0.002794024258447437
2021-01-09,0.0027942020137738622
2021-01-10,0.002794379769100288
2021-01-11,0.002802087949056675
2021-01-12,0.0027759534673463203
2021-01-13,0.002777407737548556
2021-01-14,0.002741481130064164
2021-01-15,0.0027537104952868935
2021-01-16,0.002754086295056332
2021-01-17,0.0027544620948257706
2021-01-18,0.002754837894595209
2021-01-19,0.0027520284649921118
2021-01-20,0.002740288796313162
2021-01-21,0.0027575382723766906
2021-01-22,0.00279213437850927
2021-01-23,0.002792453805340434
2021-01-24,0.0027927732321715985
2021-01-25,0.0027901351420558797
2021-01-26,0.002778011040065755
2021-01-27,0.0028461642736147446
2021-01-28,0.0028120765821776335
2021-01-29,0.0028516085019194464
2021-01-30,0.0028518232930018076
2021-01-31,0.0028520380840841688
2021-02-01,0.00284778652921572
2021-02-02,0.002812109347477377
2021-02-03,0.002813892929252005
2021-02-04,0.002795629952694124
2021-02-05,0.0027850294756100215
2021-02-06,0.002785385523839883
2021-02-07,0.0027857415720697453
2021-02-08,0.0027437269239329715
2021-02-09,0.00273735104347689
2021-02-10,0.0027401142103695903
2021-02-11,0.0027437546822941168
2021-02-12,0.0027320856921974547
2021-02-13,0.002732529388080431
2021-02-14,0.002732973083963407
2021-02-15,0.002733416779846384
2021-02-16,0.0027027677521317597
2021-02-17,0.002720885101611728
2021-02-18,0.002732694859422921
2021-02-19,0.002705970036514392
2021-02-20,0.0027064890944692383
2021-02-21,0.0027070081524240854
2021-02-22,0.00267968531952503
2021-02-23,0.002650312072561746
2021-02-24,0.0025579969057612376
2021-02-25,0.0026049690436589275
2021-02-26,0.0026761398970703973
2021-02-27,0.0026768363900455173
2021-02-28,0.0026775328830206373
2021-03-01,0.002611795604827574
2021-03-02,0.0025706272397127746
2021-03-03,0.0025946089906257104
2021-03-04,0.0026650138455526816
2021-03-05,0.002607444207302817
2021-03-06,0.0026084427258667104
2021-03-07,0.002609441244430605
2021-03-08,0.0025906441143375676
2021-03-09,0.0026059457228456047
2021-03-10,0.0025693387931817876
2021-03-11,0.0025986361518606804
2021-03-12,0.002586624477076884
2021-03-13,0.0025878757514493423
2021-03-14,0.002589127025821801
2021-03-15,0.002611484878357214
2021-03-16,0.002584282845159285
2021-03-17,0.002536467096151026
2021-03-18,0.0024997457243603155
2021-03-19,0.0025044875359001616
2021-03-20,0.0025056317540524432
2021-03-21,0.002506775972204725
2021-03-22,0.0025008055606161386
2021-03-23,0.0025788558953428724
2021-03-24,0.0025643559661074236
2021-03-25,0.0025182686579643936
2021-03-26,0.0025053525300365092
2021-03-27,0.002506525999451694
2021-03-28,0.002507699468866878
2021-03-29,0.002590759208572929
2021-03-30,0.002591823062991226
2021-03-31,0.002617226158965774
2021-04-01,0.002554553795312476
2021-04-02,0.0025557113922890853
2021-04-03,0.002556868989265695
2021-04-04,0.0025580265862423044
2021-04-05,0.0025414653638331616
2021-04-06,0.002515682799878414
2021-04-07,0.0025228874684184574
2021-04-08,0.002521150574038251
2021-04-09,0.002517153288875877
2021-04-10,0.002518241780211519
2021-04-11,0.0025193302715471625
2021-04-12,0.002525706968450248
2021-04-13,0.0026235002602749084
2021-04-14,0.0025967702988291055
2021-04-15,0.0025917286874112874
2021-04-16,0.0025498756697614287
2021-04-17,0.002550927821381191
2021-04-18,0.002551979973000954
2021-04-19,0.0025887392662385152
2021-04-20,0.0026633538354819382
2021-04-21,0.0026415188554869047
2021-04-22,0.0026876120920124075
2021-04-23,0.002647384572366862
2021-04-24,0.002648535585900407
2021-04-25,0.002649686599433951
2021-04-26,0.0026286247975320833
2021-04-27,0.002650839861286421
2021-04-28,0.0025782365181434203
2021-04-29,0.002560803169852732
2021-04-30,0.0026264062770101617
2021-05-01,0.002627676874583043
2021-05-02,0.0026289474721559224
2021-05-03,0.002608261455099953
2021-05-04,0.0026872516723081266
2021-05-05,0.0025993695753756345
2021-05-06,0.002512616163113995
2021-05-07,0.00247764791517711
2021-05-08,0.0024790531860410933
2021-05-09,0.002480458456905076
2021-05-10,0.002551774386885039
2021-05-11,0.0026490835672905648
2021-05-12,0.0026975912086524825
2021-05-13,0.002605943582607891
2021-05-14,0.0025407889573251384
2021-05-15,0.0025422543107654644
2021-05-16,0.002543719664205791
2021-05-17,0.0025112073798311454
2021-05-18,0.002535989234207136
2021-05-19,0.002555706734079899
2021-05-20,0.00250419955863659
2021-05-21,0.0024816534375116522
2021-05-22,0.002483062514288545
2021-05-23,0.0024844715910654386
2021-05-24,0.0024518747070200113
2021-05-25,0.0024512140529334638
2021-05-26,0.00245680836635374
2021-05-27,0.002375534477930112
2021-05-28,0.002340087396832201
2021-05-29,0.0023416302525415284
2021-05-30,0.002343173108250853
2021-05-31,0.0023447159639601806
2021-06-01,0.002325288001715565
2021-06-02,0.002322094939725256
2021-06-03,0.0023126570901159165
2021-06-04,0.0023296879248185026
2021-06-05,0.002331217553637066
2021-06-06,0.0023327471824556283
2021-06-07,0.0023353969404193774
2021-06-08,0.0023449100640633783
2021-06-09,0.0023889952602191068
2021-06-10,0.0024108561767204125
2021-06-11,0.002403937037566764
2021-06-12,0.0024054218664257
2021-06-13,0.0024069066952846366
2021-06-14,0.002405695379456277
2021-06-15,0.002380803946005404
2021-06-16,0.0024200256478086766
2021-06-17,0.0025211667145047124
2021-06-18,0.0026468051347210042
2021-06-19,0.002648060354500593
2021-06-20,0.002649315574280184
2021-06-21,0.0026041894954754335
2021-06-22,0.0026358074659914785
2021-06-23,0.0026152865989846367
2021-06-24,0.0025772556525242253
2021-06-25,0.002551768653205156
2021-06-26,0.002553216817811624
2021-06-27,0.002554664982418095
2021-06-28,0.0026100114931971903
2021-06-29,0.0026267555309317835
2021-06-30,0.002652075415612085
2021-07-01,0.0026074610691179598
2021-07-02,0.0026424829593176993
2021-07-03,0.0026438741251771447
2021-07-04,0.0026452652910365893
2021-07-05,0.002646656456896036
2021-07-06,0.0027451907050965937
2021-07-07,0.0027840856526377385
2021-07-08,0.0029060043863291312
2021-07-09,0.002793835145681485
2021-07-10,0.0027950994668519496
2021-07-11,0.0027963637880224143
2021-07-12,0.0027607552186647622
2021-07-13,0.002796026654653296
2021-07-14,0.0027870685272279347
2021-07-15,0.002815301622453309
2021-07-16,0.002871159485901465
2021-07-17,0.002872322714521024
2021-07-18,0.002873485943140586
2021-07-19,0.003032099414092452
2021-07-20,0.0028860603406276426
2021-07-21,0.0027766089148741568
2021-07-22,0.0028132424475923634
2021-07-23,0.002764742674667947
2021-07-24,0.0027657990251368616
2021-07-25,0.0027668553756057773
2021-07-26,0.0027219621555129568
2021-07-27,0.0027327169963990085
2021-07-28,0.0027211523428705715
2021-07-29,0.002647778875167669
2021-07-30,0.002674621913747227
2021-07-31,0.0026756855744831404
2021-08-01,0.0026767492352190525
2021-08-02,0.0026811120772394165
2021-08-03,0.00264962227450165
2021-08-04,0.002668660955722918
2021-08-05,0.0026321688092708984
2021-08-06,0.0026023194065792296
2021-08-07,0.0026034472143018524
2021-08-08,0.0026045750220244765
2021-08-09,0.0026092050679755383
2021-08-10,0.002578464607674418
2021-08-11,0.0025487395320449337
2021-08-12,0.0025527756994339424
2021-08-13,0.002544767853556288
2021-08-14,0.0025460126051595746
2021-08-15,0.00254725735676286
2021-08-16,0.0025611734054469086
2021-08-17,0.0026085921254324624
2021-08-18,0.0026302052584900003
2021-08-19,0.0026959860840820703
2021-08-20,0.0026844720942516883
2021-08-21,0.0026855133620264857
2021-08-22,0.002686554629801285
2021-08-23,0.002643135176530947
2021-08-24,0.0026344295160993622
2021-08-25,0.0025914685818887984
2021-08-26,0.00265757136167793
2021-08-27,0.0026341048301413783
2021-08-28,0.0026351921143849466
2021-08-29,0.0026362793986285135
2021-08-30,0.0026860353130069474
2021-08-31,0.0026985101756449434
2021-09-01,0.0026897631667692264
2021-09-02,0.002677504797068097
2021-09-03,0.0026807096016109545
2021-09-04,0.0026817507065183964
2021-09-05,0.0026827918114258366
2021-09-06,0.002683832916333278
2021-09-07,0.0027018512708859924
2021-09-08,0.0027264967505456193
2021-09-09,0.0027318824651886685
2021-09-10,0.002734196399577061
2021-09-11,0.002735165700753565
2021-09-12,0.0027361350019300705
2021-09-13,0.002701578434371192
2021-09-14,0.0027420308938243252
2021-09-15,0.0027024534785670355
2021-09-16,0.002703418813623027
2021-09-17,0.0027662910610695484
2021-09-18,0.002767248833731535
2021-09-19,0.0027682066063935214
2021-09-20,0.002944554835542505
2021-09-21,0.0029578880118765897
2021-09-22,0.002897966821294682
2021-09-23,0.0028211871666011493
2021-09-24,0.0028058053715454114
2021-09-25,0.0028068465371529267
2021-09-26,0.00280788770276044
2021-09-27,0.0027412188866352796
2021-09-28,0.002787014606699505
2021-09-29,0.002774370222374241
2021-09-30,0.002811890189106753
2021-10-01,0.0027878933682727466
2021-10-02,0.0027889679687335923
2021-10-03,0.0027900425691944355
2021-10-04,0.002813054485536777
2021-10-05,0.002773436091046036
2021-10-06,0.002789854577642876
2021-10-07,0.002735547630440421
2021-10-08,0.002670708405931602
2021-10-09,0.0026718010796728305
2021-10-10,0.0026728937534140594
2021-10-11,0.0026853731128538764
2021-10-12,0.0026717869535875937
2021-10-13,0.002661754564945034
2021-10-14,0.0025825050858992262
2021-10-15,0.002551244289163554
2021-10-16,0.0025524554445540935
2021-10-17,0.0025536665999446343
2021-10-18,0.002563910195560866
2021-10-19,0.0025352377279789767
2021-10-20,0.002489694977454814
2021-10-21,0.0025021154914903546
2021-10-22,0.0024548800122541777
2021-10-23,0.002456224887519863
2021-10-24,0.002457569762785549
2021-10-25,0.0024342762539179175
2021-10-26,0.0023944184607862192
2021-10-27,0.0023819831751954643
2021-10-28,0.002357549430688644
2021-10-29,0.0023752632596078013
2021-10-30,0.0023765280680001144
2021-10-31,0.0023777928763924266
2021-11-01,0.0023098851441118074
2021-11-02,0.002302405192573878
2021-11-03,0.002297545503116695
2021-11-04,0.002368820073027712
2021-11-05,0.002346165997115397
2021-11-06,0.0023475178720884695
2021-11-07,0.002348869747061542
2021-11-08,0.002362647784948359
2021-11-09,0.00235196392479133
2021-11-10,0.0024034636147422512
2021-11-11,0.0024017771538776544
2021-11-12,0.0024015132155515324
2021-11-13,0.0024028659328289743
2021-11-14,0.0024042186501064176
2021-11-15,0.002424157987407021
2021-11-16,0.0024310358817624025
2021-11-17,0.002395626288979836
2021-11-18,0.002441896570698001
2021-11-19,0.002532557225594114
2021-11-20,0.0025338347290771767
2021-11-21,0.0025351122325602384
2021-11-22,0.0025496102627163234
2021-11-23,0.00251306917326417
2021-11-24,0.002498034221441565
2021-11-25,0.0024993456699787682
2021-11-26,0.002637306133748416
2021-11-27,0.002638513728401521
2021-11-28,0.002639721323054624
2021-11-29,0.0026385509824746766
2021-11-30,0.0026581844670395295
2021-12-01,0.0026225025170001953
2021-12-02,0.0024929270098399937
2021-12-03,0.0025474485923601634
2021-12-04,0.0025487344811811114
2021-12-05,0.0025500203700020577
2021-12-06,0.002491076606149948
2021-12-07,0.0024186190247580124
2021-12-08,0.0024181234217396964
2021-12-09,0.002442906094884765
2021-12-10,0.0024441073402750304
2021-12-11,0.0024455895576986127
2021-12-12,0.0024470717751221946
2021-12-13,0.002486091096795888
2021-12-14,0.002489053274630563
2021-12-15,0.0025145203544797495
2021-12-16,0.002450152255914216
2021-12-17,0.0025501212863999023
2021-12-18,0.0025516395062393196
2021-12-19,0.0025531577260787383
2021-12-20,0.002603503355163834
2021-12-21,0.002542962989453248
2021-12-22,0.002490101226101531
2021-12-23,0.002426950225470662
2021-12-24,0.00242862875694061
2021-12-25,0.0024303072884105585
2021-12-26,0.0024319858198805057
2021-12-27,0.002357257674361914
2021-12-28,0.0023443351998162294
2021-12-29,0.0023613965673461405
2021-12-30,0.002386880072676934
2021-12-31,0.002401854223877147
2022-01-01,0.0024036987772259196
2022-01-02,0.002405543330574692
2022-01-03,0.0023502798397243216
2022-01-04,0.00223137378424488
2022-01-05,0.0022952238277940966
2022-01-06,0.0021429087811831522
2022-01-07,0.0020651907951310063
2022-01-08,0.0020670119055544393
2022-01-09,0.002068833015977874
2022-01-10,0.0020973755921504236
2022-01-11,0.0020688885803235835
2022-01-12,0.002019516553070254
2022-01-13,0.0020217735713362723
2022-01-14,0.0020111534612427197
2022-01-15,0.0020130551386735957
2022-01-16,0.0020149568161044735
2022-01-17,0.0020168584935353513
2022-01-18,0.0020760848151424693
2022-01-19,0.002134656023948989
2022-01-20,0.0021392552722582846
2022-01-21,0.0021778440774545423
2022-01-22,0.002179599459679021
2022-01-23,0.002181354841903499
2022-01-24,0.0023198533629541673
2022-01-25,0.0022829575544499573
2022-01-26,0.002236535060725823
2022-01-27,0.0023298152374252295
2022-01-28,0.0023347484313154094
2022-01-29,0.002336473401837914
2022-01-30,0.002338198372360419
2022-01-31,0.0022689051180820367
2022-02-01,0.0018665783556853456
2022-02-02,0.0018459641208695362
2022-02-03,0.0018817044852041938
2022-02-04,0.0018746742387955409
2022-02-05,0.001876502607970132
2022-02-06,0.0018783309771447227
2022-02-07,0.0018388038206833268
2022-02-08,0.001746722560479267
2022-02-09,0.0016853211975172903
2022-02-10,0.0016981686863474532
2022-02-11,0.0018037969163958324
2022-02-12,0.0018056006825698826
2022-02-13,0.001807404448743932
2022-02-14,0.0018318899711082886
2022-02-15,0.0018086289688051447
2022-02-16,0.0018614799436582957
2022-02-17,0.0019288811983256876
2022-02-18,0.0019351812982069836
2022-02-19,0.0019369199670711663
2022-02-20,0.0019386586359353489
2022-02-21,0.0019403973047995313
2022-02-22,0.0021011300563101936
2022-02-23,0.002163731361512934
2022-02-24,0.0024684813079935324
2022-02-25,0.002218936737004934
2022-02-26,0.0022207682635337735
2022-02-27,0.0022225997900626113
2022-02-28,0.0023957342603823277
2022-03-01,0.0026119429818875378
2022-03-02,0.0025093767636064587
2022-03-03,0.0026404043179466706
2022-03-04,0.0030057048203683346
2022-03-05,0.0030078144770782334
2022-03-06,0.0030099241337881357
2022-03-07,0.0033114419592357534
2022-03-08,0.0031231545754580306
2022-03-09,0.0028483644919014674
2022-03-10,0.002927780223789528
2022-03-11,0.002941728489012039
2022-03-12,0.0029436812296636168
2022-03-13,0.0029456339703151967
2022-03-14,0.0028401710826545367
2022-03-15,0.002820324463589114
2022-03-16,0.002537940497494882
2022-03-17,0.0024701028153684673
2022-03-18,0.0023928531159056678
2022-03-19,0.0023948323870742355
2022-03-20,0.002396811658242802
2022-03-21,0.0023625642340791876
2022-03-22,0.002239404143981764
2022-03-23,0.002336303977281157
2022-03-24,0.0022881158498423548
2022-03-25,0.0022224760859640286
2022-03-26,0.00222441659363051
2022-03-27,0.0022263571012969916
2022-03-28,0.0022658746184166445
2022-03-29,0.002150671487940726
2022-03-30,0.0022057736996646963
2022-03-31,0.002198548190243328
2022-04-01,0.002170022103017809
2022-04-02,0.002171716281977926
2022-04-03,0.002173410460938045
2022-04-04,0.0021186953756541552
2022-04-05,0.0023382586026150214
2022-04-06,0.0024358519719695484
2022-04-07,0.002449587327538724
2022-04-08,0.0024613159915410805
2022-04-09,0.002462939055151236
2022-04-10,0.0024645621187613926
2022-04-11,0.0025094546499581424
2022-04-12,0.0026493403769637593
2022-04-13,0.0026430920284477386
2022-04-14,0.002702659337952811
2022-04-15,0.0027041417679639964
2022-04-16,0.0027056241979751816
2022-04-17,0.002707106627986365
2022-04-18,0.0027221407610251522
2022-04-19,0.0026450057274559854
2022-04-20,0.0026136406864548456
2022-04-21,0.002708304467514029
2022-04-22,0.002816258562648378
2022-04-23,0.002817704588712542
2022-04-24,0.0028191506147767042
2022-04-25,0.0028154611330224915
2022-04-26,0.0029690921246148328
2022-04-27,0.0029570352146847767
2022-04-28,0.0029445438234091065
2022-04-29,0.003047300878222805
2022-04-30,0.003048428954040518
2022-05-01,0.003049557029858232
2022-05-02,0.0030381311785240687
2022-05-03,0.002928042586496359
2022-05-04,0.00281207305453937
2022-05-05,0.0029625147364383615
2022-05-06,0.002994986729880019
2022-05-07,0.0029961350924613897
2022-05-08,0.002997283455042763
2022-05-09,0.0031465776907816786
2022-05-10,0.0031145978930533034
2022-05-11,0.0031505642883182627
2022-05-12,0.0031650566734950083
2022-05-13,0.00304219192787824
2022-05-14,0.003043232903552055
2022-05-15,0.0030442738792258676
2022-05-16,0.0030427448627814314
2022-05-17,0.0029336437148709967
2022-05-18,0.0030425052815748494
2022-05-19,0.0029913610064765286
2022-05-20,0.0029859064162214063
2022-05-21,0.0029868954657252997
2022-05-22,0.002987884515229192
2022-05-23,0.0028698284421016136
2022-05-24,0.0028332456145091682
2022-05-25,0.0028270003436599144
2022-05-26,0.002755880942302099
2022-05-27,0.0027282388638153617
2022-05-28,0.0027295976451415507
2022-05-29,0.0027309564264677397
2022-05-30,0.0027323152077939274
2022-05-31,0.00273855917329254
2022-06-01,0.0027628841367612813
2022-06-02,0.0026880899500875545
2022-06-03,0.0027577608859102134
2022-06-04,0.0027591889832344636
2022-06-05,0.002760617080558715
2022-06-06,0.002744324397394547
2022-06-07,0.002743825207299849
2022-06-08,0.0029441199977801565
2022-06-09,0.0031087117746479817
2022-06-10,0.0032496283549073315
2022-06-11,0.0032508331849860467
2022-06-12,0.003252038015064765
2022-06-13,0.003438583189887376
2022-06-14,0.003489742506346213
2022-06-15,0.0034208388766658352
2022-06-16,0.0035997842864733966
2022-06-17,0.003624207785807451
2022-06-18,0.003625162552055414
2022-06-19,0.0036261173183033723
2022-06-20,0.0036270720845513354
2022-06-21,0.003519627624736222
2022-06-22,0.0036241093074560627
2022-06-23,0.0037908738212824792
2022-06-24,0.0037047182906423024
2022-06-25,0.003705357850808914
2022-06-26,0.0037059974109755252
2022-06-27,0.003643826175862956
2022-06-28,0.0036770051453346242
2022-06-29,0.003688744969408305
2022-06-30,0.003723156115856251
2022-07-01,0.003758687589326736
2022-07-02,0.0037593955925203093
2022-07-03,0.0037601035957138857
2022-07-04,0.0037608115989074585
2022-07-05,0.0038873616483187006
2022-07-06,0.0038999861971811198
2022-07-07,0.0038318124135304967
2022-07-08,0.003800649717173827
2022-07-09,0.0038013205711929492
2022-07-10,0.0038019914252120754
2022-07-11,0.003840765187624458
2022-07-12,0.0038641269894682945
2022-07-13,0.003908177592710215
2022-07-14,0.00412022721910273
2022-07-15,0.004044116193016481
2022-07-16,0.0040445037451116135
2022-07-17,0.004044891297206743
2022-07-18,0.003969530274652832
2022-07-19,0.003832686339111015
2022-07-20,0.003841403828885798
2022-07-21,0.0037971157348585327
2022-07-22,0.0038261354742102744
2022-07-23,0.0038267462164771364
2022-07-24,0.003827356958743999
2022-07-25,0.0037602264417504108
2022-07-26,0.00390047919988196
2022-07-27,0.0037823503109758066
2022-07-28,0.0037054982875906464
2022-07-29,0.003614503367999551
2022-07-30,0.0036154310660540933
2022-07-31,0.0036163587641086397
2022-08-01,0.003649051098962981
2022-08-02,0.0037037772419878526
2022-08-03,0.003644783825829873
2022-08-04,0.0036082240459996457
2022-08-05,0.003640654926463468
2022-08-06,0.0036415549885977874
2022-08-07,0.0036424550507321105
2022-08-08,0.0036000768362861603
2022-08-09,0.003656695366312117
2022-08-10,0.0034959303877087457
2022-08-11,0.003461660861964192
2022-08-12,0.0034004516409621406
2022-08-13,0.003401520999991667
2022-08-14,0.003402590359021191
2022-08-15,0.003435388356879534
2022-08-16,0.0033942181230161793
2022-08-17,0.0034453362481649294
2022-08-18,0.0034399234173938813
2022-08-19,0.0035572325003185076
2022-08-20,0.0035583176059522416
2022-08-21,0.0035594027115859713
2022-08-22,0.0036591608560448733
2022-08-23,0.003871184254287968
2022-08-24,0.0039780724789636275
2022-08-25,0.00390492585928794
2022-08-26,0.004023684570780791
2022-08-27,0.004024270671773195
2022-08-28,0.004024856772765604
2022-08-29,0.004032691034006326
2022-08-30,0.004112050514680599
2022-08-31,0.004186115649946652
2022-09-01,0.004276139810534931
2022-09-02,0.004269674413616266
2022-09-03,0.0042699303287478734
2022-09-04,0.004270186243879485
2022-09-05,0.004270442159011097
2022-09-06,0.004327564238043135
2022-09-07,0.0043049162269617
2022-09-08,0.004186552166696748
2022-09-09,0.004114688435021251
2022-09-10,0.004115097394543841
2022-09-11,0.004115506354066428
2022-09-12,0.00408372446379655
2022-09-13,0.0042187900558396125
2022-09-14,0.004230964142579445
2022-09-15,0.0042769551274495585
2022-09-16,0.004288826933606908
2022-09-17,0.004288936436897603
2022-09-18,0.004289045940188295
2022-09-19,0.004258674074924568
2022-09-20,0.004317309988231149
2022-09-21,0.004392955891848523
2022-09-22,0.00440706800384371
2022-09-23,0.004456740968839712
2022-09-24,0.004456632930990909
2022-09-25,0.004456524893142105
2022-09-26,0.0046553037810290274
2022-09-27,0.0047015730868455955
2022-09-28,0.004685498412791678
2022-09-29,0.0047545530049227505
2022-09-30,0.004817312951210834
2022-10-01,0.004816803838505683
2022-10-02,0.004816294725800538
2022-10-03,0.004794093222366257
2022-10-04,0.004741488879641843
2022-10-05,0.004773266615072382
2022-10-06,0.0048496017775202065
2022-10-07,0.004877553196758051
2022-10-08,0.004876980986558104
2022-10-09,0.004876408776358153
2022-10-10,0.004866610621664265
2022-10-11,0.004887759601607333
2022-10-12,0.004874415730196572
2022-10-13,0.004770356269215698
2022-10-14,0.004790071658768762
2022-10-15,0.004789531936286399
2022-10-16,0.004788992213804029
2022-10-17,0.004714717154062085
2022-10-18,0.004736525358921589
2022-10-19,0.004867849181224816
2022-10-20,0.004955958538423741
2022-10-21,0.004845487260892388
2022-10-22,0.004844944222121495
2022-10-23,0.004844401183350602
2022-10-24,0.004937147461802556
2022-10-25,0.005030261755214002
2022-10-26,0.004980496078999761
2022-10-27,0.0049181033633539295
2022-10-28,0.004928879265638763
2022-10-29,0.0049283928035759005
2022-10-30,0.00492790634151304
2022-10-31,0.004921600702566542
2022-11-01,0.004923921115664297
2022-11-02,0.004954607371473247
2022-11-03,0.005020087464128842
2022-11-04,0.0049528741214655385
2022-11-05,0.0049523959381044085
2022-11-06,0.004951917754743275
2022-11-07,0.0049428449622133715
2022-11-08,0.004905425937341074
2022-11-09,0.004957603423333968
2022-11-10,0.0048141057934230685
2022-11-11,0.004877407639661544
2022-11-12,0.0048771625994935425
2022-11-13,0.00487691755932554
2022-11-14,0.004875688401705274
2022-11-15,0.004834689799039195
2022-11-16,0.004868125131609018
2022-11-17,0.0048653303879821475
2022-11-18,0.004870985304919864
2022-11-19,0.0048707270343061135
2022-11-20,0.004870468763692363
2022-11-21,0.004837726654074536
2022-11-22,0.004807021117329017
2022-11-23,0.0047898409299672
2022-11-24,0.004789762580882008
2022-11-25,0.004780353834289139
2022-11-26,0.004780298532401386
2022-11-27,0.004780243230513635
2022-11-28,0.004789008252278029
2022-11-29,0.004893418492431069
2022-11-30,0.004852911983460256
2022-12-01,0.00485371156877577
2022-12-02,0.004907774433909456
2022-12-03,0.004907465561848484
2022-12-04,0.004907156689787515
2022-12-05,0.004978704272361309
2022-12-06,0.004955790774054667
2022-12-07,0.004965743589409488
2022-12-08,0.0049379576658274485
2022-12-09,0.004934469282776467
2022-12-10,0.004934060681009466
2022-12-11,0.004933652079242464
2022-12-12,0.004949222487890142
2022-12-13,0.005003258934991646
2022-12-14,0.005010517313422889
2022-12-15,0.005032002696551568
2022-12-16,0.005031898873868227
2022-12-17,0.005031178087887159
2022-12-18,0.005030457301906092
2022-12-19,0.005078002739258137
2022-12-20,0.005043912844012467
2022-12-21,0.005076605119748899
2022-12-22,0.005070168155226632
2022-12-23,0.005061027125517869
2022-12-24,0.005060409204129653
2022-12-25,0.005059791282741441
2022-12-26,0.005059173361353226
2022-12-27,0.005054887740334975
2022-12-28,0.005092364883539042
2022-12-29,0.005056310255368178
2022-12-30,0.005055085019772844
2022-12-31,0.005054483467166623
2023-01-01,0.005053881914560405
2023-01-02,0.0050532803619541865
2023-01-03,0.005161861624162712
2023-01-04,0.0051683713649541205
2023-01-05,0.005166536285049568
2023-01-06,0.005155468298006228
2023-01-07,0.005154924591046738
2023-01-08,0.005154380884087247
2023-01-09,0.005151748753944682
2023-01-10,0.005168814811903316
2023-01-11,0.0051788670345773126
2023-01-12,0.005170700041352738
2023-01-13,0.0051691005534305725
2023-01-14,0.005168715770056332
2023-01-15,0.0051683309866820916
2023-01-16,0.00516794620330785
2023-01-17,0.005183243370937089
2023-01-18,0.005201121519732149
2023-01-19,0.005184279025677046
2023-01-20,0.00518330918499567
2023-01-21,0.0051829064561073526
2023-01-22,0.0051825037272190365
2023-01-23,0.005179455485391821
2023-01-24,0.005180629047470686
2023-01-25,0.00517838145504303
2023-01-26,0.005175721577564061
2023-01-27,0.00516894305007183
2023-01-28,0.005168723133909715
2023-01-29,0.005168503217747602
2023-01-30,0.005166981121056429
2023-01-31,0.005153949838510941
2023-02-01,0.005154162029028408
2023-02-02,0.005145442088785506
2023-02-03,0.005150358727361487
2023-02-04,0.005150292237760128
2023-02-05,0.005150225748158768
2023-02-06,0.005153678085633349
2023-02-07,0.005144767226204059
2023-02-08,0.00515175197588834
2023-02-09,0.005154493355357521
2023-02-10,0.005141697574228115
2023-02-11,0.005141680712823723
2023-02-12,0.005141663851419329
2023-02-13,0.005137407250685834
2023-02-14,0.00513949532391358
2023-02-15,0.005143119194446811
2023-02-16,0.005145276889588698
2023-02-17,0.005150172859313824
2023-02-18,0.005150024930043701
2023-02-19,0.005149877000773579
2023-02-20,0.005149729071503456
2023-02-21,0.0051571341458286415
2023-02-22,0.005151222486904589
2023-02-23,0.005160159327689789
2023-02-24,0.005154183108032301
2023-02-25,0.005153861143165895
2023-02-26,0.005153539178299491
2023-02-27,0.005162839817845325
2023-02-28,0.005215859899539609
2023-03-01,0.005186758995089306
2023-03-02,0.005169945697527861
2023-03-03,0.005199060423774182
2023-03-04,0.005198586385124459
2023-03-05,0.005198112346474735
2023-03-06,0.005198114790083387
2023-03-07,0.005178831273537356
2023-03-08,0.005172488102432162
2023-03-09,0.005158364458733088
2023-03-10,0.005129698262876471
2023-03-11,0.005128813622176895
2023-03-12,0.005127928981477319
2023-03-13,0.004985492851284464
2023-03-14,0.005040739058905308
2023-03-15,0.00492940348866662
2023-03-16,0.0049646680629145705
2023-03-17,0.004826683106779597
2023-03-18,0.004825971768219332
2023-03-19,0.004825260429659067
2023-03-20,0.004886158041049208
2023-03-21,0.00512553371047534
2023-03-22,0.005058723900016401
2023-03-23,0.004923090963427365
2023-03-24,0.004913137605675374
2023-03-25,0.004912396745027199
2023-03-26,0.004911655884379029
2023-03-27,0.004920547714196922
2023-03-28,0.004886156880903138
2023-03-29,0.004916519887112484
2023-03-30,0.0049475475581838785
2023-03-31,0.00500701754866304
2023-04-01,0.005006444390498947
2023-04-02,0.005005871232334853
2023-04-03,0.0049580926187260685
2023-04-04,0.004993579114405398
2023-04-05,0.0049673187180866545
2023-04-06,0.004967704274621459
2023-04-07,0.004967119934070955
2023-04-08,0.004966535593520453
2023-04-09,0.004965951252969948
2023-04-10,0.004959463252140052
2023-04-11,0.005008956882069052
2023-04-12,0.00498882721664281
2023-04-13,0.004994849432112593
2023-04-14,0.005014921928548031
2023-04-15,0.005014426471797619
2023-04-16,0.005013931015047207
2023-04-17,0.004956496603913196
2023-04-18,0.0049445527975479995
2023-04-19,0.004940819742644705
2023-04-20,0.004917699495051953
2023-04-21,0.0049404679473126845
2023-04-22,0.004939950096351537
2023-04-23,0.004939432245390391
2023-04-24,0.004977111837179171
2023-04-25,0.004943259507571863
2023-04-26,0.004977994249799093
2023-04-27,0.004975476108842813
2023-04-28,0.004954547596824943
2023-04-29,0.004953975404049724
2023-04-30,0.004953403211274502
2023-05-01,0.004938182401912315
2023-05-02,0.004998115392502244
2023-05-03,0.00492007281681414
2023-05-04,0.004877821619212295
2023-05-05,0.004861903090677455
2023-05-06,0.004861375087417689
2023-05-07,0.004860847084157919
2023-05-08,0.004838625531752368
2023-05-09,0.004895782479229783
2023-05-10,0.004859761239696658
2023-05-11,0.004844528181291356
2023-05-12,0.004857919280300429
2023-05-13,0.00485730216927881
2023-05-14,0.00485668505825719
2023-05-15,0.004829804544991456
2023-05-16,0.00484841564962806
2023-05-17,0.004848799212773523
2023-05-18,0.004870313584677543
2023-05-19,0.004933406573228712
2023-05-20,0.0049327605515783555
2023-05-21,0.004932114529928002
2023-05-22,0.004927690505933979
2023-05-23,0.004912445687674715
2023-05-24,0.004941662912596069
2023-05-25,0.004891830101896394
2023-05-26,0.004912754359006992
2023-05-27,0.004912095900456807
2023-05-28,0.004911437441906625
2023-05-29,0.0049107789833564425
2023-05-30,0.004881108845954534
2023-05-31,0.004849607296083754
2023-06-01,0.004891795604757894
2023-06-02,0.004883175352662811
2023-06-03,0.004882591879204016
2023-06-04,0.00488200840574522
2023-06-05,0.004920808394663478
2023-06-06,0.004921208280691417
2023-06-07,0.004913626226404297
2023-06-08,0.004912564815977386
2023-06-09,0.004912320895016822
2023-06-10,0.004911705112497863
2023-06-11,0.004911089329978905
2023-06-12,0.004936462973963238
2023-06-13,0.004901117156617136
2023-06-14,0.00492951383077814
2023-06-15,0.004885909430374911
2023-06-16,0.004899354116470531
2023-06-17,0.004898804750844451
2023-06-18,0.0048982553852183735
2023-06-19,0.004897706019592293
2023-06-20,0.004909223510497753
2023-06-21,0.00492360153276341
2023-06-22,0.004930028018436912
2023-06-23,0.004949929053284841
2023-06-24,0.004949136757697445
2023-06-25,0.004948344462110052
2023-06-26,0.004878544163345105
2023-06-27,0.004890916910379361
2023-06-28,0.004900591313227216
2023-06-29,0.004877940782179649
2023-06-30,0.004870762539277994
2023-07-01,0.004870205640320119
2023-07-02,0.004869648741362242
2023-07-03,0.004906554964625604
2023-07-04,0.004905943116724206
2023-07-05,0.004894858434778463
2023-07-06,0.004926003274921857
2023-07-07,0.0049330014019558
2023-07-08,0.004932225078593581
2023-07-09,0.004931448755231361
2023-07-10,0.00493067243186914
