Date,UBS - MUFG Accumulated Oriented Area
2019-01-01,0.0
2019-01-02,0.0
2019-01-03,4.219361895868809e-08
2019-01-04,-4.442121403223235e-06
2019-01-05,-4.244913835099301e-06
2019-01-06,-4.047706266974959e-06
2019-01-07,-1.415279700242002e-05
2019-01-08,-8.418028299263642e-06
2019-01-09,-8.288269156089248e-06
2019-01-10,-6.953482693260784e-06
2019-01-11,-8.395583092320298e-06
2019-01-12,-8.140462215876635e-06
2019-01-13,-7.885341339433383e-06
2019-01-14,-1.4235038823397945e-05
2019-01-15,-8.880256774248885e-06
2019-01-16,-3.884612848298142e-05
2019-01-17,-2.9692505494197166e-05
2019-01-18,-3.210910768785122e-05
2019-01-19,-3.1923818318166266e-05
2019-01-20,-3.17385289484813e-05
2019-01-21,-3.155323957879601e-05
2019-01-22,1.878474039207547e-05
2019-01-23,1.0177744341045576e-05
2019-01-24,1.6651469975515977e-05
2019-01-25,1.6340822505499303e-05
2019-01-26,1.675028690438903e-05
2019-01-27,1.7159751303278687e-05
2019-01-28,2.027650992831552e-05
2019-01-29,2.2535700727897714e-05
2019-01-30,1.0788414093092585e-05
2019-01-31,3.875661263256193e-05
2019-02-01,3.97794145651025e-05
2019-02-02,4.0114781531292355e-05
2019-02-03,4.045014849748215e-05
2019-02-04,4.648292469757373e-05
2019-02-05,2.8832081430567287e-05
2019-02-06,3.1740330734738165e-05
2019-02-07,4.651431246034529e-05
2019-02-08,5.267142992497384e-05
2019-02-09,5.297792451745786e-05
2019-02-10,5.3284419109941834e-05
2019-02-11,5.261263074631035e-05
2019-02-12,4.300234702602778e-05
2019-02-13,3.4497151639535135e-05
2019-02-14,5.0563008060583305e-05
2019-02-15,3.1892904291672006e-05
2019-02-16,3.226177851234088e-05
2019-02-17,3.26306527330103e-05
2019-02-18,3.299952695367964e-05
2019-02-19,3.808664529699563e-05
2019-02-20,8.302402349885692e-05
2019-02-21,0.00010009325799536191
2019-02-22,0.0001025901447166655
2019-02-23,0.00010312222625824037
2019-02-24,0.00010365430779981522
2019-02-25,9.629508603821326e-05
2019-02-26,8.790187162182377e-05
2019-02-27,8.628004321029983e-05
2019-02-28,8.593094930276933e-05
2019-03-01,8.438775036493745e-05
2019-03-02,8.471431979109668e-05
2019-03-03,8.504088921725594e-05
2019-03-04,9.028269506409188e-05
2019-03-05,9.605846925182992e-05
2019-03-06,0.00010793017209680145
2019-03-07,0.00014418046584699118
2019-03-08,0.00015416748092552244
2019-03-09,0.0001545224040901198
2019-03-10,0.00015487732725471718
2019-03-11,0.00015954439888912398
2019-03-12,0.00014271472627144267
2019-03-13,0.0001372447757628848
2019-03-14,0.0001407378552306041
2019-03-15,0.00012879306642135533
2019-03-16,0.0001292139323442451
2019-03-17,0.0001296347982671351
2019-03-18,0.00012069397486303393
2019-03-19,0.00011505216849578354
2019-03-20,0.00013231170783454123
2019-03-21,0.0001370027540404562
2019-03-22,0.00016679024710826958
2019-03-23,0.00016713153814908272
2019-03-24,0.00016747282918989543
2019-03-25,0.00017788091659854522
2019-03-26,0.00016507317033741888
2019-03-27,0.00015880302099453337
2019-03-28,0.00018005910509492386
2019-03-29,0.00019769072445976376
2019-03-30,0.00019781745328907276
2019-03-31,0.00019794418211838168
2019-04-01,0.00017175025472719726
2019-04-02,0.00016645988103373676
2019-04-03,0.00016287059221807538
2019-04-04,0.00016192925023573613
2019-04-05,0.00016020596921382862
2019-04-06,0.00016047612461049106
2019-04-07,0.00016074628000715347
2019-04-08,0.00016597383810346155
2019-04-09,0.00017551159212161242
2019-04-10,0.00017707391801150083
2019-04-11,0.00019124266879197313
2019-04-12,0.00018878982305502151
2019-04-13,0.00018880315202933696
2019-04-14,0.00018881648100365237
2019-04-15,0.0001915653268809934
2019-04-16,0.00019315712937572601
2019-04-17,0.00019500086748563573
2019-04-18,0.00019602317593464985
2019-04-19,0.0001960473394769294
2019-04-20,0.0001960715030192089
2019-04-21,0.0001960956665614884
2019-04-22,0.00019125139797135693
2019-04-23,0.00018617748200770232
2019-04-24,0.00018917946354702315
2019-04-25,0.00019586803340437698
2019-04-26,0.0001959635153586249
2019-04-27,0.0001956419198748743
2019-04-28,0.00019532032439112368
2019-04-29,0.00021060822380141397
2019-04-30,0.0002063313344231652
2019-05-01,0.00019869601629130007
2019-05-02,0.00020117796441536975
2019-05-03,0.00020133432266142263
2019-05-04,0.00020107859689195108
2019-05-05,0.00020082287112247938
2019-05-06,0.0001675089257137403
2019-05-07,0.00016297731654550896
2019-05-08,0.00017594013262910244
2019-05-09,0.0001715667499075163
2019-05-10,0.00018981262079146669
2019-05-11,0.00018960038130446955
2019-05-12,0.00018938814181747201
2019-05-13,0.00019200345623063094
2019-05-14,0.00016148993341457687
2019-05-15,0.00018687526182185982
2019-05-16,0.00025215951368016157
2019-05-17,0.00024205520399278254
2019-05-18,0.00024161915126857806
2019-05-19,0.0002411830985443735
2019-05-20,0.0002478874774202673
2019-05-21,0.00022932626688424395
2019-05-22,0.00021246907262901837
2019-05-23,0.00021660701496129464
2019-05-24,0.00019658661764015558
2019-05-25,0.0001963003208435509
2019-05-26,0.0001960140240469463
2019-05-27,0.00019572772725034117
2019-05-28,0.00016574162532020334
2019-05-29,0.00016996092832046177
2019-05-30,0.00017820267419729765
2019-05-31,0.0001459312979062265
2019-06-01,0.00014570933070139937
2019-06-02,0.00014548736349657233
2019-06-03,0.00015263527281651057
2019-06-04,0.0001565358218451829
2019-06-05,0.00016370871821446702
2019-06-06,0.00016135780437919698
2019-06-07,0.00015534467679491934
2019-06-08,0.00015514466099464115
2019-06-09,0.00015494464519436355
2019-06-10,0.00015337847575360466
2019-06-11,0.00013708780276494754
2019-06-12,0.00014759185596230448
2019-06-13,0.0001507088100397408
2019-06-14,0.00015483287875030037
2019-06-15,0.00015460608624387402
2019-06-16,0.00015437929373744732
2019-06-17,0.00013074795949397436
2019-06-18,0.00013109926586064846
2019-06-19,0.00016790955924892592
2019-06-20,0.00014024936981490952
2019-06-21,0.00014396310049000124
2019-06-22,0.00014376817204448205
2019-06-23,0.00014357324359896227
2019-06-24,0.00014671110729778936
2019-06-25,0.0001271847135701819
2019-06-26,0.00011245433637836481
2019-06-27,0.00013553604767526885
2019-06-28,0.00011578258723547873
2019-06-29,0.00011567956050390643
2019-06-30,0.00011557653377233409
2019-07-01,0.00010111647408499698
2019-07-02,0.0001096368662289578
2019-07-03,0.00011679091527993686
2019-07-04,0.00011668936475573788
2019-07-05,0.0001059731089647092
2019-07-06,0.00010591766667685562
2019-07-07,0.00010586222438900198
2019-07-08,8.328969350687308e-05
2019-07-09,9.010259883057984e-05
2019-07-10,9.502379505306913e-05
2019-07-11,9.039637847522366e-05
2019-07-12,0.00011279027283131602
2019-07-13,0.0001127086596729176
2019-07-14,0.0001126270465145192
2019-07-15,9.298935171983633e-05
2019-07-16,0.00012885609812073636
2019-07-17,0.00011086452564028088
2019-07-18,0.0001213614566768466
2019-07-19,0.00010686695188256214
2019-07-20,0.00010678807749985191
2019-07-21,0.00010670920311714157
2019-07-22,0.0001033600321164532
2019-07-23,9.052779631355688e-05
2019-07-24,5.5548015379892134e-05
2019-07-25,5.9003451947923195e-05
2019-07-26,2.8843083251591833e-05
2019-07-27,2.9061058164620586e-05
2019-07-28,2.927903307765064e-05
2019-07-29,4.170934994119974e-05
2019-07-30,6.557292522875863e-05
2019-07-31,-9.081934879255231e-05
2019-08-01,-7.369377926850143e-05
2019-08-02,3.233475161657715e-05
2019-08-03,3.2613132582963015e-05
2019-08-04,3.289151354934791e-05
2019-08-05,7.122745461129319e-05
2019-08-06,1.3368603170086995e-05
2019-08-07,-3.0842122481363973e-07
2019-08-08,-2.9794380318313978e-05
2019-08-09,8.707179993573123e-06
2019-08-10,9.056607594401911e-06
2019-08-11,9.406035195230652e-06
2019-08-12,2.427127809120554e-05
2019-08-13,2.5260562561368703e-06
2019-08-14,7.845990769378408e-05
2019-08-15,2.892519566415847e-05
2019-08-16,-2.2915059817841307e-05
2019-08-17,-2.2465804507127877e-05
2019-08-18,-2.20165491964145e-05
2019-08-19,-2.008060334711947e-05
2019-08-20,-8.537370352933315e-06
2019-08-21,8.1743497703153e-05
2019-08-22,8.999569151703421e-05
2019-08-23,0.00014859531972753984
2019-08-24,0.00014878562924939824
2019-08-25,0.00014897593877125683
2019-08-26,5.954213410865404e-05
2019-08-27,7.289967090350217e-05
2019-08-28,5.6304009543019364e-05
2019-08-29,2.720081881657529e-06
2019-08-30,-3.66631638367805e-05
2019-08-31,-3.620985137577279e-05
2019-09-01,-3.575653891476461e-05
2019-09-02,-3.5303226453756426e-05
2019-09-03,-4.155367879338486e-05
2019-09-04,-6.917457634282988e-05
2019-09-05,-8.212059936763214e-05
2019-09-06,-7.350267790719368e-05
2019-09-07,-7.30426961736222e-05
2019-09-08,-7.258271444004969e-05
2019-09-09,-9.924659681461359e-05
2019-09-10,-0.00020141171956525512
2019-09-11,-0.0003236628261975501
2019-09-12,-0.00028187397410013094
2019-09-13,-0.00032238336630133034
2019-09-14,-0.0003216202411728498
2019-09-15,-0.00032085711604436994
2019-09-16,-0.00028602792458355545
2019-09-17,-0.0002780721629330251
2019-09-18,-0.00027005768286421687
2019-09-19,-0.00027623847367053166
2019-09-20,-0.0002825581903412439
2019-09-21,-0.00028177161707169685
2019-09-22,-0.0002809850438021498
2019-09-23,-0.00028008053331795283
2019-09-24,-0.0002486476268849503
2019-09-25,-0.00028799124180678567
2019-09-26,-0.00026295710914075456
2019-09-27,-0.0001626313816911748
2019-09-28,-0.0001620069563512811
2019-09-29,-0.0001613825310113873
2019-09-30,-0.00014520767960035378
2019-10-01,-0.00012969321608665663
2019-10-02,-0.000139307390243838
2019-10-03,-0.00013602279999921636
2019-10-04,-0.00011656579726783155
2019-10-05,-0.00011586460999117237
2019-10-06,-0.00011516342271451318
2019-10-07,-8.766942926653033e-05
2019-10-08,-4.2570100960149265e-05
2019-10-09,-5.4130953921169274e-05
2019-10-10,-5.313566998375223e-05
2019-10-11,-9.129567559856418e-05
2019-10-12,-9.069902088724802e-05
2019-10-13,-9.010236617593048e-05
2019-10-14,-6.608448869435552e-05
2019-10-15,-0.0001026104808157408
2019-10-16,-0.00010741791914348241
2019-10-17,-0.00010138320906933655
2019-10-18,-7.760403511451291e-05
2019-10-19,-7.708089715883481e-05
2019-10-20,-7.655775920315577e-05
2019-10-21,-0.00013601000334648958
2019-10-22,-0.000137200942207887
2019-10-23,-0.000168636169003175
2019-10-24,-0.0001809178572502851
2019-10-25,-0.00017848092464892054
2019-10-26,-0.0001778629366545871
2019-10-27,-0.00017724494866025448
2019-10-28,-0.00017925439874039552
2019-10-29,-0.0002194544768301106
2019-10-30,-0.00020118120676214453
2019-10-31,-0.00015486462801781877
2019-11-01,-0.00022340239227633429
2019-11-02,-0.00022271663852485273
2019-11-03,-0.00022203088477337112
2019-11-04,-0.00023464824640718188
2019-11-05,-0.00023437739449639334
2019-11-06,-0.00024868085087613456
2019-11-07,-0.00026532190572858794
2019-11-08,-0.00027101561511449015
2019-11-09,-0.00027033343635387734
2019-11-10,-0.0002696512575932644
2019-11-11,-0.0002783690055064166
2019-11-12,-0.0002752004959855292
2019-11-13,-0.0002579298101870531
2019-11-14,-0.00020578300251417324
2019-11-15,-0.0002567689284486675
2019-11-16,-0.00025602201226536966
2019-11-17,-0.0002552750960820717
2019-11-18,-0.00022669527157379458
2019-11-19,-0.00021952755367681833
2019-11-20,-0.0001768460247868787
2019-11-21,-0.0001883809715016133
2019-11-22,-0.00018678162532873607
2019-11-23,-0.00018619607127592962
2019-11-24,-0.0001856105172231224
2019-11-25,-0.00022382979347484647
2019-11-26,-0.00020527829108702542
2019-11-27,-0.00021639054904117576
2019-11-28,-0.00021573137593308407
2019-11-29,-0.00019719814447076737
2019-11-30,-0.00019654625779267902
2019-12-01,-0.00019589437111458994
2019-12-02,-0.0001953021786826626
2019-12-03,-0.00020109792367817333
2019-12-04,-0.00024148995445519837
2019-12-05,-0.000261107339786738
2019-12-06,-0.0002742162456760869
2019-12-07,-0.00027335346044576376
2019-12-08,-0.00027249067521544135
2019-12-09,-0.00028392809309494513
2019-12-10,-0.0002735756147471489
2019-12-11,-0.0002517096550722788
2019-12-12,-0.00026410582484299094
2019-12-13,-0.00029633030676282996
2019-12-14,-0.00029548995416603385
2019-12-15,-0.0002946496015692377
2019-12-16,-0.0003012672178536325
2019-12-17,-0.0003255826363230976
2019-12-18,-0.0003185828141663234
2019-12-19,-0.0003130577767297461
2019-12-20,-0.00029371305645256465
2019-12-21,-0.00029291148275763663
2019-12-22,-0.0002921099090627085
2019-12-23,-0.0002765303671963708
2019-12-24,-0.00026474264612695803
2019-12-25,-0.0002640211183880571
2019-12-26,-0.0002809838352243082
2019-12-27,-0.0002703562104915803
2019-12-28,-0.0002696461317067088
2019-12-29,-0.0002689360529218375
2019-12-30,-0.0002702287722925987
2019-12-31,-0.00026954411305624317
2020-01-01,-0.00026885945381988703
2020-01-02,-0.0002863471258667559
2020-01-03,-0.0002673092797590438
2020-01-04,-0.0002666797183158164
2020-01-05,-0.0002660501568725885
2020-01-06,-0.0002648291353107556
2020-01-07,-0.0002447491510262406
2020-01-08,-0.00024088244994982362
2020-01-09,-0.0002330158294959356
2020-01-10,-0.0001998315708900312
2020-01-11,-0.0001995301147729164
2020-01-12,-0.00019922865865580104
2020-01-13,-0.00022092178888863902
2020-01-14,-0.00020420499872309084
2020-01-15,-0.00020162148999632672
2020-01-16,-0.00020593226336509528
2020-01-17,-0.00022525530327945038
2020-01-18,-0.0002248867043419294
2020-01-19,-0.0002245181054044089
2020-01-20,-0.00022414950646688773
2020-01-21,-0.00021102957165528892
2020-01-22,-0.00020812869420028333
2020-01-23,-0.00019377480314507604
2020-01-24,-0.00016404311386399815
2020-01-25,-0.00016372718104985053
2020-01-26,-0.0001634112482357029
2020-01-27,-0.0001568616687162214
2020-01-28,-0.00018742223054062147
2020-01-29,-0.00017144734978740802
2020-01-30,-0.00019184566813578948
2020-01-31,-0.0001482287919509139
2020-02-01,-0.00014789790091090276
2020-02-02,-0.00014756700987089206
2020-02-03,-0.00016946574133999448
2020-02-04,-0.00015430934840344316
2020-02-05,-0.00017750411142414957
2020-02-06,-0.0001984288142968498
2020-02-07,-0.0001809281006624369
2020-02-08,-0.00018061742471695198
2020-02-09,-0.00018030674877146685
2020-02-10,-0.00017095878944484844
2020-02-11,-0.0001749831952769704
2020-02-12,-0.0001414596296605401
2020-02-13,-0.00014429955785878062
2020-02-14,-0.00013713350867083213
2020-02-15,-0.0001370222566856471
2020-02-16,-0.00013691100470046151
2020-02-17,-0.00013679975271527558
2020-02-18,-0.00011288528833665841
2020-02-19,-9.409655875702967e-05
2020-02-20,-0.00010052372483887143
2020-02-21,-9.955455081746715e-05
2020-02-22,-9.956903157717005e-05
2020-02-23,-9.95835123368724e-05
2020-02-24,-9.690770156600768e-05
2020-02-25,-0.00017540181252068306
2020-02-26,-0.00022646763293713632
2020-02-27,-0.0002204631415237973
2020-02-28,-0.0002952445018303166
2020-02-29,-0.00029485965078663716
2020-03-01,-0.00029447479974295906
2020-03-02,-0.00022229591647834562
2020-03-03,-0.000224473624360777
2020-03-04,-0.00011361190675485955
2020-03-05,-0.00011246731254324098
2020-03-06,1.501962446247816e-05
2020-03-07,1.5033179118450612e-05
2020-03-08,1.5046733774423335e-05
2020-03-09,0.0003412092474886564
2020-03-10,0.0005788672027035725
2020-03-11,0.0003443322190123276
2020-03-12,0.0006883182911207539
2020-03-13,0.0010142334648289629
2020-03-14,0.001013403605100359
2020-03-15,0.0010125737453717527
2020-03-16,0.0005192820395226703
2020-03-17,0.0005664854498158675
2020-03-18,0.001132041041948571
2020-03-19,0.0016065455443862765
2020-03-20,0.0012067884193833448
2020-03-21,0.0012056754988775235
2020-03-22,0.001204562578371707
2020-03-23,0.0007438506843770651
2020-03-24,0.00045098739114046574
2020-03-25,0.0005273058961631845
2020-03-26,0.0006092887878979808
2020-03-27,0.0004327592867739704
2020-03-28,0.0004323167001283268
2020-03-29,0.00043187411348268446
2020-03-30,0.0007853375956667361
2020-03-31,0.0011909525569906074
2020-04-01,0.0010392897721940401
2020-04-02,0.0011279683159726968
2020-04-03,0.0012915597869952568
2020-04-04,0.0012902609035136499
2020-04-05,0.0012889620200320436
2020-04-06,0.001306130975190777
2020-04-07,0.0011175456889416658
2020-04-08,0.0013496129248362122
2020-04-09,0.0015814297827584135
2020-04-10,0.0015801911117805836
2020-04-11,0.0015789524408027543
2020-04-12,0.0015777137698249227
2020-04-13,0.001120390355894661
2020-04-14,0.0010959429565539512
2020-04-15,0.0010832413976342849
2020-04-16,0.0011179401601389893
2020-04-17,0.0012209273574083942
2020-04-18,0.0012199357861980259
2020-04-19,0.0012189442149876594
2020-04-20,0.001193936856104103
2020-04-21,0.0009755351326459209
2020-04-22,0.0009338739664721686
2020-04-23,0.000808848786595189
2020-04-24,0.0009142831097511759
2020-04-25,0.000913487988190685
2020-04-26,0.0009126928666301926
2020-04-27,0.0008673662760595259
2020-04-28,0.0011200547706822256
2020-04-29,0.001343480673737228
2020-04-30,0.0013945869595057715
2020-05-01,0.0013656076735356487
2020-05-02,0.0013644773199393842
2020-05-03,0.0013633469663431213
2020-05-04,0.0013274652791718815
2020-05-05,0.0009109136579421035
2020-05-06,0.0008902056454439919
2020-05-07,0.001001648684743783
2020-05-08,0.0008701428757431326
2020-05-09,0.0008693414232664314
2020-05-10,0.0008685399707897315
2020-05-11,0.0008444481940593927
2020-05-12,0.0008691234832175231
2020-05-13,0.0007595555469082946
2020-05-14,0.0007976096590639448
2020-05-15,0.0007204341171874114
2020-05-16,0.0007196229422356838
2020-05-17,0.0007188117672839585
2020-05-18,0.0010091024490806984
2020-05-19,0.0008846842633788106
2020-05-20,0.0009399715712637164
2020-05-21,0.000977130242523857
2020-05-22,0.000992773721724974
2020-05-23,0.0009918285584931523
2020-05-24,0.0009908833952613277
2020-05-25,0.0009899382320295057
2020-05-26,0.0009829829065062996
2020-05-27,0.0009608217873902022
2020-05-28,0.0007878237549761059
2020-05-29,0.0009286031180534208
2020-05-30,0.0009279083067487231
2020-05-31,0.0009272134954440236
2020-06-01,0.0010920368483713586
2020-06-02,0.0011759746298716726
2020-06-03,0.0012878390584665897
2020-06-04,0.001370041518432865
2020-06-05,0.0011727184536547892
2020-06-06,0.001171987676091339
2020-06-07,0.0011712568985278906
2020-06-08,0.001064409863457093
2020-06-09,0.0011412879155188321
2020-06-10,0.0011541591892601575
2020-06-11,0.001232114774386173
2020-06-12,0.001165396680736639
2020-06-13,0.0011644868686873898
2020-06-14,0.00116357705663814
2020-06-15,0.0012789175515345373
2020-06-16,0.0011369615559998015
2020-06-17,0.0012099169468432164
2020-06-18,0.0011876738488675559
2020-06-19,0.0012122242298559468
2020-06-20,0.0012112421385288574
2020-06-21,0.0012102600472017697
2020-06-22,0.0013089944876214761
2020-06-23,0.001367573321913691
2020-06-24,0.001377535890045048
2020-06-25,0.00162916400581611
2020-06-26,0.0016016008739920965
2020-06-27,0.0016002624730572517
2020-06-28,0.001598924072122407
2020-06-29,0.0016439698751157905
2020-06-30,0.0017801545684654218
2020-07-01,0.0017923499596998748
2020-07-02,0.0018588483863585293
2020-07-03,0.0018573405999440537
2020-07-04,0.0018558328135295755
2020-07-05,0.0018543250271150957
2020-07-06,0.0018988611492763764
2020-07-07,0.0018974873569763042
2020-07-08,0.0020458880689210026
2020-07-09,0.0019663602119617376
2020-07-10,0.0020349744464776554
2020-07-11,0.0020333328074736783
2020-07-12,0.0020316911684696965
2020-07-13,0.0019276713464068782
2020-07-14,0.002088447936824349
2020-07-15,0.001988003635932405
2020-07-16,0.0019486021718459646
2020-07-17,0.00203613263810961
2020-07-18,0.0020345421903116587
2020-07-19,0.0020329517425137084
2020-07-20,0.0020295113233772875
2020-07-21,0.002228985540224713
2020-07-22,0.0022917477022252435
2020-07-23,0.002186484137842063
2020-07-24,0.0022163953210763455
2020-07-25,0.002214555440415685
2020-07-26,0.0022127155597550232
2020-07-27,0.0021978416985520303
2020-07-28,0.0020961404021609146
2020-07-29,0.0019445302161019392
2020-07-30,0.0019854925796423603
2020-07-31,0.0020821167958275906
2020-08-01,0.0020802383392147556
2020-08-02,0.0020783598826019205
2020-08-03,0.0020895483770125393
2020-08-04,0.002057584617379051
2020-08-05,0.0021505409125993605
2020-08-06,0.0021786335920562687
2020-08-07,0.0020851614632600357
2020-08-08,0.0020835315971615464
2020-08-09,0.0020819017310630575
2020-08-10,0.0020916710724014583
2020-08-11,0.002013594168622356
2020-08-12,0.0020056922704436908
2020-08-13,0.001986202589129487
2020-08-14,0.001980992601080218
2020-08-15,0.0019795842918290856
2020-08-16,0.00197817598257795
2020-08-17,0.001980903009666701
2020-08-18,0.0019154955220477433
2020-08-19,0.001919242953109749
2020-08-20,0.001830167469480475
2020-08-21,0.0019088176488829146
2020-08-22,0.0019073751189523356
2020-08-23,0.0019059325890217597
2020-08-24,0.0019519185901956306
2020-08-25,0.0018444811881655138
2020-08-26,0.001902307781031662
2020-08-27,0.0019415381946217732
2020-08-28,0.0018413720431554583
2020-08-29,0.0018401575453509476
2020-08-30,0.001838943047546437
2020-08-31,0.0017646196202234284
2020-09-01,0.001769667643941712
2020-09-02,0.0018671338111721852
2020-09-03,0.0018794858157982531
2020-09-04,0.0017709370762953158
2020-09-05,0.0017697816342309254
2020-09-06,0.0017686261921665352
2020-09-07,0.001767470750102145
2020-09-08,0.0017402782167659852
2020-09-09,0.001912921637499388
2020-09-10,0.0018572393734238807
2020-09-11,0.0018375082283766983
2020-09-12,0.0018362375216021227
2020-09-13,0.001834966814827547
2020-09-14,0.0018631727545248696
2020-09-15,0.0017701417242957172
2020-09-16,0.001796340766396147
2020-09-17,0.0017586376944211481
2020-09-18,0.001634000424918535
2020-09-19,0.0016329483291576009
2020-09-20,0.0016318962333966682
2020-09-21,0.0014913166834610836
2020-09-22,0.0013970154978988547
2020-09-23,0.0011503562708632075
2020-09-24,0.0010597626875270328
2020-09-25,0.0008525780269816347
2020-09-26,0.0008519912912935333
2020-09-27,0.0008514045556054277
2020-09-28,0.0009560534515564839
2020-09-29,0.0012397401893347148
2020-09-30,0.001499837193387101
2020-10-01,0.0015046476174761922
2020-10-02,0.0015384274360506567
2020-10-03,0.0015372772678835691
2020-10-04,0.0015361270997164794
2020-10-05,0.001563977681228001
2020-10-06,0.0016158989227906039
2020-10-07,0.0016281836182845443
2020-10-08,0.0016426542907848835
2020-10-09,0.0016441860649936573
2020-10-10,0.0016429969585504195
2020-10-11,0.001641807852107182
2020-10-12,0.0016849198332820124
2020-10-13,0.001683925857049349
2020-10-14,0.001657346009545597
2020-10-15,0.0016486690200031343
2020-10-16,0.0017023227436330978
2020-10-17,0.001701037429279793
2020-10-18,0.001699752114926489
2020-10-19,0.001804817859317819
2020-10-20,0.0021501552239035133
2020-10-21,0.0020002814602268467
2020-10-22,0.002115012299601689
2020-10-23,0.0020749986474640865
2020-10-24,0.0020735549487934904
2020-10-25,0.0020721112501228952
2020-10-26,0.0021487539231281605
2020-10-27,0.00204823038363771
2020-10-28,0.0018991932382676979
2020-10-29,0.0017611643661078718
2020-10-30,0.0018209190755867518
2020-10-31,0.0018194366527934846
2020-11-01,0.0018179542300002186
2020-11-02,0.001788088532197597
2020-11-03,0.00201685210520403
2020-11-04,0.002117839495756584
2020-11-05,0.0022359415685104366
2020-11-06,0.002246552880703811
2020-11-07,0.002244990012022832
2020-11-08,0.0022434271433418554
2020-11-09,0.0022437114645423462
2020-11-10,0.0023007344623453344
2020-11-11,0.002255320397387394
2020-11-12,0.0022771994986743272
2020-11-13,0.0022960010716495034
2020-11-14,0.0022946366012047245
2020-11-15,0.002293272130759945
2020-11-16,0.0023628653632096447
2020-11-17,0.0023820008586990043
2020-11-18,0.0023523212969771765
2020-11-19,0.0024566651470905167
2020-11-20,0.0024055528854992994
2020-11-21,0.0024043210381580462
2020-11-22,0.002403089190816793
2020-11-23,0.0024222035704982866
2020-11-24,0.0024586347705729174
2020-11-25,0.0024510836733504936
2020-11-26,0.002449813812594439
2020-11-27,0.0024586435482914035
2020-11-28,0.002457291027381047
2020-11-29,0.00245593850647069
2020-11-30,0.002433042497798796
2020-12-01,0.0025090244144983093
2020-12-02,0.002510137362472513
2020-12-03,0.002517546012424062
2020-12-04,0.002476315197276626
2020-12-05,0.002474820213507206
2020-12-06,0.0024733252297377854
2020-12-07,0.002519514704691434
2020-12-08,0.002521259636070622
2020-12-09,0.002542473348218176
2020-12-10,0.0024222934044189
2020-12-11,0.002325377027526674
2020-12-12,0.0023238579159900056
2020-12-13,0.002322338804453338
2020-12-14,0.0022970327189653613
2020-12-15,0.002444272592507471
2020-12-16,0.002407508831743615
2020-12-17,0.0023452611001988327
2020-12-18,0.002331868176646573
2020-12-19,0.0023303739336237093
2020-12-20,0.002328879690600847
2020-12-21,0.002186734370872555
2020-12-22,0.002181512777378012
2020-12-23,0.002319042131065511
2020-12-24,0.0023210644858268873
2020-12-25,0.002319585097518816
2020-12-26,0.002318105709210744
2020-12-27,0.0023166263209026716
2020-12-28,0.002250307652966701
2020-12-29,0.0022673684732622988
2020-12-30,0.00224778262245842
2020-12-31,0.002264326025848835
2021-01-01,0.002262987061203617
2021-01-02,0.0022616480965583995
2021-01-03,0.0022603091319131816
2021-01-04,0.002354224741452812
2021-01-05,0.002449728017364426
2021-01-06,0.0024892296719127255
2021-01-07,0.00259728816134637
2021-01-08,0.0025094435708031613
2021-01-09,0.0025082764293500627
2021-01-10,0.0025071092878969645
2021-01-11,0.0024788890673144923
2021-01-12,0.0024898371599130793
2021-01-13,0.002426143015146629
2021-01-14,0.002416782570223058
2021-01-15,0.0024286423390631655
2021-01-16,0.002427661940078933
2021-01-17,0.0024266815410947007
2021-01-18,0.0024257011421104685
2021-01-19,0.002383131449642709
2021-01-20,0.0023996183821165975
2021-01-21,0.0024134461283160558
2021-01-22,0.0024297673924485925
2021-01-23,0.00242862689596766
2021-01-24,0.0024274863994867267
2021-01-25,0.002332326939759055
2021-01-26,0.0024297444175186244
2021-01-27,0.002385628042157405
2021-01-28,0.002510730771498968
2021-01-29,0.002337302334380227
2021-01-30,0.0023361124889325724
2021-01-31,0.0023349226434849196
2021-02-01,0.0023724741848523178
2021-02-02,0.002406598189960321
2021-02-03,0.002359644776154325
2021-02-04,0.0023376539478476765
2021-02-05,0.0023224237188521173
2021-02-06,0.002321575634504208
2021-02-07,0.002320727550156298
2021-02-08,0.0023419216046192365
2021-02-09,0.0023451913471474834
2021-02-10,0.0023496551518051158
2021-02-11,0.0023287020084810706
2021-02-12,0.0022976308922409293
2021-02-13,0.002297073873766137
2021-02-14,0.0022965168552913444
2021-02-15,0.0022959598368165516
2021-02-16,0.0022803286290743923
2021-02-17,0.0022451930966537813
2021-02-18,0.002270016851304876
2021-02-19,0.002269740211597594
2021-02-20,0.0022694022376137176
2021-02-21,0.002269064263629841
2021-02-22,0.0022341084153092152
2021-02-23,0.0022305498997698477
2021-02-24,0.0022689617365371623
2021-02-25,0.0022670724875644534
2021-02-26,0.002273552144529383
2021-02-27,0.0022731414914615904
2021-02-28,0.0022727308383937977
2021-03-01,0.00228819229635298
2021-03-02,0.002304345368757823
2021-03-03,0.0022721600416555935
2021-03-04,0.0022457054385204597
2021-03-05,0.0022686739836613396
2021-03-06,0.002268336748454997
2021-03-07,0.0022679995132486534
2021-03-08,0.0022255077220924404
2021-03-09,0.002221086102050879
2021-03-10,0.002195705127823049
2021-03-11,0.002193581263548838
2021-03-12,0.0021796751779590245
2021-03-13,0.0021796947955503216
2021-03-14,0.0021797144131416183
2021-03-15,0.002127049622582623
2021-03-16,0.002151027551586813
2021-03-17,0.0021558471472209618
2021-03-18,0.0020732275988639606
2021-03-19,0.0020588858097885495
2021-03-20,0.002059382959896103
2021-03-21,0.0020598801100036564
2021-03-22,0.002065528964018909
2021-03-23,0.0021324667667796844
2021-03-24,0.0021607159181544822
2021-03-25,0.002132080089265214
2021-03-26,0.0021244517972691087
2021-03-27,0.0021247001452359715
2021-03-28,0.0021249484932028342
2021-03-29,0.0021627681449735044
2021-03-30,0.0022038738066434945
2021-03-31,0.0022630633389350706
2021-04-01,0.0022615759741585126
2021-04-02,0.0022613962457953725
2021-04-03,0.0022612165174322324
2021-04-04,0.0022610367890690927
2021-04-05,0.0022520114529286663
2021-04-06,0.002293712414514737
2021-04-07,0.0022900425289134525
2021-04-08,0.0023148782962451597
2021-04-09,0.002302475112270939
2021-04-10,0.0023021095993036047
2021-04-11,0.0023017440863362694
2021-04-12,0.002311499150840687
2021-04-13,0.0022550047155260114
2021-04-14,0.0022414993209013178
2021-04-15,0.0022377717957244784
2021-04-16,0.002254724800122564
2021-04-17,0.002254466210555474
2021-04-18,0.0022542076209883847
2021-04-19,0.00224991746723487
2021-04-20,0.002244957259992386
2021-04-21,0.0022094229605039077
2021-04-22,0.0022133744699167515
2021-04-23,0.002175777338580538
2021-04-24,0.0021756317685030797
2021-04-25,0.002175486198425622
2021-04-26,0.0022002466234235397
2021-04-27,0.002171047279242771
2021-04-28,0.0021941642457685654
2021-04-29,0.0021639208700396507
2021-04-30,0.002187243618312868
2021-05-01,0.0021870657419659047
2021-05-02,0.0021868878656189404
2021-05-03,0.0021751284471266375
2021-05-04,0.002148911794092081
2021-05-05,0.0021692500958354604
2021-05-06,0.002115616090364301
2021-05-07,0.0021250663794663144
2021-05-08,0.002125079336488746
2021-05-09,0.0021250922935111775
2021-05-10,0.0020960098255620122
2021-05-11,0.0021068579384870235
2021-05-12,0.002132297380125569
2021-05-13,0.0021001034894680345
2021-05-14,0.0020717428251716967
2021-05-15,0.0020719299869535386
2021-05-16,0.0020721171487353804
2021-05-17,0.002050343020758058
2021-05-18,0.0020229378151018183
2021-05-19,0.0019926698901312034
2021-05-20,0.002000794660508354
2021-05-21,0.002034349826338573
2021-05-22,0.0020345744723584483
2021-05-23,0.002034799118378324
2021-05-24,0.0020020019522687567
2021-05-25,0.0020162370923517375
2021-05-26,0.0020186407761493465
2021-05-27,0.0020442003292885486
2021-05-28,0.002043137472193093
2021-05-29,0.0020432650507934864
2021-05-30,0.00204339262939388
2021-05-31,0.0020435202079942738
2021-06-01,0.002050128923836936
2021-06-02,0.002035595779490679
2021-06-03,0.002032565269812111
2021-06-04,0.002031763601103094
2021-06-05,0.0020319459619484895
2021-06-06,0.0020321283227938843
2021-06-07,0.0020401662659070624
2021-06-08,0.0020424198138247565
2021-06-09,0.002061803545237171
2021-06-10,0.0020669346704446836
2021-06-11,0.002087054593149614
2021-06-12,0.002087012680114021
2021-06-13,0.002086970767078428
2021-06-14,0.0021180755715936098
2021-06-15,0.002120636380624312
2021-06-16,0.002098909986069008
2021-06-17,0.002096372774836399
2021-06-18,0.002126410085996601
2021-06-19,0.0021261869843626525
2021-06-20,0.002125963882728704
2021-06-21,0.002088549902957316
2021-06-22,0.002069848180276311
2021-06-23,0.0021043669252813553
2021-06-24,0.00209338580572231
2021-06-25,0.002066607421218837
2021-06-26,0.002066568159796921
2021-06-27,0.0020665288983750044
2021-06-28,0.0020733789886089463
2021-06-29,0.002081399852353701
2021-06-30,0.002092315988305553
2021-07-01,0.002091248029395561
2021-07-02,0.002094907483348573
2021-07-03,0.002094783653927599
2021-07-04,0.0020946598245066245
2021-07-05,0.00209453599508565
2021-07-06,0.0020953150891213886
2021-07-07,0.002098689052491939
2021-07-08,0.0020920512670789477
2021-07-09,0.0019856700716299404
2021-07-10,0.0019857292870936365
2021-07-11,0.0019857885025573335
2021-07-12,0.002026363657016237
2021-07-13,0.00201367338136292
2021-07-14,0.002064623559415926
2021-07-15,0.0020692092043211943
2021-07-16,0.0020998646631423595
2021-07-17,0.002099668172040747
2021-07-18,0.0020994716809391322
2021-07-19,0.0021241097893736818
2021-07-20,0.002192169479809591
2021-07-21,0.002222992650521669
2021-07-22,0.002252414247359917
2021-07-23,0.0022804054817017155
2021-07-24,0.0022799346244016397
2021-07-25,0.0022794637671015635
2021-07-26,0.002298805457790777
2021-07-27,0.002285877279192836
2021-07-28,0.0022688828389299844
2021-07-29,0.0023127731889609907
2021-07-30,0.0023351908578246516
2021-07-31,0.0023346281955502405
2021-08-01,0.002334065533275829
2021-08-02,0.002320490761986007
2021-08-03,0.0023378748637310678
2021-08-04,0.0023401221433106013
2021-08-05,0.0023458282344178136
2021-08-06,0.002349704382746919
2021-08-07,0.002349201020796037
2021-08-08,0.002348697658845154
2021-08-09,0.0023389163677243344
2021-08-10,0.002340981566524302
2021-08-11,0.002308029419594104
2021-08-12,0.0023046507914351783
2021-08-13,0.0023258408911707453
2021-08-14,0.00232550670860777
2021-08-15,0.0023251725260447953
2021-08-16,0.0023250856903196107
2021-08-17,0.0023208098090784154
2021-08-18,0.0023195378546564194
2021-08-19,0.0023278759698280487
2021-08-20,0.0023146672640142283
2021-08-21,0.0023142281115832095
2021-08-22,0.002313788959152191
2021-08-23,0.002320183549800179
2021-08-24,0.002325294640492631
2021-08-25,0.0023416833010905663
2021-08-26,0.002323957382023452
2021-08-27,0.0023315243396898914
2021-08-28,0.002331074998674983
2021-08-29,0.002330625657660074
2021-08-30,0.002330481823413717
2021-08-31,0.002299790836840582
2021-09-01,0.0022782438480292233
2021-09-02,0.0022904410595504456
2021-09-03,0.0022381823153097176
2021-09-04,0.00223803554126003
2021-09-05,0.0022378887672103425
2021-09-06,0.0022377419931606545
2021-09-07,0.0022299556975517885
2021-09-08,0.002209334025477823
2021-09-09,0.0021886941384562926
2021-09-10,0.002186835332244086
2021-09-11,0.002186868590727076
2021-09-12,0.0021869018492100666
2021-09-13,0.002161133197097356
2021-09-14,0.00216446245100762
2021-09-15,0.002141847273265944
2021-09-16,0.002153365522802641
2021-09-17,0.002149512887315993
2021-09-18,0.0021497015311000888
2021-09-19,0.002149890174884185
2021-09-20,0.0021553600366903806
2021-09-21,0.002020160254872362
2021-09-22,0.001981768387703048
2021-09-23,0.001940771945940911
2021-09-24,0.0019259757055376382
2021-09-25,0.0019266267973130846
2021-09-26,0.001927277889088531
2021-09-27,0.0018370291076201723
2021-09-28,0.0019209721977270207
2021-09-29,0.0019358030186397363
2021-09-30,0.0020058328482487147
2021-10-01,0.0020421562771787234
2021-10-02,0.0020424845625673345
2021-10-03,0.002042812847955946
2021-10-04,0.002140908150656472
2021-10-05,0.0020846012757081284
2021-10-06,0.00202932798337854
2021-10-07,0.002065000247882947
2021-10-08,0.0020855537175024363
2021-10-09,0.002085691531170424
2021-10-10,0.002085829344838411
2021-10-11,0.0020835653257239963
2021-10-12,0.002086128852450844
2021-10-13,0.0021188377176145504
2021-10-14,0.0021519424975843682
2021-10-15,0.0021305933413624896
2021-10-16,0.0021305975047618774
2021-10-17,0.0021306016681612644
2021-10-18,0.0021327649870923333
2021-10-19,0.0021481140093433976
2021-10-20,0.0021402097493295165
2021-10-21,0.0021548424555031705
2021-10-22,0.0021773552541200273
2021-10-23,0.0021771518143409684
2021-10-24,0.0021769483745619086
2021-10-25,0.0021940435842798083
2021-10-26,0.002219870698751342
2021-10-27,0.002241306618275228
2021-10-28,0.0022535424756772397
2021-10-29,0.0022589931972157975
2021-10-30,0.002258329430863339
2021-10-31,0.00225766566451088
2021-11-01,0.0022810027265203073
2021-11-02,0.0022862105953858924
2021-11-03,0.0022844102552946706
2021-11-04,0.0022558941712621282
2021-11-05,0.002266249213035366
2021-11-06,0.002265706977235854
2021-11-07,0.0022651647414363416
2021-11-08,0.002251528171514534
2021-11-09,0.0022716139524083514
2021-11-10,0.00223930749134008
2021-11-11,0.0022420588851371753
2021-11-12,0.0022269902194832093
2021-11-13,0.0022265839242060527
2021-11-14,0.0022261776289288966
2021-11-15,0.002205227038292786
2021-11-16,0.0022175926783459324
2021-11-17,0.0022535011244561817
2021-11-18,0.002225142486196686
2021-11-19,0.002185715907820218
2021-11-20,0.0021852689974646506
2021-11-21,0.0021848220871090837
2021-11-22,0.0021791344762826697
2021-11-23,0.0021838565087985147
2021-11-24,0.002196993951207187
2021-11-25,0.002196533775316034
2021-11-26,0.002182214614719501
2021-11-27,0.0021816145515510714
2021-11-28,0.002181014488382641
2021-11-29,0.0021943825054282894
2021-11-30,0.0022530994182478176
2021-12-01,0.0022180856583647246
2021-12-02,0.002236957562780976
2021-12-03,0.0022276239120414248
2021-12-04,0.0022270051485491354
2021-12-05,0.002226386385056848
2021-12-06,0.002221832338197473
2021-12-07,0.0022309679108209017
2021-12-08,0.002229381446073538
2021-12-09,0.0022373814428003546
2021-12-10,0.0022298077175402185
2021-12-11,0.002229296012386358
2021-12-12,0.002228784307232498
2021-12-13,0.002235821687212027
2021-12-14,0.0022120491377673546
2021-12-15,0.00217821591022604
2021-12-16,0.0021850640502919074
2021-12-17,0.0021632025344206192
2021-12-18,0.002162842536065395
2021-12-19,0.0021624825377101714
2021-12-20,0.002197295150419429
2021-12-21,0.002191482802307542
2021-12-22,0.002220766641022352
2021-12-23,0.0022338827595261876
2021-12-24,0.0022333613703532512
2021-12-25,0.0022328399811803153
2021-12-26,0.0022323185920073802
2021-12-27,0.0022811565418978125
2021-12-28,0.002285739846673478
2021-12-29,0.0022735439481975407
2021-12-30,0.002271914711265496
2021-12-31,0.002258606794774317
2022-01-01,0.002257935079717976
2022-01-02,0.0022572633646616353
2022-01-03,0.002266002594739829
2022-01-04,0.0022883734688077173
2022-01-05,0.002266054473542969
2022-01-06,0.002305906984586429
2022-01-07,0.0023178357699822436
2022-01-08,0.002317531713196678
2022-01-09,0.002317227656411112
2022-01-10,0.002312343934004837
2022-01-11,0.002313124263804091
2022-01-12,0.002316764727259402
2022-01-13,0.0023187449373185142
2022-01-14,0.002319226655449678
2022-01-15,0.002319243322443668
2022-01-16,0.0023192599894376583
2022-01-17,0.0023192766564316485
2022-01-18,0.002317685308633831
2022-01-19,0.002316091593358512
2022-01-20,0.002320405298090623
2022-01-21,0.0023145865645104154
2022-01-22,0.0023142715009845287
2022-01-23,0.002313956437458642
2022-01-24,0.0022787801198632532
2022-01-25,0.002274774178137415
2022-01-26,0.0022805977429295955
2022-01-27,0.0022634849570578835
2022-01-28,0.002256168373798239
2022-01-29,0.002256198405602372
2022-01-30,0.0022562284374065054
2022-01-31,0.0022612265952109654
2022-02-01,0.00228784870174977
2022-02-02,0.0023169515226633937
2022-02-03,0.0023045544203678095
2022-02-04,0.002313386743556167
2022-02-05,0.0023134034719104525
2022-02-06,0.0023134202002647376
2022-02-07,0.002322058437508268
2022-02-08,0.0023193042061194317
2022-02-09,0.0023028337812547057
2022-02-10,0.0022988106112591397
2022-02-11,0.0023021367464749073
2022-02-12,0.0023021787432939327
2022-02-13,0.0023022207401129586
2022-02-14,0.0023284012269276866
2022-02-15,0.002306186217468634
2022-02-16,0.0023122209208028426
2022-02-17,0.002309421197580865
2022-02-18,0.002306329213611562
2022-02-19,0.0023063107228532766
2022-02-20,0.0023062922320949914
2022-02-21,0.0023062737413367057
2022-02-22,0.0023145595336276636
2022-02-23,0.0023213595437366437
2022-02-24,0.002334029299442342
2022-02-25,0.002322705440476019
2022-02-26,0.0023229182328214277
2022-02-27,0.0023231310251668347
2022-02-28,0.0023464073566919156
2022-03-01,0.0024117580736638194
2022-03-02,0.0023576166235010462
2022-03-03,0.002318272984167995
2022-03-04,0.0023174918901335204
2022-03-05,0.0023179599354105985
2022-03-06,0.002318427980687677
2022-03-07,0.0023689031167286674
2022-03-08,0.0025265108196176485
2022-03-09,0.0024267027901901674
2022-03-10,0.0024186383248253145
2022-03-11,0.002405869062447361
2022-03-12,0.002406250065356854
2022-03-13,0.0024066310682663477
2022-03-14,0.0023350426451016915
2022-03-15,0.0023033293457497515
2022-03-16,0.0022464549600083746
2022-03-17,0.0022285264083689305
2022-03-18,0.002229927512336263
2022-03-19,0.002230336036960171
2022-03-20,0.0022307445615840794
2022-03-21,0.0022160592782985277
2022-03-22,0.0021547140310444
2022-03-23,0.002191153072569466
2022-03-24,0.0021829094779582175
2022-03-25,0.002165811038741257
2022-03-26,0.0021663476651433426
2022-03-27,0.002166884291545429
2022-03-28,0.0021992102416478728
2022-03-29,0.002183510261366827
2022-03-30,0.0021985403903842446
2022-03-31,0.0022105437095442165
2022-04-01,0.002204178487566125
2022-04-02,0.0022042297246538086
2022-04-03,0.0022042809617414927
2022-04-04,0.002206376541580324
2022-04-05,0.002202921135676996
2022-04-06,0.002199262789638155
2022-04-07,0.0022042244100463028
2022-04-08,0.002201170069029539
2022-04-09,0.002201127928102868
2022-04-10,0.0022010857871761972
2022-04-11,0.002191775157240014
2022-04-12,0.0021799913823031957
2022-04-13,0.0021904760214517577
2022-04-14,0.0021896232464358326
2022-04-15,0.002189643083993724
2022-04-16,0.0021896629215516165
2022-04-17,0.0021896827591095093
2022-04-18,0.0021719221029453846
2022-04-19,0.002198449648929528
2022-04-20,0.0021616710996126536
2022-04-21,0.0021626166959783704
2022-04-22,0.0022009600291257826
2022-04-23,0.0022009903172044275
2022-04-24,0.002201020605283072
2022-04-25,0.002216751507114988
2022-04-26,0.0022325176449346363
2022-04-27,0.0022753003351691716
2022-04-28,0.002218484019540858
2022-04-29,0.0022091255808154775
2022-04-30,0.0022091536033072685
2022-05-01,0.002209181625799059
2022-05-02,0.002202116009171644
2022-05-03,0.0021812616429252463
2022-05-04,0.0021769287141020456
2022-05-05,0.0021971919222292095
2022-05-06,0.002154048143183431
2022-05-07,0.0021541886892223376
2022-05-08,0.0021543292352612445
2022-05-09,0.0021839871356004147
2022-05-10,0.002283724193595457
2022-05-11,0.00233785734251716
2022-05-12,0.002293808051774311
2022-05-13,0.0023162078117918944
2022-05-14,0.0023160597652865586
2022-05-15,0.002315911718781223
2022-05-16,0.0022711828801861714
2022-05-17,0.002429435967433561
2022-05-18,0.00240478414448414
2022-05-19,0.002456234075948086
2022-05-20,0.00243992612015477
2022-05-21,0.002439541411712317
2022-05-22,0.002439156703269864
2022-05-23,0.002443666341572828
2022-05-24,0.002470814247359597
2022-05-25,0.002444841087909821
2022-05-26,0.0024558672408667207
2022-05-27,0.0024656677027628865
2022-05-28,0.00246535223739339
2022-05-29,0.0024650367720238943
2022-05-30,0.002464721306654398
2022-05-31,0.002516873265828621
2022-06-01,0.0024880093930608506
2022-06-02,0.0025166951247282917
2022-06-03,0.002502870485421953
2022-06-04,0.002502288119734957
2022-06-05,0.0025017057540479607
2022-06-06,0.002517015506992899
2022-06-07,0.002500750363680139
2022-06-08,0.002427581726498782
2022-06-09,0.0023628596384224474
2022-06-10,0.0023188344131082196
2022-06-11,0.002318338134243792
2022-06-12,0.0023178418553793656
2022-06-13,0.00214083340153516
2022-06-14,0.0021045164084753237
2022-06-15,0.002086503891864889
2022-06-16,0.0019249300432752229
2022-06-17,0.0021471858469376036
2022-06-18,0.0021469285009374285
2022-06-19,0.002146671154937255
2022-06-20,0.0021464138089370807
2022-06-21,0.0020063653481431306
2022-06-22,0.002094246871802816
2022-06-23,0.0020679314460120045
2022-06-24,0.002209483780275307
2022-06-25,0.00220916487607557
2022-06-26,0.0022088459718758347
2022-06-27,0.0022620432044847746
2022-06-28,0.0022158257099519365
2022-06-29,0.0022126856135919496
2022-06-30,0.0022500956611786866
2022-07-01,0.002148971340148451
2022-07-02,0.0021486655617663523
2022-07-03,0.0021483597833842527
2022-07-04,0.002148054005002153
2022-07-05,0.002104598714095485
2022-07-06,0.002197758080544136
2022-07-07,0.002167541601353619
2022-07-08,0.002143215478286657
2022-07-09,0.0021429119341660413
2022-07-10,0.0021426083900454255
2022-07-11,0.002091827138425801
2022-07-12,0.0021559717832432966
2022-07-13,0.0021355967725724336
2022-07-14,0.002261218732627388
2022-07-15,0.0023673877410091498
2022-07-16,0.002366783683755859
2022-07-17,0.0023661796265025685
2022-07-18,0.0023999714888256296
2022-07-19,0.002411735228155614
2022-07-20,0.002387719696581388
2022-07-21,0.0024809491347308767
2022-07-22,0.002415634764278386
2022-07-23,0.0024150768689219265
2022-07-24,0.0024145189735654657
2022-07-25,0.002395853417227394
2022-07-26,0.001985258022955897
2022-07-27,0.0019538567526712347
2022-07-28,0.002055021680066687
2022-07-29,0.0019783284046624287
2022-07-30,0.0019783271685707465
2022-07-31,0.0019783259324790644
2022-08-01,0.0019621887451946856
2022-08-02,0.002075323377034794
2022-08-03,0.0021880184481115014
2022-08-04,0.0024343009145104504
2022-08-05,0.0023416009734261167
2022-08-06,0.0023410727405026267
2022-08-07,0.0023405445075791362
2022-08-08,0.002391413697095893
2022-08-09,0.0024154044557845064
2022-08-10,0.0024022613583561357
2022-08-11,0.002422486259893348
2022-08-12,0.0024299877480256924
2022-08-13,0.0024294519249459393
2022-08-14,0.0024289161018661866
2022-08-15,0.002410313659650007
2022-08-16,0.0024316976961908186
2022-08-17,0.002377587872815688
2022-08-18,0.0023962144733338194
2022-08-19,0.0023551136555206307
2022-08-20,0.0023545707100873815
2022-08-21,0.0023540277646541324
2022-08-22,0.0022868137318814564
2022-08-23,0.00226483711363743
2022-08-24,0.002222329253454523
2022-08-25,0.002249455944742594
2022-08-26,0.0022403223392787074
2022-08-27,0.002239863831035004
2022-08-28,0.002239405322791301
2022-08-29,0.002322386769500918
2022-08-30,0.0023512247550736436
2022-08-31,0.0023880150450613794
2022-09-01,0.002324967138448899
2022-09-02,0.0023710846856335377
2022-09-03,0.0023704216400576173
2022-09-04,0.002369758594481697
2022-09-05,0.002369095548905776
2022-09-06,0.0024978704720441326
2022-09-07,0.0026090601973269307
2022-09-08,0.0026176041741981576
2022-09-09,0.0027018754672551775
2022-09-10,0.002700969063513063
2022-09-11,0.002700062659770952
2022-09-12,0.002811971428991309
2022-09-13,0.0029373846399989127
2022-09-14,0.0027988843305026285
2022-09-15,0.002853999182019098
2022-09-16,0.0026803806982823976
2022-09-17,0.002679445202925588
2022-09-18,0.0026785097075687774
2022-09-19,0.0026602102809622683
2022-09-20,0.002629073480392299
2022-09-21,0.00256105190927012
2022-09-22,0.002449541295317349
2022-09-23,0.002408959199690949
2022-09-24,0.0024081006633180978
2022-09-25,0.002407242126945245
2022-09-26,0.0025144764433775516
2022-09-27,0.00255702735986537
2022-09-28,0.002663170494394396
2022-09-29,0.002701611674637925
2022-09-30,0.0027717700961578822
2022-10-01,0.0027704456023263007
2022-10-02,0.0027691211084947174
2022-10-03,0.0028063725400807042
2022-10-04,0.003069905304861237
2022-10-05,0.0030087929082121398
2022-10-06,0.0028357703604829565
2022-10-07,0.0028836788627601985
2022-10-08,0.002882244928771165
2022-10-09,0.002880810994782132
2022-10-10,0.0028517198834077276
2022-10-11,0.0026900614174062295
2022-10-12,0.0027132266873514995
2022-10-13,0.002825160855796799
2022-10-14,0.002672948856720729
2022-10-15,0.0026715958175263827
2022-10-16,0.002670242778332033
2022-10-17,0.002650151810407581
2022-10-18,0.002806318669549042
2022-10-19,0.002756852741658143
2022-10-20,0.0027291982629599736
2022-10-21,0.00253269850685864
2022-10-22,0.0025316425294480043
2022-10-23,0.0025305865520373703
2022-10-24,0.0026368653545366144
2022-10-25,0.0030994373269431852
2022-10-26,0.0029509695952423115
2022-10-27,0.0029743347130897677
2022-10-28,0.003071742109737863
2022-10-29,0.0030703243735023607
2022-10-30,0.003068906637266859
2022-10-31,0.002935244397248337
2022-11-01,0.002958015875094517
2022-11-02,0.0028875131403692505
2022-11-03,0.002887118680827057
2022-11-04,0.0030178127176113513
2022-11-05,0.0030165198029863186
2022-11-06,0.003015226888361284
2022-11-07,0.0030360543400358396
2022-11-08,0.0029935208750761543
2022-11-09,0.0030426593794510336
2022-11-10,0.0031832585308599636
2022-11-11,0.003512672983599268
2022-11-12,0.003511182225215166
2022-11-13,0.003509691466831063
2022-11-14,0.0033603711261799164
2022-11-15,0.0033760075793540564
2022-11-16,0.003364788361788414
2022-11-17,0.0033495615641944746
2022-11-18,0.0033664471655558614
2022-11-19,0.0033651404899666675
2022-11-20,0.003363833814377474
2022-11-21,0.0033681519774762165
2022-11-22,0.003310435164664425
2022-11-23,0.0033109423054666198
2022-11-24,0.003309796494081424
2022-11-25,0.0032026359397534206
2022-11-26,0.00320175903857628
2022-11-27,0.0032008821373991415
2022-11-28,0.0031312904714186963
2022-11-29,0.003104753746179383
2022-11-30,0.003141533178488934
2022-12-01,0.0031383413139482595
2022-12-02,0.003118892393598381
2022-12-03,0.0031181472188720485
2022-12-04,0.0031174020441457166
2022-12-05,0.0031979124082305724
2022-12-06,0.0031412973547495287
2022-12-07,0.0030930099750201773
2022-12-08,0.0030906109227377414
2022-12-09,0.003079640437221026
2022-12-10,0.003078901095756056
2022-12-11,0.003078161754291084
2022-12-12,0.00308162950362486
2022-12-13,0.003123106122123035
2022-12-14,0.0030931577255600383
2022-12-15,0.0030557949626291445
2022-12-16,0.0029546962353178543
2022-12-17,0.002954079402386592
2022-12-18,0.0029534625694553297
2022-12-19,0.002923196546587721
2022-12-20,0.0024298654364655905
2022-12-21,0.0023280476192735263
2022-12-22,0.0023081419107399545
2022-12-23,0.0022525114225748397
2022-12-24,0.00225316460090529
2022-12-25,0.00225381777923574
2022-12-26,0.0022544709575661897
2022-12-27,0.002223746902208749
2022-12-28,0.0022401656767544985
2022-12-29,0.0022856221700965486
2022-12-30,0.0022385503598516578
2022-12-31,0.002239238974174256
2023-01-01,0.0022399275884968546
2023-01-02,0.002240616202819452
2023-01-03,0.002169724370956477
2023-01-04,0.0019928967822248045
2023-01-05,0.0021126018436896585
2023-01-06,0.0020752990556687913
2023-01-07,0.002076039719232314
2023-01-08,0.0020767803827958366
2023-01-09,0.0020977203473379795
2023-01-10,0.0021253070921321174
2023-01-11,0.002100724074026746
2023-01-12,0.0019624696114396564
2023-01-13,0.0018809064248951843
2023-01-14,0.001882269475406036
2023-01-15,0.001883632525916888
2023-01-16,0.0018849955764277389
2023-01-17,0.001882710444324475
2023-01-18,0.0018922725150386736
2023-01-19,0.0019290618570573896
2023-01-20,0.001906631145571496
2023-01-21,0.0019075320515399815
2023-01-22,0.0019084329575084667
2023-01-23,0.001914849525985403
2023-01-24,0.0018965154746438814
2023-01-25,0.0018674662212004435
2023-01-26,0.0018486897941886453
2023-01-27,0.0018580151337931187
2023-01-28,0.00185909259443373
2023-01-29,0.0018601700550743409
2023-01-30,0.0018776672182433864
2023-01-31,0.0018872702876549649
2023-02-01,0.0018646354632533106
2023-02-02,0.0018864743593733667
2023-02-03,0.0018888699238386712
2023-02-04,0.0018895455643321458
2023-02-05,0.0018902212048256203
2023-02-06,0.001939142787600112
2023-02-07,0.0018913698957209073
2023-02-08,0.001895540654705499
2023-02-09,0.0018881563313692044
2023-02-10,0.0018828755906676097
2023-02-11,0.0018837209875632913
2023-02-12,0.0018845663844589725
2023-02-13,0.001858374517860913
2023-02-14,0.0018392043427999858
2023-02-15,0.0018416551531531048
2023-02-16,0.001860327187680944
2023-02-17,0.0018593895098729337
2023-02-18,0.0018601689850347666
2023-02-19,0.0018609484601965997
2023-02-20,0.001861727935358432
2023-02-21,0.0018843091047301423
2023-02-22,0.0019044698479010716
2023-02-23,0.0018910250791803395
2023-02-24,0.0019327202471463004
2023-02-25,0.0019333530470317089
2023-02-26,0.0019339858469171176
2023-02-27,0.0019099849464583635
2023-02-28,0.0019136294451960797
2023-03-01,0.0019286592848106116
2023-03-02,0.0019557363344986896
2023-03-03,0.0018989231036686568
2023-03-04,0.0018995117047939517
2023-03-05,0.0019001003059192462
2023-03-06,0.0018967288875501186
2023-03-07,0.0019389915306508641
2023-03-08,0.0019316299873289766
2023-03-09,0.0019648667519420356
2023-03-10,0.0021062927460419258
2023-03-11,0.0021067086678857863
2023-03-12,0.0021071245897296468
2023-03-13,0.002177468874870356
2023-03-14,0.0023297218303621305
2023-03-15,0.002285065042454822
2023-03-16,0.0022373781324312274
2023-03-17,0.002242925721640798
2023-03-18,0.002243081087341707
2023-03-19,0.0022432364530426156
2023-03-20,0.002190001946037258
2023-03-21,0.002302803205183384
2023-03-22,0.0022783110035901693
2023-03-23,0.002219108791904769
2023-03-24,0.002209902790033966
2023-03-25,0.0022100372603321775
2023-03-26,0.00221017173063039
2023-03-27,0.0021969467733252523
2023-03-28,0.0021556269974865308
2023-03-29,0.0022183735160780527
2023-03-30,0.002300597970907867
2023-03-31,0.002315330580343289
2023-04-01,0.0023151577762699927
2023-04-02,0.002314984972196696
2023-04-03,0.002256233257053845
2023-04-04,0.0022813509851857604
2023-04-05,0.0022759814996242316
2023-04-06,0.002274229431321455
2023-04-07,0.002274202334729935
2023-04-08,0.002274175238138414
2023-04-09,0.0022741481415468937
2023-04-10,0.002277461391477161
2023-04-11,0.0023011018411826286
2023-04-12,0.002301387304855654
2023-04-13,0.002313592013241453
2023-04-14,0.002317000259559214
2023-04-15,0.002316853294070089
2023-04-16,0.002316706328580963
2023-04-17,0.0022635208577233886
2023-04-18,0.0022610910632827105
2023-04-19,0.002220659921540586
2023-04-20,0.002257695401763654
2023-04-21,0.0022957260518608243
2023-04-22,0.0022958259461448036
2023-04-23,0.002295925840428783
2023-04-24,0.0023371359275815165
2023-04-25,0.0023194717101111565
2023-04-26,0.002334596574685116
2023-04-27,0.002276258823292511
2023-04-28,0.002359446911373078
2023-04-29,0.0023593498663356813
2023-04-30,0.0023592528212982838
2023-05-01,0.0023367400081598113
2023-05-02,0.002409071330014419
2023-05-03,0.0023713859320740474
2023-05-04,0.002359689242029608
2023-05-05,0.0022726033976921316
2023-05-06,0.002272624227392
2023-05-07,0.002272645057091868
2023-05-08,0.0022566420280973167
2023-05-09,0.002207938824492421
2023-05-10,0.0022094786116151196
2023-05-11,0.0021529052957309264
2023-05-12,0.002163502109485793
2023-05-13,0.0021637826303522035
2023-05-14,0.002164063151218614
2023-05-15,0.0019666556074186443
2023-05-16,0.0019961025565755526
2023-05-17,0.0018706549473559999
2023-05-18,0.0019023539984064496
2023-05-19,0.0020240809361877716
2023-05-20,0.0020244429051048526
2023-05-21,0.0020248048740219337
2023-05-22,0.0019910393541708237
2023-05-23,0.0020387442582338205
2023-05-24,0.002020333638355348
2023-05-25,0.0020724452720193433
2023-05-26,0.0020978173628686545
2023-05-27,0.0020980638235793426
2023-05-28,0.0020983102842900303
2023-05-29,0.002098556745000719
2023-05-30,0.0020185030830725415
2023-05-31,0.001994328082429531
2023-06-01,0.0017508132094063865
2023-06-02,0.0017385155606753182
2023-06-03,0.0017393499257529728
2023-06-04,0.0017401842908306268
2023-06-05,0.001803324516184948
2023-06-06,0.0017703409722983397
2023-06-07,0.0018291095576935448
2023-06-08,0.0018114486718410652
2023-06-09,0.0017937081471653116
2023-06-10,0.0017943781046405403
2023-06-11,0.001795048062115769
2023-06-12,0.0018188571454493898
2023-06-13,0.001778782878974512
2023-06-14,0.0017646543704864692
2023-06-15,0.0017576402852732805
2023-06-16,0.001797508666579516
2023-06-17,0.001798135442048288
2023-06-18,0.0017987622175170601
2023-06-19,0.0017993889929858323
2023-06-20,0.0018265579776307226
2023-06-21,0.0017538577253099251
2023-06-22,0.0016744838143938129
2023-06-23,0.00176602041203929
2023-06-24,0.0017668750849728846
2023-06-25,0.0017677297579064793
2023-06-26,0.0017975408126233354
2023-06-27,0.001729820443932733
2023-06-28,0.0017112914785026594
2023-06-29,0.001560443316396651
2023-06-30,0.0015689907398280876
2023-07-01,0.0015701169411155916
2023-07-02,0.0015712431424030964
2023-07-03,0.0015167785117597068
2023-07-04,0.001517968929965745
2023-07-05,0.0015465847558472088
2023-07-06,0.0016546551254545878
2023-07-07,0.0015737723477193516
2023-07-08,0.0015750750432162598
2023-07-09,0.0015763777387131671
2023-07-10,0.0015776804342100756
