Date,UBS - TFC Accumulated Oriented Area
2019-01-01,0.0
2019-01-02,0.0
2019-01-03,4.527309387318038e-08
2019-01-04,-1.5048916961244e-06
2019-01-05,-1.3879251141553892e-06
2019-01-06,-1.2709585321862648e-06
2019-01-07,-1.5568123837909477e-06
2019-01-08,-1.260998196257773e-06
2019-01-09,4.0423673887274144e-06
2019-01-10,-3.567784749752385e-06
2019-01-11,-8.755927787971594e-06
2019-01-12,-8.576836352188057e-06
2019-01-13,-8.397744916404407e-06
2019-01-14,-3.667963758914668e-06
2019-01-15,7.781533660828399e-07
2019-01-16,2.832363736960056e-06
2019-01-17,2.055079780277921e-05
2019-01-18,2.8945983557617165e-05
2019-01-19,2.9548184176828772e-05
2019-01-20,3.0150384796039888e-05
2019-01-21,3.0752585415251424e-05
2019-01-22,9.765119368048265e-05
2019-01-23,8.850245683984488e-05
2019-01-24,8.565925093899466e-05
2019-01-25,8.409167231294682e-05
2019-01-26,8.467055473152999e-05
2019-01-27,8.524943715011309e-05
2019-01-28,9.138342358243267e-05
2019-01-29,9.539573590628662e-05
2019-01-30,7.375716277190359e-05
2019-01-31,9.622919456457767e-05
2019-02-01,0.00010582325152133697
2019-02-02,0.00010633545506583104
2019-02-03,0.00010684765861032516
2019-02-04,0.00011198761246916726
2019-02-05,9.235366602339964e-05
2019-02-06,9.416851419854973e-05
2019-02-07,0.00012505639423071184
2019-02-08,0.00013750758119501227
2019-02-09,0.0001381487698829663
2019-02-10,0.0001387899585709203
2019-02-11,0.00013767721716101408
2019-02-12,0.00012050344609774153
2019-02-13,0.00010830217900625481
2019-02-14,0.00013731311282817063
2019-02-15,0.00010438317692987247
2019-02-16,0.00010508838024458198
2019-02-17,0.00010579358355929233
2019-02-18,0.00010649878687400252
2019-02-19,0.00011257363991036348
2019-02-20,0.00018249750016187247
2019-02-21,0.00020425887316450722
2019-02-22,0.00020659798576209027
2019-02-23,0.0002073422770235361
2019-02-24,0.00020808656828498167
2019-02-25,0.00019204478979343448
2019-02-26,0.00017282210107542396
2019-02-27,0.00016695879149885632
2019-02-28,0.00016507965320350536
2019-03-01,0.0001572088699116674
2019-03-02,0.00015800828453307766
2019-03-03,0.00015880769915448806
2019-03-04,0.00017244370631809585
2019-03-05,0.00019673507658922966
2019-03-06,0.00022693567053116344
2019-03-07,0.0002889530859614178
2019-03-08,0.00029803199304858724
2019-03-09,0.0002985572071031913
2019-03-10,0.00029908242115779526
2019-03-11,0.0002720607694335143
2019-03-12,0.00027696581558376275
2019-03-13,0.0002534916616528337
2019-03-14,0.00024841778187646485
2019-03-15,0.0002576248651852538
2019-03-16,0.0002582096353669262
2019-03-17,0.0002587944055485983
2019-03-18,0.00021611924820840207
2019-03-19,0.00021711617395641053
2019-03-20,0.00025831860968809943
2019-03-21,0.0002775427796685922
2019-03-22,0.0003353111969770467
2019-03-23,0.0003353457543671467
2019-03-24,0.0003353803117572472
2019-03-25,0.0003416173267065036
2019-03-26,0.00032850573269790884
2019-03-27,0.000324035959451413
2019-03-28,0.00030532496353850326
2019-03-29,0.0002944623270183456
2019-03-30,0.00029467340869146464
2019-03-31,0.0002948844903645834
2019-04-01,0.0002500641003262682
2019-04-02,0.00024358236174611876
2019-04-03,0.00023331495762838068
2019-04-04,0.00022763285608168416
2019-04-05,0.00023168344572952994
2019-04-06,0.00023212291686393398
2019-04-07,0.00023256238799833776
2019-04-08,0.00023416172807295423
2019-04-09,0.0002424570349708818
2019-04-10,0.00024477977995454744
2019-04-11,0.000218881119146353
2019-04-12,0.0002013593975535175
2019-04-13,0.0002019109353681212
2019-04-14,0.00020246247318272503
2019-04-15,0.00019826418394500552
2019-04-16,0.0001765498962801815
2019-04-17,0.00015360251940858258
2019-04-18,0.0001602390689605427
2019-04-19,0.00016082592668497205
2019-04-20,0.00016141278440940152
2019-04-21,0.00016199964213383094
2019-04-22,0.0001622531242608243
2019-04-23,0.00018219034576536088
2019-04-24,0.0001734069161495196
2019-04-25,0.00015875280766338676
2019-04-26,0.0001624295700107895
2019-04-27,0.00016315924278544945
2019-04-28,0.0001638889155601094
2019-04-29,0.00013358717155255377
2019-04-30,0.0001468051918727151
2019-05-01,0.0001680366180824806
2019-05-02,0.00015483574198613083
2019-05-03,0.0001639841839273596
2019-05-04,0.0001647404639466985
2019-05-05,0.00016549674396603808
2019-05-06,0.00027818179524400917
2019-05-07,0.0003416207507946405
2019-05-08,0.00034543977255857886
2019-05-09,0.00036079846724097883
2019-05-10,0.0003520704071676232
2019-05-11,0.0003526360984356573
2019-05-12,0.00035320178970369136
2019-05-13,0.00043644676620702226
2019-05-14,0.0004406666499607884
2019-05-15,0.00045673078460013695
2019-05-16,0.00042133020378823567
2019-05-17,0.0004329141756193005
2019-05-18,0.0004332611053594318
2019-05-19,0.0004336080350995625
2019-05-20,0.00041760997446725666
2019-05-21,0.0004022709520130418
2019-05-22,0.0004118360056474075
2019-05-23,0.00045408028594935224
2019-05-24,0.00043364876659159144
2019-05-25,0.00043404003585698043
2019-05-26,0.00043443130512236996
2019-05-27,0.0004348225743877589
2019-05-28,0.0004821615229324125
2019-05-29,0.000484569189259183
2019-05-30,0.0005030132555180127
2019-05-31,0.0005355506573166395
2019-06-01,0.0005357380216298224
2019-06-02,0.0005359253859430053
2019-06-03,0.0005197894119657108
2019-06-04,0.00042576108871306
2019-06-05,0.0004120381822431185
2019-06-06,0.00041265246419983916
2019-06-07,0.00042331555431261497
2019-06-08,0.0004237517437750678
2019-06-09,0.0004241879332375199
2019-06-10,0.00039317476629341873
2019-06-11,0.00037088740459712764
2019-06-12,0.0004111793543528229
2019-06-13,0.00041360961784297313
2019-06-14,0.0004232617612659182
2019-06-15,0.00042380664771104635
2019-06-16,0.00042435153415617605
2019-06-17,0.0004762725924577486
2019-06-18,0.000437274515685854
2019-06-19,0.00043782315264239476
2019-06-20,0.0004501345526581494
2019-06-21,0.0004671241149790821
2019-06-22,0.00046752803213121776
2019-06-23,0.00046793194928335336
2019-06-24,0.000471419978920251
2019-06-25,0.0004867485603595207
2019-06-26,0.0004864492652636123
2019-06-27,0.00046696991568668253
2019-06-28,0.0004339572540507301
2019-06-29,0.00043442824387724435
2019-06-30,0.00043489923370375794
2019-07-01,0.0004147368406897994
2019-07-02,0.0004365438467168027
2019-07-03,0.00042102756618113
2019-07-04,0.0004215020304550905
2019-07-05,0.0003770717813933502
2019-07-06,0.000377646347512519
2019-07-07,0.0003782209136316885
2019-07-08,0.0004192008300092809
2019-07-09,0.0004089941534576969
2019-07-10,0.0003996222786043013
2019-07-11,0.0003641663412189998
2019-07-12,0.000352187903218069
2019-07-13,0.0003528198295114725
2019-07-14,0.00035345175580487606
2019-07-15,0.0003772832071162951
2019-07-16,0.00039282040415749534
2019-07-17,0.00040268125308826015
2019-07-18,0.000348622734319447
2019-07-19,0.0003862684381511649
2019-07-20,0.0003869034784237578
2019-07-21,0.0003875385186963508
2019-07-22,0.0003732141848964979
2019-07-23,0.00033108903785854157
2019-07-24,0.0003905166442566688
2019-07-25,0.00046986156446323664
2019-07-26,0.00046744679799504043
2019-07-27,0.0004681399238025011
2019-07-28,0.00046883304960996196
2019-07-29,0.000493648708966832
2019-07-30,0.0005052077341900896
2019-07-31,0.0005138511587994001
2019-08-01,0.0006708060681569908
2019-08-02,0.0006496825782483997
2019-08-03,0.0006501237839253801
2019-08-04,0.0006505649896023605
2019-08-05,0.0007923940043243923
2019-08-06,0.0007585878920773186
2019-08-07,0.0008155948396026786
2019-08-08,0.0007873301550607446
2019-08-09,0.0007953775236489162
2019-08-10,0.0007955892489503213
2019-08-11,0.0007958009742517249
2019-08-12,0.0008624857253040671
2019-08-13,0.0008584752719385094
2019-08-14,0.0010036856303979136
2019-08-15,0.0009856320998154616
2019-08-16,0.0008811432880636225
2019-08-17,0.0008812305934554539
2019-08-18,0.000881317898847287
2019-08-19,0.000843676195971591
2019-08-20,0.0009185752431022836
2019-08-21,0.0009015237724476596
2019-08-22,0.000855801920926587
2019-08-23,0.0009717491647873577
2019-08-24,0.0009716980614087843
2019-08-25,0.0009716469580302109
2019-08-26,0.0009072895281775574
2019-08-27,0.0009402591682501145
2019-08-28,0.0008663778519156589
2019-08-29,0.0008011588781390433
2019-08-30,0.0007820297774725795
2019-08-31,0.0007822522041175908
2019-09-01,0.0007824746307626008
2019-09-02,0.0007826970574076111
2019-09-03,0.0008647339465159623
2019-09-04,0.000809383362757266
2019-09-05,0.0006920077951080211
2019-09-06,0.0006787958446109844
2019-09-07,0.0006791533346965024
2019-09-08,0.0006795108247820219
2019-09-09,0.0005431354675892032
2019-09-10,0.0004378689310617147
2019-09-11,0.00038060008534419746
2019-09-12,0.00036190098507049063
2019-09-13,0.0003083512083727709
2019-09-14,0.00030920704264980213
2019-09-15,0.00031006287692683345
2019-09-16,0.00034912357422491914
2019-09-17,0.00038733757697117686
2019-09-18,0.00037147507340923227
2019-09-19,0.0003699215966554893
2019-09-20,0.0004028805227389692
2019-09-21,0.0004036543473629077
2019-09-22,0.00040442817198684493
2019-09-23,0.00041873311984185456
2019-09-24,0.00047197979928958057
2019-09-25,0.0004295113431302625
2019-09-26,0.0004310172644121645
2019-09-27,0.00037873724200870304
2019-09-28,0.0003796020148514734
2019-09-29,0.0003804667876942449
2019-09-30,0.00038823502827361794
2019-10-01,0.00048188026372512395
2019-10-02,0.0006430957062621763
2019-10-03,0.000680264125609478
2019-10-04,0.0006033981865470856
2019-10-05,0.0006040436308467612
2019-10-06,0.0006046890751464368
2019-10-07,0.0006195741215835284
2019-10-08,0.0006810868257041516
2019-10-09,0.0006828519880901891
2019-10-10,0.0006212830425548269
2019-10-11,0.0005159490040644545
2019-10-12,0.0005166560273735351
2019-10-13,0.0005173630506826131
2019-10-14,0.0005295424264593145
2019-10-15,0.0004422599426214516
2019-10-16,0.00044706653610438493
2019-10-17,0.0004608009247912872
2019-10-18,0.0004299027793681689
2019-10-19,0.000430693659548039
2019-10-20,0.00043148453972791025
2019-10-21,0.00035051004621045674
2019-10-22,0.00035960426288265523
2019-10-23,0.00032743681649779945
2019-10-24,0.00033743769693708183
2019-10-25,0.00029674063351469
2019-10-26,0.00029764912481285047
2019-10-27,0.00029855761611101076
2019-10-28,0.00024037610352381744
2019-10-29,0.00020162656409802979
2019-10-30,0.0002807034215806904
2019-10-31,0.0003247877801704496
2019-11-01,0.00023811814472836612
2019-11-02,0.0002390892460853465
2019-11-03,0.00024006034744232567
2019-11-04,0.000134871287112787
2019-11-05,0.00010189584523261996
2019-11-06,0.00010651473475602625
2019-11-07,8.713047389013621e-05
2019-11-08,0.00010816998673132282
2019-11-09,0.00010925039242490141
2019-11-10,0.00011033079811848077
2019-11-11,0.00013460629233965298
2019-11-12,0.0001469765686892758
2019-11-13,0.00019301061325938367
2019-11-14,0.00018543517167696357
2019-11-15,0.0001716145551951326
2019-11-16,0.00017265072705674488
2019-11-17,0.00017368689891835841
2019-11-18,0.00016019677701751206
2019-11-19,0.00019038611709651582
2019-11-20,0.00022413530841559898
2019-11-21,0.00022955353814257647
2019-11-22,0.00017595377029002893
2019-11-23,0.0001769962311195532
2019-11-24,0.00017803869194907512
2019-11-25,0.00012587070780984506
2019-11-26,0.00019354424969009534
2019-11-27,0.0001619469757180099
2019-11-28,0.00016301545720065139
2019-11-29,0.0001986326830974328
2019-11-30,0.00019967506196049534
2019-12-01,0.0002007174408235589
2019-12-02,0.00023600438893048222
2019-12-03,0.00033286977673146643
2019-12-04,0.0003115653801381309
2019-12-05,0.00029567642989198684
2019-12-06,0.00025535999134225636
2019-12-07,0.0002563491301528945
2019-12-08,0.0002573382689635328
2019-12-09,0.0002405421943713512
2019-12-10,0.0002447370309010261
2019-12-11,0.000317015987762395
2019-12-12,0.00015449466952440323
2019-12-13,0.00012819710080236394
2019-12-14,0.0001293676035549375
2019-12-15,0.00013053810630750997
2019-12-16,7.631960048398088e-05
2019-12-17,3.306432519134138e-05
2019-12-18,7.842701910957953e-05
2019-12-19,8.303621716776417e-05
2019-12-20,9.489161452438282e-05
2019-12-21,9.609565065949274e-05
2019-12-22,9.729968679460368e-05
2019-12-23,9.11713950718128e-05
2019-12-24,9.644485399224985e-05
2019-12-25,9.763816763606002e-05
2019-12-26,6.325941393875136e-05
2019-12-27,6.704292049952975e-05
2019-12-28,6.82705841464814e-05
2019-12-29,6.949824779343131e-05
2019-12-30,5.096693442817362e-05
2019-12-31,5.543054132246025e-05
2020-01-01,5.6648986579766033e-05
2020-01-02,-4.3631812093312006e-05
2020-01-03,2.680187693436829e-05
2020-01-04,2.8017929685576813e-05
2020-01-05,2.9233982436784468e-05
2020-01-06,5.2840988653616184e-05
2020-01-07,-4.324350592194647e-06
2020-01-08,-4.807229446503159e-05
2020-01-09,-6.787888134014518e-05
2020-01-10,-2.0394173723332074e-05
2020-01-11,-1.918259654246627e-05
2020-01-12,-1.7971019361599815e-05
2020-01-13,-5.154656372461248e-05
2020-01-14,-6.657701476727747e-05
2020-01-15,-2.0241034405087393e-05
2020-01-16,-6.599294687842502e-05
2020-01-17,-5.9690150930566865e-05
2020-01-18,-5.843838697493193e-05
2020-01-19,-5.718662301929688e-05
2020-01-20,-5.593485906366119e-05
2020-01-21,0.00011205483122437589
2020-01-22,2.5571005430382384e-05
2020-01-23,3.151568311370983e-05
2020-01-24,0.00010252939960965284
2020-01-25,0.00010367564145957107
2020-01-26,0.00010482188330948855
2020-01-27,0.00018194836359371663
2020-01-28,0.00017475069900322774
2020-01-29,0.00020112555053811469
2020-01-30,0.0002574299358438997
2020-01-31,0.0003183384486077439
2020-02-01,0.0003190926830178844
2020-02-02,0.000319846917428027
2020-02-03,0.0002883435764136212
2020-02-04,0.0002347093263061016
2020-02-05,0.00012196840595757785
2020-02-06,0.00010597520286200656
2020-02-07,8.61286984235965e-05
2020-02-08,8.718164591054031e-05
2020-02-09,8.823459339748276e-05
2020-02-10,6.264865810775812e-05
2020-02-11,2.5314632803107517e-05
2020-02-12,-1.6756575930441508e-05
2020-02-13,1.8260316746891985e-05
2020-02-14,3.7233998206510086e-05
2020-02-15,3.8360444071801824e-05
2020-02-16,3.948688993709291e-05
2020-02-17,4.0613335802382536e-05
2020-02-18,6.316216956978266e-05
2020-02-19,4.5257871164736856e-05
2020-02-20,-3.5063611480377075e-07
2020-02-21,9.277070481847734e-05
2020-02-22,9.387734002797048e-05
2020-02-23,9.49839752374645e-05
2020-02-24,0.0002995734952125322
2020-02-25,0.0005164204000612416
2020-02-26,0.0005595766019985107
2020-02-27,0.000840371088537705
2020-02-28,0.0009782042883847049
2020-02-29,0.000978292798972904
2020-03-01,0.0009783813095611033
2020-03-02,0.0007405048910585018
2020-03-03,0.0009358836506210286
2020-03-04,0.0008731971617321129
2020-03-05,0.0012451998176224593
2020-03-06,0.0015542551828951223
2020-03-07,0.0015536571520240613
2020-03-08,0.001553059121152999
2020-03-09,0.002208404774083064
2020-03-10,0.0021155260924787915
2020-03-11,0.0023838084082313873
2020-03-12,0.0025812522094756534
2020-03-13,0.0021370983191867764
2020-03-14,0.002135441240620162
2020-03-15,0.002133784162053549
2020-03-16,0.002961062193384313
2020-03-17,0.002907340203758337
2020-03-18,0.002981250024637118
2020-03-19,0.0027983843957479714
2020-03-20,0.0025866441859266655
2020-03-21,0.002584292398655921
2020-03-22,0.0025819406113851786
2020-03-23,0.0036552740493626177
2020-03-24,0.003180371007435154
2020-03-25,0.0031856391667394127
2020-03-26,0.002788094548995987
2020-03-27,0.0027906997564489753
2020-03-28,0.002788983419530659
2020-03-29,0.0027872670826123397
2020-03-30,0.0029741314343226933
2020-03-31,0.003191581433801364
2020-04-01,0.003517924316232613
2020-04-02,0.0035729429964167824
2020-04-03,0.003776904627671973
2020-04-04,0.0037741134231170552
2020-04-05,0.0037713222185621394
2020-04-06,0.0036154384786100478
2020-04-07,0.0034685370290115504
2020-04-08,0.003076926427675278
2020-04-09,0.002662620513773337
2020-04-10,0.0026613816538921817
2020-04-11,0.0026601427940110244
2020-04-12,0.002658903934129867
2020-04-13,0.0029050240492942588
2020-04-14,0.0030615959796900767
2020-04-15,0.0032351391161266905
2020-04-16,0.003476410898583482
2020-04-17,0.0029364412380525713
2020-04-18,0.002934769223566986
2020-04-19,0.0029330972090813976
2020-04-20,0.002815514545046379
2020-04-21,0.002697515490284382
2020-04-22,0.002694943783287305
2020-04-23,0.0026717800658770247
2020-04-24,0.0024812179840127523
2020-04-25,0.0024798347248753258
2020-04-26,0.0024784514657379005
2020-04-27,0.002236118437976526
2020-04-28,0.00232552947903383
2020-04-29,0.0022160265573721353
2020-04-30,0.002395663482605082
2020-05-01,0.0025611605281660728
2020-05-02,0.002559853488922881
2020-05-03,0.0025585464496796894
2020-05-04,0.002484419323499809
2020-05-05,0.002404609732607001
2020-05-06,0.0025463194237187762
2020-05-07,0.00244231760472184
2020-05-08,0.002322504183573974
2020-05-09,0.0023212754135550086
2020-05-10,0.00232004664353604
2020-05-11,0.002558884639090185
2020-05-12,0.002743523504023784
2020-05-13,0.002954316209741354
2020-05-14,0.0028344772092880207
2020-05-15,0.0029338455658162494
2020-05-16,0.0029318165654489874
2020-05-17,0.0029297875650817285
2020-05-18,0.002669444285395002
2020-05-19,0.0029345996885340756
2020-05-20,0.002777517295191263
2020-05-21,0.0028024365455791306
2020-05-22,0.0027652809543117405
2020-05-23,0.00276360739050748
2020-05-24,0.0027619338267032187
2020-05-25,0.002760260262898961
2020-05-26,0.0024620896501631254
2020-05-27,0.0021126425749554735
2020-05-28,0.0022597277617622214
2020-05-29,0.0024207586800895353
2020-05-30,0.0024196656351253565
2020-05-31,0.002418572590161175
2020-06-01,0.0022864807522356024
2020-06-02,0.0023761848034938205
2020-06-03,0.002191384200129344
2020-06-04,0.0020211401081425984
2020-06-05,0.0018146384187225403
2020-06-06,0.0018145683298347588
2020-06-07,0.0018144982409469793
2020-06-08,0.0016396924809133236
2020-06-09,0.0017830578806942565
2020-06-10,0.0020562363441142665
2020-06-11,0.0024156921272554858
2020-06-12,0.002198925255658492
2020-06-13,0.002198206746247961
2020-06-14,0.002197488236837429
2020-06-15,0.002161355002295494
2020-06-16,0.002037039148139288
2020-06-17,0.002118140706187851
2020-06-18,0.0020952744662217906
2020-06-19,0.0022031525584579707
2020-06-20,0.002202412612886751
2020-06-21,0.002201672667315529
2020-06-22,0.00220298017310581
2020-06-23,0.0021649799155009147
2020-06-24,0.0023951380042725066
2020-06-25,0.0023549019797849784
2020-06-26,0.002612024987086186
2020-06-27,0.002610854565681739
2020-06-28,0.0026096841442772942
2020-06-29,0.0025488328851377396
2020-06-30,0.002487302957369684
2020-07-01,0.002586454768545046
2020-07-02,0.002628172734319126
2020-07-03,0.002627099814364353
2020-07-04,0.0026260268944095764
2020-07-05,0.0026249539744548
2020-07-06,0.0026459177886755136
2020-07-07,0.002741805267700531
2020-07-08,0.002772464630146952
2020-07-09,0.0029050659678320724
2020-07-10,0.002798173119348915
2020-07-11,0.0027969457305389556
2020-07-12,0.0027957183417289936
2020-07-13,0.00272607821287076
2020-07-14,0.002841021853728277
2020-07-15,0.0026621650013990946
2020-07-16,0.0026348227461476877
2020-07-17,0.002718394439749782
2020-07-18,0.002717333962493141
2020-07-19,0.002716273485236501
2020-07-20,0.0027609839173864223
2020-07-21,0.0026709402799365125
2020-07-22,0.0026840839179416986
2020-07-23,0.002593096438728191
2020-07-24,0.0026075842057764944
2020-07-25,0.002606729367777961
2020-07-26,0.002605874529779428
2020-07-27,0.0027177967873636775
2020-07-28,0.002663434088829068
2020-07-29,0.0025124744160573338
2020-07-30,0.002586014157623039
2020-07-31,0.0025534483193490787
2020-08-01,0.002552521415797583
2020-08-02,0.0025515945122460853
2020-08-03,0.002541967598336787
2020-08-04,0.0026212031070033067
2020-08-05,0.0026061577039242973
2020-08-06,0.0026190688347091594
2020-08-07,0.002481096497153325
2020-08-08,0.0024804187070024625
2020-08-09,0.002479740916851602
2020-08-10,0.002456735274929127
2020-08-11,0.0023546782296319166
2020-08-12,0.00235569788060144
2020-08-13,0.002501997444770304
2020-08-14,0.0024383712412562922
2020-08-15,0.0024377601469332565
2020-08-16,0.0024371490526102196
2020-08-17,0.0024965478952844226
2020-08-18,0.0025518614378662865
2020-08-19,0.0025486424250314326
2020-08-20,0.0026008196674782683
2020-08-21,0.0026290095893770566
2020-08-22,0.002628031529810252
2020-08-23,0.0026270534702434465
2020-08-24,0.002496949193483378
2020-08-25,0.002477240827842504
2020-08-26,0.0025760935615134276
2020-08-27,0.002450637529262162
2020-08-28,0.002423878057505988
2020-08-29,0.0024232806050354426
2020-08-30,0.002422683152564899
2020-08-31,0.002470988701987217
2020-09-01,0.0024417748806386938
2020-09-02,0.002441513417841427
2020-09-03,0.0024906078067867205
2020-09-04,0.0024473368682489606
2020-09-05,0.002446678905806661
2020-09-06,0.0024460209433643616
2020-09-07,0.0024453629809220636
2020-09-08,0.0025307449805893217
2020-09-09,0.0025754632457779527
2020-09-10,0.0026167238075395192
2020-09-11,0.0025265755079231077
2020-09-12,0.002525792016591086
2020-09-13,0.0025250085252590624
2020-09-14,0.0024183239066028544
2020-09-15,0.0024292735948401325
2020-09-16,0.002360773715180448
2020-09-17,0.0024399785483424385
2020-09-18,0.0024270719373938494
2020-09-19,0.0024263962802303952
2020-09-20,0.002425720623066943
2020-09-21,0.002541685817231897
2020-09-22,0.0026525189776929734
2020-09-23,0.0026972858387610656
2020-09-24,0.0026616510273349686
2020-09-25,0.002498537171114294
2020-09-26,0.00249734383128346
2020-09-27,0.0024961504914526277
2020-09-28,0.0024125100486912993
2020-09-29,0.002460040088480412
2020-09-30,0.0023449213265836874
2020-10-01,0.0022658852462347284
2020-10-02,0.002130857182188985
2020-10-03,0.002130238551249882
2020-10-04,0.002129619920310776
2020-10-05,0.0020030183956575754
2020-10-06,0.002047336397099655
2020-10-07,0.0019283518582297408
2020-10-08,0.001828033813100442
2020-10-09,0.0018148241580569027
2020-10-10,0.0018146263095489216
2020-10-11,0.0018144284610409425
2020-10-12,0.0017874233153709414
2020-10-13,0.0018731920581705388
2020-10-14,0.0019105047208247713
2020-10-15,0.0019221994261486822
2020-10-16,0.0019738671307888388
2020-10-17,0.0019734778151059324
2020-10-18,0.001973088499423027
2020-10-19,0.001984184464133327
2020-10-20,0.00194714972178661
2020-10-21,0.0019611751754098307
2020-10-22,0.0018295955885884027
2020-10-23,0.0017903781495142192
2020-10-24,0.0017903187930392818
2020-10-25,0.001790259436564343
2020-10-26,0.0018651685928087703
2020-10-27,0.0019777934590199378
2020-10-28,0.0020240980665729674
2020-10-29,0.0019456417351145672
2020-10-30,0.0019185401080299299
2020-10-31,0.001918213108214812
2020-11-01,0.001917886108399696
2020-11-02,0.001782211157380652
2020-11-03,0.0016454636163241128
2020-11-04,0.0018085629040336488
2020-11-05,0.0016311140708800478
2020-11-06,0.0017597320227208954
2020-11-07,0.001759601213621331
2020-11-08,0.001759470404521768
2020-11-09,0.0013978443250094955
2020-11-10,0.0013529200663615153
2020-11-11,0.0013681518057127317
2020-11-12,0.001517556419451363
2020-11-13,0.0014541905566549046
2020-11-14,0.0014545738921248354
2020-11-15,0.0014549572275947649
2020-11-16,0.0013291067197170295
2020-11-17,0.0013160814045140145
2020-11-18,0.0013695417928370056
2020-11-19,0.0013698543217083535
2020-11-20,0.0013995165099381069
2020-11-21,0.0013998367993504363
2020-11-22,0.0014001570887627666
2020-11-23,0.0013612535656170983
2020-11-24,0.0012768260944981576
2020-11-25,0.0013086590527258822
2020-11-26,0.001309238974627043
2020-11-27,0.0013184123615950403
2020-11-28,0.0013189872583825942
2020-11-29,0.001319562155170149
2020-11-30,0.0014419240873810822
2020-12-01,0.0013656333092623217
2020-12-02,0.0013606395157699795
2020-12-03,0.001370473836893528
2020-12-04,0.0013473712026293686
2020-12-05,0.001347911289921378
2020-12-06,0.0013484513772133856
2020-12-07,0.0013593318236038243
2020-12-08,0.0013696932644387046
2020-12-09,0.0013626943602619778
2020-12-10,0.0013911954173471148
2020-12-11,0.001455062392708811
2020-12-12,0.001455443569675772
2020-12-13,0.0014558247466427343
2020-12-14,0.0015116699665226867
2020-12-15,0.0014458117605277042
2020-12-16,0.0014327975239403204
2020-12-17,0.0014487029418591172
2020-12-18,0.0015092623730951805
2020-12-19,0.0015095273418342901
2020-12-20,0.0015097923105734
2020-12-21,0.001509147943337412
2020-12-22,0.0015348527284550274
2020-12-23,0.0014319696690003588
2020-12-24,0.001451195189554474
2020-12-25,0.0014515806874457198
2020-12-26,0.0014519661853369665
2020-12-27,0.001452351683228212
2020-12-28,0.0014262843338194693
2020-12-29,0.001461862206747402
2020-12-30,0.0014362346205502702
2020-12-31,0.0014029727076876784
2021-01-01,0.001403462948532004
2021-01-02,0.0014039531893763298
2021-01-03,0.0014044434302206566
2021-01-04,0.001421831214731288
2021-01-05,0.0013773358743310235
2021-01-06,0.0012369922947309054
2021-01-07,0.0011358444102123374
2021-01-08,0.0011942881332483992
2021-01-09,0.0011951257508470753
2021-01-10,0.001195963368445752
2021-01-11,0.001198902808564875
2021-01-12,0.0011468183627920223
2021-01-13,0.0011963295922207099
2021-01-14,0.00114619132451857
2021-01-15,0.0011973283639479652
2021-01-16,0.0011982887548482816
2021-01-17,0.0011992491457485973
2021-01-18,0.001200209536648914
2021-01-19,0.0012370186578472477
2021-01-20,0.001245047348416027
2021-01-21,0.0012665346616572996
2021-01-22,0.0012721332555680502
2021-01-23,0.0012730015774677537
2021-01-24,0.0012738698993674579
2021-01-25,0.0013375957818431577
2021-01-26,0.0013021645329439305
2021-01-27,0.0014206875616768625
2021-01-28,0.0013263056355861038
2021-01-29,0.00145740892961254
2021-01-30,0.00145791958759163
2021-01-31,0.0014584302455707204
2021-02-01,0.001413172787850123
2021-02-02,0.0013194486689850596
2021-02-03,0.0012621546686185652
2021-02-04,0.0011976849071704274
2021-02-05,0.0012277361929365982
2021-02-06,0.0012287558866887608
2021-02-07,0.0012297755804409236
2021-02-08,0.0011446325822454004
2021-02-09,0.0011356635117766587
2021-02-10,0.0011106023032754864
2021-02-11,0.0011601592563979324
2021-02-12,0.0011105935837898184
2021-02-13,0.0011117653775358522
2021-02-14,0.0011129371712818856
2021-02-15,0.0011141089650279186
2021-02-16,0.000982256327484997
2021-02-17,0.0010379806766416659
2021-02-18,0.0010931649045370225
2021-02-19,0.0010174690901091938
2021-02-20,0.001018974407618008
2021-02-21,0.0010204797251268227
2021-02-22,0.0009361430968601724
2021-02-23,0.0009772839623284765
2021-02-24,0.0008555351812586033
2021-02-25,0.0009268920718117858
2021-02-26,0.0010344897950118528
2021-02-27,0.0010359397863910678
2021-02-28,0.001037389777770282
2021-03-01,0.000925972970980961
2021-03-02,0.000891588554929076
2021-03-03,0.0009394408985498421
2021-03-04,0.0010672858851956454
2021-03-05,0.0009773685186022776
2021-03-06,0.0009789798715558811
2021-03-07,0.000980591224509486
2021-03-08,0.0009479781081131529
2021-03-09,0.0010050986372414623
2021-03-10,0.000975999820337158
2021-03-11,0.001038904477967446
2021-03-12,0.0010108340089386976
2021-03-13,0.0010125391604017936
2021-03-14,0.0010142443118648903
2021-03-15,0.001041111042391505
2021-03-16,0.0010419266532613462
2021-03-17,0.0009713354930358268
2021-03-18,0.0008855999474282575
2021-03-19,0.0008974987351620775
2021-03-20,0.0008991153102606549
2021-03-21,0.000900731885359232
2021-03-22,0.0009018244785862482
2021-03-23,0.0010243065031317576
2021-03-24,0.0010150514467279262
2021-03-25,0.0009172891622378711
2021-03-26,0.000892895002826284
2021-03-27,0.0008945823207807571
2021-03-28,0.0008962696387352289
2021-03-29,0.0010591288705526197
2021-03-30,0.0010232194747805594
2021-03-31,0.0010549936588466508
2021-04-01,0.0009528872061620875
2021-04-02,0.0009545387655116133
2021-04-03,0.0009561903248611386
2021-04-04,0.0009578418842106646
2021-04-05,0.0009135659092505512
2021-04-06,0.0008556210730106758
2021-04-07,0.0008554691668334524
2021-04-08,0.0008681823095604295
2021-04-09,0.0008550217552070326
2021-04-10,0.0008567746556821976
2021-04-11,0.0008585275561573641
2021-04-12,0.0008661099322174448
2021-04-13,0.0010418270181257747
2021-04-14,0.0009849244182989565
2021-04-15,0.0010212665632617897
2021-04-16,0.0009472378683405252
2021-04-17,0.0009487970857810391
2021-04-18,0.0009503563032215525
2021-04-19,0.0010036225116373907
2021-04-20,0.0011343751122981128
2021-04-21,0.0011342532207821363
2021-04-22,0.001229864496116843
2021-04-23,0.001140633592818931
2021-04-24,0.0011421322655347935
2021-04-25,0.001143630938250657
2021-04-26,0.0011288677751712275
2021-04-27,0.0011562669252437733
2021-04-28,0.0010471531108375543
2021-04-29,0.0010115361995591157
2021-04-30,0.0011182675672209597
2021-05-01,0.0011199118120216768
2021-05-02,0.0011215560568223928
2021-05-03,0.0011065133400455427
2021-05-04,0.001189386308467516
2021-05-05,0.0010614258267212485
2021-05-06,0.0009586465538438899
2021-05-07,0.0009046560455973065
2021-05-08,0.0009065185572367546
2021-05-09,0.0009083810688762018
2021-05-10,0.0010430116759464869
2021-05-11,0.0011567153652774305
2021-05-12,0.0012347868151487953
2021-05-13,0.001109533461662067
2021-05-14,0.0010107726374638864
2021-05-15,0.0010126245580019142
2021-05-16,0.0010144764785399427
2021-05-17,0.0009771103696158824
2021-05-18,0.0010172258694039625
2021-05-19,0.0010445804630001567
2021-05-20,0.0009806034728243778
2021-05-21,0.0009314407309188393
2021-05-22,0.0009332493059066086
2021-05-23,0.0009350578808943757
2021-05-24,0.0008959511466655153
2021-05-25,0.0009202029326601758
2021-05-26,0.0009269353567656444
2021-05-27,0.0008055258710910444
2021-05-28,0.0007705902092461957
2021-05-29,0.0007724994499685627
2021-05-30,0.0007744086906909286
2021-05-31,0.0007763179314132956
2021-06-01,0.0007465292106953053
2021-06-02,0.0007779549112415832
2021-06-03,0.0007532567690290489
2021-06-04,0.0007793577587045593
2021-06-05,0.0007811387919348281
2021-06-06,0.0007829198251650973
2021-06-07,0.0007869026670381631
2021-06-08,0.0007982416770852697
2021-06-09,0.0008749189813385375
2021-06-10,0.0009130682446841672
2021-06-11,0.0008957377902131189
2021-06-12,0.0008973168949022422
2021-06-13,0.0008988959995913646
2021-06-14,0.0009233341950546528
2021-06-15,0.0008872956029051214
2021-06-16,0.0009240388375672053
2021-06-17,0.0010838031346453692
2021-06-18,0.0012058583608631935
2021-06-19,0.0012069217532605747
2021-06-20,0.0012079851456579555
2021-06-21,0.0011370571415493874
2021-06-22,0.0011802009824736005
2021-06-23,0.0011564856881982762
2021-06-24,0.0010964329799766663
2021-06-25,0.001067534367500732
2021-06-26,0.001068917831173443
2021-06-27,0.0010703012948461565
2021-06-28,0.0011323073232617044
2021-06-29,0.0011466659992765528
2021-06-30,0.00117362486088766
2021-07-01,0.0011147158333751112
2021-07-02,0.001140382030075524
2021-07-03,0.0011417420069798217
2021-07-04,0.0011431019838841214
2021-07-05,0.0011444619607884222
2021-07-06,0.0012591082774509874
2021-07-07,0.0013153304173057372
2021-07-08,0.001433340147217306
2021-07-09,0.0012626527383199511
2021-07-10,0.0012639139511100995
2021-07-11,0.001265175163900247
2021-07-12,0.0012207874770723821
2021-07-13,0.0012718027882646673
2021-07-14,0.0012759949628283818
2021-07-15,0.0012299550498527222
2021-07-16,0.0013353063497014723
2021-07-17,0.0013364849916456614
2021-07-18,0.001337663633589852
2021-07-19,0.0015210074793313522
2021-07-20,0.0012804530558391395
2021-07-21,0.001119146623926557
2021-07-22,0.0011766132454925115
2021-07-23,0.001121953490232272
2021-07-24,0.0011231956879493704
2021-07-25,0.001124437885666469
2021-07-26,0.0010524438195772035
2021-07-27,0.0010523946420053691
2021-07-28,0.0010567378281486233
2021-07-29,0.0009772905374377827
2021-07-30,0.0010077024169970628
2021-07-31,0.0010089698882912428
2021-08-01,0.0010102373595854224
2021-08-02,0.0010060145721324334
2021-08-03,0.0009481927009079582
2021-08-04,0.0009862078857861387
2021-08-05,0.0009372243953064447
2021-08-06,0.0008848762824507786
2021-08-07,0.0008863638751600838
2021-08-08,0.0008878514678693913
2021-08-09,0.0008941727158182538
2021-08-10,0.0008567259339866456
2021-08-11,0.0008081241825479012
2021-08-12,0.0008177466792259845
2021-08-13,0.0008217648410391142
2021-08-14,0.00082333357296739
2021-08-15,0.000824902304895664
2021-08-16,0.0008432381534650615
2021-08-17,0.0009066834409145045
2021-08-18,0.0009408144504886929
2021-08-19,0.0009973425448970266
2021-08-20,0.0009772610749631079
2021-08-21,0.0009786423959619788
2021-08-22,0.0009800237169608492
2021-08-23,0.0009453730890427137
2021-08-24,0.0009104666509769438
2021-08-25,0.000855100013761826
2021-08-26,0.0009335799922376604
2021-08-27,0.0008731720536045344
2021-08-28,0.0008747823613726232
2021-08-29,0.0008763926691407122
2021-08-30,0.0009592224638867251
2021-08-31,0.0009569601015686684
2021-09-01,0.0009560698555016321
2021-09-02,0.000951435083483821
2021-09-03,0.0009586126882825453
2021-09-04,0.0009600788430534826
2021-09-05,0.0009615449978244198
2021-09-06,0.0009630111525953577
2021-09-07,0.0009766533796410131
2021-09-08,0.0010167349668984496
2021-09-09,0.0010338922074531807
2021-09-10,0.0010425364389955631
2021-09-11,0.0010438787068364405
2021-09-12,0.0010452209746773175
2021-09-13,0.0009779939027249889
2021-09-14,0.001054814676287149
2021-09-15,0.001001635128697306
2021-09-16,0.0010036330028384232
2021-09-17,0.0010810247064275253
2021-09-18,0.0010823714564909901
2021-09-19,0.0010837182065544526
2021-09-20,0.0013650480494116473
2021-09-21,0.0013923078132090504
2021-09-22,0.001271064404837449
2021-09-23,0.0011366539410698883
2021-09-24,0.001083988166033098
2021-09-25,0.0010855490796554642
2021-09-26,0.0010871099932778306
2021-09-27,0.0009410252428083811
2021-09-28,0.0010260105039827396
2021-09-29,0.0009688787518737038
2021-09-30,0.0010522931709041814
2021-10-01,0.0010029615925468427
2021-10-02,0.0010047175854031732
2021-10-03,0.0010064735782595025
2021-10-04,0.0010050603123052222
2021-10-05,0.000937045817238804
2021-10-06,0.0009583249960895177
2021-10-07,0.0008541240769864462
2021-10-08,0.0007684954167136849
2021-10-09,0.0007703424745738501
2021-10-10,0.0007721895324340161
2021-10-11,0.0008033796256127791
2021-10-12,0.0007908352437215119
2021-10-13,0.0007888545959856884
2021-10-14,0.0006618072627279463
2021-10-15,0.0006135365066019375
2021-10-16,0.0006154539895207685
2021-10-17,0.0006173714724395998
2021-10-18,0.0006323392436119626
2021-10-19,0.0005987378218706755
2021-10-20,0.000532551402525545
2021-10-21,0.0005424874315911941
2021-10-22,0.00045297748654856817
2021-10-23,0.00045516539660338034
2021-10-24,0.00045735330665819425
2021-10-25,0.0004258866448340502
2021-10-26,0.00036903502641992374
2021-10-27,0.00036004035683783473
2021-10-28,0.00031259788719075355
2021-10-29,0.0003270968433596458
2021-10-30,0.00032922942191286955
2021-10-31,0.0003313620004660937
2021-11-01,0.00021521660761745923
2021-11-02,0.00020266615836937816
2021-11-03,0.00019584305235264199
2021-11-04,0.000319771437897607
2021-11-05,0.000278525226637611
2021-11-06,0.00028073247576687306
2021-11-07,0.0002829397248961356
2021-11-08,0.00030061982332514137
2021-11-09,0.00028424955054281867
2021-11-10,0.00037396297807743483
2021-11-11,0.0003650410779071833
2021-11-12,0.00038604210403723116
2021-11-13,0.0003881100220155644
2021-11-14,0.0003901779399938972
2021-11-15,0.00041311033303619623
2021-11-16,0.000412281348714814
2021-11-17,0.00035386315923688523
2021-11-18,0.0004423123166187987
2021-11-19,0.0005988575278000293
2021-11-20,0.0006007263520326441
2021-11-21,0.0006025951762652589
2021-11-22,0.0005835543845365376
2021-11-23,0.0005416041271991425
2021-11-24,0.0005134466796670799
2021-11-25,0.0005155101632779817
2021-11-26,0.0007517734775635068
2021-11-27,0.0007535742889057703
2021-11-28,0.0007553751002480338
2021-11-29,0.0007083766196966943
2021-11-30,0.0007130447236208051
2021-12-01,0.0007602020273636623
2021-12-02,0.0005782267457096492
2021-12-03,0.0006720987089732186
2021-12-04,0.0006737831232757428
2021-12-05,0.0006754675375782644
2021-12-06,0.0006015996394335972
2021-12-07,0.0005095643229043856
2021-12-08,0.0005195747517312598
2021-12-09,0.0005522107380583692
2021-12-10,0.0005626569577635372
2021-12-11,0.0005644385121842924
2021-12-12,0.0005662200666050458
2021-12-13,0.0006234248828334687
2021-12-14,0.0006161328666733907
2021-12-15,0.0006626555574645149
2021-12-16,0.0005842462398862511
2021-12-17,0.0007377759067263528
2021-12-18,0.0007393344352100773
2021-12-19,0.0007408929636938013
2021-12-20,0.0008140636931297182
2021-12-21,0.0007325155817459741
2021-12-22,0.0006983296390465003
2021-12-23,0.0006363933923223372
2021-12-24,0.0006380299040584067
2021-12-25,0.0006396664157944758
2021-12-26,0.0006413029275305444
2021-12-27,0.0005706009123249683
2021-12-28,0.0005589092378160956
2021-12-29,0.0005769904099872402
2021-12-30,0.0006132613234774644
2021-12-31,0.0006266258401740415
2022-01-01,0.0006283332092975246
2022-01-02,0.0006300405784210083
2022-01-03,0.0005371514430217764
2022-01-04,0.00037850883878078447
2022-01-05,0.00045212805644741314
2022-01-06,0.0002552184809374806
2022-01-07,0.00015648828680225923
2022-01-08,0.0001587955763067148
2022-01-09,0.00016110286581117383
2022-01-10,0.0001965366422604191
2022-01-11,0.0001614661507841073
2022-01-12,9.886259496054818e-05
2022-01-13,0.00010185937714408478
2022-01-14,8.928753066866045e-05
2022-01-15,9.179233943483467e-05
2022-01-16,9.429714820101192e-05
2022-01-17,9.680195696718874e-05
2022-01-18,0.00017351980797216228
2022-01-19,0.0002500946720895448
2022-01-20,0.0002603010201563576
2022-01-21,0.00030574415194735026
2022-01-22,0.0003077522841871496
2022-01-23,0.00030976041642694855
2022-01-24,0.0004606895587991205
2022-01-25,0.0004142421944953881
2022-01-26,0.0003624987052355355
2022-01-27,0.00048319585525880395
2022-01-28,0.0004740598864862284
2022-01-29,0.00047613296620258646
2022-01-30,0.00047820604591894455
2022-01-31,0.00040779247974463825
2022-02-01,-8.227815712709809e-05
2022-02-02,-0.00011153981200558855
2022-02-03,-7.581059415791118e-05
2022-02-04,-7.924527664922732e-05
2022-02-05,-7.697468317319428e-05
2022-02-06,-7.470408969716081e-05
2022-02-07,-0.00012585549095464588
2022-02-08,-0.0002257436803535268
2022-02-09,-0.0003021717059165294
2022-02-10,-0.0002800793413745544
2022-02-11,-0.00016327038185620906
2022-02-12,-0.00016101976370264657
2022-02-13,-0.00015876914554908495
2022-02-14,-0.00013005501979636899
2022-02-15,-0.0001460734336346046
2022-02-16,-8.234010281488397e-05
2022-02-17,-8.619446056862962e-06
2022-02-18,3.981076103372859e-07
2022-02-19,2.5241577971749085e-06
2022-02-20,4.650207984012531e-06
2022-02-21,6.776258170850154e-06
2022-02-22,0.00019961228188095613
2022-02-23,0.00027832146309801414
2022-02-24,0.0006214755621676768
2022-02-25,0.00031751097148228265
2022-02-26,0.0003196344477588908
2022-02-27,0.0003217579240354972
2022-02-28,0.0005416664870179929
2022-03-01,0.0008481508366066015
2022-03-02,0.0007442972807705944
2022-03-03,0.0008888660832295416
2022-03-04,0.0012874844827753108
2022-03-05,0.0012891303329672565
2022-03-06,0.001290776183159203
2022-03-07,0.0016588015963229542
2022-03-08,0.001351758353880201
2022-03-09,0.0010924673918442213
2022-03-10,0.0011958366059250701
2022-03-11,0.0012256899523163875
2022-03-12,0.001227212237299468
2022-03-13,0.001228734522282548
2022-03-14,0.0011015635524263215
2022-03-15,0.0010702065392365944
2022-03-16,0.0007711002157607043
2022-03-17,0.0007280711321953899
2022-03-18,0.0006625916300606188
2022-03-19,0.0006643334500441404
2022-03-20,0.0006660752700276616
2022-03-21,0.0006327621265567965
2022-03-22,0.0005111933542302411
2022-03-23,0.0005995119009914057
2022-03-24,0.0005490776661279751
2022-03-25,0.0004802256308070051
2022-03-26,0.00048213279866674095
2022-03-27,0.00048403996652647725
2022-03-28,0.0005256056370565327
2022-03-29,0.0004028399294965868
2022-03-30,0.00046559583541314455
2022-03-31,0.00046191406778012733
2022-04-01,0.00043993230478371614
2022-04-02,0.00044143085790719714
2022-04-03,0.00044292941103067987
2022-04-04,0.0003925131006687335
2022-04-05,0.0005941831027125731
2022-04-06,0.0006758422140003642
2022-04-07,0.0006931739627112194
2022-04-08,0.0007059641402316808
2022-04-09,0.0007072757838591701
2022-04-10,0.0007085874274866595
2022-04-11,0.0007390536625086356
2022-04-12,0.0008712388876569023
2022-04-13,0.0008860941037415657
2022-04-14,0.0009258158267447152
2022-04-15,0.0009269185167903411
2022-04-16,0.0009280212068359666
2022-04-17,0.0009291238968815924
2022-04-18,0.0009127330991305976
2022-04-19,0.0008888775619337766
2022-04-20,0.0008662133535349858
2022-04-21,0.0009566369584518928
2022-04-22,0.0010391699654178953
2022-04-23,0.001040132990712039
2022-04-24,0.0010410960160061825
2022-04-25,0.0010344751887774411
2022-04-26,0.0011283132722408758
2022-04-27,0.001063265164872543
2022-04-28,0.0010726108831138961
2022-04-29,0.0012202930948469822
2022-04-30,0.0012209731191856938
2022-05-01,0.0012216531435244027
2022-05-02,0.0011868141986503538
2022-05-03,0.0010955502979043802
2022-05-04,0.000975910888905954
2022-05-05,0.0011266966906688365
2022-05-06,0.0011516730657180638
2022-05-07,0.0011524422021487533
2022-05-08,0.001153211338579444
2022-05-09,0.0012695927342207063
2022-05-10,0.0012764004467051844
2022-05-11,0.0013339359760494733
2022-05-12,0.0013524997691763331
2022-05-13,0.0013041874820998683
2022-05-14,0.0013046699836495265
2022-05-15,0.0013051524851991837
2022-05-16,0.0013316608212495546
2022-05-17,0.0012062864199805842
2022-05-18,0.0012973871797807778
2022-05-19,0.0012772751311903121
2022-05-20,0.001284562259166434
2022-05-21,0.001284998790191192
2022-05-22,0.0012854353212159492
2022-05-23,0.0011777603241990516
2022-05-24,0.0011571177095967553
2022-05-25,0.0011605207821109372
2022-05-26,0.0011017289722032155
2022-05-27,0.0010803357379021265
2022-05-28,0.0010811961094127536
2022-05-29,0.001082056480923381
2022-05-30,0.0010829168524340083
2022-05-31,0.0010835615008375188
2022-06-01,0.0011172987445583103
2022-06-02,0.0010584589059502232
2022-06-03,0.001111841469621126
2022-06-04,0.0011126897889475944
2022-06-05,0.001113538108274063
2022-06-06,0.00108603855745267
2022-06-07,0.0010916432363986582
2022-06-08,0.0012416150855289849
2022-06-09,0.0013696983553145835
2022-06-10,0.0015070434204486863
2022-06-11,0.0015074642420818442
2022-06-12,0.0015078850637150005
2022-06-13,0.0015426232681460806
2022-06-14,0.0015805558631286814
2022-06-15,0.0015292423027067072
2022-06-16,0.0016486591676150152
2022-06-17,0.001601184588097004
2022-06-18,0.0016015846218960233
2022-06-19,0.0016019846556950433
2022-06-20,0.0016023846894940626
2022-06-21,0.0015236042397807085
2022-06-22,0.0014897509235993962
2022-06-23,0.0015541581095490948
2022-06-24,0.001269761023366235
2022-06-25,0.0012705312035372037
2022-06-26,0.001271301383708171
2022-06-27,0.0013067318948058384
2022-06-28,0.0013558179948003712
2022-06-29,0.0014395803037379725
2022-06-30,0.0014557087662493626
2022-07-01,0.0014153016507813937
2022-07-02,0.0014159301491017144
2022-07-03,0.0014165586474220338
2022-07-04,0.001417187145742353
2022-07-05,0.001438496272342299
2022-07-06,0.0015449242675169038
2022-07-07,0.0014890723152846258
2022-07-08,0.0014869231119488623
2022-07-09,0.0014874890337660338
2022-07-10,0.0014880549555832071
2022-07-11,0.0015394921184183695
2022-07-12,0.0015305457627729053
2022-07-13,0.0016396471458125785
2022-07-14,0.001758930654651228
2022-07-15,0.0015269125079153045
2022-07-16,0.0015274341914246353
2022-07-17,0.0015279558749339663
2022-07-18,0.0015285136067708593
2022-07-19,0.0013819908709596187
2022-07-20,0.001429574450869396
2022-07-21,0.0013488581173352154
2022-07-22,0.0013795436957943124
2022-07-23,0.001380185599013612
2022-07-24,0.0013808275022329113
2022-07-25,0.0012866558583913405
2022-07-26,0.001610146491447373
2022-07-27,0.001448334810151435
2022-07-28,0.0013679973505236415
2022-07-29,0.0012381063643673359
2022-07-30,0.0012389756705186187
2022-07-31,0.0012398449766699042
2022-08-01,0.0012689384050464272
2022-08-02,0.0013518340155148582
2022-08-03,0.0012695707699747348
2022-08-04,0.0012856084045338345
2022-08-05,0.0012719866200693888
2022-08-06,0.001272817302913518
2022-08-07,0.001273647985757647
2022-08-08,0.001251305611852781
2022-08-09,0.0012807915104420817
2022-08-10,0.0011349104257759863
2022-08-11,0.0011000231113706752
2022-08-12,0.0010164985186935783
2022-08-13,0.0010175438258300134
2022-08-14,0.0010185891329664472
2022-08-15,0.0010726672119960104
2022-08-16,0.0010361711514351528
2022-08-17,0.0011277442328486618
2022-08-18,0.0011053427463155433
2022-08-19,0.0012556729245416453
2022-08-20,0.0012565604420398569
2022-08-21,0.0012574479595380693
2022-08-22,0.00141913846695286
2022-08-23,0.0014259818843932108
2022-08-24,0.0014575739365964642
2022-08-25,0.0013690136407148515
2022-08-26,0.001542145795125661
2022-08-27,0.0015427482330439097
2022-08-28,0.0015433506709621584
2022-08-29,0.001522091752491342
2022-08-30,0.001566921360415316
2022-08-31,0.0016233070400236333
2022-09-01,0.0016720576731009637
2022-09-02,0.0016937199924374688
2022-09-03,0.0016941319895273158
2022-09-04,0.001694543986617161
2022-09-05,0.0016949559837070058
2022-09-06,0.001726224040912691
2022-09-07,0.0016248342147713736
2022-09-08,0.0014974383696357775
2022-09-09,0.0014066237512771712
2022-09-10,0.0014073036227612297
2022-09-11,0.001407983494245289
2022-09-12,0.0012939168961940257
2022-09-13,0.0014549735767463788
2022-09-14,0.0014577704753911248
2022-09-15,0.0013887291296288788
2022-09-16,0.0014740018361863345
2022-09-17,0.0014745837161585147
2022-09-18,0.0014751655961306948
2022-09-19,0.0014478357691724989
2022-09-20,0.0015383113075527776
2022-09-21,0.0016699131713067284
2022-09-22,0.0018133995500003832
2022-09-23,0.0019054698770593257
2022-09-24,0.001905606711724166
2022-09-25,0.0019057435463890042
2022-09-26,0.0020270816299729263
2022-09-27,0.0020715933159714674
2022-09-28,0.0019119432830821564
2022-09-29,0.001968003882914448
2022-09-30,0.0020279637547310084
2022-10-01,0.0020279850386358965
2022-10-02,0.002028006322540787
2022-10-03,0.0018752375888674985
2022-10-04,0.0015986837177096157
2022-10-05,0.0017079034605416875
2022-10-06,0.0018645977060049953
2022-10-07,0.0020238871905537215
2022-10-08,0.002023915811262583
2022-10-09,0.0020239444319714436
2022-10-10,0.0020646964932248
2022-10-11,0.0021875290531428995
2022-10-12,0.002240563197161879
2022-10-13,0.0019555221735364186
2022-10-14,0.0021163687218783674
2022-10-15,0.002116307189572208
2022-10-16,0.0021162456572660477
2022-10-17,0.0019155295544118196
2022-10-18,0.002011324498191494
2022-10-19,0.002127241441336288
2022-10-20,0.0023717342702894552
2022-10-21,0.0022385910716359045
2022-10-22,0.0022383919664183726
2022-10-23,0.002238192861200843
2022-10-24,0.0021003794450757977
2022-10-25,0.0019222047317545574
2022-10-26,0.0019084470823912314
2022-10-27,0.0019263447873542293
2022-10-28,0.0018334794107977299
2022-10-29,0.0018337635390968177
2022-10-30,0.0018340476673959054
2022-10-31,0.0018812301483501503
2022-11-01,0.0018715017798663818
2022-11-02,0.001972639033300092
2022-11-03,0.002098366376445091
2022-11-04,0.0019694535204018227
2022-11-05,0.0019695917084015854
2022-11-06,0.0019697298964013463
2022-11-07,0.0019376898633223449
2022-11-08,0.001895369141470895
2022-11-09,0.0020534444733946934
2022-11-10,0.0017288538504194818
2022-11-11,0.0015580924952767151
2022-11-12,0.0015587382522618516
2022-11-13,0.001559384009246989
2022-11-14,0.0016506612814301798
2022-11-15,0.0016224860633733762
2022-11-16,0.0016726643437176153
2022-11-17,0.0016983726952439317
2022-11-18,0.0016674197881113146
2022-11-19,0.0016678765288147203
2022-11-20,0.001668333269518126
2022-11-21,0.001642862031323622
2022-11-22,0.0016267665845035363
2022-11-23,0.0016163196487887633
2022-11-24,0.0016168686041962946
2022-11-25,0.0015849006659990855
2022-11-26,0.0015855072966391502
2022-11-27,0.0015861139272792127
2022-11-28,0.001715046862957744
2022-11-29,0.0016660421277199888
2022-11-30,0.0016031156710892384
2022-12-01,0.0016281657144566171
2022-12-02,0.0016898589632394075
2022-12-03,0.0016902548562460651
2022-12-04,0.001690650749252724
2022-12-05,0.0018211214737385373
2022-12-06,0.0018664918172454348
2022-12-07,0.0018708888069918054
2022-12-08,0.0018586555537627605
2022-12-09,0.0018561267464843214
2022-12-10,0.0018561630487971502
2022-12-11,0.0018561993511099777
2022-12-12,0.0017742227664635567
2022-12-13,0.0017652834852126562
2022-12-14,0.0018301425353283026
2022-12-15,0.0018873175658710296
2022-12-16,0.0019030626879536748
2022-12-17,0.001902980837917298
2022-12-18,0.0019028989878809197
2022-12-19,0.001913756072754233
2022-12-20,0.0019117956006784178
2022-12-21,0.001864719413845729
2022-12-22,0.001826363578582573
2022-12-23,0.0018121982272200049
2022-12-24,0.0018123131577587282
2022-12-25,0.0018124280882974525
2022-12-26,0.0018125430188361757
2022-12-27,0.0017982759315836132
2022-12-28,0.001818229193115171
2022-12-29,0.0017727739030179055
2022-12-30,0.0017876789747038246
2022-12-31,0.0017878486498363578
2023-01-01,0.0017880183249688914
2023-01-02,0.0017881880001014258
2023-01-03,0.0017435668754912565
2023-01-04,0.0016474558881058165
2023-01-05,0.0016720177849110537
2023-01-06,0.001596854321568355
2023-01-07,0.0015974018933355022
2023-01-08,0.0015979494651026487
2023-01-09,0.001592318582785223
2023-01-10,0.0015662448822588596
2023-01-11,0.0015412971712456525
2023-01-12,0.001500785310337812
2023-01-13,0.0014799981049689911
2023-01-14,0.0014807689899828404
2023-01-15,0.0014815398749966906
2023-01-16,0.0014823107600105394
2023-01-17,0.0014488122200286254
2023-01-18,0.0014642455688204695
2023-01-19,0.0014560615437054533
2023-01-20,0.0014376150961820798
2023-01-21,0.0014384388311598027
2023-01-22,0.0014392625661375255
2023-01-23,0.0014162667337384261
2023-01-24,0.0014274270104797306
2023-01-25,0.001406943521514384
2023-01-26,0.0013702913255313415
2023-01-27,0.0013989479757096105
2023-01-28,0.00139987938246139
2023-01-29,0.0014008107892131685
2023-01-30,0.0014257169197111163
2023-01-31,0.0013915622264784686
2023-02-01,0.0013601690064758828
2023-02-02,0.0013541522926263263
2023-02-03,0.0013572451185545494
2023-02-04,0.0013583156504173208
2023-02-05,0.0013593861822800922
2023-02-06,0.0014036821461078158
2023-02-07,0.0013635286359259622
2023-02-08,0.0013813236864480371
2023-02-09,0.0013933588645974491
2023-02-10,0.0013989474320601943
2023-02-11,0.0013998358640476471
2023-02-12,0.001400724296035099
2023-02-13,0.001360220723139135
2023-02-14,0.0013374209968410487
2023-02-15,0.001341124418018209
2023-02-16,0.0013656922908388941
2023-02-17,0.0013601968709656543
2023-02-18,0.0013611106005563638
2023-02-19,0.0013620243301470732
2023-02-20,0.0013629380597377817
2023-02-21,0.0014031663821335522
2023-02-22,0.0014282368015646144
2023-02-23,0.0014198878033282254
2023-02-24,0.0014340914756670563
2023-02-25,0.0014348341632222936
2023-02-26,0.0014355768507775314
2023-02-27,0.001405331694651562
2023-02-28,0.001404083034094671
2023-03-01,0.0014237461436311756
2023-03-02,0.001457082769387997
2023-03-03,0.001396357415816237
2023-03-04,0.0013970350972485994
2023-03-05,0.0013977127786809615
2023-03-06,0.0013961543677136821
2023-03-07,0.0014653685929230647
2023-03-08,0.0014807195115777844
2023-03-09,0.0015504097296301898
2023-03-10,0.0016454883051673637
2023-03-11,0.001645205326556798
2023-03-12,0.0016449223479462318
2023-03-13,0.001916304376379725
2023-03-14,0.0020318243875197795
2023-03-15,0.0018219578242232308
2023-03-16,0.001833396021994059
2023-03-17,0.0018587533659819625
2023-03-18,0.0018571531161990288
2023-03-19,0.0018555528664160963
2023-03-20,0.001934460556725125
2023-03-21,0.0020898945329163466
2023-03-22,0.002060405950836032
2023-03-23,0.0018836559100637148
2023-03-24,0.001833201579730033
2023-03-25,0.0018320119919697968
2023-03-26,0.0018308224042095614
2023-03-27,0.0018705049551549665
2023-03-28,0.0018291953453866677
2023-03-29,0.0018558492887924987
2023-03-30,0.0019281672100232385
2023-03-31,0.002003865914148158
2023-04-01,0.0020029575097440296
2023-04-02,0.0020020491053399014
2023-04-03,0.0019672227361228305
2023-04-04,0.0020552571206652365
2023-04-05,0.002021381409158835
2023-04-06,0.001984304837275122
2023-04-07,0.0019831656360466475
2023-04-08,0.0019820264348181732
2023-04-09,0.0019808872335896986
2023-04-10,0.001953046646853972
2023-04-11,0.0020220662016387763
2023-04-12,0.002011575289778906
2023-04-13,0.0020299852387589317
2023-04-14,0.0020742360143714005
2023-04-15,0.0020732204228428733
2023-04-16,0.002072204831314346
2023-04-17,0.001953066033643393
2023-04-18,0.0019610261505344576
2023-04-19,0.0019030178616121904
2023-04-20,0.0019173504577058395
2023-04-21,0.0020176386452305803
2023-04-22,0.002016278308888636
2023-04-23,0.0020149179725466905
2023-04-24,0.002034935985997711
2023-04-25,0.001964292444264654
2023-04-26,0.002015140101517661
2023-04-27,0.002022855005923873
2023-04-28,0.0019432176492771534
2023-04-29,0.0019420328285518632
2023-04-30,0.0019408480078265727
2023-05-01,0.0019740620725600725
2023-05-02,0.0021130355411685814
2023-05-03,0.002066336788426419
2023-05-04,0.0021470809828606522
2023-05-05,0.0021114366626822584
2023-05-06,0.002109580100273796
2023-05-07,0.002107723537865333
2023-05-08,0.0020879359605782436
2023-05-09,0.0020850292535695633
2023-05-10,0.0020944735599766123
2023-05-11,0.002141636298000963
2023-05-12,0.0020854464533945406
2023-05-13,0.0020833122555260633
2023-05-14,0.002081178057657585
2023-05-15,0.002080461677484378
2023-05-16,0.0020744930340187923
2023-05-17,0.002016649893833671
2023-05-18,0.0019686344583769015
2023-05-19,0.00205664589614261
2023-05-20,0.0020549815303101985
2023-05-21,0.0020533171644777875
2023-05-22,0.0020096070896997264
2023-05-23,0.0019409878784399975
2023-05-24,0.0019306564438276723
2023-05-25,0.001906190167007977
2023-05-26,0.0019356153380727858
2023-05-27,0.0019341102625333958
2023-05-28,0.0019326051869940062
2023-05-29,0.001931100111454616
2023-05-30,0.0018342060337033618
2023-05-31,0.0017886064455516532
2023-06-01,0.0018523835477518185
2023-06-02,0.0018368986531906435
2023-06-03,0.0018356232727415175
2023-06-04,0.0018343478922923906
2023-06-05,0.001861315340363439
2023-06-06,0.001814340458885589
2023-06-07,0.0017819044989930216
2023-06-08,0.001800285475134342
2023-06-09,0.0018249703830843101
2023-06-10,0.0018237909435602686
2023-06-11,0.0018226115040362297
2023-06-12,0.0018795599084149592
2023-06-13,0.0018477149504697542
2023-06-14,0.001919015619365636
2023-06-15,0.001876686940731293
2023-06-16,0.0018941981007450915
2023-06-17,0.0018929119998552571
2023-06-18,0.0018916258989654239
2023-06-19,0.0018903397980755893
2023-06-20,0.0018783740885473504
2023-06-21,0.001859965741822453
2023-06-22,0.0019008527719960465
2023-06-23,0.0019229475763378307
2023-06-24,0.0019213208660378827
2023-06-25,0.0019196941557379338
2023-06-26,0.0018728389796604835
2023-06-27,0.0018961149683671995
2023-06-28,0.0018873494635755549
2023-06-29,0.0019038199691690113
2023-06-30,0.00196901076944352
2023-07-01,0.0019674644235072583
2023-07-02,0.001965918077570998
2023-07-03,0.001925248902646534
2023-07-04,0.0019238828673899613
2023-07-05,0.0018595454498515351
2023-07-06,0.0017879929156071437
2023-07-07,0.001770732776095839
2023-07-08,0.0017694204471138807
2023-07-09,0.0017681081181319233
2023-07-10,0.001766795789149965
