Date,UBS - JPM Accumulated Oriented Area
2019-01-01,0.0
2019-01-02,0.0
2019-01-03,1.1149950472943864e-07
2019-01-04,5.358979359594019e-06
2019-01-05,5.3840088384098146e-06
2019-01-06,5.409038317226022e-06
2019-01-07,3.4859405742391335e-06
2019-01-08,1.9929106594825816e-06
2019-01-09,1.6404427554064646e-06
2019-01-10,-1.5196683075196085e-07
2019-01-11,-4.325725580510227e-06
2019-01-12,-4.4287888928577765e-06
2019-01-13,-4.531852205206019e-06
2019-01-14,2.5988036424357102e-06
2019-01-15,9.39171327112254e-06
2019-01-16,7.1648947279408e-06
2019-01-17,1.377610251185583e-05
2019-01-18,2.6745913097160472e-05
2019-01-19,2.6853503520381987e-05
2019-01-20,2.69610939436035e-05
2019-01-21,2.7068684366823905e-05
2019-01-22,4.8648767497305394e-05
2019-01-23,4.325475658563822e-05
2019-01-24,4.289958692659005e-05
2019-01-25,4.5194736512721425e-05
2019-01-26,4.533718121593387e-05
2019-01-27,4.5479625919146296e-05
2019-01-28,5.0978472543477166e-05
2019-01-29,5.402393661927199e-05
2019-01-30,4.4731660081677566e-05
2019-01-31,5.3075256758287336e-05
2019-02-01,5.87425474667141e-05
2019-02-02,5.896819890181434e-05
2019-02-03,5.919385033691457e-05
2019-02-04,6.220203935009805e-05
2019-02-05,5.127012392065989e-05
2019-02-06,5.274703725213552e-05
2019-02-07,5.919131257508836e-05
2019-02-08,6.173775233158589e-05
2019-02-09,6.184353263499733e-05
2019-02-10,6.194931293840876e-05
2019-02-11,6.231586828117659e-05
2019-02-12,5.946457703978711e-05
2019-02-13,5.701666581362042e-05
2019-02-14,6.498545570842514e-05
2019-02-15,5.334744054105821e-05
2019-02-16,5.366105614790558e-05
2019-02-17,5.397467175475336e-05
2019-02-18,5.428828736160111e-05
2019-02-19,5.592194541376419e-05
2019-02-20,8.684993626222661e-05
2019-02-21,9.768698896126774e-05
2019-02-22,0.0001002828289972295
2019-02-23,0.00010070268935755925
2019-02-24,0.00010112254971788956
2019-02-25,8.729426118818482e-05
2019-02-26,8.009219800467545e-05
2019-02-27,7.823018450738737e-05
2019-02-28,7.920439428210414e-05
2019-03-01,7.72585322718607e-05
2019-03-02,7.755586049716401e-05
2019-03-03,7.785318872246736e-05
2019-03-04,8.280933125467687e-05
2019-03-05,9.032267271864116e-05
2019-03-06,9.891022933284201e-05
2019-03-07,0.00011982612891536044
2019-03-08,0.00012254083287550544
2019-03-09,0.0001229321708811074
2019-03-10,0.00012332350888670938
2019-03-11,0.0001009526734563468
2019-03-12,0.00010406048095474546
2019-03-13,9.424513506574304e-05
2019-03-14,8.513541486430281e-05
2019-03-15,7.913052633272623e-05
2019-03-16,7.967401459386444e-05
2019-03-17,8.021750285500261e-05
2019-03-18,5.3327700705060394e-05
2019-03-19,5.079789681318129e-05
2019-03-20,8.180995846404963e-05
2019-03-21,9.953227259500447e-05
2019-03-22,0.00013969114791342007
2019-03-23,0.00013988153811382784
2019-03-24,0.00014007192831423562
2019-03-25,0.00015211873053371785
2019-03-26,0.00013895612984234792
2019-03-27,0.00014519539071343712
2019-03-28,0.00013026103870165872
2019-03-29,0.00012374252603262418
2019-03-30,0.00012397417249103865
2019-03-31,0.0001242058189494531
2019-04-01,8.34583980810084e-05
2019-04-02,7.952615287666292e-05
2019-04-03,7.167519523702633e-05
2019-04-04,6.733869239000714e-05
2019-04-05,7.08768423126863e-05
2019-04-06,7.126467227242143e-05
2019-04-07,7.165250223215601e-05
2019-04-08,7.171521863169707e-05
2019-04-09,7.771613432415754e-05
2019-04-10,7.751303406306705e-05
2019-04-11,5.753141443148297e-05
2019-04-12,2.9288043736592068e-05
2019-04-13,2.9971726105208954e-05
2019-04-14,3.065540847382583e-05
2019-04-15,2.5930392868029237e-05
2019-04-16,2.776293781607177e-06
2019-04-17,-2.0318269046371327e-05
2019-04-18,-1.101899425001877e-05
2019-04-19,-1.0293872340442311e-05
2019-04-20,-9.568750430865784e-06
2019-04-21,-8.843628521289318e-06
2019-04-22,-7.87873558554384e-06
2019-04-23,1.809123184106232e-05
2019-04-24,7.01472735130705e-06
2019-04-25,-1.110812495155895e-05
2019-04-26,-7.282974787641247e-06
2019-04-27,-6.505513090483776e-06
2019-04-28,-5.728051393326372e-06
2019-04-29,-3.8957382849559225e-05
2019-04-30,-2.3165455363303318e-05
2019-05-01,2.116262230469779e-06
2019-05-02,-1.279402875138252e-05
2019-05-03,-2.1665099315077175e-06
2019-05-04,-1.302646085824132e-06
2019-05-05,-4.3878224013963157e-07
2019-05-06,0.00013374474537982753
2019-05-07,0.00020627184865146567
2019-05-08,0.00020655922280830128
2019-05-09,0.00022988979637579262
2019-05-10,0.00022952529705510578
2019-05-11,0.0002304547715967528
2019-05-12,0.00023138424613839982
2019-05-13,0.00032095293598468483
2019-05-14,0.0003043892957282457
2019-05-15,0.00031488105595735635
2019-05-16,0.0002688807952382836
2019-05-17,0.00028169556019698515
2019-05-18,0.0002825626151456821
2019-05-19,0.00028342967009437753
2019-05-20,0.0002704821734427098
2019-05-21,0.0002605990781196228
2019-05-22,0.0002919136794085957
2019-05-23,0.00034587466863605573
2019-05-24,0.00031386021117381184
2019-05-25,0.0003146755564065682
2019-05-26,0.00031549090163932633
2019-05-27,0.00031630624687208276
2019-05-28,0.0003638204551823485
2019-05-29,0.00037441062600811626
2019-05-30,0.00040414722135397485
2019-05-31,0.00043934252089717263
2019-06-01,0.00044004676196791176
2019-06-02,0.0004407510030386509
2019-06-03,0.000427032231724316
2019-06-04,0.00033226792830681615
2019-06-05,0.0003277482896511073
2019-06-06,0.00032178224734388984
2019-06-07,0.0003426497912054836
2019-06-08,0.0003434588243792674
2019-06-09,0.00034426785755305124
2019-06-10,0.00031684350729213075
2019-06-11,0.00030492340772242355
2019-06-12,0.0003512316708662162
2019-06-13,0.0003514763059876667
2019-06-14,0.00036167421945246687
2019-06-15,0.00036258844984057826
2019-06-16,0.0003635026802286902
2019-06-17,0.0003844958485442849
2019-06-18,0.00033175630052409183
2019-06-19,0.0003393900821477723
2019-06-20,0.0003346111666818022
2019-06-21,0.00036353434157283923
2019-06-22,0.000364400305899809
2019-06-23,0.0003652662702267786
2019-06-24,0.0003814841606588953
2019-06-25,0.0004091411714373939
2019-06-26,0.0003857357982667169
2019-06-27,0.0003654264114155808
2019-06-28,0.00030745741936192834
2019-06-29,0.00030841303301826087
2019-06-30,0.00030936864667459156
2019-07-01,0.0002680762801551366
2019-07-02,0.0002625221000582311
2019-07-03,0.0002725893821393893
2019-07-04,0.00027357107904688683
2019-07-05,0.00024275868175525602
2019-07-06,0.00024374342900915057
2019-07-07,0.0002447281762630467
2019-07-08,0.00028097502636749785
2019-07-09,0.0002839901351626707
2019-07-10,0.00027178774988940286
2019-07-11,0.00023508035700191423
2019-07-12,0.00020849617819131356
2019-07-13,0.00020956696830295196
2019-07-14,0.00021063775841459028
2019-07-15,0.0002441245871900403
2019-07-16,0.00023123320959863694
2019-07-17,0.000262194083735377
2019-07-18,0.00023829721930205205
2019-07-19,0.0002825177658694152
2019-07-20,0.00028354665152174836
2019-07-21,0.00028457553717408225
2019-07-22,0.00025256155875367484
2019-07-23,0.0001922346986788359
2019-07-24,0.00026381486825534215
2019-07-25,0.0003573161373684227
2019-07-26,0.0003596985590141804
2019-07-27,0.0003610303114836038
2019-07-28,0.0003623620639530262
2019-07-29,0.000376941351551103
2019-07-30,0.00040442785228195124
2019-07-31,0.00040814685257984013
2019-08-01,0.0005556600078651109
2019-08-02,0.000520732365288293
2019-08-03,0.0005219406611609288
2019-08-04,0.0005231489570335647
2019-08-05,0.0006611065377255218
2019-08-06,0.0006229245929738368
2019-08-07,0.0007238319072435362
2019-08-08,0.0006539717279160865
2019-08-09,0.0006583243680948424
2019-08-10,0.0006594058448201757
2019-08-11,0.0006604873215455054
2019-08-12,0.0007580986007307059
2019-08-13,0.0006945945328058645
2019-08-14,0.000921008636123254
2019-08-15,0.0009027403841381438
2019-08-16,0.0007767870568363639
2019-08-17,0.0007778768162853341
2019-08-18,0.0007789665757343085
2019-08-19,0.0007327014351610365
2019-08-20,0.0007978072921296145
2019-08-21,0.0007821836228089344
2019-08-22,0.0007259169351735761
2019-08-23,0.0008482138365696892
2019-08-24,0.0008491754041370611
2019-08-25,0.0008501369717044331
2019-08-26,0.0008100559292612443
2019-08-27,0.0008638303605485517
2019-08-28,0.00081770013194596
2019-08-29,0.0007127148470875061
2019-08-30,0.0006860337889563344
2019-08-31,0.0006871987211701917
2019-09-01,0.0006883636533840494
2019-09-02,0.0006895285855979072
2019-09-03,0.0007550623831889706
2019-09-04,0.0006920808882238223
2019-09-05,0.0005719634052423528
2019-09-06,0.0005555973456092306
2019-09-07,0.0005568505267720221
2019-09-08,0.0005581037079348135
2019-09-09,0.0004271613715810065
2019-09-10,0.0003265159453338005
2019-09-11,0.0003035821972399291
2019-09-12,0.0002951761435073268
2019-09-13,0.00019893829021451606
2019-09-14,0.0002004071351553021
2019-09-15,0.0002018759800960886
2019-09-16,0.0002605243922866464
2019-09-17,0.0003053346942595351
2019-09-18,0.0002740203536494383
2019-09-19,0.00026932174400330053
2019-09-20,0.00029782528213973447
2019-09-21,0.00029929074215266367
2019-09-22,0.00030075620216559265
2019-09-23,0.0003225850904617733
2019-09-24,0.00039334217804124416
2019-09-25,0.00037405372888409024
2019-09-26,0.00040940118104351936
2019-09-27,0.00036984371682828566
2019-09-28,0.00037127620806151634
2019-09-29,0.0003727086992947502
2019-09-30,0.0003768722295590069
2019-10-01,0.00047486671629698646
2019-10-02,0.0006187060465481672
2019-10-03,0.0006751670295041808
2019-10-04,0.0005657083199862045
2019-10-05,0.0005671197350918618
2019-10-06,0.0005685311501975191
2019-10-07,0.0005872111527764159
2019-10-08,0.0007048907147630747
2019-10-09,0.0006732237016362538
2019-10-10,0.0005842101434576983
2019-10-11,0.00046657716563491434
2019-10-12,0.0004679771353438475
2019-10-13,0.00046937710505278005
2019-10-14,0.00046835055128791004
2019-10-15,0.0003149793985921375
2019-10-16,0.0003419649916778067
2019-10-17,0.000305605916353269
2019-10-18,0.00028164841664397476
2019-10-19,0.00028323172278268337
2019-10-20,0.000284815028921392
2019-10-21,0.00015738532543369677
2019-10-22,0.0001353110986226601
2019-10-23,9.192996297425376e-05
2019-10-24,8.304117183533677e-05
2019-10-25,3.904901098209602e-05
2019-10-26,4.08212557891394e-05
2019-10-27,4.259350059618278e-05
2019-10-28,-1.489219627801979e-05
2019-10-29,-4.594538278413651e-05
2019-10-30,3.433418490241642e-05
2019-10-31,7.369393702173868e-05
2019-11-01,-4.2782800955457935e-05
2019-11-02,-4.096459285307251e-05
2019-11-03,-3.9146384750687305e-05
2019-11-04,-0.0001620169713740847
2019-11-05,-0.0001765885646624311
2019-11-06,-0.0001783488295669267
2019-11-07,-0.00023160004153535176
2019-11-08,-0.00020394264044248142
2019-11-09,-0.00020209943053128707
2019-11-10,-0.00020025622062009468
2019-11-11,-0.00018743280595379124
2019-11-12,-0.00015177108870198053
2019-11-13,-8.584192256773132e-05
2019-11-14,-8.650559798956668e-05
2019-11-15,-0.00012067328040902436
2019-11-16,-0.00011882609605720759
2019-11-17,-0.00011697891170538903
2019-11-18,-0.0001368393528353647
2019-11-19,-0.00011302027347492871
2019-11-20,-6.410894078514586e-05
2019-11-21,-7.463523681717235e-05
2019-11-22,-0.0001354414423568741
2019-11-23,-0.00013353226646603913
2019-11-24,-0.00013162309057520596
2019-11-25,-0.00018561297729444197
2019-11-26,-0.00013798388940284233
2019-11-27,-0.00016247309944440557
2019-11-28,-0.00016050920231470013
2019-11-29,-0.00011813586474210681
2019-11-30,-0.00011616075734864048
2019-12-01,-0.00011418564995517409
2019-12-02,-7.79977920399421e-05
2019-12-03,2.09007503493841e-05
2019-12-04,-6.277118659649453e-05
2019-12-05,-9.020754923241749e-05
2019-12-06,-0.00014578615941341852
2019-12-07,-0.00014361850880132158
2019-12-08,-0.00014145085818922454
2019-12-09,-0.00012187611100792988
2019-12-10,-9.441025418976728e-05
2019-12-11,-7.449691647055696e-05
2019-12-12,-0.00024606761637466847
2019-12-13,-0.0002597040678037148
2019-12-14,-0.00025750753110641956
2019-12-15,-0.0002553109944091245
2019-12-16,-0.0003272279506328107
2019-12-17,-0.00037904300361014747
2019-12-18,-0.00033096059528445545
2019-12-19,-0.00031993279660176197
2019-12-20,-0.0002943760471428918
2019-12-21,-0.0002921870781925387
2019-12-22,-0.0002899981092421877
2019-12-23,-0.0003012595515695101
2019-12-24,-0.00030253813794093687
2019-12-25,-0.0003003397792560927
2019-12-26,-0.00034651790759290726
2019-12-27,-0.00035343563494366913
2019-12-28,-0.00035118104858708547
2019-12-29,-0.00034892646223050187
2019-12-30,-0.0003670388908078801
2019-12-31,-0.0003779773370145742
2020-01-01,-0.00037572897648322764
2020-01-02,-0.0005259815393734476
2020-01-03,-0.0004061334221207175
2020-01-04,-0.00040396587047741763
2020-01-05,-0.0004017983188341178
2020-01-06,-0.0003872151560152813
2020-01-07,-0.00043682124623685865
2020-01-08,-0.0005047087420265169
2020-01-09,-0.0005189126644970955
2020-01-10,-0.0004461415495298145
2020-01-11,-0.0004441454617490292
2020-01-12,-0.00044214937396824404
2020-01-13,-0.0004915953189628052
2020-01-14,-0.0005269554104768759
2020-01-15,-0.00047784767946262526
2020-01-16,-0.0005219166768404987
2020-01-17,-0.0005117381100446182
2020-01-18,-0.0005096745174679992
2020-01-19,-0.0005076109248913801
2020-01-20,-0.0005055473323147611
2020-01-21,-0.0002677887040898193
2020-01-22,-0.00037042229427150714
2020-01-23,-0.00035948692917614527
2020-01-24,-0.0002482702552107408
2020-01-25,-0.0002463431954110516
2020-01-26,-0.00024441613561136243
2020-01-27,-0.00016427870005650003
2020-01-28,-0.0002084617500185342
2020-01-29,-0.00022448818894925588
2020-01-30,-0.0002707298855807273
2020-01-31,-0.0001342100851724785
2020-02-01,-0.0001322571973843184
2020-02-02,-0.0001303043095961594
2020-02-03,-0.00013837106501132985
2020-02-04,-0.00021829322167129335
2020-02-05,-0.0003590333562169591
2020-02-06,-0.00039431954831576054
2020-02-07,-0.00041179059315631046
2020-02-08,-0.0004097341937987859
2020-02-09,-0.0004076777944412615
2020-02-10,-0.00045055900793383296
2020-02-11,-0.0004885587763949811
2020-02-12,-0.0005618237373317111
2020-02-13,-0.0004963528409794675
2020-02-14,-0.00045907491522701165
2020-02-15,-0.0004570425795549809
2020-02-16,-0.00045501024388295007
2020-02-17,-0.0004529779082109195
2020-02-18,-0.0004308836001717742
2020-02-19,-0.00045875572669791195
2020-02-20,-0.0004954660115180254
2020-02-21,-0.0003637596232481798
2020-02-22,-0.0003617672375972454
2020-02-23,-0.0003597748519463109
2020-02-24,-7.4376806802538e-05
2020-02-25,0.00020153926466193292
2020-02-26,0.0002014217235471996
2020-02-27,0.0004915952704635648
2020-02-28,0.0007509883414670594
2020-02-29,0.0007524130378906293
2020-03-01,0.0007538377343141991
2020-03-02,0.0004930840665561022
2020-03-03,0.0007428262924398964
2020-03-04,0.0005870352376949552
2020-03-05,0.0009312754090775217
2020-03-06,0.0012485371236609297
2020-03-07,0.0012496322634840528
2020-03-08,0.0012507274033071755
2020-03-09,0.00213571604230177
2020-03-10,0.0017174697256057943
2020-03-11,0.001982751648328899
2020-03-12,0.002390383902724888
2020-03-13,0.001051512685141982
2020-03-14,0.0010527627897516823
2020-03-15,0.001054012894361382
2020-03-16,0.0023257443887179687
2020-03-17,0.001951182638377312
2020-03-18,0.0029596469087758946
2020-03-19,0.002991879547965401
2020-03-20,0.003037383984879878
2020-03-21,0.0030374886259031102
2020-03-22,0.003037593266926354
2020-03-23,0.003462765156569559
2020-03-24,0.0029015691170509008
2020-03-25,0.00267463455436699
2020-03-26,0.002306539233255591
2020-03-27,0.0027465677379689326
2020-03-28,0.002746853018854655
2020-03-29,0.0027471382997403767
2020-03-30,0.002590317995169346
2020-03-31,0.002815942942659885
2020-04-01,0.003227632198539193
2020-04-02,0.002949926061103632
2020-04-03,0.0032362489328485447
2020-04-04,0.003236163343586962
2020-04-05,0.0032360777543253786
2020-04-06,0.003002370304099105
2020-04-07,0.002912013225798138
2020-04-08,0.002611367678626083
2020-04-09,0.002062541504772188
2020-04-10,0.002063417779456005
2020-04-11,0.002064294054139823
2020-04-12,0.002065170328823641
2020-04-13,0.002350212637200256
2020-04-14,0.0025874775657080107
2020-04-15,0.0028423993522031805
2020-04-16,0.0030879383753384115
2020-04-17,0.0025362211594115937
2020-04-18,0.0025367095090573543
2020-04-19,0.002537197858703115
2020-04-20,0.0028261521089483965
2020-04-21,0.002927364138600058
2020-04-22,0.0028935630696574153
2020-04-23,0.002923293713584224
2020-04-24,0.0028307686961415407
2020-04-25,0.0028310076853861397
2020-04-26,0.002831246674630735
2020-04-27,0.00260498616214136
2020-04-28,0.002674764549217789
2020-04-29,0.002632865342430068
2020-04-30,0.002716290869466653
2020-05-01,0.002799930819492136
2020-05-02,0.0028000639857034258
2020-05-03,0.002800197151914721
2020-05-04,0.0028216181399641164
2020-05-05,0.0026963414292219853
2020-05-06,0.002825133619839948
2020-05-07,0.0028043358740642193
2020-05-08,0.002730268057404889
2020-05-09,0.002730488323595456
2020-05-10,0.0027307085897860226
2020-05-11,0.0028932076933747227
2020-05-12,0.0030925434311803008
2020-05-13,0.0033092831005173858
2020-05-14,0.002942910588001249
2020-05-15,0.0030586334839276903
2020-05-16,0.0030585570612482868
2020-05-17,0.003058480638568884
2020-05-18,0.0029068178122082016
2020-05-19,0.0030137939840809945
2020-05-20,0.0028784699498470346
2020-05-21,0.002948326451867134
2020-05-22,0.0029415265985606068
2020-05-23,0.002941549419468319
2020-05-24,0.0029415722403760306
2020-05-25,0.002941595061283743
2020-05-26,0.002609157687755239
2020-05-27,0.0023279864361873664
2020-05-28,0.0024070567338668764
2020-05-29,0.00255663710580075
2020-05-30,0.002556967808589833
2020-05-31,0.002557298511378915
2020-06-01,0.002504552644510175
2020-06-02,0.002523905439582104
2020-06-03,0.0023027900103438667
2020-06-04,0.002205560570253165
2020-06-05,0.0019978590093912146
2020-06-06,0.001998827859722496
2020-06-07,0.0019997967100537774
2020-06-08,0.0018982481353290222
2020-06-09,0.002025637149128027
2020-06-10,0.002224339655236428
2020-06-11,0.002628169893655566
2020-06-12,0.0024944709652789613
2020-06-13,0.002494925628423569
2020-06-14,0.0024953802915681713
2020-06-15,0.0024224817867870884
2020-06-16,0.002394264044599079
2020-06-17,0.002534345316592914
2020-06-18,0.002568359114988996
2020-06-19,0.0025950310970621997
2020-06-20,0.0025953632970956747
2020-06-21,0.002595695497129156
2020-06-22,0.0027021863393593007
2020-06-23,0.002669273692876569
2020-06-24,0.0028043382035761954
2020-06-25,0.0026970989874218355
2020-06-26,0.002962497239976374
2020-06-27,0.0029623585871102827
2020-06-28,0.002962219934244191
2020-06-29,0.002976969077938333
2020-06-30,0.002954732373192339
2020-07-01,0.002969263783650901
2020-07-02,0.003058237966379651
2020-07-03,0.0030579944440635724
2020-07-04,0.003057750921747493
2020-07-05,0.003057507399431414
2020-07-06,0.0030005768746047493
2020-07-07,0.003085965066947007
2020-07-08,0.0030731329073946257
2020-07-09,0.003128689798376636
2020-07-10,0.0029337598760298886
2020-07-11,0.002933701149941264
2020-07-12,0.0029336424238526385
2020-07-13,0.0028450301036458394
2020-07-14,0.002875522565509482
2020-07-15,0.0027966298745224043
2020-07-16,0.0027844712154775197
2020-07-17,0.0028666748569670564
2020-07-18,0.0028667113471276687
2020-07-19,0.002866747837288281
2020-07-20,0.002897959700634358
2020-07-21,0.00284924398882003
2020-07-22,0.0028857287280931333
2020-07-23,0.002845097843345248
2020-07-24,0.002877209911205251
2020-07-25,0.0028772304166404497
2020-07-26,0.0028772509220756446
2020-07-27,0.0029580088410049443
2020-07-28,0.002902277054273333
2020-07-29,0.002778617476862894
2020-07-30,0.0028706373520554496
2020-07-31,0.0028794815355000602
2020-08-01,0.0028795102081141805
2020-08-02,0.002879538880728305
2020-08-03,0.0029371791768894044
2020-08-04,0.002995067663217327
2020-08-05,0.0029561184091997828
2020-08-06,0.0029597755841822013
2020-08-07,0.0028577142040375684
2020-08-08,0.0028578039381614304
2020-08-09,0.002857893672285292
2020-08-10,0.0028152182861176708
2020-08-11,0.0026873834865924788
2020-08-12,0.0027393061234970316
2020-08-13,0.0027516696731031197
2020-08-14,0.0027424502209785254
2020-08-15,0.0027427063371137633
2020-08-16,0.0027429624532490007
2020-08-17,0.0028525976227102108
2020-08-18,0.0028926076531251873
2020-08-19,0.002883655877621495
2020-08-20,0.0029194450424862395
2020-08-21,0.0029218428392843655
2020-08-22,0.0029218318692609746
2020-08-23,0.0029218208992375845
2020-08-24,0.0028326009718890664
2020-08-25,0.002808191135508404
2020-08-26,0.0028900591809697456
2020-08-27,0.0027397072203352094
2020-08-28,0.002729217862523803
2020-08-29,0.002729490215914592
2020-08-30,0.0027297625693053803
2020-08-31,0.0028186858598209822
2020-09-01,0.0028264814912716796
2020-09-02,0.0027906377280057532
2020-09-03,0.0027815656305990037
2020-09-04,0.002692669649214634
2020-09-05,0.0026930069601523816
2020-09-06,0.002693344271090125
2020-09-07,0.0026936815820278685
2020-09-08,0.002826863399097251
2020-09-09,0.0028232250728904866
2020-09-10,0.0028553199883098817
2020-09-11,0.0028046089724607782
2020-09-12,0.0028047965101259333
2020-09-13,0.0028049840477910918
2020-09-14,0.0027758693797268574
2020-09-15,0.002884263986000727
2020-09-16,0.0028742348197841497
2020-09-17,0.0029137230197967706
2020-09-18,0.0028848179423604553
2020-09-19,0.002884876993340796
2020-09-20,0.0028849360443211373
2020-09-21,0.0029257260230447437
2020-09-22,0.002958527825017556
2020-09-23,0.0029791127088947523
2020-09-24,0.0029488122016161165
2020-09-25,0.0028135165275415468
2020-09-26,0.0028136318105845253
2020-09-27,0.002813747093627502
2020-09-28,0.0027586041545597296
2020-09-29,0.0027993525501165653
2020-09-30,0.0027698003248536017
2020-10-01,0.0027397183676228874
2020-10-02,0.0027060890027478177
2020-10-03,0.002706289475541912
2020-10-04,0.0027064899483360064
2020-10-05,0.002679429814129635
2020-10-06,0.0027397479204252432
2020-10-07,0.002673039006187176
2020-10-08,0.0025680464137385417
2020-10-09,0.0025852065066705888
2020-10-10,0.0025855443298466356
2020-10-11,0.0025858821530226825
2020-10-12,0.002537585765754145
2020-10-13,0.0026053372557562045
2020-10-14,0.0026182506817648767
2020-10-15,0.002521830286523019
2020-10-16,0.0025579467175877446
2020-10-17,0.002558317430088503
2020-10-18,0.002558688142589262
2020-10-19,0.002672418222548265
2020-10-20,0.0027359061372930504
2020-10-21,0.002760995103422441
2020-10-22,0.0026275451855803664
2020-10-23,0.0025869703034113113
2020-10-24,0.00258729077134781
2020-10-25,0.002587611239284313
2020-10-26,0.0026973867725410064
2020-10-27,0.002746157230744214
2020-10-28,0.0028082479980399006
2020-10-29,0.0027707700643347776
2020-10-30,0.002739273379739998
2020-10-31,0.002739395210851918
2020-11-01,0.0027395170419638373
2020-11-02,0.002659688571188058
2020-11-03,0.0026108385664581043
2020-11-04,0.0027261092097594477
2020-11-05,0.0026072497048728605
2020-11-06,0.002665923670356868
2020-11-07,0.0026660473322999193
2020-11-08,0.0026661709942429708
2020-11-09,0.0022281343328207064
2020-11-10,0.0022311505351293444
2020-11-11,0.002279627781672402
2020-11-12,0.002324732609389455
2020-11-13,0.002301051451954325
2020-11-14,0.0023017238351687075
2020-11-15,0.00230239621838309
2020-11-16,0.0022023484738397884
2020-11-17,0.002214268745559685
2020-11-18,0.0022416146330395234
2020-11-19,0.0022280816398929167
2020-11-20,0.002249300827140273
2020-11-21,0.002249845638000686
2020-11-22,0.002250390448861099
2020-11-23,0.0021830706550156316
2020-11-24,0.002076991453924879
2020-11-25,0.00211315075428069
2020-11-26,0.002114074861333596
2020-11-27,0.002135565565088515
2020-11-28,0.002136459402802073
2020-11-29,0.0021373532405156307
2020-11-30,0.002236021247252906
2020-12-01,0.002174286387309309
2020-12-02,0.0021297326634728215
2020-12-03,0.002148958777333964
2020-12-04,0.002135061017237731
2020-12-05,0.002136038198756702
2020-12-06,0.002137015380275672
2020-12-07,0.0021437554278926014
2020-12-08,0.0021462666190794257
2020-12-09,0.0021646560492963205
2020-12-10,0.0022054595755586484
2020-12-11,0.002238641265474959
2020-12-12,0.002239564356484495
2020-12-13,0.002240487447494031
2020-12-14,0.0022740922287412726
2020-12-15,0.002202635323353027
2020-12-16,0.0022033332645379333
2020-12-17,0.002234839293731667
2020-12-18,0.0022532419740326076
2020-12-19,0.002254117452344029
2020-12-20,0.00225499293065545
2020-12-21,0.002167907718642864
2020-12-22,0.0022317332516984282
2020-12-23,0.002099173626624304
2020-12-24,0.002119067615046751
2020-12-25,0.002120238117789386
2020-12-26,0.0021214086205320207
2020-12-27,0.002122579123274655
2020-12-28,0.0021034862049810316
2020-12-29,0.0021085262801109556
2020-12-30,0.0021078859438882986
2020-12-31,0.002060427539757441
2021-01-01,0.002061720434100696
2021-01-02,0.0020630133284439507
2021-01-03,0.0020643062227872055
2021-01-04,0.002070337047060511
2021-01-05,0.0020354289210144758
2021-01-06,0.0018698510580140602
2021-01-07,0.001739477105209077
2021-01-08,0.0017901141584267637
2021-01-09,0.0017916291876606853
2021-01-10,0.0017931442168946069
2021-01-11,0.0017832872623905706
2021-01-12,0.0017301390768693153
2021-01-13,0.0017900986162411015
2021-01-14,0.0017500034665592027
2021-01-15,0.0018092878920565772
2021-01-16,0.0018109605515131925
2021-01-17,0.0018126332109698062
2021-01-18,0.00181430587042642
2021-01-19,0.0018764291504642636
2021-01-20,0.0018985137142577813
2021-01-21,0.0019214414369460447
2021-01-22,0.001948916192262686
2021-01-23,0.0019504007040702638
2021-01-24,0.0019518852158778449
2021-01-25,0.002047290808996749
2021-01-26,0.0019869523685321633
2021-01-27,0.002113458643779954
2021-01-28,0.0019948417260615588
2021-01-29,0.002131230292533099
2021-01-30,0.0021325531287842894
2021-01-31,0.002133875965035479
2021-02-01,0.0020781349520665997
2021-02-02,0.0019737857902070895
2021-02-03,0.0019328969164092104
2021-02-04,0.0018774151172519515
2021-02-05,0.001892159577066087
2021-02-06,0.0018938393833991237
2021-02-07,0.0018955191897321606
2021-02-08,0.0017741238373089625
2021-02-09,0.0017827809320289526
2021-02-10,0.0017631141057869195
2021-02-11,0.0017988790218070646
2021-02-12,0.0017527569796851837
2021-02-13,0.0017545019971776622
2021-02-14,0.0017562470146701406
2021-02-15,0.0017579920321626188
2021-02-16,0.0016111484227669315
2021-02-17,0.001671022982974173
2021-02-18,0.0017341432211767295
2021-02-19,0.0016663819037560118
2021-02-20,0.0016684156098207834
2021-02-21,0.0016704493158855552
2021-02-22,0.0015977279596258165
2021-02-23,0.0016236405931593807
2021-02-24,0.0014942744468462814
2021-02-25,0.0015629835777430884
2021-02-26,0.0016868335436427025
2021-02-27,0.0016888289466248398
2021-02-28,0.0016908243496069758
2021-03-01,0.0015755261281625212
2021-03-02,0.0015319499793004082
2021-03-03,0.0015664748894955605
2021-03-04,0.0017141619161684235
2021-03-05,0.0016426285737752666
2021-03-06,0.0016447702457729944
2021-03-07,0.0016469119177707256
2021-03-08,0.0016129154254593014
2021-03-09,0.0016545503470856923
2021-03-10,0.0015995461491316151
2021-03-11,0.0016866864712039677
2021-03-12,0.0016606929376586177
2021-03-13,0.0016630954757873152
2021-03-14,0.0016654980139160127
2021-03-15,0.0016942069885540966
2021-03-16,0.0016826299782864561
2021-03-17,0.0015901585000455696
2021-03-18,0.0014798010042820962
2021-03-19,0.0014989925359887208
2021-03-20,0.001501244226062236
2021-03-21,0.0015034959161357513
2021-03-22,0.0015179258501197234
2021-03-23,0.0016467839620529342
2021-03-24,0.001616277274206613
2021-03-25,0.001517110547622995
2021-03-26,0.0015044083304763085
2021-03-27,0.0015066560542052153
2021-03-28,0.0015089037779341234
2021-03-29,0.001677102083266675
2021-03-30,0.0016552361672388064
2021-03-31,0.0017064203548391153
2021-04-01,0.001592829364537305
2021-04-02,0.0015950524641386759
2021-04-03,0.0015972755637400466
2021-04-04,0.0015994986633414174
2021-04-05,0.0015529854119291097
2021-04-06,0.0014976953823196625
2021-04-07,0.0014846252794057755
2021-04-08,0.0014947627308674787
2021-04-09,0.0014847446831296638
2021-04-10,0.0014870142404930686
2021-04-11,0.0014892837978564756
2021-04-12,0.0015037969093162425
2021-04-13,0.0016933395604933636
2021-04-14,0.001682938942592842
2021-04-15,0.0016539031608192466
2021-04-16,0.0015699596910508705
2021-04-17,0.001572117481047597
2021-04-18,0.0015742752710443246
2021-04-19,0.0016337851079938535
2021-04-20,0.0017831171227395497
2021-04-21,0.0017998218830701626
2021-04-22,0.0019263700082450329
2021-04-23,0.0018448224692151794
2021-04-24,0.001846988965485231
2021-04-25,0.0018491554617552826
2021-04-26,0.0018311526636486254
2021-04-27,0.0018706181271722652
2021-04-28,0.0017586741406236488
2021-04-29,0.001709634679252654
2021-04-30,0.001827558968986068
2021-05-01,0.0018298915042226085
2021-05-02,0.0018322240394591492
2021-05-03,0.0018191695310007872
2021-05-04,0.0019045651749773592
2021-05-05,0.001752387162648113
2021-05-06,0.0016074795892224902
2021-05-07,0.0015534986940722965
2021-05-08,0.0015560491149833318
2021-05-09,0.001558599535894367
2021-05-10,0.0016951507239330813
2021-05-11,0.0018535779471761462
2021-05-12,0.0019275308457360272
2021-05-13,0.0017521529655119058
2021-05-14,0.0016362294252107177
2021-05-15,0.001638951036919085
2021-05-16,0.0016416726486274524
2021-05-17,0.0016012392913854426
2021-05-18,0.0016533618194478808
2021-05-19,0.0016764765545245553
2021-05-20,0.001600492219540923
2021-05-21,0.001538529094249802
2021-05-22,0.0015411249141784118
2021-05-23,0.001543720734107019
2021-05-24,0.0014965680263365267
2021-05-25,0.001513674232883941
2021-05-26,0.0015377163984601383
2021-05-27,0.001406705040571302
2021-05-28,0.0013595148841570343
2021-05-29,0.0013620843519403082
2021-05-30,0.0013646538197235774
2021-05-31,0.0013672232875068502
2021-06-01,0.0013115535125680453
2021-06-02,0.0013362343800905434
2021-06-03,0.001304815392871253
2021-06-04,0.0013238267406332
2021-06-05,0.0013264669103943492
2021-06-06,0.0013291070801554987
2021-06-07,0.0013379727746307103
2021-06-08,0.0013532076639135384
2021-06-09,0.0014382846376880536
2021-06-10,0.0014969764472265244
2021-06-11,0.0014803309964958654
2021-06-12,0.0014827618514701177
2021-06-13,0.00148519270644437
2021-06-14,0.0015084532894662798
2021-06-15,0.0015003956575175507
2021-06-16,0.001549293021330963
2021-06-17,0.0016947958807402319
2021-06-18,0.0018519600184469368
2021-06-19,0.0018539892294611507
2021-06-20,0.0018560184404753648
2021-06-21,0.0017990357256755492
2021-06-22,0.0018523169757303072
2021-06-23,0.0018195384040896913
2021-06-24,0.001750816375582218
2021-06-25,0.0017241397543004613
2021-06-26,0.0017264090598203261
2021-06-27,0.0017286783653401934
2021-06-28,0.001766201842064318
2021-06-29,0.0017929977167191434
2021-06-30,0.001815559905978163
2021-07-01,0.001750296481484155
2021-07-02,0.0017894348093288452
2021-07-03,0.0017918398097235575
2021-07-04,0.0017942448101182715
2021-07-05,0.001796649810512986
2021-07-06,0.0019145539674841306
2021-07-07,0.001947213855034355
2021-07-08,0.0021271955140112053
2021-07-09,0.0019319040927358725
2021-07-10,0.0019343806996559164
2021-07-11,0.0019368573065759577
2021-07-12,0.0018555650482003465
2021-07-13,0.0019204311407776198
2021-07-14,0.0019205197724504286
2021-07-15,0.0019353965380785921
2021-07-16,0.00206177084451314
2021-07-17,0.0020641021009973233
2021-07-18,0.0020664333574815057
2021-07-19,0.002278259681048531
2021-07-20,0.002021936974240637
2021-07-21,0.0018210571884489334
2021-07-22,0.0018844508577208826
2021-07-23,0.0018257530393454495
2021-07-24,0.0018278272454688284
2021-07-25,0.001829901451592207
2021-07-26,0.0017426872598718093
2021-07-27,0.0017472962017313198
2021-07-28,0.0017542452121852787
2021-07-29,0.0016483147308555784
2021-07-30,0.001674381911413415
2021-07-31,0.0016764070732325897
2021-08-01,0.0016784322350517644
2021-08-02,0.001671326601619475
2021-08-03,0.0016133293103413006
2021-08-04,0.0016584208394506692
2021-08-05,0.0016042764821093867
2021-08-06,0.001525345079993255
2021-08-07,0.001527544473049831
2021-08-08,0.001529743866106409
2021-08-09,0.0015422301138112104
2021-08-10,0.0015073161547200238
2021-08-11,0.0014516944390970512
2021-08-12,0.001452624098877887
2021-08-13,0.0014491865436088657
2021-08-14,0.001451450322202839
2021-08-15,0.0014537141007968097
2021-08-16,0.0014787699215121214
2021-08-17,0.001555789836091621
2021-08-18,0.0015970264005224686
2021-08-19,0.0016686667029275663
2021-08-20,0.0016548297723404195
2021-08-21,0.0016569578125346799
2021-08-22,0.001659085852728939
2021-08-23,0.00160915463222865
2021-08-24,0.001572661357660349
2021-08-25,0.0014947329603985525
2021-08-26,0.001575035296280495
2021-08-27,0.0015102360977159678
2021-08-28,0.0015126640923451727
2021-08-29,0.0015150920869743784
2021-08-30,0.0016163699294523505
2021-08-31,0.0016270316452095502
2021-09-01,0.001603934376966913
2021-09-02,0.0016018370198514018
2021-09-03,0.0016172341254811116
2021-09-04,0.0016195448395423977
2021-09-05,0.0016218555536036835
2021-09-06,0.0016241662676649692
2021-09-07,0.0016324739894294845
2021-09-08,0.0016819699894712668
2021-09-09,0.0017004928731960875
2021-09-10,0.001715781421543201
2021-09-11,0.0017180360892971706
2021-09-12,0.00172029075705114
2021-09-13,0.0016369142197789279
2021-09-14,0.0017188208512092977
2021-09-15,0.0016673575758902254
2021-09-16,0.001661524379695445
2021-09-17,0.001772509562568541
2021-09-18,0.001774804363115389
2021-09-19,0.001777099163662234
2021-09-20,0.002150658913695615
2021-09-21,0.002186702384802908
2021-09-22,0.0020300621605819323
2021-09-23,0.0018808069254980702
2021-09-24,0.0018252166050789786
2021-09-25,0.0018278279440759775
2021-09-26,0.0018304392830729768
2021-09-27,0.0016772187413731244
2021-09-28,0.001758297356930784
2021-09-29,0.0016988210144773777
2021-09-30,0.0018060534914813963
2021-10-01,0.0017570602582064434
2021-10-02,0.001759825356678173
2021-10-03,0.0017625904551498998
2021-10-04,0.0017572919995023585
2021-10-05,0.0016572140078427856
2021-10-06,0.0016732737304904497
2021-10-07,0.0015423749587639628
2021-10-08,0.001444083212097534
2021-10-09,0.0014468304666817654
2021-10-10,0.0014495777212659986
2021-10-11,0.0015114356065333613
2021-10-12,0.0015120735851352225
2021-10-13,0.001552861299227791
2021-10-14,0.0014044991705538024
2021-10-15,0.0013372978744568581
2021-10-16,0.001339804544262919
2021-10-17,0.0013423112140689795
2021-10-18,0.0013685668101188642
2021-10-19,0.0013300697286531273
2021-10-20,0.001262580756201426
2021-10-21,0.0012788041774399578
2021-10-22,0.0011785766259550551
2021-10-23,0.0011812213227681528
2021-10-24,0.0011838660195812535
2021-10-25,0.001156669339750497
2021-10-26,0.0010913760091641937
2021-10-27,0.0010836044627470579
2021-10-28,0.0010299091467372214
2021-10-29,0.001044152954147345
2021-10-30,0.0010466457491743494
2021-10-31,0.001049138544201354
2021-11-01,0.0009306333239516183
2021-11-02,0.0009155611894116572
2021-11-03,0.0009113770194064724
2021-11-04,0.0010395857161942194
2021-11-05,0.0010013661811832156
2021-11-06,0.0010037545266484457
2021-11-07,0.0010061428721136758
2021-11-08,0.001024378014393819
2021-11-09,0.0010119710623889332
2021-11-10,0.0010973026977492738
2021-11-11,0.0010838710465033254
2021-11-12,0.0011023447370478027
2021-11-13,0.0011047259029218852
2021-11-14,0.0011071070687959678
2021-11-15,0.0011392038928744292
2021-11-16,0.0011480852367326793
2021-11-17,0.0010823422218643843
2021-11-18,0.0011743494906131472
2021-11-19,0.001331828524512281
2021-11-20,0.0013340687872881228
2021-11-21,0.001336309050063966
2021-11-22,0.0013141228108086219
2021-11-23,0.0012512945090038118
2021-11-24,0.0012317551616661683
2021-11-25,0.0012342105712477667
2021-11-26,0.0014744065971994552
2021-11-27,0.001476761213333327
2021-11-28,0.0014791158294671987
2021-11-29,0.0014627277752412649
2021-11-30,0.0014541379145962148
2021-12-01,0.0014914138188160356
2021-12-02,0.0013112823156395921
2021-12-03,0.001399702584818051
2021-12-04,0.0014018299101460137
2021-12-05,0.0014039572354739743
2021-12-06,0.0013294586503318506
2021-12-07,0.0012324303430860906
2021-12-08,0.0012437027542914236
2021-12-09,0.0012778529847788374
2021-12-10,0.001290084047886623
2021-12-11,0.0012922109812655213
2021-12-12,0.0012943379146444177
2021-12-13,0.0013460346053964913
2021-12-14,0.001340721745796462
2021-12-15,0.0013988120088201652
2021-12-16,0.0013068069974266202
2021-12-17,0.0014629993156481014
2021-12-18,0.0014650787779965642
2021-12-19,0.0014671582403450272
2021-12-20,0.0015417051281547078
2021-12-21,0.0014670152041874438
2021-12-22,0.0014296570640019261
2021-12-23,0.0013677271873047934
2021-12-24,0.0013697598121169292
2021-12-25,0.0013717924369290632
2021-12-26,0.0013738250617411974
2021-12-27,0.0013047696989231777
2021-12-28,0.0012931333303077054
2021-12-29,0.0013138941206706262
2021-12-30,0.001347764344194731
2021-12-31,0.001363926838551204
2022-01-01,0.0013659972159782796
2022-01-02,0.0013680675934053539
2022-01-03,0.0012773533367638177
2022-01-04,0.0011018126490997013
2022-01-05,0.0011903607467650909
2022-01-06,0.0010079085998656032
2022-01-07,0.0009143481489979034
2022-01-08,0.000916546120656778
2022-01-09,0.0009187440923156551
2022-01-10,0.0009524491424596744
2022-01-11,0.000920004361133326
2022-01-12,0.0008618442331836508
2022-01-13,0.0008639183005255218
2022-01-14,0.000844976695173335
2022-01-15,0.0008467547200545114
2022-01-16,0.0008485327449356895
2022-01-17,0.0008503107698168678
2022-01-18,0.0009004982329455854
2022-01-19,0.000946995019520307
2022-01-20,0.0009527145165072453
2022-01-21,0.0009825950239151866
2022-01-22,0.0009838995130146825
2022-01-23,0.0009852040021141781
2022-01-24,0.001079827124678147
2022-01-25,0.0010476655039969615
2022-01-26,0.0010081208996522548
2022-01-27,0.001091267078789324
2022-01-28,0.0010820262841801324
2022-01-29,0.0010834941622567054
2022-01-30,0.0010849620403332787
2022-01-31,0.0010304553107702869
2022-02-01,0.0007088821901585667
2022-02-02,0.0006808163682962957
2022-02-03,0.000704096047555298
2022-02-04,0.0007149485011385434
2022-02-05,0.000716382776423879
2022-02-06,0.0007178170517092145
2022-02-07,0.0006832448812110513
2022-02-08,0.0006178375069196545
2022-02-09,0.0005715538298095902
2022-02-10,0.0005919724137338988
2022-02-11,0.0006729770282030386
2022-02-12,0.000674427691905699
2022-02-13,0.0006758783556083604
2022-02-14,0.0006928707603454966
2022-02-15,0.0006806967149619685
2022-02-16,0.0007277642959585384
2022-02-17,0.0007771650250531534
2022-02-18,0.0007860375416718461
2022-02-19,0.0007874894955637278
2022-02-20,0.0007889414494556093
2022-02-21,0.0007903934033474912
2022-02-22,0.0009284095356983733
2022-02-23,0.0009865633033258978
2022-02-24,0.0012314188236226633
2022-02-25,0.0010502074648960679
2022-02-26,0.001051670909822641
2022-02-27,0.0010531343547492134
2022-02-28,0.001217932039622937
2022-03-01,0.0013881795175715505
2022-03-02,0.0013294322634057497
2022-03-03,0.001409887181892277
2022-03-04,0.0016359882911591275
2022-03-05,0.0016373111561045345
2022-03-06,0.0016386340210499417
2022-03-07,0.0018719483716342362
2022-03-08,0.0018359972765131418
2022-03-09,0.0016605276926429401
2022-03-10,0.0017184884387707808
2022-03-11,0.0017902465762052475
2022-03-12,0.0017911615319706371
2022-03-13,0.001792076487736027
2022-03-14,0.001740224326365311
2022-03-15,0.0016869693906014006
2022-03-16,0.0014970477856410236
2022-03-17,0.0014490397870895357
2022-03-18,0.001413436433921016
2022-03-19,0.0014145738289124575
2022-03-20,0.0014157112239038985
2022-03-21,0.0014029533139925147
2022-03-22,0.001327144021441641
2022-03-23,0.0013821104790197683
2022-03-24,0.0013540341544879594
2022-03-25,0.001318234349771023
2022-03-26,0.0013193451553055076
2022-03-27,0.0013204559608399917
2022-03-28,0.0013444307432966714
2022-03-29,0.0012852217226062088
2022-03-30,0.0013140749042043756
2022-03-31,0.0013203683863481
2022-04-01,0.001310105668343845
2022-04-02,0.0013108468476347092
2022-04-03,0.0013115880269255744
2022-04-04,0.0012872921566139382
2022-04-05,0.0013846168086931179
2022-04-06,0.0014268176191316582
2022-04-07,0.001431526567554021
2022-04-08,0.001412186581396548
2022-04-09,0.0014130151264487604
2022-04-10,0.0014138436715009728
2022-04-11,0.0014302435398651136
2022-04-12,0.0014932972644237136
2022-04-13,0.0015589212581589391
2022-04-14,0.0015880008821504508
2022-04-15,0.0015886005097781003
2022-04-16,0.00158920013740575
2022-04-17,0.0015897997650333997
2022-04-18,0.0015482241865513095
2022-04-19,0.0014898367405264223
2022-04-20,0.0014808466947542744
2022-04-21,0.0015262734056964268
2022-04-22,0.0016111523041358077
2022-04-23,0.0016118434978513196
2022-04-24,0.0016125346915668317
2022-04-25,0.0016120526104526753
2022-04-26,0.001707768781786283
2022-04-27,0.0017474214417786823
2022-04-28,0.0017056745815218993
2022-04-29,0.0017969015571141422
2022-04-30,0.0017972654355205148
2022-05-01,0.001797629313926887
2022-05-02,0.001770812332445514
2022-05-03,0.0017137221807732672
2022-05-04,0.001626256518390602
2022-05-05,0.0017044890075455135
2022-05-06,0.001710064551245393
2022-05-07,0.0017106154451441361
2022-05-08,0.0017111663390428767
2022-05-09,0.0017605205476497604
2022-05-10,0.001852863421239827
2022-05-11,0.001865502720867426
2022-05-12,0.0018698757370500649
2022-05-13,0.0018648189562964423
2022-05-14,0.0018650873341391676
2022-05-15,0.001865355711981896
2022-05-16,0.0018790582815886856
2022-05-17,0.0018001827266100013
2022-05-18,0.0018425496499722626
2022-05-19,0.0018921992545268616
2022-05-20,0.0019172043870282255
2022-05-21,0.0019172894555556483
2022-05-22,0.0019173745240830711
2022-05-23,0.0018049097501595813
2022-05-24,0.001776739751374744
2022-05-25,0.0017726165208323955
2022-05-26,0.0017335032571185443
2022-05-27,0.0017124076358685264
2022-05-28,0.001713056067308736
2022-05-29,0.0017137044987489455
2022-05-30,0.001714352930189155
2022-05-31,0.001710909128673194
2022-06-01,0.0017437052746573777
2022-06-02,0.0017046414605602705
2022-06-03,0.0017408268314305778
2022-06-04,0.0017414466436904954
2022-06-05,0.001742066455950413
2022-06-06,0.001740616000600857
2022-06-07,0.0017410690655116877
2022-06-08,0.0018118232053942244
2022-06-09,0.0018828885871708504
2022-06-10,0.002028118428518833
2022-06-11,0.0020284894171380243
2022-06-12,0.002028860405757215
2022-06-13,0.002104673088147228
2022-06-14,0.0021700367875993358
2022-06-15,0.0021427503271325915
2022-06-16,0.002165087111378211
2022-06-17,0.0021941886688049816
2022-06-18,0.0021943931023284844
2022-06-19,0.002194597535851988
2022-06-20,0.002194801969375491
2022-06-21,0.002101647236703669
2022-06-22,0.0021400771481505233
2022-06-23,0.0021618200540547217
2022-06-24,0.0021164571117239105
2022-06-25,0.0021167098079875085
2022-06-26,0.0021169625042511036
2022-06-27,0.002146171567366459
2022-06-28,0.002145760487662735
2022-06-29,0.0021507432279055903
2022-06-30,0.0022344136818324475
2022-07-01,0.002172536400599209
2022-07-02,0.0021727234884285733
2022-07-03,0.0021729105762579373
2022-07-04,0.0021730976640873052
2022-07-05,0.0021937640992156586
2022-07-06,0.002201604604322122
2022-07-07,0.0021028141017807424
2022-07-08,0.002134595954530849
2022-07-09,0.002134833887814702
2022-07-10,0.002135071821098555
2022-07-11,0.002174879730095537
2022-07-12,0.002190760924705281
2022-07-13,0.0022117522635349235
2022-07-14,0.0023316811659592376
2022-07-15,0.0021626966784706538
2022-07-16,0.002162898263476717
2022-07-17,0.0021630998484827805
2022-07-18,0.0022335886867612628
2022-07-19,0.0021758817876534014
2022-07-20,0.0021589788797738837
2022-07-21,0.0021686047020371873
2022-07-22,0.002177614762168203
2022-07-23,0.002177773313394229
2022-07-24,0.002177931864620255
2022-07-25,0.0021833291470115786
2022-07-26,0.002087263679619098
2022-07-27,0.0020412885580830733
2022-07-28,0.002103358405058693
2022-07-29,0.0021158984059222066
2022-07-30,0.002116141591756758
2022-07-31,0.002116384777591309
2022-08-01,0.002152244467575795
2022-08-02,0.0022033413332621585
2022-08-03,0.0021729104828483716
2022-08-04,0.002259587151418248
2022-08-05,0.0021084575835818003
2022-08-06,0.002108727392133836
2022-08-07,0.0021089972006858686
2022-08-08,0.00218580477035306
2022-08-09,0.0021309856642549346
2022-08-10,0.0020569226404234878
2022-08-11,0.0020094189083178044
2022-08-12,0.001958735778059193
2022-08-13,0.0019591887329605895
2022-08-14,0.001959641687861989
2022-08-15,0.001946288622296619
2022-08-16,0.0019124371686560892
2022-08-17,0.0019411968254789702
2022-08-18,0.0019731157358449077
2022-08-19,0.0020549191709049097
2022-08-20,0.002055341072744613
2022-08-21,0.002055762974584316
2022-08-22,0.0021071388833499125
2022-08-23,0.002156065665094551
2022-08-24,0.002134314626676206
2022-08-25,0.002042607781407752
2022-08-26,0.002176176502489903
2022-08-27,0.002176487925318705
2022-08-28,0.0021767993481475066
2022-08-29,0.002218786510927985
2022-08-30,0.0022172219557403993
2022-08-31,0.00223683146390542
2022-09-01,0.0021572356179438736
2022-09-02,0.0022065834857308312
2022-09-03,0.0022068633683523103
2022-09-04,0.0022071432509737894
2022-09-05,0.0022074231335952686
2022-09-06,0.0022168606399225093
2022-09-07,0.0021266360933211606
2022-09-08,0.0020420918494956156
2022-09-09,0.0020458344710767755
2022-09-10,0.002046236748939229
2022-09-11,0.002046639026801684
2022-09-12,0.002013120251838618
2022-09-13,0.0021530799534546902
2022-09-14,0.002150459551055742
2022-09-15,0.0020995830831100916
2022-09-16,0.0021014239884491453
2022-09-17,0.0021017316175866276
2022-09-18,0.0021020392467241055
2022-09-19,0.0020618855591135804
2022-09-20,0.0021323462403750417
2022-09-21,0.0022523773897161316
2022-09-22,0.0022626380195783623
2022-09-23,0.0022856550759425796
2022-09-24,0.002285779308156494
2022-09-25,0.002285903540370415
2022-09-26,0.0023732022883547594
2022-09-27,0.002428841499778997
2022-09-28,0.0023809313154687
2022-09-29,0.002421787648551052
2022-09-30,0.002492173408874012
2022-10-01,0.002492088160322342
2022-10-02,0.0024920029117706712
2022-10-03,0.002349014121034302
2022-10-04,0.002227690217263529
2022-10-05,0.0022900470388807783
2022-10-06,0.0023209319264108613
2022-10-07,0.0024327827444540866
2022-10-08,0.0024327609771963112
2022-10-09,0.0024327392099385355
2022-10-10,0.0024437330666069058
2022-10-11,0.002587711141610959
2022-10-12,0.0024319308001311633
2022-10-13,0.0021917542879131913
2022-10-14,0.0020017680912882323
2022-10-15,0.002002162780594779
2022-10-16,0.0020025574699013247
2022-10-17,0.0017698628701376907
2022-10-18,0.0016363084264043163
2022-10-19,0.001747353758551844
2022-10-20,0.001767348942308605
2022-10-21,0.0014524916504072474
2022-10-22,0.001453365336596089
2022-10-23,0.0014542390227849302
2022-10-24,0.0014568211861543602
2022-10-25,0.0014852292237723238
2022-10-26,0.001423505019837229
2022-10-27,0.00140006309794711
2022-10-28,0.0013422168726437704
2022-10-29,0.0013430672920588436
2022-10-30,0.0013439177114739124
2022-10-31,0.0013515433503133727
2022-11-01,0.0012570966469901625
2022-11-02,0.0013098024272301116
2022-11-03,0.0013008514365666166
2022-11-04,0.0011484435636147541
2022-11-05,0.001149482090089918
2022-11-06,0.0011505206165650862
2022-11-07,0.0011234153010073748
2022-11-08,0.0011212329048189565
2022-11-09,0.0011881814232703588
2022-11-10,0.0009685901733204167
2022-11-11,0.0009014230170649412
2022-11-12,0.0009023301186182808
2022-11-13,0.0009032372201716204
2022-11-14,0.0009520483690261179
2022-11-15,0.0009674615363733318
2022-11-16,0.0009689475899788804
2022-11-17,0.0009852646270170416
2022-11-18,0.0009542724877676335
2022-11-19,0.000955153349078777
2022-11-20,0.0009560342103899205
2022-11-21,0.0009742022823797684
2022-11-22,0.0009286251368827931
2022-11-23,0.000891030963739946
2022-11-24,0.0008920178964936356
2022-11-25,0.0008815541365277428
2022-11-26,0.0008825395159890118
2022-11-27,0.0008835248954502804
2022-11-28,0.0009683302818041242
2022-11-29,0.0009042758421452519
2022-11-30,0.0008560656985651316
2022-12-01,0.000896220466214793
2022-12-02,0.0009228417766939498
2022-12-03,0.0009237640706639856
2022-12-04,0.0009246863646340214
2022-12-05,0.001010911871431624
2022-12-06,0.0010119273735735936
2022-12-07,0.0010166756836409844
2022-12-08,0.0009844935139950769
2022-12-09,0.0010014149976243104
2022-12-10,0.0010022230392081758
2022-12-11,0.001003031080792042
2022-12-12,0.0009526073769972675
2022-12-13,0.0009335369697460343
2022-12-14,0.000963837347276428
2022-12-15,0.0010642292295112358
2022-12-16,0.0010906273861763876
2022-12-17,0.001091368977609978
2022-12-18,0.0010921105690435717
2022-12-19,0.0010689234664692147
2022-12-20,0.00104913937178329
2022-12-21,0.0009999477942743847
2022-12-22,0.001040075447744327
2022-12-23,0.0010208545731011068
2022-12-24,0.0010215579280603354
2022-12-25,0.001022261283019564
2022-12-26,0.0010229646379787951
2022-12-27,0.0010125628256404465
2022-12-28,0.0009994805949925536
2022-12-29,0.0009741748950939256
2022-12-30,0.0009606149487380112
2022-12-31,0.0009614518223993716
2023-01-01,0.0009622886960607324
2023-01-02,0.0009631255697220933
2023-01-03,0.000928878124105375
2023-01-04,0.0008696075248833322
2023-01-05,0.0008937807141913283
2023-01-06,0.0008358542337636179
2023-01-07,0.0008366939146693887
2023-01-08,0.00083753359557516
2023-01-09,0.0008404996365779694
2023-01-10,0.0008095307032341178
2023-01-11,0.0007858775499091091
2023-01-12,0.0007722398447341352
2023-01-13,0.0007290164739056915
2023-01-14,0.0007299683112917577
2023-01-15,0.0007309201486778239
2023-01-16,0.0007318719860638892
2023-01-17,0.0007162090231821587
2023-01-18,0.0007406926880450652
2023-01-19,0.0007675142045659787
2023-01-20,0.0007594200627064587
2023-01-21,0.0007599381483017927
2023-01-22,0.000760456233897127
2023-01-23,0.0007407657271673788
2023-01-24,0.0007338574331327953
2023-01-25,0.000721928665525957
2023-01-26,0.0006970767927188116
2023-01-27,0.0007120633341734274
2023-01-28,0.000712797510147592
2023-01-29,0.0007135316861217552
2023-01-30,0.0007328385944887551
2023-01-31,0.0007163311486585028
2023-02-01,0.0007036419743213615
2023-02-02,0.0007082445594391016
2023-02-03,0.0006971835604868198
2023-02-04,0.0006979189096872553
2023-02-05,0.0006986542588876907
2023-02-06,0.0007157632455670731
2023-02-07,0.0006836239335805375
2023-02-08,0.0006948972521834858
2023-02-09,0.0007044582682093569
2023-02-10,0.0007084240525350211
2023-02-11,0.0007091732484323971
2023-02-12,0.0007099224443297722
2023-02-13,0.0006810588308301252
2023-02-14,0.0006612662767322718
2023-02-15,0.0006624000030983385
2023-02-16,0.000682018677081763
2023-02-17,0.0006801658906335347
2023-02-18,0.0006809230899678369
2023-02-19,0.0006816802893021391
2023-02-20,0.0006824374886364409
2023-02-21,0.0007124105171927419
2023-02-22,0.0007347286960565818
2023-02-23,0.0007177775933487414
2023-02-24,0.0007237293259633871
2023-02-25,0.0007244964433681983
2023-02-26,0.0007252635607730095
2023-02-27,0.0006948446403370729
2023-02-28,0.0006847935961371227
2023-03-01,0.0007038643321921148
2023-03-02,0.0007261765415713787
2023-03-03,0.0006628501939177057
2023-03-04,0.0006636495850894605
2023-03-05,0.0006644489762612149
2023-03-06,0.0006655813490059892
2023-03-07,0.0007290079990889867
2023-03-08,0.0007449611075390264
2023-03-09,0.0008342751057477029
2023-03-10,0.0007987248142300478
2023-03-11,0.0007992889879624375
2023-03-12,0.0007998531616948256
2023-03-13,0.0008635492994838417
2023-03-14,0.0007838412437926414
2023-03-15,0.0009404723464349731
2023-03-16,0.0008793485234741818
2023-03-17,0.0010036204666029219
2023-03-18,0.0010041074281177263
2023-03-19,0.0010045943896325343
2023-03-20,0.0009799617359830663
2023-03-21,0.0009279438731717646
2023-03-22,0.0009717282709944277
2023-03-23,0.0009563246934366446
2023-03-24,0.0010009968039545532
2023-03-25,0.001001311852468812
2023-03-26,0.001001626900983071
2023-03-27,0.000922524824357084
2023-03-28,0.0009127868137678938
2023-03-29,0.0009127543498864822
2023-03-30,0.0009223866930143602
2023-03-31,0.0009043970232606858
2023-04-01,0.000904652629704546
2023-04-02,0.0009049082361484062
2023-04-03,0.0009078715516064066
2023-04-04,0.0009336868738475698
2023-04-05,0.000942312115439378
2023-04-06,0.0009440649210692223
2023-04-07,0.000944254493165003
2023-04-08,0.0009444440652607833
2023-04-09,0.0009446336373565636
2023-04-10,0.000937548165715184
2023-04-11,0.000939630625240483
2023-04-12,0.0009375835186702067
2023-04-13,0.0009358352404047572
2023-04-14,0.0008482195469400925
2023-04-15,0.0008488145631208965
2023-04-16,0.000849409579301701
2023-04-17,0.0008823158357720187
2023-04-18,0.0008680708601195098
2023-04-19,0.0008835457910705371
2023-04-20,0.0009199138848261638
2023-04-21,0.0009296720225359365
2023-04-22,0.0009305777149775313
2023-04-23,0.0009314834074191239
2023-04-24,0.0009126952376620912
2023-04-25,0.001021666221165415
2023-04-26,0.0010594402604262535
2023-04-27,0.001014138856987356
2023-04-28,0.0009966322516030105
2023-04-29,0.000997433965292358
2023-04-30,0.0009982356789817086
2023-05-01,0.0009568598187376545
2023-05-02,0.0010092796199366468
2023-05-03,0.0010983657737654818
2023-05-04,0.0011573396829541666
2023-05-05,0.0010718287102543856
2023-05-06,0.0010726353616969
2023-05-07,0.001073442013139414
2023-05-08,0.0010694057099920173
2023-05-09,0.0010871488523153039
2023-05-10,0.001093904338481244
2023-05-11,0.0011123142474049998
2023-05-12,0.0011637775774707001
2023-05-13,0.0011645387479933952
2023-05-14,0.0011652999185160903
2023-05-15,0.0011323227555852353
2023-05-16,0.0011631397503624329
2023-05-17,0.0010469605836111971
2023-05-18,0.0010173163026997761
2023-05-19,0.0010036601595481945
2023-05-20,0.0010045301245103812
2023-05-21,0.0010054000894725687
2023-05-22,0.0010239552271505783
2023-05-23,0.0010663076076175815
2023-05-24,0.0011008890858076733
2023-05-25,0.001095930019564787
2023-05-26,0.0010600438221440357
2023-05-27,0.0010608409936979776
2023-05-28,0.0010616381652519195
2023-05-29,0.0010624353368058614
2023-05-30,0.0010655398636946565
2023-05-31,0.001131280977909949
2023-06-01,0.0010625645550022228
2023-06-02,0.0009774296113013825
2023-06-03,0.0009783784440552039
2023-06-04,0.0009793272768090252
2023-06-05,0.0010074761041370885
2023-06-06,0.0009890426343796724
2023-06-07,0.000966142006558166
2023-06-08,0.0009668505996682122
2023-06-09,0.0009657387980368947
2023-06-10,0.0009666811332259702
2023-06-11,0.0009676234684150476
2023-06-12,0.0009630332536843759
2023-06-13,0.0009449938282355816
2023-06-14,0.0009430355635132812
2023-06-15,0.0009193209487688746
2023-06-16,0.0009178963744306866
2023-06-17,0.0009189123275421497
2023-06-18,0.0009199282806536127
2023-06-19,0.000920944233765078
2023-06-20,0.0009577052836193304
2023-06-21,0.0009656725493658075
2023-06-22,0.00103410154910286
2023-06-23,0.0010580422094537776
2023-06-24,0.0010589447845389234
2023-06-25,0.0010598473596240693
2023-06-26,0.0010615601830411955
2023-06-27,0.001047701662537316
2023-06-28,0.0010647089991447055
2023-06-29,0.0009482505371907679
2023-06-30,0.0008887952059102567
2023-07-01,0.0008899317178502919
2023-07-02,0.000891068229790327
2023-07-03,0.0008533941004479624
2023-07-04,0.0008545552113922912
2023-07-05,0.0009425923768246057
2023-07-06,0.0010141572029562919
2023-07-07,0.0009551754548591989
2023-07-08,0.0009563226561347467
2023-07-09,0.000957469857410295
2023-07-10,0.0009586170586858428
