Date,UBS - ISNPY Accumulated Oriented Area
2019-01-01,0.0
2019-01-02,0.0
2019-01-03,1.6934313725800617e-08
2019-01-04,-9.597105578381576e-06
2019-01-05,-9.29121729244109e-06
2019-01-06,-8.985329006500398e-06
2019-01-07,-9.353211942940747e-06
2019-01-08,-1.7736602485169323e-05
2019-01-09,-1.2378877949490547e-05
2019-01-10,-2.1308087944483462e-05
2019-01-11,-3.283300036579619e-05
2019-01-12,-3.248756861219421e-05
2019-01-13,-3.21421368585929e-05
2019-01-14,-4.4533447475173115e-05
2019-01-15,-5.5592164863182885e-05
2019-01-16,-4.536986332197469e-05
2019-01-17,-3.925080332460206e-05
2019-01-18,-4.691631362048155e-05
2019-01-19,-4.655543940455638e-05
2019-01-20,-4.6194565188631246e-05
2019-01-21,-4.5833690972706115e-05
2019-01-22,-7.0341000194581265e-06
2019-01-23,-1.0419784214063252e-05
2019-01-24,-1.5129122392632217e-05
2019-01-25,-7.721896931359936e-06
2019-01-26,-7.281329107910404e-06
2019-01-27,-6.840761284460898e-06
2019-01-28,-8.51244196901472e-08
2019-01-29,7.59295895688474e-07
2019-01-30,-8.186131067266355e-06
2019-01-31,-3.3913928273125575e-06
2019-02-01,-4.149880588084646e-06
2019-02-02,-3.9615226620100445e-06
2019-02-03,-3.773164735935365e-06
2019-02-04,-1.925507793400718e-06
2019-02-05,-7.391716913322013e-06
2019-02-06,6.596554672648682e-07
2019-02-07,9.213083612403196e-06
2019-02-08,1.3200139890701157e-05
2019-02-09,1.3399401516933056e-05
2019-02-10,1.35986631431649e-05
2019-02-11,1.3284117034545599e-05
2019-02-12,7.190381172057328e-06
2019-02-13,1.8499681456178216e-06
2019-02-14,1.1343927333719948e-05
2019-02-15,-1.690563839353583e-06
2019-02-16,-1.3289168177711341e-06
2019-02-17,-9.672697961883329e-07
2019-02-18,-6.05622774605579e-07
2019-02-19,4.0218709078015515e-06
2019-02-20,4.4177675732551004e-05
2019-02-21,6.322612555766593e-05
2019-02-22,5.964831004861011e-05
2019-02-23,6.00227323519751e-05
2019-02-24,6.039715465534034e-05
2019-02-25,4.1465307847486317e-05
2019-02-26,2.660348769460157e-05
2019-02-27,1.692583513448116e-05
2019-02-28,1.2826145010504556e-05
2019-03-01,6.9605065727205195e-06
2019-03-02,7.683348108020837e-06
2019-03-03,8.406189643321223e-06
2019-03-04,2.2218411664127276e-05
2019-03-05,4.154630424566568e-05
2019-03-06,5.5520204340888405e-05
2019-03-07,0.0001300225816722221
2019-03-08,0.0001325898829693956
2019-03-09,0.00013316676792702692
2019-03-10,0.00013374365288465823
2019-03-11,0.00010607003898841801
2019-03-12,0.00010545762884981661
2019-03-13,7.409739792174486e-05
2019-03-14,6.741854851304099e-05
2019-03-15,6.734174935280762e-05
2019-03-16,6.813309950490778e-05
2019-03-17,6.89244496570079e-05
2019-03-18,7.15951169358547e-06
2019-03-19,7.680833637394041e-07
2019-03-20,4.122732891060622e-05
2019-03-21,6.151215292975645e-05
2019-03-22,0.00016002926005434607
2019-03-23,0.00016072177089763935
2019-03-24,0.00016141428174093207
2019-03-25,0.00016895985981151432
2019-03-26,0.00016653463448192246
2019-03-27,0.00013868519973836717
2019-03-28,0.00014997440858312847
2019-03-29,0.00013015214745581196
2019-03-30,0.00013085630507010378
2019-03-31,0.00013156046268439532
2019-04-01,7.910580043029366e-05
2019-04-02,7.692275742987535e-05
2019-04-03,5.552061239013522e-05
2019-04-04,4.341608635780569e-05
2019-04-05,4.9219668198236086e-05
2019-04-06,5.005823590266848e-05
2019-04-07,5.08968036071012e-05
2019-04-08,5.4509845912557127e-05
2019-04-09,5.865659309243003e-05
2019-04-10,6.871755825608486e-05
2019-04-11,2.7392202019067922e-05
2019-04-12,-2.013603251603953e-06
2019-04-13,-1.042174616862549e-06
2019-04-14,-7.074598212115891e-08
2019-04-15,-1.4974357641794038e-05
2019-04-16,-5.513776190944768e-05
2019-04-17,-9.645913833857076e-05
2019-04-18,-8.280303330160922e-05
2019-04-19,-8.172083143092779e-05
2019-04-20,-8.063862956024634e-05
2019-04-21,-7.955642768956499e-05
2019-04-22,-7.836503610522283e-05
2019-04-23,-4.35747156132535e-05
2019-04-24,-5.743097436919804e-05
2019-04-25,-7.783298976253477e-05
2019-04-26,-7.46890615158663e-05
2019-04-27,-7.380927204658506e-05
2019-04-28,-7.29294825773039e-05
2019-04-29,-0.00010805300537175457
2019-04-30,-8.666354749015065e-05
2019-05-01,-5.478991462146065e-05
2019-05-02,-7.41122748889424e-05
2019-05-03,-6.272620450500577e-05
2019-05-04,-6.16988595102744e-05
2019-05-05,-6.067151451554193e-05
2019-05-06,9.326707633087111e-05
2019-05-07,0.00018229337445513515
2019-05-08,0.00017827389346966105
2019-05-09,0.00021767459913479766
2019-05-10,0.00022220986631550275
2019-05-11,0.00022288515490863904
2019-05-12,0.00022356044350177478
2019-05-13,0.0003109891317085825
2019-05-14,0.00026783596152741564
2019-05-15,0.00029447039788308067
2019-05-16,0.00023641773239352045
2019-05-17,0.00023107408018436658
2019-05-18,0.00023179574470953728
2019-05-19,0.00023251740923470874
2019-05-20,0.00038858849110327956
2019-05-21,0.0003904601424043623
2019-05-22,0.00042272379635955654
2019-05-23,0.0004542764861252983
2019-05-24,0.00042797064762427
2019-05-25,0.00042792111811425394
2019-05-26,0.00042787158860423796
2019-05-27,0.00042782205909422204
2019-05-28,0.0004728350520664462
2019-05-29,0.0004890910266963142
2019-05-30,0.0004933117148443647
2019-05-31,0.0005091844289712461
2019-06-01,0.0005088148981476282
2019-06-02,0.0005084453673240105
2019-06-03,0.0005119395311523104
2019-06-04,0.00047307077915258525
2019-06-05,0.0005046769323959071
2019-06-06,0.0005151773993628781
2019-06-07,0.0005036825004047928
2019-06-08,0.0005033853090083374
2019-06-09,0.0005030881176118822
2019-06-10,0.000501317738963265
2019-06-11,0.0005024151946380345
2019-06-12,0.0005035395444075012
2019-06-13,0.0004992128933464091
2019-06-14,0.0004900302998145234
2019-06-15,0.0004897142690897698
2019-06-16,0.0004893982383650148
2019-06-17,0.0005077079907159257
2019-06-18,0.0004639792191891153
2019-06-19,0.0004397137844539318
2019-06-20,0.00042260954238434355
2019-06-21,0.00043711959048111195
2019-06-22,0.00043697424243976794
2019-06-23,0.00043682889439842294
2019-06-24,0.000437589543365552
2019-06-25,0.00044218984719615747
2019-06-26,0.0004382637315402437
2019-06-27,0.00044033383113672086
2019-06-28,0.0004286216152925126
2019-06-29,0.0004285192876559039
2019-06-30,0.00042841696001929603
2019-07-01,0.0004526119959427272
2019-07-02,0.00045095507337199984
2019-07-03,0.0003593279526513384
2019-07-04,0.0003594641028731531
2019-07-05,0.0003319828600354907
2019-07-06,0.00033219692390027843
2019-07-07,0.00033241098776506695
2019-07-08,0.0003424805593469903
2019-07-09,0.00035071794066129594
2019-07-10,0.00031131009021255284
2019-07-11,0.00028271072986591633
2019-07-12,0.0002756813204554801
2019-07-13,0.0002760558074190536
2019-07-14,0.0002764302943826271
2019-07-15,0.00028824968460601437
2019-07-16,0.0002828997139734885
2019-07-17,0.00031013545084804635
2019-07-18,0.00028372750793521266
2019-07-19,0.00034277462177096426
2019-07-20,0.00034299053426983014
2019-07-21,0.00034320644676869624
2019-07-22,0.00032755548554560827
2019-07-23,0.0002966214615211875
2019-07-24,0.00033180479419501015
2019-07-25,0.00037638876704278515
2019-07-26,0.0003929748209901206
2019-07-27,0.00039319551469189294
2019-07-28,0.0003934162083936641
2019-07-29,0.00043644542577839663
2019-07-30,0.00044597930943580976
2019-07-31,0.000492563262523
2019-08-01,0.0004903337902874525
2019-08-02,0.0004631800499740756
2019-08-03,0.00046325580244748355
2019-08-04,0.00046333155492089015
2019-08-05,0.00045094084571974786
2019-08-06,0.00042780785197219835
2019-08-07,0.0005170561005650911
2019-08-08,0.0005131644309179794
2019-08-09,0.0005858389578762837
2019-08-10,0.0005857140336378875
2019-08-11,0.0005855891093994928
2019-08-12,0.0006606686618676308
2019-08-13,0.000565842036703713
2019-08-14,0.0006211205274633364
2019-08-15,0.000649905025941586
2019-08-16,0.0005544630362768684
2019-08-17,0.0005543439967354951
2019-08-18,0.0005542249571941237
2019-08-19,0.000516287961339644
2019-08-20,0.0005258403733801979
2019-08-21,0.0004864955081885519
2019-08-22,0.0004697611342690418
2019-08-23,0.0005440885332976307
2019-08-24,0.0005439800986712738
2019-08-25,0.0005438716640449171
2019-08-26,0.0004543131964564083
2019-08-27,0.00043680913965307196
2019-08-28,0.0004091658003593202
2019-08-29,0.00029986406484689175
2019-08-30,0.00037371740226760543
2019-08-31,0.00037385451608951413
2019-09-01,0.0003739916299114229
2019-09-02,0.00037412874373332985
2019-09-03,0.0003450253150196423
2019-09-04,0.0002972164653330978
2019-09-05,0.00022614068333554405
2019-09-06,0.00021204301862805852
2019-09-07,0.0002123918407520156
2019-09-08,0.0002127406628759711
2019-09-09,0.00014130883664563708
2019-09-10,6.67656497092039e-05
2019-09-11,9.074667897429394e-05
2019-09-12,6.450113319297321e-05
2019-09-13,-3.0367898865346252e-05
2019-09-14,-2.9706126402263117e-05
2019-09-15,-2.9044353939181012e-05
2019-09-16,5.036245682873969e-05
2019-09-17,7.425715037398653e-05
2019-09-18,6.65711551682414e-05
2019-09-19,4.4962693564645556e-05
2019-09-20,6.862054793647682e-05
2019-09-21,6.914534489421307e-05
2019-09-22,6.967014185195057e-05
2019-09-23,9.23116647088879e-05
2019-09-24,0.00012348086654069134
2019-09-25,0.00013314950599877944
2019-09-26,0.00013752820701764672
2019-09-27,0.00011526798050744171
2019-09-28,0.00011573938604762197
2019-09-29,0.0001162107915878035
2019-09-30,8.645209195616945e-05
2019-10-01,0.00013499717148769978
2019-10-02,0.00023216036194919363
2019-10-03,0.0002190208424190234
2019-10-04,0.00020638410766562663
2019-10-05,0.00020681159650384298
2019-10-06,0.00020723908534205933
2019-10-07,0.00023140720838477383
2019-10-08,0.0002554238229054302
2019-10-09,0.0002170937894877426
2019-10-10,0.00011308763287533574
2019-10-11,4.285607260767565e-05
2019-10-12,4.345238067782404e-05
2019-10-13,4.4048688747971995e-05
2019-10-14,3.073525784499177e-05
2019-10-15,-3.81286717847099e-05
2019-10-16,-6.943848885950448e-05
2019-10-17,-0.00010159030036478115
2019-10-18,-0.00014618950889601665
2019-10-19,-0.00014532985175421775
2019-10-20,-0.0001444701946124203
2019-10-21,-0.0002119751262880224
2019-10-22,-0.00018802720679644326
2019-10-23,-0.00021964268290884518
2019-10-24,-0.000235127408154498
2019-10-25,-0.0002355895040963785
2019-10-26,-0.00023470672032410456
2019-10-27,-0.00023382393655183188
2019-10-28,-0.00026914927270982737
2019-10-29,-0.0002938432631731275
2019-10-30,-0.0002388420865552825
2019-10-31,-0.0002173245551877273
2019-11-01,-0.0002749198812355882
2019-11-02,-0.000274016915031651
2019-11-03,-0.00027311394882771275
2019-11-04,-0.00036415124599058863
2019-11-05,-0.0003786067560610188
2019-11-06,-0.00038289260857431347
2019-11-07,-0.00042214434478928756
2019-11-08,-0.000387535000945659
2019-11-09,-0.00038654823447172157
2019-11-10,-0.0003855614679977832
2019-11-11,-0.00040599627759356266
2019-11-12,-0.0003906822540479194
2019-11-13,-0.0003280237954308652
2019-11-14,-0.0003148475260669023
2019-11-15,-0.00033268939552126065
2019-11-16,-0.0003317069356480536
2019-11-17,-0.0003307244757748453
2019-11-18,-0.0003578632709426978
2019-11-19,-0.00033210809924904145
2019-11-20,-0.00031146187275309827
2019-11-21,-0.0003305584170417299
2019-11-22,-0.00034935955359465
2019-11-23,-0.0003483241683806276
2019-11-24,-0.00034728878316660623
2019-11-25,-0.00036513299905078177
2019-11-26,-0.00032882463563402655
2019-11-27,-0.00033939391415563737
2019-11-28,-0.0003383941673199181
2019-11-29,-0.00027261611815098855
2019-11-30,-0.0002717239730546625
2019-12-01,-0.00027083182795833744
2019-12-02,-0.00024318399105615154
2019-12-03,-0.00020196528169773276
2019-12-04,-0.00024210914837873428
2019-12-05,-0.0002553606175085914
2019-12-06,-0.00028078232354188765
2019-12-07,-0.00027981631070964763
2019-12-08,-0.00027885029787740875
2019-12-09,-0.00025009149204087156
2019-12-10,-0.0002473730405101195
2019-12-11,-0.0002554213183435953
2019-12-12,-0.00037865153962346254
2019-12-13,-0.00036630878033353605
2019-12-14,-0.0003652714049302001
2019-12-15,-0.00036423402952686333
2019-12-16,-0.000415636824243365
2019-12-17,-0.000454977317802308
2019-12-18,-0.0004177855288942014
2019-12-19,-0.00042715931628235933
2019-12-20,-0.0004256981142017356
2019-12-21,-0.00042454879480929093
2019-12-22,-0.00042339947541684514
2019-12-23,-0.00044255208939992017
2019-12-24,-0.00042925600041094844
2019-12-25,-0.0004281040342457778
2019-12-26,-0.00045581490300915456
2019-12-27,-0.0004301193184959842
2019-12-28,-0.0004290073983790085
2019-12-29,-0.000427895478262034
2019-12-30,-0.00042695048252813675
2019-12-31,-0.0004352664346269343
2020-01-01,-0.0004341760212805976
2020-01-02,-0.0005384393098881854
2020-01-03,-0.00046444409377736527
2020-01-04,-0.00046334698015281314
2020-01-05,-0.0004622498665282611
2020-01-06,-0.0004448406359282564
2020-01-07,-0.0004812888808595001
2020-01-08,-0.0005144139657400634
2020-01-09,-0.0005464587373791731
2020-01-10,-0.000498491707351925
2020-01-11,-0.0004974150735709616
2020-01-12,-0.000496338439789999
2020-01-13,-0.0005095284342316071
2020-01-14,-0.0005130286273566572
2020-01-15,-0.00048475825655235473
2020-01-16,-0.000517547557146624
2020-01-17,-0.000500633869170307
2020-01-18,-0.0004996418161887227
2020-01-19,-0.0004986497632071392
2020-01-20,-0.0004976577102255551
2020-01-21,-0.0003514469400991634
2020-01-22,-0.000378375336095646
2020-01-23,-0.000388619082993378
2020-01-24,-0.0003499862100905095
2020-01-25,-0.00034913906830382537
2020-01-26,-0.0003482919265171403
2020-01-27,-0.00030153704708802407
2020-01-28,-0.00033276611927472634
2020-01-29,-0.0003483130879399506
2020-01-30,-0.000335653352364476
2020-01-31,-0.00025695842983687676
2020-02-01,-0.0002562196694308122
2020-02-02,-0.00025548090902474576
2020-02-03,-0.00031069714258398566
2020-02-04,-0.0003839741458730505
2020-02-05,-0.0005458528586101771
2020-02-06,-0.0005858591985729784
2020-02-07,-0.0006025484064435568
2020-02-08,-0.0006012718855579037
2020-02-09,-0.0005999953646722519
2020-02-10,-0.0006106695302849918
2020-02-11,-0.0006377279161654422
2020-02-12,-0.000706999493466099
2020-02-13,-0.0006500063979744449
2020-02-14,-0.0006248149034625743
2020-02-15,-0.000623565892208121
2020-02-16,-0.0006223168809536679
2020-02-17,-0.0006210678696992168
2020-02-18,-0.0006875424988876536
2020-02-19,-0.0006908727342611412
2020-02-20,-0.0006905405916148315
2020-02-21,-0.0005871834127898936
2020-02-22,-0.0005858848640559763
2020-02-23,-0.00058458631532206
2020-02-24,-0.00028859053703611753
2020-02-25,-0.0001392325636822828
2020-02-26,-0.00020983228201081668
2020-02-27,7.044694404231052e-06
2020-02-28,0.00012499883479189232
2020-02-29,0.0001256848426312092
2020-03-01,0.0001263708504705242
2020-03-02,0.00010046175678632413
2020-03-03,0.00030239888711540343
2020-03-04,0.00012750699315279996
2020-03-05,0.0004796668270048282
2020-03-06,0.0005288565720595673
2020-03-07,0.0005290968537400122
2020-03-08,0.0005293371354204597
2020-03-09,0.0013125672056694647
2020-03-10,0.0012173749099656833
2020-03-11,0.0012827882986137505
2020-03-12,0.002233391357427071
2020-03-13,0.0016065644554658833
2020-03-14,0.0016057288952565684
2020-03-15,0.001604893335047256
2020-03-16,0.002728595791040857
2020-03-17,0.0026675557258257613
2020-03-18,0.00281199844477393
2020-03-19,0.0033359563464798953
2020-03-20,0.0029142311421365146
2020-03-21,0.0029122810571347237
2020-03-22,0.0029103309721329367
2020-03-23,0.002716785468695959
2020-03-24,0.0025009989913894184
2020-03-25,0.002240899330704694
2020-03-26,0.002374601261494734
2020-03-27,0.00247719189412843
2020-03-28,0.002475865999187029
2020-03-29,0.0024745401042456277
2020-03-30,0.00282756145302847
2020-03-31,0.002680829676355319
2020-04-01,0.0030121168332924086
2020-04-02,0.0030037130299840047
2020-04-03,0.003427892092912583
2020-04-04,0.003425600805808078
2020-04-05,0.003423309518703568
2020-04-06,0.00312597103827663
2020-04-07,0.0032109445355806877
2020-04-08,0.0032592514310904124
2020-04-09,0.00339946785458242
2020-04-10,0.003397692187298587
2020-04-11,0.003395916520014753
2020-04-12,0.0033941408527309175
2020-04-13,0.0033967822123836242
2020-04-14,0.00358505954383033
2020-04-15,0.003613075891271369
2020-04-16,0.003378639032953096
2020-04-17,0.0035358574529133872
2020-04-18,0.003533735956994532
2020-04-19,0.003531614461075679
2020-04-20,0.0036157787331945355
2020-04-21,0.0036080980141862083
2020-04-22,0.0034375091367011184
2020-04-23,0.0034606632887555075
2020-04-24,0.0035363162174711013
2020-04-25,0.0035340517883608352
2020-04-26,0.003531787359250569
2020-04-27,0.0034902538995824958
2020-04-28,0.003620199562427738
2020-04-29,0.003714708706403712
2020-04-30,0.0038543171982975853
2020-05-01,0.00370773503570069
2020-05-02,0.003705710912976737
2020-05-03,0.0037036867902527832
2020-05-04,0.003608720439129904
2020-05-05,0.0032239261709534
2020-05-06,0.0033294926981241382
2020-05-07,0.003454300457548855
2020-05-08,0.003436348062404071
2020-05-09,0.0034343687172005213
2020-05-10,0.0034323893719969707
2020-05-11,0.0033259979062181585
2020-05-12,0.0032915798664406694
2020-05-13,0.003292971561860072
2020-05-14,0.0031300725478990024
2020-05-15,0.0031567465494801595
2020-05-16,0.0031546821684081696
2020-05-17,0.0031526177873361797
2020-05-18,0.0030885843099012224
2020-05-19,0.0032112735871703876
2020-05-20,0.003270712939039521
2020-05-21,0.00328652100611533
2020-05-22,0.003065296996919439
2020-05-23,0.0030635377135813423
2020-05-24,0.0030617784302432415
2020-05-25,0.003060019146905145
2020-05-26,0.0030566030890915924
2020-05-27,0.0030251184007535677
2020-05-28,0.003027760799819537
2020-05-29,0.0028846989390917343
2020-05-30,0.0028834623017532893
2020-05-31,0.0028822256644148465
2020-06-01,0.002866584840535564
2020-06-02,0.0028186141426740693
2020-06-03,0.0026997768442733974
2020-06-04,0.002620208819930286
2020-06-05,0.0024992975491934287
2020-06-06,0.0024988266913345204
2020-06-07,0.0024983558334756148
2020-06-08,0.002448675102920502
2020-06-09,0.0025994089194856123
2020-06-10,0.002609197419910494
2020-06-11,0.0028140139798156338
2020-06-12,0.002638244230488255
2020-06-13,0.002637365709425262
2020-06-14,0.0026364871883622692
2020-06-15,0.0025751044266151186
2020-06-16,0.002500431881307523
2020-06-17,0.0025354157072484847
2020-06-18,0.00260501266811734
2020-06-19,0.002609231718232299
2020-06-20,0.0026083609181104203
2020-06-21,0.0026074901179885413
2020-06-22,0.002572945640051049
2020-06-23,0.0025347514681601712
2020-06-24,0.0025734848254415094
2020-06-25,0.002626644445853657
2020-06-26,0.0027461406081354294
2020-06-27,0.0027451740268663706
2020-06-28,0.002744207445597312
2020-06-29,0.002591822251611515
2020-06-30,0.0025815103003396763
2020-07-01,0.00258424744815304
2020-07-02,0.002540852482397884
2020-07-03,0.0025402277958704476
2020-07-04,0.002539603109343011
2020-07-05,0.002538978422815572
2020-07-06,0.0024226864625712307
2020-07-07,0.002423554896253064
2020-07-08,0.0024857936734893013
2020-07-09,0.0025237530319816306
2020-07-10,0.0024430974188697483
2020-07-11,0.0024426507526531865
2020-07-12,0.002442204086436622
2020-07-13,0.0024462127763980805
2020-07-14,0.002438745941984875
2020-07-15,0.0023426859039752147
2020-07-16,0.002367487298748279
2020-07-17,0.0022923163525544197
2020-07-18,0.0022921177449802587
2020-07-19,0.0022919191374060994
2020-07-20,0.0022575107889222313
2020-07-21,0.0022113489035850264
2020-07-22,0.0021934468030223417
2020-07-23,0.002248603897702524
2020-07-24,0.0022972605168647877
2020-07-25,0.0022970535991623632
2020-07-26,0.0022968466814599388
2020-07-27,0.0022991648447118185
2020-07-28,0.0023258104350100768
2020-07-29,0.002273517155058768
2020-07-30,0.0023358102848676015
2020-07-31,0.002441386071758483
2020-08-01,0.002440943845244938
2020-08-02,0.0024405016187313924
2020-08-03,0.0025009102830732518
2020-08-04,0.00227781102002911
2020-08-05,0.002178864926519986
2020-08-06,0.0021796705593853604
2020-08-07,0.002204724967644869
2020-08-08,0.0022046652084689263
2020-08-09,0.002204605449292983
2020-08-10,0.0022289244002963973
2020-08-11,0.0021865959229174477
2020-08-12,0.0020843688107363796
2020-08-13,0.0021221060745231575
2020-08-14,0.0021576537646817054
2020-08-15,0.00215767505838241
2020-08-16,0.0021576963520831133
2020-08-17,0.0021771124993294915
2020-08-18,0.0021821177908154356
2020-08-19,0.0021517249109047325
2020-08-20,0.0021800962404091447
2020-08-21,0.0022282259091597656
2020-08-22,0.0022281445198603154
2020-08-23,0.0022280631305608635
2020-08-24,0.0021706672323711517
2020-08-25,0.002160875083767015
2020-08-26,0.002142877935114161
2020-08-27,0.0022459155729352776
2020-08-28,0.0021564518643127054
2020-08-29,0.002156476584088357
2020-08-30,0.002156501303864011
2020-08-31,0.0021935658171563987
2020-09-01,0.002210492294026299
2020-09-02,0.0022221332007310054
2020-09-03,0.0023174489069108443
2020-09-04,0.0022304830121808836
2020-09-05,0.0022303922098990884
2020-09-06,0.002230301407617295
2020-09-07,0.0022302106053355016
2020-09-08,0.0023492663288837336
2020-09-09,0.0022755875766623627
2020-09-10,0.002272446616430226
2020-09-11,0.0022777338869030533
2020-09-12,0.002277575338828191
2020-09-13,0.0022774167907533287
2020-09-14,0.002321137320921098
2020-09-15,0.0023294979541787185
2020-09-16,0.0023784072548325816
2020-09-17,0.0023679788532953087
2020-09-18,0.0024153903354736882
2020-09-19,0.0024149982820315555
2020-09-20,0.002414606228589422
2020-09-21,0.0025102724261998194
2020-09-22,0.0025349351353848716
2020-09-23,0.002682634846605571
2020-09-24,0.0025934804899483935
2020-09-25,0.002561876058040265
2020-09-26,0.0025610549282487644
2020-09-27,0.0025602337984572594
2020-09-28,0.0025680308956412307
2020-09-29,0.0026142268547932777
2020-09-30,0.002664250457078736
2020-10-01,0.002737995117746073
2020-10-02,0.0027070334152697693
2020-10-03,0.002706210247876672
2020-10-04,0.002705387080483572
2020-10-05,0.002588011143364859
2020-10-06,0.002619263355731625
2020-10-07,0.00260622252805424
2020-10-08,0.002513265394004546
2020-10-09,0.002481153322630648
2020-10-10,0.0024806574867665236
2020-10-11,0.0024801616509024017
2020-10-12,0.002519575482746519
2020-10-13,0.002644211706375929
2020-10-14,0.0026755131810047585
2020-10-15,0.0028718966265720612
2020-10-16,0.0029072286647536037
2020-10-17,0.002906225198681899
2020-10-18,0.0029052217326101964
2020-10-19,0.002954959656489597
2020-10-20,0.0029707213510552733
2020-10-21,0.003049510701665078
2020-10-22,0.0031090446551701157
2020-10-23,0.0030422034205801595
2020-10-24,0.0030412394098633653
2020-10-25,0.0030402753991465707
2020-10-26,0.003127788439223395
2020-10-27,0.003193263295017608
2020-10-28,0.003289727487047806
2020-10-29,0.0033348779433708294
2020-10-30,0.0033052500204695475
2020-10-31,0.003303656497774813
2020-11-01,0.003302062975080079
2020-11-02,0.0031958166458398232
2020-11-03,0.003177898613514727
2020-11-04,0.003098037975067088
2020-11-05,0.003035743689296944
2020-11-06,0.003053049325186107
2020-11-07,0.0030522521237052874
2020-11-08,0.0030514549222244673
2020-11-09,0.0028276382562471515
2020-11-10,0.0027119584426539695
2020-11-11,0.0027658126661657834
2020-11-12,0.0028099118086168107
2020-11-13,0.002716246421829802
2020-11-14,0.0027161952511325113
2020-11-15,0.00271614408043522
2020-11-16,0.002702927057399062
2020-11-17,0.0026963626448666474
2020-11-18,0.0026843056802638267
2020-11-19,0.0026769194884348124
2020-11-20,0.0026784744244666447
2020-11-21,0.002678533753208901
2020-11-22,0.0026785930819511576
2020-11-23,0.002680146824705955
2020-11-24,0.0026279925074667253
2020-11-25,0.002601997039281552
2020-11-26,0.00260231796499404
2020-11-27,0.002608491506248199
2020-11-28,0.0026088060977015074
2020-11-29,0.0026091206891548178
2020-11-30,0.0026363418035081285
2020-12-01,0.002553719402901341
2020-12-02,0.0025417328427557438
2020-12-03,0.002533141258408253
2020-12-04,0.002515397706840671
2020-12-05,0.0025159962558985853
2020-12-06,0.0025165948049564978
2020-12-07,0.00255713425549997
2020-12-08,0.002560518439775893
2020-12-09,0.002555904713499135
2020-12-10,0.0025862783875547214
2020-12-11,0.002638130299113933
2020-12-12,0.00263851780427701
2020-12-13,0.002638905309440087
2020-12-14,0.002627477305272817
2020-12-15,0.0025598083622331664
2020-12-16,0.0025879059527249785
2020-12-17,0.002592006564014012
2020-12-18,0.0025960431076512943
2020-12-19,0.002596514758718432
2020-12-20,0.0025969864097855682
2020-12-21,0.0027049641688399262
2020-12-22,0.002719719427350308
2020-12-23,0.002646661388989937
2020-12-24,0.002628326080597794
2020-12-25,0.002628739370523525
2020-12-26,0.0026291526604492552
2020-12-27,0.002629565950374985
2020-12-28,0.002631193398768404
2020-12-29,0.002638914320824713
2020-12-30,0.0026294926061355478
2020-12-31,0.002625626348139884
2021-01-01,0.002626041930097505
2021-01-02,0.002626457512055125
2021-01-03,0.0026268730940127464
2021-01-04,0.002635688301726724
2021-01-05,0.0026312762844645588
2021-01-06,0.0025423318039383873
2021-01-07,0.0025040051614026253
2021-01-08,0.0025257900594446107
2021-01-09,0.002526302667188424
2021-01-10,0.0025268152749322384
2021-01-11,0.0025467682004013
2021-01-12,0.0025467160889227074
2021-01-13,0.0025800435920771215
2021-01-14,0.0025670123511312157
2021-01-15,0.0026010191018901747
2021-01-16,0.002601282575781079
2021-01-17,0.0026015460496719833
2021-01-18,0.0026018095235628867
2021-01-19,0.0026080940091072085
2021-01-20,0.0025720601429702747
2021-01-21,0.002577419911465374
2021-01-22,0.0026186454863990974
2021-01-23,0.0026188992665841723
2021-01-24,0.0026191530467692477
2021-01-25,0.002690060610019611
2021-01-26,0.002672211451583678
2021-01-27,0.0027277510912702995
2021-01-28,0.0027019059839093074
2021-01-29,0.0027261961452580293
2021-01-30,0.0027261673885182807
2021-01-31,0.0027261386317785313
2021-02-01,0.0026899242560823465
2021-02-02,0.002587466285163989
2021-02-03,0.002551091811319471
2021-02-04,0.00251307231910644
2021-02-05,0.002459426964844889
2021-02-06,0.0024601423343545924
2021-02-07,0.0024608577038642944
2021-02-08,0.0023754498216394123
2021-02-09,0.00237426449085066
2021-02-10,0.0023837356165042896
2021-02-11,0.0023776158299452033
2021-02-12,0.002357981878594771
2021-02-13,0.002358854506013255
2021-02-14,0.0023597271334317394
2021-02-15,0.0023605997608502245
2021-02-16,0.0023018140004707633
2021-02-17,0.0023421141492987697
2021-02-18,0.002377265470189107
2021-02-19,0.0023459362381010257
2021-02-20,0.0023467939522442884
2021-02-21,0.002347651666387552
2021-02-22,0.0023198519931456126
2021-02-23,0.002323662837908464
2021-02-24,0.002264712621734041
2021-02-25,0.002293915688642889
2021-02-26,0.002342426502350202
2021-02-27,0.002343333872486256
2021-02-28,0.00234424124262231
2021-03-01,0.0022847370289698307
2021-03-02,0.0022486776404262924
2021-03-03,0.0022752631289254975
2021-03-04,0.002369571993650853
2021-03-05,0.002297004990291341
2021-03-06,0.0022980816711338416
2021-03-07,0.0022991583519763434
2021-03-08,0.002274199845827864
2021-03-09,0.002286381698181465
2021-03-10,0.0022630215690980305
2021-03-11,0.002297134169614931
2021-03-12,0.002300359642862326
2021-03-13,0.002301608940080838
2021-03-14,0.002302858237299348
2021-03-15,0.002325937257303956
2021-03-16,0.0022898145698373538
2021-03-17,0.0022123644014654387
2021-03-18,0.0021621541975848117
2021-03-19,0.0021641041056370026
2021-03-20,0.0021654297978652734
2021-03-21,0.002166755490093544
2021-03-22,0.0021660355820150726
2021-03-23,0.0022597755724969694
2021-03-24,0.0022446196957278067
2021-03-25,0.002185260325938052
2021-03-26,0.0021929791264595133
2021-03-27,0.0021941903438038764
2021-03-28,0.0021954015611482408
2021-03-29,0.002288450377499464
2021-03-30,0.0022741812263669253
2021-03-31,0.0022967150864524714
2021-04-01,0.0022238077744537233
2021-04-02,0.002225060163866988
2021-04-03,0.0022263125532802526
2021-04-04,0.0022275649426935175
2021-04-05,0.0021715346744952974
2021-04-06,0.002153853160095063
2021-04-07,0.0021569476940487306
2021-04-08,0.0021759928997001667
2021-04-09,0.0021834254795648133
2021-04-10,0.0021845415422827976
2021-04-11,0.002185657605000784
2021-04-12,0.002183086792885927
2021-04-13,0.0022699659390203425
2021-04-14,0.0022396838938964114
2021-04-15,0.0022221359991678956
2021-04-16,0.0021675750922562098
2021-04-17,0.0021688560264511722
2021-04-18,0.002170136960646135
2021-04-19,0.002191695170032838
2021-04-20,0.0023083997662008875
2021-04-21,0.0023516328260446656
2021-04-22,0.0024098825024235306
2021-04-23,0.0023683029571110632
2021-04-24,0.0023694579394584435
2021-04-25,0.002370612921805823
2021-04-26,0.002310260404206917
2021-04-27,0.00233877806941752
2021-04-28,0.0022674590189164937
2021-04-29,0.002228314907866108
2021-04-30,0.002320890597402082
2021-05-01,0.0023222582641164976
2021-05-02,0.0023236259308309117
2021-05-03,0.0022852252382608526
2021-05-04,0.0023847636396518834
2021-05-05,0.0023006766670439706
2021-05-06,0.0021946150739603886
2021-05-07,0.002152012700409575
2021-05-08,0.002153563316946193
2021-05-09,0.002155113933482812
2021-05-10,0.0022429871200973987
2021-05-11,0.00231237578394315
2021-05-12,0.002391838317286856
2021-05-13,0.0022922337338135658
2021-05-14,0.0022104990492401314
2021-05-15,0.0022121496326152697
2021-05-16,0.002213800215990409
2021-05-17,0.002183181399590458
2021-05-18,0.002204440976304874
2021-05-19,0.0022566709665842464
2021-05-20,0.00221094682571422
2021-05-21,0.0021818779589332705
2021-05-22,0.0021833684463960865
2021-05-23,0.0021848589338589013
2021-05-24,0.0021392127701023674
2021-05-25,0.002153603092699952
2021-05-26,0.002172616196016574
2021-05-27,0.002077892932847468
2021-05-28,0.0020374110086926562
2021-05-29,0.0020390339126534034
2021-05-30,0.0020406568166141488
2021-05-31,0.002042279720574895
2021-06-01,0.0019944448122431865
2021-06-02,0.001999754708360244
2021-06-03,0.0019754426027937793
2021-06-04,0.001985779531910115
2021-06-05,0.0019875944627088683
2021-06-06,0.0019894093935076203
2021-06-07,0.001989931309518038
2021-06-08,0.0020089919203277245
2021-06-09,0.002063545414595809
2021-06-10,0.002101535446810225
2021-06-11,0.0020976781635298077
2021-06-12,0.002099331358562751
2021-06-13,0.0021009845535956938
2021-06-14,0.0020799591834301297
2021-06-15,0.002053749516471973
2021-06-16,0.0021327112053754257
2021-06-17,0.002220943438213674
2021-06-18,0.0023631233162701376
2021-06-19,0.0023645160208065723
2021-06-20,0.0023659087253430078
2021-06-21,0.00233440820026364
2021-06-22,0.002390089854803636
2021-06-23,0.002403120055571215
2021-06-24,0.0023124391292103866
2021-06-25,0.0022998429372367746
2021-06-26,0.002301345602255602
2021-06-27,0.0023028482672744315
2021-06-28,0.002379026727047131
2021-06-29,0.0023876929839961097
2021-06-30,0.002435751598309341
2021-07-01,0.002399593701895581
2021-07-02,0.002430101584522875
2021-07-03,0.00243144464144237
2021-07-04,0.002432787698361867
2021-07-05,0.002434130755281364
2021-07-06,0.0025086101127457343
2021-07-07,0.002544516988900276
2021-07-08,0.0027186645524884087
2021-07-09,0.002568651804044874
2021-07-10,0.002569900322271546
2021-07-11,0.0025711488404982176
2021-07-12,0.0025267600666673304
2021-07-13,0.0025940433236464233
2021-07-14,0.002576070106803678
2021-07-15,0.0026338383162601417
2021-07-16,0.00270437976268211
2021-07-17,0.002705392807738331
2021-07-18,0.0027064058527945527
2021-07-19,0.002862942692401466
2021-07-20,0.0027123558100114993
2021-07-21,0.00256806812631466
2021-07-22,0.002588099234979354
2021-07-23,0.002509055918508867
2021-07-24,0.002510223131225694
2021-07-25,0.0025113903439425204
2021-07-26,0.0024159104806206035
2021-07-27,0.002432679436049566
2021-07-28,0.002432288965908222
2021-07-29,0.002341946043143508
2021-07-30,0.002363433592010335
2021-07-31,0.0023647435610399253
2021-08-01,0.0023660535300695164
2021-08-02,0.0023765066959857313
2021-08-03,0.002321859057929671
2021-08-04,0.0023506938645051043
2021-08-05,0.0023244140918453797
2021-08-06,0.0022689928766813664
2021-08-07,0.0022704179862650937
2021-08-08,0.0022718430958488236
2021-08-09,0.002279522478408914
2021-08-10,0.002266373386015658
2021-08-11,0.002217476995830064
2021-08-12,0.00222539550920604
2021-08-13,0.002207163247529786
2021-08-14,0.0022087057245260234
2021-08-15,0.0022102482015222587
2021-08-16,0.002233494168154135
2021-08-17,0.002303166508339234
2021-08-18,0.0023222767191105513
2021-08-19,0.0023801176187539367
2021-08-20,0.002362060377251887
2021-08-21,0.0023633878029472987
2021-08-22,0.0023647152286427105
2021-08-23,0.002329524185783621
2021-08-24,0.002318142455027876
2021-08-25,0.0022791152265442607
2021-08-26,0.0023516604084202492
2021-08-27,0.0022988139137379636
2021-08-28,0.0023002005602786027
2021-08-29,0.002301587206819242
2021-08-30,0.002362714658659573
2021-08-31,0.002342085333432699
2021-09-01,0.0023061347662026396
2021-09-02,0.0023156777044617983
2021-09-03,0.002324397396463005
2021-09-04,0.0023258508784541696
2021-09-05,0.002327304360445334
2021-09-06,0.0023287578424364985
2021-09-07,0.00234279131865355
2021-09-08,0.00238362441171719
2021-09-09,0.0024020857672798477
2021-09-10,0.0024187377038275473
2021-09-11,0.0024200283641691044
2021-09-12,0.0024213190245106625
2021-09-13,0.0023465787264588455
2021-09-14,0.00238966162896559
2021-09-15,0.002357399339474554
2021-09-16,0.0023398459484323987
2021-09-17,0.002445879894674628
2021-09-18,0.0024472380710847666
2021-09-19,0.002448596247494905
2021-09-20,0.0027161918900390747
2021-09-21,0.002701789258956155
2021-09-22,0.002606331970704031
2021-09-23,0.002503177261499472
2021-09-24,0.002485199016066539
2021-09-25,0.002486682621226621
2021-09-26,0.0024881662263867028
2021-09-27,0.00238921330220527
2021-09-28,0.002470935831369511
2021-09-29,0.00242836693070592
2021-09-30,0.0024758881074951828
2021-10-01,0.0024673256187818893
2021-10-02,0.0024688418968684227
2021-10-03,0.002470358174954956
2021-10-04,0.0024955088869889784
2021-10-05,0.0023901973608967775
2021-10-06,0.0024149081553232503
2021-10-07,0.0023320124005211914
2021-10-08,0.002275352704145044
2021-10-09,0.002276909241203511
2021-10-10,0.0022784657782619774
2021-10-11,0.002301251102779455
2021-10-12,0.002276485090852963
2021-10-13,0.002258078461106419
2021-10-14,0.002149383211694793
2021-10-15,0.0020895326091775208
2021-10-16,0.002091323157837344
2021-10-17,0.002093113706497166
2021-10-18,0.002164645394109082
2021-10-19,0.0021711635279506045
2021-10-20,0.0021299954566507033
2021-10-21,0.0021448084226353917
2021-10-22,0.0020893365823242507
2021-10-23,0.002090807225251827
2021-10-24,0.0020922778681794043
2021-10-25,0.0020714955174026316
2021-10-26,0.0020313586761633255
2021-10-27,0.0020242762704855144
2021-10-28,0.0019978483995412794
2021-10-29,0.0020048323172467963
2021-10-30,0.0020062602696058014
2021-10-31,0.0020076882219648073
2021-11-01,0.0019257918805444295
2021-11-02,0.0019164251096635285
2021-11-03,0.0019130400345510907
2021-11-04,0.001999833653798012
2021-11-05,0.0019708722642330537
2021-11-06,0.0019723399622861744
2021-11-07,0.0019738076603392943
2021-11-08,0.001984875563083816
2021-11-09,0.0019774161174279745
2021-11-10,0.002035886330586094
2021-11-11,0.002028423614238814
2021-11-12,0.00203831826657127
2021-11-13,0.002039712917134797
2021-11-14,0.0020411075676983236
2021-11-15,0.0020573057931110154
2021-11-16,0.002065745345792023
2021-11-17,0.0020254881079645346
2021-11-18,0.002078356470131655
2021-11-19,0.0022000921838626524
2021-11-20,0.0022012364035386544
2021-11-21,0.002202380623214657
2021-11-22,0.0022519538099777902
2021-11-23,0.0022457113370659117
2021-11-24,0.0022426840360119564
2021-11-25,0.002243545692280873
2021-11-26,0.0023775166913351767
2021-11-27,0.002378086004313491
2021-11-28,0.002378655317291805
2021-11-29,0.002387203058633302
2021-11-30,0.0024132981495449397
2021-12-01,0.002406672147090852
2021-12-02,0.002356147490000102
2021-12-03,0.002378252229392893
2021-12-04,0.0023787173576171384
2021-12-05,0.0023791824858413824
2021-12-06,0.0023174355320118327
2021-12-07,0.0022826323787559256
2021-12-08,0.002282987138160364
2021-12-09,0.0023039970514517213
2021-12-10,0.002303031536672417
2021-12-11,0.00230370240062263
2021-12-12,0.002304373264572843
2021-12-13,0.0023252292318285
2021-12-14,0.002321265721994253
2021-12-15,0.0023346581259855942
2021-12-16,0.002304827548958671
2021-12-17,0.002368721664722612
2021-12-18,0.002369313950117754
2021-12-19,0.0023699062355128967
2021-12-20,0.002381271957681997
2021-12-21,0.0023340940168986063
2021-12-22,0.002315511422956346
2021-12-23,0.0022871894116553754
2021-12-24,0.0022879439448201104
2021-12-25,0.002288698477984847
2021-12-26,0.0022894530111495833
2021-12-27,0.002251600436361316
2021-12-28,0.0022409608122465185
2021-12-29,0.0022480437415293127
2021-12-30,0.002268361573751132
2021-12-31,0.0022639512305823763
2022-01-01,0.0022648495440001255
2022-01-02,0.002265747857417874
2022-01-03,0.0022068541114213954
2022-01-04,0.002121244818318109
2022-01-05,0.0021583724420656215
2022-01-06,0.002051490571152607
2022-01-07,0.0019963884548707222
2022-01-08,0.001997673545283226
2022-01-09,0.001998958635695732
2022-01-10,0.0020185193865192045
2022-01-11,0.001997540401807233
2022-01-12,0.001959819460879687
2022-01-13,0.001961178005749784
2022-01-14,0.0019538852179443594
2022-01-15,0.001955468524794967
2022-01-16,0.0019570518316455766
2022-01-17,0.001958635138496186
2022-01-18,0.002007119905590984
2022-01-19,0.0020553498145702213
2022-01-20,0.002059848850525886
2022-01-21,0.002084640843117578
2022-01-22,0.002086082266832491
2022-01-23,0.002087523690547405
2022-01-24,0.002200604748352382
2022-01-25,0.0021791570799236694
2022-01-26,0.0021339543890990346
2022-01-27,0.002205809931797146
2022-01-28,0.002199667377723315
2022-01-29,0.0022012213026653864
2022-01-30,0.0022027752276074586
2022-01-31,0.0021355083135195596
2022-02-01,0.0017544991976621033
2022-02-02,0.0017362458109108924
2022-02-03,0.0017810893332163855
2022-02-04,0.001768673410215707
2022-02-05,0.0017704968931380528
2022-02-06,0.0017723203760603983
2022-02-07,0.0017343547886710545
2022-02-08,0.0016534887147365898
2022-02-09,0.001620856928380121
2022-02-10,0.001668373147527331
2022-02-11,0.0017442380820315586
2022-02-12,0.0017461876187582505
2022-02-13,0.001748137155484942
2022-02-14,0.0017718397765926638
2022-02-15,0.00177033638508388
2022-02-16,0.0018174668970735157
2022-02-17,0.001880570394312503
2022-02-18,0.0018877511011564127
2022-02-19,0.0018895831990062215
2022-02-20,0.00189141529685603
2022-02-21,0.0018932473947058386
2022-02-22,0.0020546842178716133
2022-02-23,0.0021194590451941897
2022-02-24,0.0024127863041963835
2022-02-25,0.002238204344438781
2022-02-26,0.002239539433874639
2022-02-27,0.0022408745233104955
2022-02-28,0.0024447273585233836
2022-03-01,0.00262744790429847
2022-03-02,0.002578098493139936
2022-03-03,0.002677761055480332
2022-03-04,0.0029127402056457127
2022-03-05,0.0029124252260094934
2022-03-06,0.0029121102463732754
2022-03-07,0.003060495937442451
2022-03-08,0.002977167265093634
2022-03-09,0.002744920873888588
2022-03-10,0.0029217183111607094
2022-03-11,0.00297448163884231
2022-03-12,0.002974100241004267
2022-03-13,0.002973718843166225
2022-03-14,0.0028967664344898723
2022-03-15,0.002839568198727864
2022-03-16,0.002693563943991965
2022-03-17,0.0027294441273927757
2022-03-18,0.002724144210458324
2022-03-19,0.0027243122974391835
2022-03-20,0.002724480384420043
2022-03-21,0.0027364669973168037
2022-03-22,0.002716868203788888
2022-03-23,0.002740813583111375
2022-03-24,0.002744955748524152
2022-03-25,0.0027438212069564364
2022-03-26,0.0027438128158432575
2022-03-27,0.0027438044247300787
2022-03-28,0.0027384530773034727
2022-03-29,0.0027020489831773957
2022-03-30,0.0027157154697325893
2022-03-31,0.002728160017493901
2022-04-01,0.002720159133333898
2022-04-02,0.002720344774156189
2022-04-03,0.0027205304149784805
2022-04-04,0.0027174901143346723
2022-04-05,0.0027365457839329532
2022-04-06,0.0027549146629617426
2022-04-07,0.0027618768026400685
2022-04-08,0.002751947570196201
2022-04-09,0.0027517216842297305
2022-04-10,0.0027514957982632602
2022-04-11,0.0027599890506816004
2022-04-12,0.0027607795081067772
2022-04-13,0.0027354848687298977
2022-04-14,0.002720959441371057
2022-04-15,0.002720664269642345
2022-04-16,0.002720369097913633
2022-04-17,0.0027200739261849225
2022-04-18,0.002719778754456212
2022-04-19,0.0027088222364606137
2022-04-20,0.002677947915414156
2022-04-21,0.0026916725058791094
2022-04-22,0.0027169833978778818
2022-04-23,0.0027166965538826353
2022-04-24,0.0027164097098873905
2022-04-25,0.0027210966688258507
2022-04-26,0.002792210114706587
2022-04-27,0.0028365772566638753
2022-04-28,0.0028222071356387704
2022-04-29,0.0028047599271866825
2022-04-30,0.002804200438678607
2022-05-01,0.002803640950170533
2022-05-02,0.0027964720544555247
2022-05-03,0.0027835861973380576
2022-05-04,0.002812014236475
2022-05-05,0.0028063508160552954
2022-05-06,0.002861332842727755
2022-05-07,0.0028606579196667928
2022-05-08,0.00285998299660583
2022-05-09,0.0028520256582083544
2022-05-10,0.002852523091931852
2022-05-11,0.002772805314956435
2022-05-12,0.002743249817443632
2022-05-13,0.002773095561870365
2022-05-14,0.002772591456617206
2022-05-15,0.0027720873513640463
2022-05-16,0.0027694971051604495
2022-05-17,0.002733729942345213
2022-05-18,0.0027756460156945586
2022-05-19,0.0027168864731895535
2022-05-20,0.002771563824825775
2022-05-21,0.0027711136735831636
2022-05-22,0.002770663522340552
2022-05-23,0.002779190356743142
2022-05-24,0.0027738745964241683
2022-05-25,0.0027353140949679606
2022-05-26,0.0027267775068000643
2022-05-27,0.002731289889196402
2022-05-28,0.002731184157452018
2022-05-29,0.0027310784257076346
2022-05-30,0.0027309726939632505
2022-05-31,0.002741497211845233
2022-06-01,0.0027645939191862628
2022-06-02,0.0027535956419435285
2022-06-03,0.002775442941080711
2022-06-04,0.0027751007042784367
2022-06-05,0.0027747584674761632
2022-06-06,0.002742212136000873
2022-06-07,0.0027502807537063104
2022-06-08,0.0027389271477604254
2022-06-09,0.002761721351354213
2022-06-10,0.002911236070051934
2022-06-11,0.0029103929578860256
2022-06-12,0.002909549845720117
2022-06-13,0.0029282234461230666
2022-06-14,0.002879726601459582
2022-06-15,0.002770862401697172
2022-06-16,0.002759096435167612
2022-06-17,0.0027801603461120945
2022-06-18,0.0027792353223342232
2022-06-19,0.0027783102985563524
2022-06-20,0.002777385274778479
2022-06-21,0.0026241438356895243
2022-06-22,0.0026534315772214177
2022-06-23,0.002671971626703287
2022-06-24,0.0026502238794105636
2022-06-25,0.0026496697612974586
2022-06-26,0.0026491156431843526
2022-06-27,0.0026961966602659683
2022-06-28,0.002706404844702718
2022-06-29,0.002711904131229253
2022-06-30,0.0028489976198550473
2022-07-01,0.002861898685794755
2022-07-02,0.002860836238309881
2022-07-03,0.0028597737908250057
2022-07-04,0.0028587113433401314
2022-07-05,0.003041197329695134
2022-07-06,0.003032200704759988
2022-07-07,0.002938312010454191
2022-07-08,0.0029515567767282097
2022-07-09,0.0029502834269671385
2022-07-10,0.0029490100772060685
2022-07-11,0.003014066121857673
2022-07-12,0.0031446461078064787
2022-07-13,0.00306421841152388
2022-07-14,0.0032198229131953533
2022-07-15,0.003266244755530288
2022-07-16,0.0032644617048193663
2022-07-17,0.0032626786541084464
2022-07-18,0.003159556627182529
2022-07-19,0.003006857922276158
2022-07-20,0.0032335900760458894
2022-07-21,0.003361143409175235
2022-07-22,0.003342227622835208
2022-07-23,0.0033405761263800614
2022-07-24,0.003338924629924912
2022-07-25,0.003315962992028967
2022-07-26,0.0029501814557960663
2022-07-27,0.0029209040703076427
2022-07-28,0.0029933000324524643
2022-07-29,0.003036568660210025
2022-07-30,0.0030351987775591913
2022-07-31,0.0030338288949083563
2022-08-01,0.002944058466580027
2022-08-02,0.0029413703425284427
2022-08-03,0.0028937643651855294
2022-08-04,0.002937947444202201
2022-08-05,0.002822077549293513
2022-08-06,0.0028210126523489764
2022-08-07,0.0028199477554044375
2022-08-08,0.0028788697164562112
2022-08-09,0.002844346780499795
2022-08-10,0.002846923177264337
2022-08-11,0.002870239626399037
2022-08-12,0.0028728756460875216
2022-08-13,0.0028719672539944457
2022-08-14,0.002871058861901369
2022-08-15,0.002867533526168797
2022-08-16,0.002882739765976028
2022-08-17,0.002881909883659448
2022-08-18,0.00293620405398421
2022-08-19,0.002953382931194042
2022-08-20,0.0029520619673288834
2022-08-21,0.002950741003463726
2022-08-22,0.0030131015654747714
2022-08-23,0.002919193207651373
2022-08-24,0.0028631104594871275
2022-08-25,0.0029559508903784578
2022-08-26,0.0030580006314014224
2022-08-27,0.0030563083020229915
2022-08-28,0.0030546159726445627
2022-08-29,0.0030437609854744997
2022-08-30,0.0029768280412531484
2022-08-31,0.002945513502548412
2022-09-01,0.002876578412051796
2022-09-02,0.0029955557421318282
2022-09-03,0.0029939141726954975
2022-09-04,0.002992272603259167
2022-09-05,0.0029906310338228366
2022-09-06,0.0030226676080810392
2022-09-07,0.002934122976132278
2022-09-08,0.0030267856084617534
2022-09-09,0.002832141748514592
2022-09-10,0.0028310518024062233
2022-09-11,0.0028299618562978553
2022-09-12,0.002741987184615289
2022-09-13,0.0028633593840263916
2022-09-14,0.0027570316009248104
2022-09-15,0.0027410589209711862
2022-09-16,0.002657121853444076
2022-09-17,0.002656269727418499
2022-09-18,0.002655417601392921
2022-09-19,0.002645741566008145
2022-09-20,0.0028010207664181043
2022-09-21,0.002881907528392599
2022-09-22,0.0026477769491446376
2022-09-23,0.002843845961155364
2022-09-24,0.002842372530823229
2022-09-25,0.002840899100491091
2022-09-26,0.0027847401439670136
2022-09-27,0.0028994978188697984
2022-09-28,0.00302592217658968
2022-09-29,0.0030607326792339547
2022-09-30,0.002946685698444563
2022-10-01,0.0029449732366204967
2022-10-02,0.0029432607747964324
2022-10-03,0.0027925556936962493
2022-10-04,0.0028280519197435867
2022-10-05,0.0028500792685200514
2022-10-06,0.0028877652750910897
2022-10-07,0.0028838023738946904
2022-10-08,0.0028821624031675
2022-10-09,0.002880522432440313
2022-10-10,0.002805857656403344
2022-10-11,0.002855286350454473
2022-10-12,0.002803946276632916
2022-10-13,0.002814155431073424
2022-10-14,0.002760398977829428
2022-10-15,0.0027587323157293483
2022-10-16,0.002757065653629266
2022-10-17,0.0026698932170013106
2022-10-18,0.0025446003253002626
2022-10-19,0.0025997253088111817
2022-10-20,0.0025112422623700726
2022-10-21,0.0023826967469865318
2022-10-22,0.0023815883150561778
2022-10-23,0.002380479883125824
2022-10-24,0.002407401717435661
2022-10-25,0.002586396321201175
2022-10-26,0.0025042299462245056
2022-10-27,0.002428768705103036
2022-10-28,0.002386223945930969
2022-10-29,0.002385374279021628
2022-10-30,0.0023845246121122865
2022-10-31,0.0023620200690045593
2022-11-01,0.0023302799691024816
2022-11-02,0.002379855751058254
2022-11-03,0.0023138578416649186
2022-11-04,0.0020574912397373375
2022-11-05,0.0020570673522856122
2022-11-06,0.002056643464833886
2022-11-07,0.0019252776409376716
2022-11-08,0.0018672164348286818
2022-11-09,0.0019142034488009048
2022-11-10,0.0017924487120909408
2022-11-11,0.0017732402192523174
2022-11-12,0.0017732708164621492
2022-11-13,0.0017733014136719796
2022-11-14,0.0017768830500545568
2022-11-15,0.0017680433295515692
2022-11-16,0.0017541666272397304
2022-11-17,0.00175421986505733
2022-11-18,0.0017603690990965846
2022-11-19,0.0017604326841931823
2022-11-20,0.0017604962692897813
2022-11-21,0.0018400906433068847
2022-11-22,0.0018016393607472709
2022-11-23,0.0018011758731513255
2022-11-24,0.0018011529122588946
2022-11-25,0.0017828021121395416
2022-11-26,0.0017828208159060095
2022-11-27,0.0017828395196724774
2022-11-28,0.0018545106297185462
2022-11-29,0.001820123179382028
2022-11-30,0.0017962968622466957
2022-12-01,0.001849414938515451
2022-12-02,0.001834376900740363
2022-12-03,0.001834278714436914
2022-12-04,0.0018341805281334655
2022-12-05,0.0018734901554300592
2022-12-06,0.0018891347509885886
2022-12-07,0.001864419754063749
2022-12-08,0.0018605273155376137
2022-12-09,0.001884766331648303
2022-12-10,0.0018845428383381685
2022-12-11,0.0018843193450280339
2022-12-12,0.0018558588541260747
2022-12-13,0.0018222386817986385
2022-12-14,0.0018323077685308202
2022-12-15,0.0019373953006942867
2022-12-16,0.0018417092736020483
2022-12-17,0.0018415250242141386
2022-12-18,0.0018413407748262276
2022-12-19,0.0018823447230510468
2022-12-20,0.0018121985648408329
2022-12-21,0.0017906231313792177
2022-12-22,0.0017983703090509806
2022-12-23,0.0017926863788250034
2022-12-24,0.0017926243381751555
2022-12-25,0.0017925622975253062
2022-12-26,0.0017925002568754582
2022-12-27,0.0018009176356816653
2022-12-28,0.00181893608413483
2022-12-29,0.0017514263538767993
2022-12-30,0.0017849964715388163
2022-12-31,0.0017849509170766464
2023-01-01,0.0017849053626144773
2023-01-02,0.0017848598081523083
2023-01-03,0.001692694689642772
2023-01-04,0.0016264031663636375
2023-01-05,0.0016318138211960922
2023-01-06,0.0015930679549032638
2023-01-07,0.0015934280162478464
2023-01-08,0.0015937880775924304
2023-01-09,0.001598956678442324
2023-01-10,0.0015584590341139945
2023-01-11,0.001542833641023751
2023-01-12,0.0015095216484721802
2023-01-13,0.0014936326369110577
2023-01-14,0.0014942142724346254
2023-01-15,0.0014947959079581927
2023-01-16,0.0014953775434817592
2023-01-17,0.0014930862720610016
2023-01-18,0.0015011236778351895
2023-01-19,0.00151395126006153
2023-01-20,0.00152052220635733
2023-01-21,0.0015208095689990954
2023-01-22,0.0015210969316408608
2023-01-23,0.0014974753901165518
2023-01-24,0.0014796025783748255
2023-01-25,0.0014630190006829644
2023-01-26,0.0014266520165199157
2023-01-27,0.0014491330869275169
2023-01-28,0.0014498216407003023
2023-01-29,0.0014505101944730873
2023-01-30,0.0014674300785381678
2023-01-31,0.001422290771585274
2023-02-01,0.0013699175102037733
2023-02-02,0.0013846389563636364
2023-02-03,0.0014118099268004688
2023-02-04,0.0014125277530586053
2023-02-05,0.0014132455793167413
2023-02-06,0.0014255780724173753
2023-02-07,0.0013824944064117365
2023-02-08,0.0013954104838464938
2023-02-09,0.001383081960649991
2023-02-10,0.001400277896213352
2023-02-11,0.0014012014805279789
2023-02-12,0.001402125064842605
2023-02-13,0.0013629507585013727
2023-02-14,0.0013342005198994141
2023-02-15,0.0013435302344152974
2023-02-16,0.0013532377296110484
2023-02-17,0.0013455935204905148
2023-02-18,0.0013467206563195612
2023-02-19,0.001347847792148608
2023-02-20,0.0013489749279776537
2023-02-21,0.0013884915351871207
2023-02-22,0.001443447948645989
2023-02-23,0.0014098685615799782
2023-02-24,0.001446860795081948
2023-02-25,0.001447747009800709
2023-02-26,0.0014486332245194702
2023-02-27,0.0013935629517823045
2023-02-28,0.0013859557422606457
2023-03-01,0.0014041256722212717
2023-03-02,0.0014268058320996311
2023-03-03,0.0013351291672306998
2023-03-04,0.0013362562758654733
2023-03-05,0.001337383384500247
2023-03-06,0.001331185715007044
2023-03-07,0.0014224281185041899
2023-03-08,0.0014424855034135147
2023-03-09,0.001527425728546221
2023-03-10,0.0016086446915561463
2023-03-11,0.0016094746917172209
2023-03-12,0.0016103046918782946
2023-03-13,0.0017942182083013495
2023-03-14,0.001669724684650895
2023-03-15,0.0019150306434108921
2023-03-16,0.0018946619026426756
2023-03-17,0.0020289186712657494
2023-03-18,0.0020291473938138303
2023-03-19,0.0020293761163619095
2023-03-20,0.0018640704764461367
2023-03-21,0.001626026082465178
2023-03-22,0.0016995220723916874
2023-03-23,0.0018127978221941419
2023-03-24,0.0018333321947129502
2023-03-25,0.0018338423146191632
2023-03-26,0.001834352434525377
2023-03-27,0.0018000384760910666
2023-03-28,0.0017905111272992166
2023-03-29,0.001686498254535801
2023-03-30,0.0016125857281695912
2023-03-31,0.0015477309798333423
2023-04-01,0.001548467651919249
2023-04-02,0.0015492043240051575
2023-04-03,0.0015959348398388515
2023-04-04,0.001592890223127651
2023-04-05,0.0016249169003238208
2023-04-06,0.0015871893008063227
2023-04-07,0.0015879838061976558
2023-04-08,0.0015887783115889893
2023-04-09,0.0015895728169803224
2023-04-10,0.0016045115452371114
2023-04-11,0.0015133774664861889
2023-04-12,0.001524625453554516
2023-04-13,0.0014835248981324898
2023-04-14,0.001425368882500641
2023-04-15,0.0014264356020211792
2023-04-16,0.0014275023215417175
2023-04-17,0.001544337120608156
2023-04-18,0.0015228053196727175
2023-04-19,0.0015408937088981834
2023-04-20,0.0016112461279941532
2023-04-21,0.001620471556912801
2023-04-22,0.0016216080618295632
2023-04-23,0.001622744566746325
2023-04-24,0.001559931676771258
2023-04-25,0.0017732556142406202
2023-04-26,0.001729851696103334
2023-04-27,0.001640171583169558
2023-04-28,0.0017227757586418726
2023-04-29,0.0017236902206122845
2023-04-30,0.001724604682582696
2023-05-01,0.0017672945594779405
2023-05-02,0.0018158498250127912
2023-05-03,0.0018302782976928065
2023-05-04,0.0018907959315467653
2023-05-05,0.0017015034732507143
2023-05-06,0.0017025548951578647
2023-05-07,0.001703606317065016
2023-05-08,0.0016944377204248734
2023-05-09,0.0017165084987007606
2023-05-10,0.0017883933668443198
2023-05-11,0.001839969964592303
2023-05-12,0.0018345640305160401
2023-05-13,0.0018355065730546343
2023-05-14,0.0018364491155932303
2023-05-15,0.0018127968211620257
2023-05-16,0.001863584653621353
2023-05-17,0.0018195972255688644
2023-05-18,0.0018508983604080867
2023-05-19,0.0017726799697476607
2023-05-20,0.0017735568134524871
2023-05-21,0.001774433657157311
2023-05-22,0.0017651924265676237
2023-05-23,0.001803109725793324
2023-05-24,0.001896456290707657
2023-05-25,0.0019136958043080412
2023-05-26,0.002027546970524537
2023-05-27,0.0020279528162486507
2023-05-28,0.002028358661972764
2023-05-29,0.002028764507696876
2023-05-30,0.0020819652214380795
2023-05-31,0.0021754365820243816
2023-06-01,0.0020558164631285097
2023-06-02,0.001999262308286936
2023-06-03,0.0019997100594005518
2023-06-04,0.0020001578105141673
2023-06-05,0.002002747142545946
2023-06-06,0.0019631622473631045
2023-06-07,0.001952992713000934
2023-06-08,0.0019092543474646404
2023-06-09,0.001939789216173785
2023-06-10,0.0019403638330511659
2023-06-11,0.0019409384499285446
2023-06-12,0.0019319364703965546
2023-06-13,0.0019251353407544395
2023-06-14,0.0018752114252698526
2023-06-15,0.0018326632999045387
2023-06-16,0.0018358929075639112
2023-06-17,0.0018367024808779446
2023-06-18,0.001837512054191979
2023-06-19,0.0018383216275060128
2023-06-20,0.0018476180155708975
2023-06-21,0.001829424869549557
2023-06-22,0.0018731314474002819
2023-06-23,0.0019609081783635266
2023-06-24,0.0019616210820691676
2023-06-25,0.0019623339857748096
2023-06-26,0.001973572099275062
2023-06-27,0.0018852914281808947
2023-06-28,0.0019071400188359383
2023-06-29,0.0018712896965081614
2023-06-30,0.001817736898404143
2023-07-01,0.0018186434724941926
2023-07-02,0.0018195500465842422
2023-07-03,0.0017631790125011374
2023-07-04,0.0017641664137187803
2023-07-05,0.001875607036340975
2023-07-06,0.0020015348042013714
2023-07-07,0.00193199190709601
2023-07-08,0.001932790950030904
2023-07-09,0.0019335899929657976
2023-07-10,0.0019343890359006894
