Date,UBS - RY Accumulated Oriented Area
2019-01-01,0.0
2019-01-02,0.0
2019-01-03,-3.212260277910967e-08
2019-01-04,-3.671954612781656e-06
2019-01-05,-3.6174177888773856e-06
2019-01-06,-3.5628809649729285e-06
2019-01-07,-5.853112134664509e-06
2019-01-08,-7.094096177769807e-06
2019-01-09,1.321096652778686e-05
2019-01-10,6.50003029176899e-06
2019-01-11,-2.629728525079205e-06
2019-01-12,-2.410703808586991e-06
2019-01-13,-2.191679092094344e-06
2019-01-14,-7.769016231233896e-06
2019-01-15,2.7379095914371616e-06
2019-01-16,-2.1156782267593935e-05
2019-01-17,-8.121711358364567e-06
2019-01-18,-1.8916526001277724e-05
2019-01-19,-1.8686992920555492e-05
2019-01-20,-1.845745983983333e-05
2019-01-21,-1.822792675911262e-05
2019-01-22,7.492999061146612e-05
2019-01-23,5.3918334839123355e-05
2019-01-24,5.367294303809197e-05
2019-01-25,5.83516106114063e-05
2019-01-26,5.8855771816405415e-05
2019-01-27,5.9359933021405144e-05
2019-01-28,6.884577363312289e-05
2019-01-29,7.515164830944732e-05
2019-01-30,5.5958055273321465e-05
2019-01-31,9.550959475551293e-05
2019-02-01,0.00011289189891754839
2019-02-02,0.00011368522495323401
2019-02-03,0.00011447855098891962
2019-02-04,0.00012271259649503986
2019-02-05,9.178603611613059e-05
2019-02-06,9.60758066778067e-05
2019-02-07,0.00013195729601036011
2019-02-08,0.00014727774936895054
2019-02-09,0.0001480958697073928
2019-02-10,0.00014891399004583484
2019-02-11,0.00014905584842680645
2019-02-12,0.00013031434181364485
2019-02-13,0.00011710983549183097
2019-02-14,0.0001525124602284231
2019-02-15,0.00011174399191773272
2019-02-16,0.00011250953869832898
2019-02-17,0.00011327508547892621
2019-02-18,0.00011404063225952315
2019-02-19,0.00012143096293132429
2019-02-20,0.00020619299760839195
2019-02-21,0.00023927409325810714
2019-02-22,0.00023753681566870158
2019-02-23,0.00023865585904831702
2019-02-24,0.0002397749024279317
2019-02-25,0.00021635066054342456
2019-02-26,0.00018627801237398016
2019-02-27,0.00017692620736926157
2019-02-28,0.00017513486728221365
2019-03-01,0.00016970449758679993
2019-03-02,0.00017071148847098977
2019-03-03,0.00017171847935517964
2019-03-04,0.0001880534425786053
2019-03-05,0.0002154001603011804
2019-03-06,0.00024568644791552054
2019-03-07,0.0003167929647770119
2019-03-08,0.0003305794302448027
2019-03-09,0.0003318044270883751
2019-03-10,0.00033302942393194585
2019-03-11,0.0003009097136757635
2019-03-12,0.0003005408345399175
2019-03-13,0.00026986056618037057
2019-03-14,0.0002691211897437891
2019-03-15,0.0002712054209902341
2019-03-16,0.00027240156267662347
2019-03-17,0.0002735977043630128
2019-03-18,0.00021742290675410636
2019-03-19,0.0002082507334793314
2019-03-20,0.00026019734853708525
2019-03-21,0.000286793059236348
2019-03-22,0.0003565245919187308
2019-03-23,0.0003576922433661171
2019-03-24,0.00035885989481350167
2019-03-25,0.0003624140154220133
2019-03-26,0.0003367279186329012
2019-03-27,0.0003368090386389712
2019-03-28,0.00035027654396193187
2019-03-29,0.00034003069374932834
2019-03-30,0.0003410383228621124
2019-03-31,0.00034204595197489575
2019-04-01,0.00027652042489268076
2019-04-02,0.0002720849829487819
2019-04-03,0.0002507245482359455
2019-04-04,0.00024135316567742255
2019-04-05,0.0002482884765588714
2019-04-06,0.00024930835691209277
2019-04-07,0.0002503282372653133
2019-04-08,0.0002531836135871367
2019-04-09,0.00025920184300230303
2019-04-10,0.00026528314395243477
2019-04-11,0.00022371041766250035
2019-04-12,0.0001966812800104438
2019-04-13,0.0001977072007936555
2019-04-14,0.0001987331215768672
2019-04-15,0.0001868809335292068
2019-04-16,0.00014951622482784472
2019-04-17,0.0001108532222936443
2019-04-18,0.00012730624209687276
2019-04-19,0.0001283309407514079
2019-04-20,0.0001293556394059429
2019-04-21,0.00013038033806047806
2019-04-22,0.000131955148715605
2019-04-23,0.00016928945178983697
2019-04-24,0.00015456209556007788
2019-04-25,0.00013370887882816688
2019-04-26,0.00013817356863164568
2019-04-27,0.00013903966581287378
2019-04-28,0.00013990576299410183
2019-04-29,0.00010066228094415904
2019-04-30,0.000121498718933718
2019-05-01,0.00015066764123671222
2019-05-02,0.0001326044391210693
2019-05-03,0.00014532071168041235
2019-05-04,0.0001462735682708454
2019-05-05,0.00014722642486127976
2019-05-06,0.00030092268329146135
2019-05-07,0.0003830059082913297
2019-05-08,0.00038128234001835265
2019-05-09,0.0004072572113689854
2019-05-10,0.00041063197895537315
2019-05-11,0.0004119804175689285
2019-05-12,0.0004133288561824838
2019-05-13,0.0005053661859227483
2019-05-14,0.0004952167901220554
2019-05-15,0.0004931124385868976
2019-05-16,0.000450681746703728
2019-05-17,0.00046246394539980324
2019-05-18,0.0004638288491660532
2019-05-19,0.00046519375293230117
2019-05-20,0.0004544221049530737
2019-05-21,0.00044368554529796973
2019-05-22,0.00046909844064143587
2019-05-23,0.0005656018277230962
2019-05-24,0.0005107434404067279
2019-05-25,0.0005120397096898572
2019-05-26,0.0005133359789729864
2019-05-27,0.000514632248256118
2019-05-28,0.0005669635263003646
2019-05-29,0.0006064364107890187
2019-05-30,0.0006149217790462343
2019-05-31,0.0006671231135556257
2019-06-01,0.0006683967313703799
2019-06-02,0.000669670349185131
2019-06-03,0.0006428323734560535
2019-06-04,0.0005569483070832419
2019-06-05,0.0005548416636659853
2019-06-06,0.0005500222535173769
2019-06-07,0.0005288396156429096
2019-06-08,0.0005302330723118482
2019-06-09,0.0005316265289807868
2019-06-10,0.0005155353222529416
2019-06-11,0.0005150365831889221
2019-06-12,0.0005740411034225734
2019-06-13,0.0005632965583963366
2019-06-14,0.0005887794410726367
2019-06-15,0.0005902409285915733
2019-06-16,0.0005917024161105076
2019-06-17,0.0006004547769032127
2019-06-18,0.0005087925227742281
2019-06-19,0.0004766602816130593
2019-06-20,0.0004503639257610073
2019-06-21,0.0004919043295837427
2019-06-22,0.0004935793197294888
2019-06-23,0.000495254309875235
2019-06-24,0.0004877699476225006
2019-06-25,0.0005262007461493082
2019-06-26,0.0005098153600305898
2019-06-27,0.0004871303713999398
2019-06-28,0.0004719946669238216
2019-06-29,0.00047356052360037046
2019-06-30,0.0004751263802769168
2019-07-01,0.00045764109953894057
2019-07-02,0.0004436817126585209
2019-07-03,0.0004064725730237615
2019-07-04,0.0004081231791057129
2019-07-05,0.00037375065766473886
2019-07-06,0.0003753481780668061
2019-07-07,0.00037694569846887345
2019-07-08,0.0004321905895687183
2019-07-09,0.0004490719361885434
2019-07-10,0.00042227331672961533
2019-07-11,0.0003961335610317983
2019-07-12,0.0003959576038994984
2019-07-13,0.0003974280817235944
2019-07-14,0.0003988985595476903
2019-07-15,0.00041795450251707743
2019-07-16,0.0004271890748318555
2019-07-17,0.00044140847229441073
2019-07-18,0.00041417950665609396
2019-07-19,0.0004446071239809206
2019-07-20,0.0004462205351774133
2019-07-21,0.0004478339463739068
2019-07-22,0.0004370897636545521
2019-07-23,0.00039384109291673694
2019-07-24,0.0004934660148473982
2019-07-25,0.0005848366364123423
2019-07-26,0.0005937704594075991
2019-07-27,0.0005955722804108464
2019-07-28,0.0005973741014140929
2019-07-29,0.0005993008189259749
2019-07-30,0.0006411583847527176
2019-07-31,0.0006752121314708269
2019-08-01,0.000795578111949537
2019-08-02,0.0007908867485239828
2019-08-03,0.0007925605433988893
2019-08-04,0.0007942343382737959
2019-08-05,0.0009068055331743038
2019-08-06,0.0008924835889927047
2019-08-07,0.0009040964840457517
2019-08-08,0.0008447382807776913
2019-08-09,0.0008769456584014378
2019-08-10,0.0008786442703418631
2019-08-11,0.0008803428822822883
2019-08-12,0.0009768378548439165
2019-08-13,0.000930612709243331
2019-08-14,0.0011281584503733512
2019-08-15,0.0011326776811556264
2019-08-16,0.0010345399625032894
2019-08-17,0.0010363227846802749
2019-08-18,0.0010381056068572603
2019-08-19,0.0010171326739291785
2019-08-20,0.001096217014380766
2019-08-21,0.001045055700117287
2019-08-22,0.0010663000508689341
2019-08-23,0.0011717517538745842
2019-08-24,0.001173293775015567
2019-08-25,0.0011748357961565504
2019-08-26,0.001140635648883036
2019-08-27,0.0011666525461911702
2019-08-28,0.0011426535937709543
2019-08-29,0.001068621990262135
2019-08-30,0.0010724468779948326
2019-08-31,0.001074082745764365
2019-09-01,0.0010757186135338978
2019-09-02,0.001077354481303436
2019-09-03,0.001101453776993208
2019-09-04,0.0010495976089397317
2019-09-05,0.0009659366936610882
2019-09-06,0.0009264222789460018
2019-09-07,0.0009281266839077054
2019-09-08,0.0009298310888694088
2019-09-09,0.0008831749985923062
2019-09-10,0.0007913146310895642
2019-09-11,0.0007600860697037571
2019-09-12,0.0007402052189291663
2019-09-13,0.0006855156485093519
2019-09-14,0.0006871288216996871
2019-09-15,0.0006887419948900219
2019-09-16,0.0007049258903803976
2019-09-17,0.0007054972194724445
2019-09-18,0.0007034875464927047
2019-09-19,0.0006612236242754042
2019-09-20,0.0006376332204473851
2019-09-21,0.0006395958318800564
2019-09-22,0.0006415584433127278
2019-09-23,0.0006813920947742285
2019-09-24,0.0007259248270109303
2019-09-25,0.0007057117189554576
2019-09-26,0.0007182345582704353
2019-09-27,0.0006884293384664576
2019-09-28,0.0006904286922810889
2019-09-29,0.0006924280460957203
2019-09-30,0.0006916998603617214
2019-10-01,0.0007568450233385598
2019-10-02,0.0009415674848195583
2019-10-03,0.0009711756653498492
2019-10-04,0.0009060855741485417
2019-10-05,0.0009082004195822113
2019-10-06,0.0009103152650158809
2019-10-07,0.0009354189210138179
2019-10-08,0.0010193677305888676
2019-10-09,0.0009652358147340343
2019-10-10,0.0009043494907145924
2019-10-11,0.0007831058140786017
2019-10-12,0.000785154440216935
2019-10-13,0.000787203066355272
2019-10-14,0.000795463930926511
2019-10-15,0.000731914039645841
2019-10-16,0.0007536576742568744
2019-10-17,0.0007315753978742506
2019-10-18,0.0006936574060776041
2019-10-19,0.0006956860532320285
2019-10-20,0.0006977147003864529
2019-10-21,0.0006169300400610452
2019-10-22,0.0006457850226347031
2019-10-23,0.0006520082926581724
2019-10-24,0.0006659942869655887
2019-10-25,0.0006405906921190039
2019-10-26,0.0006423941680584042
2019-10-27,0.0006441976439978081
2019-10-28,0.0006171966744413899
2019-10-29,0.000608848589599104
2019-10-30,0.0006482125802780731
2019-10-31,0.0006759499130131356
2019-11-01,0.0006224878255669304
2019-11-02,0.0006241969093316116
2019-11-03,0.0006259059930962925
2019-11-04,0.0005352923537742038
2019-11-05,0.0005218368853566683
2019-11-06,0.0005245763265114111
2019-11-07,0.0004896900659467247
2019-11-08,0.00051966450016294
2019-11-09,0.0005212680468227147
2019-11-10,0.0005228715934824922
2019-11-11,0.0005332740157546707
2019-11-12,0.0005481547686098192
2019-11-13,0.0005847042524866404
2019-11-14,0.0005837992389963878
2019-11-15,0.0005539262553715422
2019-11-16,0.0005556437195515725
2019-11-17,0.0005573611837316036
2019-11-18,0.000555302874360846
2019-11-19,0.0005847378453805732
2019-11-20,0.0006108344825903139
2019-11-21,0.0005916017575867008
2019-11-22,0.0005658119434943758
2019-11-23,0.0005675185034218372
2019-11-24,0.0005692250633493008
2019-11-25,0.000545233913322461
2019-11-26,0.0005903573904277113
2019-11-27,0.0005779659022656005
2019-11-28,0.0005796255908538502
2019-11-29,0.0006076909251813919
2019-11-30,0.0006093799372142207
2019-12-01,0.0006110689492470498
2019-12-02,0.0006499476705968851
2019-12-03,0.0007081922062137621
2019-12-04,0.0007606289479492268
2019-12-05,0.0007606240166257215
2019-12-06,0.0007707767842124835
2019-12-07,0.0007722386145193768
2019-12-08,0.0007737004448262735
2019-12-09,0.000788778579819659
2019-12-10,0.0008210610757895824
2019-12-11,0.0008156303559868814
2019-12-12,0.0007871112690222565
2019-12-13,0.0007491710622777441
2019-12-14,0.000750550478115214
2019-12-15,0.0007519298939526837
2019-12-16,0.0007240541818818258
2019-12-17,0.0007167496455849589
2019-12-18,0.0007443603801080353
2019-12-19,0.0007475857146308259
2019-12-20,0.0007504748532480758
2019-12-21,0.0007517825504989829
2019-12-22,0.000753090247749893
2019-12-23,0.000773985592505175
2019-12-24,0.0007807764158208595
2019-12-25,0.0007819979970491284
2019-12-26,0.0007757579632611121
2019-12-27,0.0007581276179087446
2019-12-28,0.0007593672744690527
2019-12-29,0.0007606069310293601
2019-12-30,0.0007580360572334976
2019-12-31,0.0007508298567880992
2020-01-01,0.0007520495184494604
2020-01-02,0.0007028032270173669
2020-01-03,0.000733988696592604
2020-01-04,0.0007351772591274998
2020-01-05,0.0007363658216623983
2020-01-06,0.0007339600053106495
2020-01-07,0.0007187668025701228
2020-01-08,0.0006890593357164926
2020-01-09,0.0006874771683156411
2020-01-10,0.0007039110711785381
2020-01-11,0.0007050336350899501
2020-01-12,0.0007061561990013621
2020-01-13,0.0006843639327643334
2020-01-14,0.0006734115693469302
2020-01-15,0.0006738572690525668
2020-01-16,0.0006398318901440419
2020-01-17,0.0006462341902958746
2020-01-18,0.0006474738944809058
2020-01-19,0.0006487135986659391
2020-01-20,0.0006499533028509702
2020-01-21,0.00072966991976323
2020-01-22,0.0007048110623589089
2020-01-23,0.0006921369668226534
2020-01-24,0.0007610416493686661
2020-01-25,0.0007623733908721208
2020-01-26,0.0007637051323755755
2020-01-27,0.0008098343043038501
2020-01-28,0.0007917646251645217
2020-01-29,0.0007962684993975805
2020-01-30,0.0007930912270613553
2020-01-31,0.0008638264454486555
2020-02-01,0.0008651103921505803
2020-02-02,0.0008663943388525089
2020-02-03,0.000879365368104968
2020-02-04,0.0008051072751009824
2020-02-05,0.0007618176447060862
2020-02-06,0.0007341685597622804
2020-02-07,0.0007365988407208068
2020-02-08,0.0007378223211719728
2020-02-09,0.0007390458016231381
2020-02-10,0.0007286031543491956
2020-02-11,0.0007025872168902033
2020-02-12,0.0006663867991286744
2020-02-13,0.0006877623078218489
2020-02-14,0.0006967683102057143
2020-02-15,0.000698036905409987
2020-02-16,0.0006993055006142621
2020-02-17,0.0007005740958185341
2020-02-18,0.0007095228855894084
2020-02-19,0.0007057358465816326
2020-02-20,0.000696994894880342
2020-02-21,0.0006994474741808148
2020-02-22,0.0007008890948398939
2020-02-23,0.0007023307154989731
2020-02-24,0.0008470941468462622
2020-02-25,0.000986667212526724
2020-02-26,0.0011008556621768086
2020-02-27,0.0012653851778045512
2020-02-28,0.001388378024428081
2020-02-29,0.0013897787793021913
2020-03-01,0.0013911795341763071
2020-03-02,0.001203852137566721
2020-03-03,0.0013346273705593613
2020-03-04,0.0013055215832992741
2020-03-05,0.0014076724760368642
2020-03-06,0.0015713532638420742
2020-03-07,0.001572812213479601
2020-03-08,0.0015742711631171276
2020-03-09,0.0022727483601365987
2020-03-10,0.0022478819670673595
2020-03-11,0.0025459497243743015
2020-03-12,0.003132978866960525
2020-03-13,0.00209168197864417
2020-03-14,0.002092883723993001
2020-03-15,0.0020940854693418404
2020-03-16,0.002317094180164376
2020-03-17,0.0021930356536779346
2020-03-18,0.0034664161063045775
2020-03-19,0.0036456640190927147
2020-03-20,0.003851563382508687
2020-03-21,0.0038518157487477302
2020-03-22,0.0038520681149867768
2020-03-23,0.004885675338277769
2020-03-24,0.004288625485551914
2020-03-25,0.00381969955609142
2020-03-26,0.003890931504668735
2020-03-27,0.004011813823478018
2020-03-28,0.004012021704150724
2020-03-29,0.004012229584823439
2020-03-30,0.003959878175184889
2020-03-31,0.0035162253453044435
2020-04-01,0.003870139106424784
2020-04-02,0.0038412077863467908
2020-04-03,0.003935382954013482
2020-04-04,0.003935747331065662
2020-04-05,0.003936111708117841
2020-04-06,0.0038703534616620957
2020-04-07,0.003808866371565069
2020-04-08,0.0036208465800541727
2020-04-09,0.0037286653549817132
2020-04-10,0.0037290879710013764
2020-04-11,0.0037295105870210387
2020-04-12,0.003729933203040709
2020-04-13,0.003716616874051255
2020-04-14,0.0037318572670168694
2020-04-15,0.003809638817433755
2020-04-16,0.0039703417663092535
2020-04-17,0.0036410951183921784
2020-04-18,0.0036416331067307232
2020-04-19,0.003642171095069268
2020-04-20,0.0038164160034772727
2020-04-21,0.003960887282737363
2020-04-22,0.004078038173486855
2020-04-23,0.004147898612804049
2020-04-24,0.004116402919090333
2020-04-25,0.004116566895143686
2020-04-26,0.004116730871197046
2020-04-27,0.004066081104173601
2020-04-28,0.00420443033472981
2020-04-29,0.0042275773336508385
2020-04-30,0.004373527824829476
2020-05-01,0.004389459187493283
2020-05-02,0.004389260931334037
2020-05-03,0.004389062675174791
2020-05-04,0.004220674629331518
2020-05-05,0.003951328310993431
2020-05-06,0.003991074812755449
2020-05-07,0.00404020832908058
2020-05-08,0.003943255707027263
2020-05-09,0.003943478846023509
2020-05-10,0.0039437019850197645
2020-05-11,0.003775507642439357
2020-05-12,0.003917975559815901
2020-05-13,0.004148544242314976
2020-05-14,0.003909596189768524
2020-05-15,0.003992548742645276
2020-05-16,0.003992778660048352
2020-05-17,0.003993008577451427
2020-05-18,0.003909559602881051
2020-05-19,0.004101690787223719
2020-05-20,0.003948357628549856
2020-05-21,0.004203417644518474
2020-05-22,0.004263437156953157
2020-05-23,0.004263368598701458
2020-05-24,0.004263300040449766
2020-05-25,0.004263231482198066
2020-05-26,0.0038155331548774853
2020-05-27,0.003579070496101804
2020-05-28,0.0036356998456382812
2020-05-29,0.0037904130113097594
2020-05-30,0.0037907372591593556
2020-05-31,0.0037910615070089514
2020-06-01,0.0035459951142169147
2020-06-02,0.003397166892409413
2020-06-03,0.0034468341086455823
2020-06-04,0.0034041740070544363
2020-06-05,0.00328262039899402
2020-06-06,0.0032833966086989615
2020-06-07,0.003284172818403909
2020-06-08,0.0033336937600480575
2020-06-09,0.003395893618701483
2020-06-10,0.0034335842012832973
2020-06-11,0.003614829086356606
2020-06-12,0.0035202025459077774
2020-06-13,0.003520765193300275
2020-06-14,0.0035213278406927722
2020-06-15,0.0035323996615594733
2020-06-16,0.003454853933208395
2020-06-17,0.0034992851572239595
2020-06-18,0.0034535306193506092
2020-06-19,0.0034325767411295693
2020-06-20,0.0034332597776385943
2020-06-21,0.003433942814147626
2020-06-22,0.00349918449210186
2020-06-23,0.0035259209057108306
2020-06-24,0.0035529094248375193
2020-06-25,0.0035743665332542713
2020-06-26,0.003689679046841127
2020-06-27,0.003689992948063252
2020-06-28,0.003690306849285376
2020-06-29,0.00366296750528294
2020-06-30,0.003670921378700309
2020-07-01,0.0036713438466098223
2020-07-02,0.003667362692850011
2020-07-03,0.003667667494744693
2020-07-04,0.003667972296639374
2020-07-05,0.0036682770985340604
2020-07-06,0.0036631998319620646
2020-07-07,0.0037044289590607788
2020-07-08,0.0037373899256066085
2020-07-09,0.003763813543036697
2020-07-10,0.0037154995385815922
2020-07-11,0.0037157172101480924
2020-07-12,0.0037159348817145917
2020-07-13,0.003668149033595724
2020-07-14,0.003671514429157809
2020-07-15,0.0035507725899452908
2020-07-16,0.003585997585962794
2020-07-17,0.0035714537683395127
2020-07-18,0.003571881051910397
2020-07-19,0.003572308335481276
2020-07-20,0.003604106320996282
2020-07-21,0.00358612047265326
2020-07-22,0.003593060145960572
2020-07-23,0.003571435939755026
2020-07-24,0.0036613360716032098
2020-07-25,0.003661620192165511
2020-07-26,0.0036619043127278116
2020-07-27,0.0036911263346232626
2020-07-28,0.003699672181246672
2020-07-29,0.0036129528846618065
2020-07-30,0.0035950550637647814
2020-07-31,0.003608880738344039
2020-08-01,0.0036092917564500226
2020-08-02,0.003609702774556
2020-08-03,0.003647156194939245
2020-08-04,0.003661723434835074
2020-08-05,0.003609143514958348
2020-08-06,0.003575965971716405
2020-08-07,0.0035510345330767275
2020-08-08,0.00355149318537684
2020-08-09,0.003551951837676952
2020-08-10,0.003510588470391301
2020-08-11,0.0034094237726266
2020-08-12,0.0033957672937016408
2020-08-13,0.0033908403676866255
2020-08-14,0.003404691482011269
2020-08-15,0.0034053625181134435
2020-08-16,0.003406033554215612
2020-08-17,0.0033963847184069074
2020-08-18,0.0033531074291006436
2020-08-19,0.0033528288870041697
2020-08-20,0.0033039270440612593
2020-08-21,0.003306506352130534
2020-08-22,0.003307403165506281
2020-08-23,0.0033082999788820286
2020-08-24,0.0032912986649396266
2020-08-25,0.0032025378353348274
2020-08-26,0.0031300280226799647
2020-08-27,0.0030920249293291133
2020-08-28,0.0031245553743080097
2020-08-29,0.0031256438519820105
2020-08-30,0.003126732329656006
2020-08-31,0.003195720513618341
2020-09-01,0.0032268526371789365
2020-09-02,0.0032410422552140773
2020-09-03,0.003327428299033707
2020-09-04,0.0033600712185122505
2020-09-05,0.0033608414581855614
2020-09-06,0.0033616116978588723
2020-09-07,0.0033623819375321828
2020-09-08,0.0034437166044265473
2020-09-09,0.0033854607446908423
2020-09-10,0.00345064476375021
2020-09-11,0.00340068973707605
2020-09-12,0.0034014177085151314
2020-09-13,0.003402145679954207
2020-09-14,0.003401589721380759
2020-09-15,0.003357170244053835
2020-09-16,0.003447928010145506
2020-09-17,0.0034454280427943305
2020-09-18,0.003484466981999068
2020-09-19,0.0034851255891355727
2020-09-20,0.0034857841962720776
2020-09-21,0.0034895773179289165
2020-09-22,0.003456997877053229
2020-09-23,0.00347582960032778
2020-09-24,0.0033653759802090813
2020-09-25,0.0032907217959785256
2020-09-26,0.003291898779684694
2020-09-27,0.003293075763390853
2020-09-28,0.00333217262134902
2020-09-29,0.00347767765139662
2020-09-30,0.003514801008537857
2020-10-01,0.0035028375730731818
2020-10-02,0.0034948040820712498
2020-10-03,0.0034955868771987197
2020-10-04,0.003496369672326189
2020-10-05,0.003416730405182716
2020-10-06,0.003433318115323024
2020-10-07,0.003295603629000553
2020-10-08,0.003257834366712714
2020-10-09,0.0032274962575547916
2020-10-10,0.0032285397394454397
2020-10-11,0.0032295832213360813
2020-10-12,0.003202340859592661
2020-10-13,0.0032397287766536102
2020-10-14,0.0032403742626135037
2020-10-15,0.0032659978216813814
2020-10-16,0.003275315176414145
2020-10-17,0.0032763267533287665
2020-10-18,0.0032773383302433876
2020-10-19,0.0033762359504089026
2020-10-20,0.0034862423474928284
2020-10-21,0.0034155990071792867
2020-10-22,0.0034076585277610823
2020-10-23,0.0034740078512668455
2020-10-24,0.0034746017936811853
2020-10-25,0.0034751957360955195
2020-10-26,0.0036094548844114037
2020-10-27,0.003638270174093899
2020-10-28,0.0037037419254863256
2020-10-29,0.0035628154413757445
2020-10-30,0.0035656434994144975
2020-10-31,0.0035661646248822624
2020-11-01,0.003566685750350027
2020-11-02,0.003575599597982001
2020-11-03,0.0036137702002693624
2020-11-04,0.0034913324341816505
2020-11-05,0.003529496133349505
2020-11-06,0.0035138703905962863
2020-11-07,0.003514307860470696
2020-11-08,0.0035147453303451016
2020-11-09,0.003526850950347241
2020-11-10,0.003483674405426866
2020-11-11,0.0034520690235084104
2020-11-12,0.0034533789303914653
2020-11-13,0.003470265093915369
2020-11-14,0.003470720154964491
2020-11-15,0.0034711752160136128
2020-11-16,0.003462779323481996
2020-11-17,0.0034282260950877722
2020-11-18,0.0033952007863798533
2020-11-19,0.0033985377414424214
2020-11-20,0.00339560416160612
2020-11-21,0.0033961445932365205
2020-11-22,0.0033966850248669184
2020-11-23,0.0033650127992960657
2020-11-24,0.0032953883029070634
2020-11-25,0.0032976014384127916
2020-11-26,0.003298413945777421
2020-11-27,0.0032915102182477173
2020-11-28,0.003292379677027043
2020-11-29,0.003293249135806369
2020-11-30,0.003349609640694718
2020-12-01,0.0033187508479008733
2020-12-02,0.0033360683150709673
2020-12-03,0.003336180251163282
2020-12-04,0.0033343283637332745
2020-12-05,0.003335141441471928
2020-12-06,0.0033359545192105777
2020-12-07,0.003326644575539735
2020-12-08,0.003327728922841775
2020-12-09,0.003315907897912347
2020-12-10,0.003297234641525217
2020-12-11,0.00331677258436159
2020-12-12,0.0033178769303194708
2020-12-13,0.003318981276277351
2020-12-14,0.0033747203029717674
2020-12-15,0.003369761029745281
2020-12-16,0.0033766239142972634
2020-12-17,0.0033800744666837956
2020-12-18,0.003413444356386462
2020-12-19,0.0034143000543945335
2020-12-20,0.003415155752402602
2020-12-21,0.003442054961139132
2020-12-22,0.003472147373834674
2020-12-23,0.0034146117253544273
2020-12-24,0.003397436063380533
2020-12-25,0.0033983433106897568
2020-12-26,0.00339925055799898
2020-12-27,0.0034001578053082034
2020-12-28,0.0034039541188180932
2020-12-29,0.0033937254290758996
2020-12-30,0.0033912602098095023
2020-12-31,0.0033951508155392945
2021-01-01,0.0033960555621336953
2021-01-02,0.003396960308728099
2021-01-03,0.0033978650553224995
2021-01-04,0.003408302845129902
2021-01-05,0.0033580380344702147
2021-01-06,0.0033053829930359806
2021-01-07,0.0032667024048447665
2021-01-08,0.0032847294174051826
2021-01-09,0.0032855146677511706
2021-01-10,0.003286299918097158
2021-01-11,0.0033038696340428123
2021-01-12,0.003276210863085147
2021-01-13,0.003286463594969129
2021-01-14,0.0032765864110329886
2021-01-15,0.0032970901030455763
2021-01-16,0.003297942767116642
2021-01-17,0.0032987954311877047
2021-01-18,0.0032996480952587675
2021-01-19,0.0033219330281934367
2021-01-20,0.0032956934014115374
2021-01-21,0.003301173024164042
2021-01-22,0.0033381035177069487
2021-01-23,0.003338966869059663
2021-01-24,0.0033398302204123774
2021-01-25,0.0033817718241041647
2021-01-26,0.0033749936535986775
2021-01-27,0.0034530463191993605
2021-01-28,0.003434977942349944
2021-01-29,0.0034666148653668175
2021-01-30,0.003467291333469063
2021-01-31,0.003467967801571306
2021-02-01,0.003459725116119732
2021-02-02,0.0034178162542633085
2021-02-03,0.003417690078624257
2021-02-04,0.0034060864094702516
2021-02-05,0.003384652807956761
2021-02-06,0.0033854155735372708
2021-02-07,0.0033861783391177804
2021-02-08,0.0033630712765375472
2021-02-09,0.003359072391134992
2021-02-10,0.0033819147497584374
2021-02-11,0.0033859591459398063
2021-02-12,0.0033769313502641693
2021-02-13,0.003377535763107667
2021-02-14,0.003378140175951163
2021-02-15,0.0033787445887946584
2021-02-16,0.0033689486157061307
2021-02-17,0.003357913151215538
2021-02-18,0.0033301938835772794
2021-02-19,0.003299094099547946
2021-02-20,0.0033000057740204705
2021-02-21,0.0033009174484929953
2021-02-22,0.0032653237270298396
2021-02-23,0.003254785813579115
2021-02-24,0.003212856413139258
2021-02-25,0.0032621316399785447
2021-02-26,0.003333459225742688
2021-02-27,0.003334177151528789
2021-02-28,0.003334895077314887
2021-03-01,0.0032830929313242664
2021-03-02,0.003273086418954594
2021-03-03,0.003286267810837995
2021-03-04,0.003308474267170167
2021-03-05,0.0032370243667327937
2021-03-06,0.0032380943686179053
2021-03-07,0.0032391643705030173
2021-03-08,0.003199816417908101
2021-03-09,0.003213301618540307
2021-03-10,0.0031695920179308965
2021-03-11,0.003182335213454239
2021-03-12,0.003164191789957405
2021-03-13,0.003165757477163854
2021-03-14,0.0031673231643703
2021-03-15,0.0031876736128328372
2021-03-16,0.0031650853271761384
2021-03-17,0.003116748623094711
2021-03-18,0.003079828249108677
2021-03-19,0.003085421499144252
2021-03-20,0.003086771393740101
2021-03-21,0.00308812128833595
2021-03-22,0.0030896512627968963
2021-03-23,0.003156353454564593
2021-03-24,0.0031388287644796343
2021-03-25,0.0031075057280427845
2021-03-26,0.0030942804550224395
2021-03-27,0.003095618406297602
2021-03-28,0.0030969563575727636
2021-03-29,0.003165873237501059
2021-03-30,0.0031741079687121784
2021-03-31,0.0031983959394756983
2021-04-01,0.00314994949329684
2021-04-02,0.0031512918046834437
2021-04-03,0.003152634116070047
2021-04-04,0.0031539764274566505
2021-04-05,0.0031218590584083544
2021-04-06,0.003099774205137218
2021-04-07,0.0031070442355217846
2021-04-08,0.0031034309284824926
2021-04-09,0.0030928492870785362
2021-04-10,0.0030941686312549285
2021-04-11,0.0030954879754313204
2021-04-12,0.003098680642609006
2021-04-13,0.0031802379997038074
2021-04-14,0.0031534164706559223
2021-04-15,0.00313574310655431
2021-04-16,0.0030853999543138133
2021-04-17,0.0030868653698397225
2021-04-18,0.0030883307853656317
2021-04-19,0.0031302575895754917
2021-04-20,0.003223851042664637
2021-04-21,0.003227362232545472
2021-04-22,0.003275899799072074
2021-04-23,0.003228808721730458
2021-04-24,0.0032304251887229976
2021-04-25,0.0032320416557155337
2021-04-26,0.0032029490966692326
2021-04-27,0.0032209299594434587
2021-04-28,0.00313315256158568
2021-04-29,0.0031094848343775363
2021-04-30,0.0031897998640406868
2021-05-01,0.003191612630252746
2021-05-02,0.0031934253964648056
2021-05-03,0.0031565953901869508
2021-05-04,0.003238959056652531
2021-05-05,0.0031349839459321907
2021-05-06,0.0030343177171256426
2021-05-07,0.002985882619521046
2021-05-08,0.0029878549933270914
2021-05-09,0.002989827367133135
2021-05-10,0.003063970891459984
2021-05-11,0.003167495019664947
2021-05-12,0.0031963924547926486
2021-05-13,0.00309897402609713
2021-05-14,0.0030205158245148753
2021-05-15,0.003022724319658455
2021-05-16,0.003024932814802035
2021-05-17,0.0029841402332685587
2021-05-18,0.002981725663223135
2021-05-19,0.0030027304903425395
2021-05-20,0.0029285521780468143
2021-05-21,0.0028891080409271398
2021-05-22,0.0028913460180330806
2021-05-23,0.002893583995139018
2021-05-24,0.002865705871257037
2021-05-25,0.0028694058829848534
2021-05-26,0.0028775313366933863
2021-05-27,0.002758733268273511
2021-05-28,0.0027318105849109117
2021-05-29,0.0027340179934235427
2021-05-30,0.002736225401936172
2021-05-31,0.0027384328104488047
2021-06-01,0.0027027759911485896
2021-06-02,0.0027152577881545724
2021-06-03,0.002700122957460821
2021-06-04,0.0027115784033870205
2021-06-05,0.0027137953472118406
2021-06-06,0.002716012291036661
2021-06-07,0.0027214444746123424
2021-06-08,0.0027388221882644836
2021-06-09,0.0027995831046856517
2021-06-10,0.0028263461794815464
2021-06-11,0.0027995841507547784
2021-06-12,0.0028018091370328626
2021-06-13,0.002804034123310947
2021-06-14,0.0027904228930791266
2021-06-15,0.0027569497291279705
2021-06-16,0.0028189273727534186
2021-06-17,0.0029295291001649555
2021-06-18,0.0030695199947868403
2021-06-19,0.003071780390644881
2021-06-20,0.003074040786502922
2021-06-21,0.003029958249499953
2021-06-22,0.0030697582772554995
2021-06-23,0.003066028062898353
2021-06-24,0.0030261089728954773
2021-06-25,0.0030063804701251804
2021-06-26,0.0030087001298738708
2021-06-27,0.0030110197896225624
2021-06-28,0.003073884216338829
2021-06-29,0.003102265822332386
2021-06-30,0.003141087390901403
2021-07-01,0.00308507825470522
2021-07-02,0.0030981510167703173
2021-07-03,0.00310053273152495
2021-07-04,0.003102914446279584
2021-07-05,0.0031052961610342185
2021-07-06,0.003206700542275758
2021-07-07,0.0032420539028425437
2021-07-08,0.0033570710105982906
2021-07-09,0.003239281536739656
2021-07-10,0.003241750389414392
2021-07-11,0.0032442192420891287
2021-07-12,0.0031748771194747647
2021-07-13,0.003201755424091884
2021-07-14,0.003164391406343015
2021-07-15,0.0031990613576457524
2021-07-16,0.0033034010507928136
2021-07-17,0.003305874804002648
2021-07-18,0.0033083485572124806
2021-07-19,0.003500632339146165
2021-07-20,0.0033146637717606565
2021-07-21,0.0031661667396165856
2021-07-22,0.003203543862631045
2021-07-23,0.003160690001490994
2021-07-24,0.003162695479396464
2021-07-25,0.0031647009573019342
2021-07-26,0.00309850220384701
2021-07-27,0.003096868349949856
2021-07-28,0.0030910233012512917
2021-07-29,0.0029942399986659365
2021-07-30,0.0030246551992724135
2021-07-31,0.0030265799603791535
2021-08-01,0.0030285047214858936
2021-08-02,0.003032230282410747
2021-08-03,0.0029962477725387114
2021-08-04,0.0030071670588018803
2021-08-05,0.0029581232829681515
2021-08-06,0.002918199925860614
2021-08-07,0.0029201367597102073
2021-08-08,0.002922073593559802
2021-08-09,0.0029309807413215668
2021-08-10,0.002895593863092826
2021-08-11,0.0028519715156689112
2021-08-12,0.0028572361162882256
2021-08-13,0.0028441862284534695
2021-08-14,0.0028462138344171567
2021-08-15,0.0028482414403808417
2021-08-16,0.002868080818251283
2021-08-17,0.002930083463476451
2021-08-18,0.002958805832993463
2021-08-19,0.003040008690172181
2021-08-20,0.003009024587830362
2021-08-21,0.003011040089332953
2021-08-22,0.003013055590835545
2021-08-23,0.0029589992752361953
2021-08-24,0.0029257532044819545
2021-08-25,0.0028680664172896736
2021-08-26,0.0029612041903517416
2021-08-27,0.0029164305589615726
2021-08-28,0.002918524841432969
2021-08-29,0.0029206191239043652
2021-08-30,0.00299191926085432
2021-08-31,0.0030233895687785143
2021-09-01,0.0030092815015281644
2021-09-02,0.002998316970448131
2021-09-03,0.003001136744255768
2021-09-04,0.0030031741560042615
2021-09-05,0.0030052115677527565
2021-09-06,0.0030072489795012498
2021-09-07,0.003026711121031585
2021-09-08,0.0030733531714316037
2021-09-09,0.0030756261427349694
2021-09-10,0.003081088282663052
2021-09-11,0.0030830883928241676
2021-09-12,0.0030850885029852834
2021-09-13,0.0030500015129933463
2021-09-14,0.003104731878161385
2021-09-15,0.0030456850295277234
2021-09-16,0.0030508410945261906
2021-09-17,0.0031731805168042203
2021-09-18,0.0031750450785543987
2021-09-19,0.003176909640304579
2021-09-20,0.003419571956736609
2021-09-21,0.0034612364701149517
2021-09-22,0.0033567729307853603
2021-09-23,0.003242307932304236
2021-09-24,0.0032318578191600526
2021-09-25,0.0032339807578092225
2021-09-26,0.0032361036964583924
2021-09-27,0.003174702058636909
2021-09-28,0.003262681093276725
2021-09-29,0.003251938331871301
2021-09-30,0.003280275057516968
2021-10-01,0.003271950312773991
2021-10-02,0.003273942478079667
2021-10-03,0.003275934643385346
2021-10-04,0.003255068091643591
2021-10-05,0.0031881628949568183
2021-10-06,0.0032005907500331455
2021-10-07,0.0031140259558896126
2021-10-08,0.0030328974421908626
2021-10-09,0.00303490868609956
2021-10-10,0.0030369199300082574
2021-10-11,0.0030562115043587463
2021-10-12,0.0030432319412416545
2021-10-13,0.0030266339602596057
2021-10-14,0.0029072322133305516
2021-10-15,0.0028673711604081517
2021-10-16,0.002869412478041915
2021-10-17,0.0028714537956756794
2021-10-18,0.0028818694090823496
2021-10-19,0.0028580049135426507
2021-10-20,0.002809409197669161
2021-10-21,0.002818510940400634
2021-10-22,0.002746644579114434
2021-10-23,0.0027487529272045607
2021-10-24,0.0027508612752946892
2021-10-25,0.0027384572620404884
2021-10-26,0.0026935172319343236
2021-10-27,0.0026876307529000586
2021-10-28,0.0026553315188396066
2021-10-29,0.002681523371259191
2021-10-30,0.002683173334406208
2021-10-31,0.0026848232975532262
2021-11-01,0.002608857333809199
2021-11-02,0.0025965372939984604
2021-11-03,0.0025892967838479723
2021-11-04,0.0026762593722892553
2021-11-05,0.00265063724188271
2021-11-06,0.0026524058932102415
2021-11-07,0.002654174544537773
2021-11-08,0.0026696498173059227
2021-11-09,0.002656694450289869
2021-11-10,0.00271861865044564
2021-11-11,0.0027106361967134487
2021-11-12,0.002717778163279589
2021-11-13,0.0027196261349869237
2021-11-14,0.00272147410669426
2021-11-15,0.002747108005137347
2021-11-16,0.0027517855768420304
2021-11-17,0.0027111437242591813
2021-11-18,0.002771527053309879
2021-11-19,0.0028760713759835525
2021-11-20,0.002877950078088877
2021-11-21,0.002879828780194201
2021-11-22,0.0028984731193062345
2021-11-23,0.002875836367192192
2021-11-24,0.0028510497875948084
2021-11-25,0.002852869625500617
2021-11-26,0.003025961420315215
2021-11-27,0.0030277320578627766
2021-11-28,0.0030295026954103403
2021-11-29,0.0030113516367037685
2021-11-30,0.003055056946486255
2021-12-01,0.0030922860629028198
2021-12-02,0.0029775198288807176
2021-12-03,0.0030095183780592767
2021-12-04,0.0030110328326301717
2021-12-05,0.0030125472872010663
2021-12-06,0.0029623958468847833
2021-12-07,0.002885644196833414
2021-12-08,0.0028935198721274915
2021-12-09,0.0029203379993038192
2021-12-10,0.002920747608088986
2021-12-11,0.002922327468296372
2021-12-12,0.0029239073285037584
2021-12-13,0.0029834097100072407
2021-12-14,0.002986245835388324
2021-12-15,0.002986395081010497
2021-12-16,0.0029169674621353117
2021-12-17,0.003021815050986253
2021-12-18,0.003023472183850459
2021-12-19,0.0030251293167146646
2021-12-20,0.0030762493703500866
2021-12-21,0.0030114844658276265
2021-12-22,0.002960681776008607
2021-12-23,0.0029007195211665704
2021-12-24,0.0029024961174388226
2021-12-25,0.002904272713711076
2021-12-26,0.0029060493099833315
2021-12-27,0.0028389201385508995
2021-12-28,0.0028306540228966864
2021-12-29,0.0028527948654450755
2021-12-30,0.0028755692287075773
2021-12-31,0.002877034166347841
2022-01-01,0.0028789480739709046
2022-01-02,0.002880861981593968
2022-01-03,0.0028150781406365245
2022-01-04,0.0027029487823785592
2022-01-05,0.0027485079909448365
2022-01-06,0.002592397798109159
2022-01-07,0.0025080981253710463
2022-01-08,0.002510067727378364
2022-01-09,0.002512037329385685
2022-01-10,0.002541930448605045
2022-01-11,0.0025092689710845186
2022-01-12,0.0024523138976604124
2022-01-13,0.0024548986710208427
2022-01-14,0.0024438196382514524
2022-01-15,0.002446116071296968
2022-01-16,0.002448412504342486
2022-01-17,0.0024507089373880034
2022-01-18,0.002524733779433465
2022-01-19,0.0025989621977358917
2022-01-20,0.0026089081096662917
2022-01-21,0.0026539611728733444
2022-01-22,0.0026562351453922827
2022-01-23,0.0026585091179112215
2022-01-24,0.002829548689222451
2022-01-25,0.0028100876515180628
2022-01-26,0.0027662057242603703
2022-01-27,0.0028660335503021004
2022-01-28,0.002857991408527845
2022-01-29,0.002860224890402826
2022-01-30,0.0028624583722778067
2022-01-31,0.00277940843943848
2022-02-01,0.0023108072274284647
2022-02-02,0.0022839360912840956
2022-02-03,0.0023226591072740043
2022-02-04,0.0023138548744908176
2022-02-05,0.0023157681111573326
2022-02-06,0.0023176813478238472
2022-02-07,0.0022667381413785555
2022-02-08,0.002167164960794583
2022-02-09,0.0020949555134392424
2022-02-10,0.0021098994811583633
2022-02-11,0.0022321628128515233
2022-02-12,0.0022339645983441587
2022-02-13,0.002235766383836794
2022-02-14,0.002260235376725538
2022-02-15,0.002230038297737888
2022-02-16,0.0022901714722258397
2022-02-17,0.0023473949209781636
2022-02-18,0.0023519324360838432
2022-02-19,0.0023535516754934834
2022-02-20,0.0023551709149031226
2022-02-21,0.0023567901543127623
2022-02-22,0.0025196476392254146
2022-02-23,0.002588279386534596
2022-02-24,0.0028884362484777816
2022-02-25,0.002647688863501827
2022-02-26,0.002649669655737706
2022-02-27,0.0026516504479735833
2022-02-28,0.002820997169243474
2022-03-01,0.0030553814081112386
2022-03-02,0.0029971977465378065
2022-03-03,0.00309462790580383
2022-03-04,0.0034137321253133904
2022-03-05,0.003416493472149004
2022-03-06,0.003419254818984622
2022-03-07,0.00372430581746595
2022-03-08,0.003575222653341354
2022-03-09,0.003324998672821429
2022-03-10,0.003362794243699758
2022-03-11,0.003368494150932128
2022-03-12,0.003370989302220507
2022-03-13,0.0033734844535088853
2022-03-14,0.003283657841799839
2022-03-15,0.00322058207497034
2022-03-16,0.0029550443961988597
2022-03-17,0.002874673101320136
2022-03-18,0.002795638191362155
2022-03-19,0.002797878124987845
2022-03-20,0.0028001180586135358
2022-03-21,0.002759857612933797
2022-03-22,0.002642919218708675
2022-03-23,0.0027360007926861
2022-03-24,0.0026879663696081075
2022-03-25,0.0026227333908137554
2022-03-26,0.002624802515213742
2022-03-27,0.0026268716396137285
2022-03-28,0.002669762394706734
2022-03-29,0.0025617433643021497
2022-03-30,0.0026134657983001943
2022-03-31,0.00260787929431825
2022-04-01,0.0025808862103849947
2022-04-02,0.002582570444032146
2022-04-03,0.002584254677679299
2022-04-04,0.002527736482540144
2022-04-05,0.002749414651783285
2022-04-06,0.002840756604088655
2022-04-07,0.002871354192139225
2022-04-08,0.002867951121417245
2022-04-09,0.0028698798584198227
2022-04-10,0.002871808595422401
2022-04-11,0.002897392678194751
2022-04-12,0.003037425198756212
2022-04-13,0.003015233871311661
2022-04-14,0.0030713426031801004
2022-04-15,0.0030735316899726784
2022-04-16,0.003075720776765259
2022-04-17,0.0030779098635578374
2022-04-18,0.0030750302610893193
2022-04-19,0.002987629078741565
2022-04-20,0.002949464105644537
2022-04-21,0.0030770359088236384
2022-04-22,0.0033022593880590555
2022-04-23,0.0033042094720277097
2022-04-24,0.0033061595559963635
2022-04-25,0.0033322837430742962
2022-04-26,0.003471448309902123
2022-04-27,0.0034381738238579798
2022-04-28,0.0033813785093683765
2022-04-29,0.003504377528682666
2022-04-30,0.0035061755820998035
2022-05-01,0.003507973635516937
2022-05-02,0.003515896265664161
2022-05-03,0.003413783103548439
2022-05-04,0.003277518131797835
2022-05-05,0.0034490903232887934
2022-05-06,0.0034982749136841206
2022-05-07,0.0034999421422444383
2022-05-08,0.003501609370804755
2022-05-09,0.003677235524671406
2022-05-10,0.003696275769065482
2022-05-11,0.0037028942964935363
2022-05-12,0.0037541363360586704
2022-05-13,0.003638202074091094
2022-05-14,0.003639585572293674
2022-05-15,0.00364096907049625
2022-05-16,0.003629079605594156
2022-05-17,0.0035730442925558854
2022-05-18,0.003646446763094535
2022-05-19,0.003571433289392179
2022-05-20,0.0035629128864340972
2022-05-21,0.003564239784541358
2022-05-22,0.0035655666826486182
2022-05-23,0.0034677376704233724
2022-05-24,0.003441626358077143
2022-05-25,0.003467968727013424
2022-05-26,0.0034278054762099885
2022-05-27,0.0033816321949409265
2022-05-28,0.003382959717960238
2022-05-29,0.003384287240979548
2022-05-30,0.0033856147639988576
2022-05-31,0.0033744025378969157
2022-06-01,0.003385177310732935
2022-06-02,0.003322955528760266
2022-06-03,0.003384162543557
2022-06-04,0.003385689327398273
2022-06-05,0.0033872161112395455
2022-06-06,0.003357064959841979
2022-06-07,0.0033537373163434843
2022-06-08,0.003531395354109266
2022-06-09,0.0036836325960398182
2022-06-10,0.0038378370088640703
2022-06-11,0.0038395916992894023
2022-06-12,0.00384134638971473
2022-06-13,0.004032464194133884
2022-06-14,0.004098396457147148
2022-06-15,0.004028897949323276
2022-06-16,0.0041721186659148665
2022-06-17,0.004226768438139029
2022-06-18,0.004228452049133479
2022-06-19,0.00423013566012793
2022-06-20,0.004231819271122382
2022-06-21,0.004083835537484562
2022-06-22,0.004139938868288591
2022-06-23,0.0042609994549326425
2022-06-24,0.004145902573412802
2022-06-25,0.004147298518049029
2022-06-26,0.004148694462685252
2022-06-27,0.004131193463474179
2022-06-28,0.0041231969504792465
2022-06-29,0.004114589599636327
2022-06-30,0.0041719257562208515
2022-07-01,0.0041414616672028285
2022-07-02,0.004143173210216401
2022-07-03,0.004144884753229973
2022-07-04,0.004146596296243544
2022-07-05,0.0042676904287900245
2022-07-06,0.004244266116187473
2022-07-07,0.004103578248184546
2022-07-08,0.00408136347185733
2022-07-09,0.004083223616505821
2022-07-10,0.004085083761154307
2022-07-11,0.004132523477011003
2022-07-12,0.004117119892006732
2022-07-13,0.004171005489193753
2022-07-14,0.004622942657780161
2022-07-15,0.004643318658806396
2022-07-16,0.0046445811340628486
2022-07-17,0.0046458436093193
2022-07-18,0.004520117152908538
2022-07-19,0.004352948979958004
2022-07-20,0.004343153922654196
2022-07-21,0.004312336837219251
2022-07-22,0.004353141891632725
2022-07-23,0.004354567064426794
2022-07-24,0.004355992237220858
2022-07-25,0.0043433029258350755
2022-07-26,0.004459153972968705
2022-07-27,0.004368311029496431
2022-07-28,0.004298019950082448
2022-07-29,0.0042229650930535
2022-07-30,0.004224645276301392
2022-07-31,0.004226325459549286
2022-08-01,0.004247255981277434
2022-08-02,0.004304655437277073
2022-08-03,0.004181417974629439
2022-08-04,0.004162031337328113
2022-08-05,0.004211411492128253
2022-08-06,0.004213121958584485
2022-08-07,0.004214832425040712
2022-08-08,0.004256380796556103
2022-08-09,0.004295022109118931
2022-08-10,0.0041613102514879135
2022-08-11,0.004107739092781929
2022-08-12,0.004047628021768881
2022-08-13,0.00404924051467716
2022-08-14,0.0040508530075854384
2022-08-15,0.0041004553844952545
2022-08-16,0.004043388639218901
2022-08-17,0.004098848760627013
2022-08-18,0.004086143711473367
2022-08-19,0.004176083244923302
2022-08-20,0.004177911374258909
2022-08-21,0.004179739503594509
2022-08-22,0.004298013404011923
2022-08-23,0.004318575961968824
2022-08-24,0.0044953515847983285
2022-08-25,0.004334341658121393
2022-08-26,0.0044465808621447465
2022-08-27,0.0044483092834261976
2022-08-28,0.0044500377047076494
2022-08-29,0.0044255493142273
2022-08-30,0.004572562602009194
2022-08-31,0.004640837357001881
2022-09-01,0.004655514250037675
2022-09-02,0.004584181014321032
2022-09-03,0.004585747813314896
2022-09-04,0.004587314612308752
2022-09-05,0.004588881411302609
2022-09-06,0.004629719692016495
2022-09-07,0.0045360221813021484
2022-09-08,0.0044365281630262985
2022-09-09,0.004297475114800848
2022-09-10,0.0042990976535222545
2022-09-11,0.00430072019224366
2022-09-12,0.004217020056804688
2022-09-13,0.004380061491618169
2022-09-14,0.004381154662859635
2022-09-15,0.004366216567214887
2022-09-16,0.004450584752545697
2022-09-17,0.004451999609488982
2022-09-18,0.004453414466432261
2022-09-19,0.004395571422330023
2022-09-20,0.004463356766762131
2022-09-21,0.0045888188982394105
2022-09-22,0.004627756261288493
2022-09-23,0.004752840619548015
2022-09-24,0.0047543496273198295
2022-09-25,0.004755858635091644
2022-09-26,0.004786400770506803
2022-09-27,0.004847788879241317
2022-09-28,0.0047031371100367
2022-09-29,0.004741544696823752
2022-09-30,0.004806104195205533
2022-10-01,0.004807687949855789
2022-10-02,0.004809271704506038
2022-10-03,0.004645672175116021
2022-10-04,0.004418391005454581
2022-10-05,0.004493132965354044
2022-10-06,0.004773521929771449
2022-10-07,0.005008146119247094
2022-10-08,0.005009477027021046
2022-10-09,0.005010807934794998
2022-10-10,0.005012131961384335
2022-10-11,0.005208750285440115
2022-10-12,0.005144468523113116
2022-10-13,0.0049414408313218925
2022-10-14,0.0049723386921232795
2022-10-15,0.004973824729892183
2022-10-16,0.004975310767661076
2022-10-17,0.0048018915925956895
2022-10-18,0.004805919110299742
2022-10-19,0.004856793052561926
2022-10-20,0.004975928940164857
2022-10-21,0.004774794967670406
2022-10-22,0.004776290852535913
2022-10-23,0.00477778673740142
2022-10-24,0.0047936737536174185
2022-10-25,0.004882723173103189
2022-10-26,0.004819959307520742
2022-10-27,0.004782626029517206
2022-10-28,0.0047753376334752325
2022-10-29,0.004776556294876471
2022-10-30,0.004777774956277702
2022-10-31,0.004744225309593008
2022-11-01,0.004751137751192126
2022-11-02,0.004795343810745787
2022-11-03,0.004831456755432355
2022-11-04,0.004637539316171358
2022-11-05,0.004638873813164446
2022-11-06,0.004640208310157534
2022-11-07,0.004604566334144738
2022-11-08,0.004555338065717025
2022-11-09,0.004650547422085032
2022-11-10,0.00443455471155929
2022-11-11,0.004362483311977238
2022-11-12,0.0043635879704233375
2022-11-13,0.004364692628869434
2022-11-14,0.004390344577172339
2022-11-15,0.004375635580859533
2022-11-16,0.004401175151073065
2022-11-17,0.004376659977645182
2022-11-18,0.004382976374360873
2022-11-19,0.0043841527528753945
2022-11-20,0.004385329131389915
2022-11-21,0.0043996927230051846
2022-11-22,0.004318000478151849
2022-11-23,0.004311103747025984
2022-11-24,0.004312391953054688
2022-11-25,0.004309203885985852
2022-11-26,0.004310466624731723
2022-11-27,0.00431172936347759
2022-11-28,0.004422932477679685
2022-11-29,0.004431176617365121
2022-11-30,0.004371069017327757
2022-12-01,0.004351374885714902
2022-12-02,0.0043783962489523254
2022-12-03,0.004379573925360723
2022-12-04,0.004380751601769121
2022-12-05,0.0044378472461795195
2022-12-06,0.004499129486784454
2022-12-07,0.004509358297635469
2022-12-08,0.004509445037494333
2022-12-09,0.0045435384139366946
2022-12-10,0.004544444628842075
2022-12-11,0.004545350843747452
2022-12-12,0.004498999560517436
2022-12-13,0.004549586250927594
2022-12-14,0.0045625893053144444
2022-12-15,0.004624260496818393
2022-12-16,0.004633855943704325
2022-12-17,0.0046346774610547285
2022-12-18,0.004635498978405132
2022-12-19,0.004677838858971211
2022-12-20,0.004643685780723666
2022-12-21,0.004625239536010621
2022-12-22,0.00466049982236955
2022-12-23,0.00464090552618049
2022-12-24,0.004641554687274037
2022-12-25,0.004642203848367581
2022-12-26,0.004642853009461125
2022-12-27,0.004623847396304946
2022-12-28,0.004668140072105365
2022-12-29,0.004625668214392611
2022-12-30,0.004662778896748878
2022-12-31,0.004663380588449982
2023-01-01,0.004663982280151087
2023-01-02,0.004664583971852195
2023-01-03,0.004694995347086445
2023-01-04,0.004650946911966216
2023-01-05,0.004678327022374362
2023-01-06,0.0046228931760646155
2023-01-07,0.004623426784571346
2023-01-08,0.004623960393078074
2023-01-09,0.004593474790466696
2023-01-10,0.004573180731117328
2023-01-11,0.004573136813189692
2023-01-12,0.004552050523956694
2023-01-13,0.0045431295406019884
2023-01-14,0.004543721796816506
2023-01-15,0.004544314053031024
2023-01-16,0.004544906309245544
2023-01-17,0.0045229126128628235
2023-01-18,0.004539577201854493
2023-01-19,0.004540903361857782
2023-01-20,0.00452673776545518
2023-01-21,0.0045272654741639745
2023-01-22,0.004527793182872768
2023-01-23,0.004525555332324037
2023-01-24,0.004523348172557703
2023-01-25,0.004537778257409653
2023-01-26,0.004509983718406387
2023-01-27,0.004523487613880067
2023-01-28,0.004523986208013574
2023-01-29,0.004524484802147082
2023-01-30,0.004532052970662847
2023-01-31,0.00450857292519175
2023-02-01,0.004496162765454659
2023-02-02,0.004499620970648361
2023-02-03,0.0044937991795045654
2023-02-04,0.004494402658558244
2023-02-05,0.004495006137611923
2023-02-06,0.004511428896558395
2023-02-07,0.004493187841644592
2023-02-08,0.004492828388991628
2023-02-09,0.004495029511242627
2023-02-10,0.004494535785783875
2023-02-11,0.004495241251563526
2023-02-12,0.004495946717343177
2023-02-13,0.004479985142999207
2023-02-14,0.004469338752087456
2023-02-15,0.004474927707920842
2023-02-16,0.004484730847362894
2023-02-17,0.004484962979121678
2023-02-18,0.004485505154949948
2023-02-19,0.004486047330778216
2023-02-20,0.004486589506606486
2023-02-21,0.004504116197966164
2023-02-22,0.00452702055304394
2023-02-23,0.00452676400285369
2023-02-24,0.004527044054581978
2023-02-25,0.004527525653628445
2023-02-26,0.004528007252674912
2023-02-27,0.004511686505141057
2023-02-28,0.004513263739765655
2023-03-01,0.004551965797829748
2023-03-02,0.004525861903163229
2023-03-03,0.004516102103797001
2023-03-04,0.00451638408947948
2023-03-05,0.00451666607516196
2023-03-06,0.0045151923223882146
2023-03-07,0.004533755164628497
2023-03-08,0.00453263050077621
2023-03-09,0.004555214919281666
2023-03-10,0.0045789185359081455
2023-03-11,0.0045792630428578285
2023-03-12,0.0045796075498075114
2023-03-13,0.004557981128225626
2023-03-14,0.0045282377272015915
2023-03-15,0.004563445861094413
2023-03-16,0.004577441987239383
2023-03-17,0.00462942711293947
2023-03-18,0.004630036784793868
2023-03-19,0.004630646456648265
2023-03-20,0.0046028216231659945
2023-03-21,0.0047289625394712235
2023-03-22,0.00472145724978398
2023-03-23,0.00464211741764306
2023-03-24,0.004647477153776847
2023-03-25,0.004647812522467946
2023-03-26,0.004648147891159045
2023-03-27,0.004623339560503205
2023-03-28,0.004614725419721078
2023-03-29,0.004638814620091422
2023-03-30,0.004649259962927349
2023-03-31,0.004679249806778629
2023-04-01,0.0046792733189460626
2023-04-02,0.004679296831113496
2023-04-03,0.004608332966997858
2023-04-04,0.004632162542009634
2023-04-05,0.004628344340922573
2023-04-06,0.004628508656379885
2023-04-07,0.0046287966312190685
2023-04-08,0.004629084606058252
2023-04-09,0.004629372580897435
2023-04-10,0.004619720318801159
2023-04-11,0.004628967318182725
2023-04-12,0.004618472571379396
2023-04-13,0.004608436947673406
2023-04-14,0.00460765800727882
2023-04-15,0.004607883483030522
2023-04-16,0.004608108958782225
2023-04-17,0.004592687651791074
2023-04-18,0.004580062212196313
2023-04-19,0.004583593503935309
2023-04-20,0.0045844770118837214
2023-04-21,0.004586460687295235
2023-04-22,0.004587152984492327
2023-04-23,0.004587845281689419
2023-04-24,0.004631521998231018
2023-04-25,0.004669111822403394
2023-04-26,0.004674683924052148
2023-04-27,0.004635852939193521
2023-04-28,0.004606782921610966
2023-04-29,0.004607429844296599
2023-04-30,0.004608076766982234
2023-05-01,0.004608880565455335
2023-05-02,0.00470409489245795
2023-05-03,0.004684953816170243
2023-05-04,0.004696829914563152
2023-05-05,0.004626372867081954
2023-05-06,0.00462704030369741
2023-05-07,0.004627707740312869
2023-05-08,0.004615370935436587
2023-05-09,0.004673302228924463
2023-05-10,0.004678414355338035
2023-05-11,0.004676354132680841
2023-05-12,0.004690971816600905
2023-05-13,0.004691607771834408
2023-05-14,0.004692243727067911
2023-05-15,0.004642954333220325
2023-05-16,0.00472293426538605
2023-05-17,0.004731665871457207
2023-05-18,0.004780035128369408
2023-05-19,0.0048373351496687296
2023-05-20,0.004837556704214494
2023-05-21,0.004837778258760262
2023-05-22,0.0048478058665760585
2023-05-23,0.004852122313426015
2023-05-24,0.004928153394354861
2023-05-25,0.005011443355713762
2023-05-26,0.004986758132780515
2023-05-27,0.004986680719186155
2023-05-28,0.004986603305591797
2023-05-29,0.004986525891997437
2023-05-30,0.004929930253660922
2023-05-31,0.004906143673293417
2023-06-01,0.00494647785824189
2023-06-02,0.004908615958535914
2023-06-03,0.004908701797981729
2023-06-04,0.004908787637427548
2023-06-05,0.004953253357097919
2023-06-06,0.0049544977074034964
2023-06-07,0.004960129869531092
2023-06-08,0.004946468553431761
2023-06-09,0.004920749012408781
2023-06-10,0.004920813784894168
2023-06-11,0.0049208785573795575
2023-06-12,0.004933750494431469
2023-06-13,0.00489399793784095
2023-06-14,0.004909347547924099
2023-06-15,0.004854336521502689
2023-06-16,0.004845736916786132
2023-06-17,0.004845989737211784
2023-06-18,0.00484624255763744
2023-06-19,0.004846495378063093
2023-06-20,0.004863338077231393
2023-06-21,0.004846374248539676
2023-06-22,0.004861890025148056
2023-06-23,0.004904689921087613
2023-06-24,0.0049048646232956825
2023-06-25,0.004905039325503752
2023-06-26,0.0048259140805657135
2023-06-27,0.00480610616635996
2023-06-28,0.004836025902348508
2023-06-29,0.004831798183141381
2023-06-30,0.004822453242275388
2023-07-01,0.004822748920185128
2023-07-02,0.004823044598094871
2023-07-03,0.004813405318222743
2023-07-04,0.004813707018864387
2023-07-05,0.004789862372605291
2023-07-06,0.004830280090333218
2023-07-07,0.00484623793773567
2023-07-08,0.004846554661515575
2023-07-09,0.004846871385295481
2023-07-10,0.004847188109075387
