Date,UBS - WFC Accumulated Oriented Area
2019-01-01,0.0
2019-01-02,0.0
2019-01-03,2.8550126487450793e-08
2019-01-04,-1.1978893469597736e-06
2019-01-05,-1.1169065047949977e-06
2019-01-06,-1.0359236626301173e-06
2019-01-07,-4.643743374089356e-06
2019-01-08,-5.631132841874136e-06
2019-01-09,-3.307335238802174e-06
2019-01-10,-5.600594784275869e-06
2019-01-11,-5.58230214422846e-06
2019-01-12,-5.5176706810225366e-06
2019-01-13,-5.453039217816711e-06
2019-01-14,-1.2653212456403165e-06
2019-01-15,-8.428686335593117e-06
2019-01-16,7.752576969833983e-07
2019-01-17,6.921147657205561e-06
2019-01-18,1.3653508612705959e-05
2019-01-19,1.3889814206752765e-05
2019-01-20,1.4126119800799579e-05
2019-01-21,1.4362425394846368e-05
2019-01-22,4.579768390547504e-05
2019-01-23,4.1919036519046376e-05
2019-01-24,4.022766424147745e-05
2019-01-25,3.997080864945665e-05
2019-01-26,4.023082703400325e-05
2019-01-27,4.049084541854982e-05
2019-01-28,4.176268220533614e-05
2019-01-29,4.360568448098272e-05
2019-01-30,3.60179388122606e-05
2019-01-31,3.884968393353995e-05
2019-02-01,4.197139897749538e-05
2019-02-02,4.213457023956831e-05
2019-02-03,4.229774150164124e-05
2019-02-04,4.41740215746796e-05
2019-02-05,3.8039325949560724e-05
2019-02-06,3.913764605203282e-05
2019-02-07,4.2665147214570814e-05
2019-02-08,4.420200232305422e-05
2019-02-09,4.426118873355771e-05
2019-02-10,4.43203751440612e-05
2019-02-11,4.426544155090297e-05
2019-02-12,4.128414976312332e-05
2019-02-13,3.8275929112115486e-05
2019-02-14,4.520376737554859e-05
2019-02-15,3.720361972536909e-05
2019-02-16,3.739103444425682e-05
2019-02-17,3.757844916314478e-05
2019-02-18,3.7765863882032724e-05
2019-02-19,3.9505665683161076e-05
2019-02-20,5.942921718808516e-05
2019-02-21,6.752573214853635e-05
2019-02-22,7.170106817501839e-05
2019-02-23,7.188870535629515e-05
2019-02-24,7.207634253757193e-05
2019-02-25,6.27515449088044e-05
2019-02-26,5.651522398574261e-05
2019-02-27,5.381725645467595e-05
2019-02-28,5.3110077969415875e-05
2019-03-01,5.099341847117865e-05
2019-03-02,5.125589488913792e-05
2019-03-03,5.151837130709721e-05
2019-03-04,5.5714861150694694e-05
2019-03-05,6.430416576050008e-05
2019-03-06,7.152461452025805e-05
2019-03-07,9.045628847167283e-05
2019-03-08,9.27908509731055e-05
2019-03-09,9.305670476666951e-05
2019-03-10,9.332255856023357e-05
2019-03-11,8.572528778694443e-05
2019-03-12,8.698821974060328e-05
2019-03-13,7.70466148371406e-05
2019-03-14,7.103041187923431e-05
2019-03-15,7.099311685374744e-05
2019-03-16,7.132178824265708e-05
2019-03-17,7.16504596315667e-05
2019-03-18,4.200674035989296e-05
2019-03-19,3.9803507905559555e-05
2019-03-20,6.505797860005494e-05
2019-03-21,7.572077505289503e-05
2019-03-22,0.00011304819827954963
2019-03-23,0.00011318833187524663
2019-03-24,0.00011332846547094365
2019-03-25,0.00011857864407040872
2019-03-26,9.906586598809814e-05
2019-03-27,0.00010010212411099246
2019-03-28,9.589591433265562e-05
2019-03-29,0.00010502234366135729
2019-03-30,0.00010515647837936403
2019-03-31,0.0001052906130973706
2019-04-01,9.133593599457142e-05
2019-04-02,9.74344449973514e-05
2019-04-03,8.844509613209561e-05
2019-04-04,8.41977116049814e-05
2019-04-05,8.83181046859856e-05
2019-04-06,8.847885877059919e-05
2019-04-07,8.863961285521279e-05
2019-04-08,8.888638650398344e-05
2019-04-09,9.58267729879334e-05
2019-04-10,0.0001000434516740022
2019-04-11,9.755461714327273e-05
2019-04-12,0.00010349324692847706
2019-04-13,0.0001034444437066519
2019-04-14,0.00010339564048482672
2019-04-15,0.00010301451518664447
2019-04-16,0.00010177143033242106
2019-04-17,9.982431508947351e-05
2019-04-18,0.0001005003497194421
2019-04-19,0.00010053736480797566
2019-04-20,0.00010057437989650922
2019-04-21,0.00010061139498504279
2019-04-22,9.982212707654679e-05
2019-04-23,0.00010047201592489627
2019-04-24,0.00010011404452828051
2019-04-25,9.937533511351855e-05
2019-04-26,0.000100767852804303
2019-04-27,0.00010083737532070325
2019-04-28,0.0001009068978371035
2019-04-29,9.840342122325091e-05
2019-04-30,0.00010106376494432676
2019-05-01,0.00010372352537527628
2019-05-02,0.0001021239453954848
2019-05-03,0.00010443228664290432
2019-05-04,0.00010456056043431853
2019-05-05,0.0001046888342257329
2019-05-06,0.00012419384566854353
2019-05-07,0.00014576226461974004
2019-05-08,0.00014868977812569075
2019-05-09,0.00015258734069506128
2019-05-10,0.00014474838451932647
2019-05-11,0.00014477926796981668
2019-05-12,0.00014481015142030687
2019-05-13,0.0001608064874032248
2019-05-14,0.00015690098844078443
2019-05-15,0.0001735396089251718
2019-05-16,0.0001768965322226828
2019-05-17,0.0001806845401030156
2019-05-18,0.0001805896538125217
2019-05-19,0.00018049476752202774
2019-05-20,0.0001874816080199988
2019-05-21,0.00016839476636727188
2019-05-22,0.00017141200605060388
2019-05-23,0.0001819891819514091
2019-05-24,0.00016927393251945874
2019-05-25,0.00016922339992061098
2019-05-26,0.00016917286732176322
2019-05-27,0.0001691223347229154
2019-05-28,0.00017898675413160684
2019-05-29,0.00018101760206913647
2019-05-30,0.00019287951281097212
2019-05-31,0.0002093806456192506
2019-06-01,0.00020917828911732787
2019-06-02,0.00020897593261540512
2019-06-03,0.0002055563944609811
2019-06-04,0.00018025314384381334
2019-06-05,0.00017436735566593898
2019-06-06,0.00017304603396586113
2019-06-07,0.00018215880696567386
2019-06-08,0.00018206232275293997
2019-06-09,0.0001819658385402061
2019-06-10,0.00016530899245078385
2019-06-11,0.00016660129773716508
2019-06-12,0.00019946363068149768
2019-06-13,0.00018538140102022764
2019-06-14,0.00017013269695203556
2019-06-15,0.00017004051694825736
2019-06-16,0.000169948336944479
2019-06-17,0.00017909409498355556
2019-06-18,0.00015639274647953106
2019-06-19,0.0001727341297647516
2019-06-20,0.0001662299746965154
2019-06-21,0.00013188459033551428
2019-06-22,0.0001319070780899034
2019-06-23,0.00013192956584429254
2019-06-24,0.00015233941075874714
2019-06-25,0.00015507125044012006
2019-06-26,0.0001688586550155731
2019-06-27,0.00015723734635166644
2019-06-28,0.00012748272494253894
2019-06-29,0.00012753704367054265
2019-06-30,0.00012759136239854643
2019-07-01,0.0001169486518328318
2019-07-02,0.0001295841398351123
2019-07-03,0.00011785322814202681
2019-07-04,0.00011793332709285242
2019-07-05,0.00011393528520303878
2019-07-06,0.00011402058802861584
2019-07-07,0.00011410589085419292
2019-07-08,0.0001216831292676583
2019-07-09,0.00011402437969311802
2019-07-10,0.00013224316221323814
2019-07-11,0.00013278317692204158
2019-07-12,0.00012764483227531442
2019-07-13,0.0001276916813931578
2019-07-14,0.0001277385305110012
2019-07-15,0.00014305971324577712
2019-07-16,0.00017820286301302668
2019-07-17,0.0001778598672928744
2019-07-18,0.00016425614962424124
2019-07-19,0.00015438654269956891
2019-07-20,0.00015432149172843815
2019-07-21,0.00015425644075730725
2019-07-22,0.00014437233477260813
2019-07-23,0.0001281323229387553
2019-07-24,9.961326204783657e-05
2019-07-25,0.00011930362807017136
2019-07-26,7.545895685956907e-05
2019-07-27,7.569944680722849e-05
2019-07-28,7.593993675488692e-05
2019-07-29,0.00011685761088681964
2019-07-30,0.00010841638863871728
2019-07-31,0.00011649669471883433
2019-08-01,0.00018364491904099603
2019-08-02,0.0001653962190520655
2019-08-03,0.00016548391095902966
2019-08-04,0.00016557160286599293
2019-08-05,0.000227036551940582
2019-08-06,0.00018850564174785147
2019-08-07,0.00024315980763866274
2019-08-08,0.0002130490503501478
2019-08-09,0.00021850161392927592
2019-08-10,0.00021849524383976793
2019-08-11,0.0002184888737502589
2019-08-12,0.0002598054187750138
2019-08-13,0.00022820146730196089
2019-08-14,0.00033384348128944624
2019-08-15,0.000376618309081732
2019-08-16,0.0003244559160636927
2019-08-17,0.0003242892595058871
2019-08-18,0.00032412260294808007
2019-08-19,0.0002725063476524431
2019-08-20,0.00030568632087553356
2019-08-21,0.0002879844340507892
2019-08-22,0.00025634411832504717
2019-08-23,0.0003237174693384433
2019-08-24,0.00032355089859475425
2019-08-25,0.00032338432785106397
2019-08-26,0.0002938925211461704
2019-08-27,0.00030248282192070676
2019-08-28,0.00025764033571001096
2019-08-29,0.00021511826060672601
2019-08-30,0.00019253563143025625
2019-08-31,0.00019256294955390585
2019-09-01,0.00019259026767755414
2019-09-02,0.00019261758580120368
2019-09-03,0.00021982277838835046
2019-09-04,0.00019674478638636754
2019-09-05,0.00013327986281162606
2019-09-06,0.0001589286036994063
2019-09-07,0.0001589984268198494
2019-09-08,0.0001590682499402936
2019-09-09,9.261600381408201e-05
2019-09-10,9.02447994208748e-05
2019-09-11,6.659608584237491e-05
2019-09-12,7.607290281458248e-05
2019-09-13,6.0437447953480655e-05
2019-09-14,6.06346839872538e-05
2019-09-15,6.083192002102783e-05
2019-09-16,6.328251623960359e-05
2019-09-17,7.655109792355802e-05
2019-09-18,6.955276457463849e-05
2019-09-19,6.818885045756421e-05
2019-09-20,8.196324430681874e-05
2019-09-21,8.214422895796277e-05
2019-09-22,8.232521360910777e-05
2019-09-23,7.091312711602322e-05
2019-09-24,8.867703688903678e-05
2019-09-25,6.03108530686657e-05
2019-09-26,7.954283584941355e-05
2019-09-27,-9.188276167671231e-06
2019-09-28,-8.827788633009552e-06
2019-09-29,-8.467301098346951e-06
2019-09-30,4.425701973856361e-06
2019-10-01,7.70139737921806e-05
2019-10-02,0.00012024303339941672
2019-10-03,0.00012211819671517448
2019-10-04,7.65217212067755e-05
2019-10-05,7.677561644693633e-05
2019-10-06,7.702951168709849e-05
2019-10-07,0.0001022091871730306
2019-10-08,0.000164068002189661
2019-10-09,0.00014385774286509388
2019-10-10,0.00011000806072751124
2019-10-11,7.011896382191205e-05
2019-10-12,7.036072068325634e-05
2019-10-13,7.060247754460165e-05
2019-10-14,6.960303956494646e-05
2019-10-15,1.9062206184071933e-05
2019-10-16,4.810800489051076e-05
2019-10-17,4.398483596929268e-05
2019-10-18,2.3350015991520552e-05
2019-10-19,2.364798742920604e-05
2019-10-20,2.3945958866892532e-05
2019-10-21,-7.350936919575115e-06
2019-10-22,-1.142130105631639e-05
2019-10-23,-3.264878752502648e-05
2019-10-24,-4.230816006143615e-05
2019-10-25,-6.557874254156464e-05
2019-10-26,-6.51617788519841e-05
2019-10-27,-6.474481516240363e-05
2019-10-28,-8.08275151070673e-05
2019-10-29,-0.00010799747001718593
2019-10-30,-8.276586355967884e-05
2019-10-31,-6.196188396274106e-05
2019-11-01,-9.661543234553094e-05
2019-11-02,-9.615495195964969e-05
2019-11-03,-9.569447157376854e-05
2019-11-04,-0.00014451185927162762
2019-11-05,-0.00016376759174458708
2019-11-06,-0.00017670435415216177
2019-11-07,-0.00019758652786014305
2019-11-08,-0.0001873248225623889
2019-11-09,-0.00018672622456341313
2019-11-10,-0.00018612762656443745
2019-11-11,-0.00018308464793788544
2019-11-12,-0.00017919523071102165
2019-11-13,-0.00013170741457470137
2019-11-14,-0.00013740806645413643
2019-11-15,-0.00015276467813645682
2019-11-16,-0.00015218355245478688
2019-11-17,-0.0001516024267731164
2019-11-18,-0.00015707434143571645
2019-11-19,-0.00014951024670013948
2019-11-20,-0.00012318214062652806
2019-11-21,-0.00012540287146394586
2019-11-22,-0.00016430925441303314
2019-11-23,-0.00016369122022794354
2019-11-24,-0.00016307318604285456
2019-11-25,-0.00017652747978520153
2019-11-26,-0.0001461964727051997
2019-11-27,-0.00016858044865896262
2019-11-28,-0.00016795895743409783
2019-11-29,-0.00015802898973110263
2019-11-30,-0.00015739503278098936
2019-12-01,-0.0001567610758308761
2019-12-02,-0.00011822875954498879
2019-12-03,-6.142581275193085e-05
2019-12-04,-9.311680582239283e-05
2019-12-05,-9.626550574190848e-05
2019-12-06,-0.00014000540737997474
2019-12-07,-0.00013937482376605867
2019-12-08,-0.00013874424015214258
2019-12-09,-0.000121323576204314
2019-12-10,-0.0001036577455377684
2019-12-11,-8.068432861890423e-05
2019-12-12,-0.00014918574919844626
2019-12-13,-0.00014269470810445716
2019-12-14,-0.00014211611596575072
2019-12-15,-0.00014153752382704441
2019-12-16,-0.0001736747780032402
2019-12-17,-0.00018882732283495804
2019-12-18,-0.0001564435797339314
2019-12-19,-0.00015575361878291207
2019-12-20,-0.0001402352955305228
2019-12-21,-0.00013969615903831575
2019-12-22,-0.0001391570225461086
2019-12-23,-0.0001571081245773956
2019-12-24,-0.00015576624849580968
2019-12-25,-0.00015518967176816358
2019-12-26,-0.00017082034733234842
2019-12-27,-0.0001657862166059121
2019-12-28,-0.00016520416415673797
2019-12-29,-0.00016462211170756443
2019-12-30,-0.00016330852417717373
2019-12-31,-0.00016832182530053286
2020-01-01,-0.00016775138840912705
2020-01-02,-0.00020084487593202406
2020-01-03,-0.00017136585534831763
2020-01-04,-0.00017082878700722402
2020-01-05,-0.0001702917186661304
2020-01-06,-0.00015834960931566112
2020-01-07,-0.0001696837172842918
2020-01-08,-0.00018711299927074663
2020-01-09,-0.00018732034841834858
2020-01-10,-0.00016868449004916878
2020-01-11,-0.00016822770647293553
2020-01-12,-0.00016777092289670229
2020-01-13,-0.00016710827355803125
2020-01-14,-0.00010761158225758709
2020-01-15,-8.365004929498693e-05
2020-01-16,-0.00010701318720427935
2020-01-17,-0.00010362813809016145
2020-01-18,-0.00010344934359013129
2020-01-19,-0.00010327054909010118
2020-01-20,-0.00010309175459007099
2020-01-21,-7.991115384256952e-05
2020-01-22,-7.45884213567296e-05
2020-01-23,-6.439266459723269e-05
2020-01-24,-4.339705851575797e-05
2020-01-25,-4.3344061768656295e-05
2020-01-26,-4.329106502155467e-05
2020-01-27,-2.7829550696445768e-05
2020-01-28,-3.769291195765028e-05
2020-01-29,-3.375802881893302e-05
2020-01-30,-5.593981325385004e-05
2020-01-31,-2.1233347700712777e-05
2020-02-01,-2.1228175169424045e-05
2020-02-02,-2.122300263813534e-05
2020-02-03,-2.86280056624133e-05
2020-02-04,-3.303768458198656e-05
2020-02-05,-6.97181896381093e-05
2020-02-06,-6.0713276275120104e-05
2020-02-07,-5.705172359753841e-05
2020-02-08,-5.698341429775167e-05
2020-02-09,-5.691510499796489e-05
2020-02-10,-5.533473177443713e-05
2020-02-11,-6.147167662044974e-05
2020-02-12,-5.797072076669919e-05
2020-02-13,-6.423576199096867e-05
2020-02-14,-6.577021970683857e-05
2020-02-15,-6.567344349506034e-05
2020-02-16,-6.557666728328207e-05
2020-02-17,-6.547989107150391e-05
2020-02-18,-3.316762932205572e-05
2020-02-19,-3.5717945022689724e-05
2020-02-20,-4.1242621201089086e-05
2020-02-21,-5.139392941591692e-05
2020-02-22,-5.133761800575016e-05
2020-02-23,-5.128130659558334e-05
2020-02-24,-1.037806946023585e-05
2020-02-25,3.558689355621172e-05
2020-02-26,8.608508659864595e-05
2020-02-27,0.00014492893751307797
2020-02-28,0.00022680167248932746
2020-02-29,0.00022626685810580295
2020-03-01,0.00022573204372227848
2020-03-02,0.00015534665347225916
2020-03-03,0.0002364433991418222
2020-03-04,0.00020031817568489586
2020-03-05,0.0003160560696078455
2020-03-06,0.0004651986412780907
2020-03-07,0.0004642774345434245
2020-03-08,0.0004633562278087585
2020-03-09,0.000638664152727553
2020-03-10,0.0005660264331699882
2020-03-11,0.0007284570007305897
2020-03-12,0.001004520514345096
2020-03-13,0.0007450548264202897
2020-03-14,0.0007434185779960289
2020-03-15,0.0007417823295717672
2020-03-16,0.0007677554676962439
2020-03-17,0.0005332886618525147
2020-03-18,0.000681377803478602
2020-03-19,0.000916437684686364
2020-03-20,0.0010801059671399218
2020-03-21,0.0010778655662366193
2020-03-22,0.0010756251653333201
2020-03-23,0.0011827029394124795
2020-03-24,0.0011080114177238155
2020-03-25,0.0012423500161093965
2020-03-26,0.0012727484199480479
2020-03-27,0.0011172655738468159
2020-03-28,0.0011155345217653552
2020-03-29,0.0011138034696838934
2020-03-30,0.001253421027716383
2020-03-31,0.0013160445444148627
2020-04-01,0.0014962947874232477
2020-04-02,0.001429060737168829
2020-04-03,0.0015218296354047411
2020-04-04,0.0015195176837116227
2020-04-05,0.001517205732018503
2020-04-06,0.001516872844976062
2020-04-07,0.001508346304213819
2020-04-08,0.0012615941802541196
2020-04-09,0.0010443179423917986
2020-04-10,0.0010429470043384701
2020-04-11,0.0010415760662851408
2020-04-12,0.001040205128231812
2020-04-13,0.0011429061127708707
2020-04-14,0.0014168151230919861
2020-04-15,0.0014296792039109783
2020-04-16,0.0015858660701855254
2020-04-17,0.0015894653848134886
2020-04-18,0.001587452368200511
2020-04-19,0.001585439351587534
2020-04-20,0.0017199157405588116
2020-04-21,0.001608160782567636
2020-04-22,0.0016005342792451635
2020-04-23,0.001717334784835971
2020-04-24,0.0016930719364850089
2020-04-25,0.0016908463628112166
2020-04-26,0.0016886207891374217
2020-04-27,0.001647356744271188
2020-04-28,0.0018710374530304364
2020-04-29,0.0020419129835831367
2020-04-30,0.0020465784856856795
2020-05-01,0.00204944984207638
2020-05-02,0.002047291759874662
2020-05-03,0.002045133677672944
2020-05-04,0.0019483498365160234
2020-05-05,0.0018130315038229097
2020-05-06,0.001903375955886012
2020-05-07,0.00210339892245822
2020-05-08,0.0021733428621926337
2020-05-09,0.0021708588306455787
2020-05-10,0.0021683747990985237
2020-05-11,0.0021477825977558535
2020-05-12,0.0021743342452024087
2020-05-13,0.002376987224526151
2020-05-14,0.001970996598196534
2020-05-15,0.0020437784072055124
2020-05-16,0.00204096450680768
2020-05-17,0.0020381506064098484
2020-05-18,0.0021394719286125822
2020-05-19,0.0023255719562664907
2020-05-20,0.002395985924959901
2020-05-21,0.0023550259405692533
2020-05-22,0.00226318999956665
2020-05-23,0.0022604978406787425
2020-05-24,0.0022578056817908346
2020-05-25,0.002255113522902926
2020-05-26,0.002266854772711183
2020-05-27,0.0022748888518296425
2020-05-28,0.002323268256374155
2020-05-29,0.0023991325574956738
2020-05-30,0.002396790381503878
2020-05-31,0.0023944482055120826
2020-06-01,0.002395786174836709
2020-06-02,0.0024936534625732963
2020-06-03,0.00256476323466075
2020-06-04,0.0024257300267457173
2020-06-05,0.0023040339640876765
2020-06-06,0.0023024122210689646
2020-06-07,0.002300790478050253
2020-06-08,0.0022553733612013923
2020-06-09,0.0022332579181325515
2020-06-10,0.002430070663221074
2020-06-11,0.0023894632058870857
2020-06-12,0.0023267896885406677
2020-06-13,0.0023246723981133447
2020-06-14,0.0023225551076860194
2020-06-15,0.0023197595517217406
2020-06-16,0.0023585731072411817
2020-06-17,0.002471734546171341
2020-06-18,0.002467161458624468
2020-06-19,0.0023199031620828783
2020-06-20,0.0023177320779145076
2020-06-21,0.0023155609937461352
2020-06-22,0.0024758335007772246
2020-06-23,0.002595446670614499
2020-06-24,0.0025739515454696166
2020-06-25,0.0026508160542656656
2020-06-26,0.002807630691432242
2020-06-27,0.0028050888001988346
2020-06-28,0.002802546908965426
2020-06-29,0.002846376183223445
2020-06-30,0.0029486766069389595
2020-07-01,0.0029350762064741767
2020-07-02,0.0030420159937794007
2020-07-03,0.0030394606369809783
2020-07-04,0.003036905280182554
2020-07-05,0.003034349923384128
2020-07-06,0.003173358255400471
2020-07-07,0.0031642150711767305
2020-07-08,0.0032467330019184198
2020-07-09,0.003185056680970584
2020-07-10,0.00316407590686654
2020-07-11,0.003161533478026732
2020-07-12,0.0031589910491869196
2020-07-13,0.0030900545841986626
2020-07-14,0.003428874560734937
2020-07-15,0.003253750270173462
2020-07-16,0.003239221197454254
2020-07-17,0.0032926632700819975
2020-07-18,0.003290030271204186
2020-07-19,0.003287397272326372
2020-07-20,0.003298784788257109
2020-07-21,0.0032828180106961586
2020-07-22,0.0033003524399432506
2020-07-23,0.0031855081326384064
2020-07-24,0.0031975964025578413
2020-07-25,0.0031951747750901356
2020-07-26,0.003192753147622431
2020-07-27,0.003338898240403966
2020-07-28,0.0032117736586499317
2020-07-29,0.0031265138491048195
2020-07-30,0.003121364861201294
2020-07-31,0.0031324115835811473
2020-08-01,0.0031296728853588782
2020-08-02,0.0031269341871366105
2020-08-03,0.0032182397346935624
2020-08-04,0.0033207891609778484
2020-08-05,0.003421753188613869
2020-08-06,0.0034544997174175054
2020-08-07,0.0033310891363649356
2020-08-08,0.003328472690810223
2020-08-09,0.0033258562452555124
2020-08-10,0.0034147508219637855
2020-08-11,0.0033682160270568236
2020-08-12,0.0034880470265605894
2020-08-13,0.0034422515500476467
2020-08-14,0.0033663111102822203
2020-08-15,0.003363728825052297
2020-08-16,0.0033611465398223723
2020-08-17,0.003425689211364186
2020-08-18,0.0033836264301044692
2020-08-19,0.003383302881915675
2020-08-20,0.003346151802822429
2020-08-21,0.0033570030489002284
2020-08-22,0.003354145350407602
2020-08-23,0.003351287651914979
2020-08-24,0.0033916458314994548
2020-08-25,0.0033522418266882835
2020-08-26,0.0035010842123598704
2020-08-27,0.003384576123201309
2020-08-28,0.0034108479138414117
2020-08-29,0.00340816253989569
2020-08-30,0.0034054771659499695
2020-08-31,0.0033421966943510593
2020-09-01,0.0033752777985040843
2020-09-02,0.0034537429993706723
2020-09-03,0.0033416330284067102
2020-09-04,0.0033426481243096053
2020-09-05,0.0033399817130131564
2020-09-06,0.0033373153017167085
2020-09-07,0.00333464889042026
2020-09-08,0.0032709121191647544
2020-09-09,0.003465631128836217
2020-09-10,0.00338363133056707
2020-09-11,0.003366651023382086
2020-09-12,0.0033638969909567085
2020-09-13,0.003361142958531331
2020-09-14,0.003452749399667644
2020-09-15,0.0033132600609276086
2020-09-16,0.003251550477495024
2020-09-17,0.0032718600711302307
2020-09-18,0.0031315989609811924
2020-09-19,0.003128997257706989
2020-09-20,0.003126395554432786
2020-09-21,0.0028740371680322195
2020-09-22,0.002840830532741279
2020-09-23,0.0027561459715282413
2020-09-24,0.002571274367211534
2020-09-25,0.0023165938805142353
2020-09-26,0.0023137845458210534
2020-09-27,0.0023109752111278685
2020-09-28,0.002662860256944783
2020-09-29,0.0027147652536664234
2020-09-30,0.0027654127606588923
2020-10-01,0.002801504790126136
2020-10-02,0.0028089244458224583
2020-10-03,0.0028061494507082493
2020-10-04,0.00280337445559404
2020-10-05,0.002876560749667347
2020-10-06,0.0029195000618738257
2020-10-07,0.002931253785546618
2020-10-08,0.002879940760444846
2020-10-09,0.002813759514906753
2020-10-10,0.0028111969272768458
2020-10-11,0.002808634339646939
2020-10-12,0.002834938670471381
2020-10-13,0.002861924179870544
2020-10-14,0.002999338739922634
2020-10-15,0.0029969569933954035
2020-10-16,0.00313062166170017
2020-10-17,0.0031276358567654218
2020-10-18,0.0031246500518306705
2020-10-19,0.00325933295521697
2020-10-20,0.0036270253429521926
2020-10-21,0.003541896295896749
2020-10-22,0.0036076034966963733
2020-10-23,0.0036009792359252514
2020-10-24,0.0035980452671675526
2020-10-25,0.003595111298409853
2020-10-26,0.0036337046905312908
2020-10-27,0.003551470425551293
2020-10-28,0.003290060597290762
2020-10-29,0.00329362319674497
2020-10-30,0.0033120392787601097
2020-10-31,0.003308784682251841
2020-11-01,0.003305530085743572
2020-11-02,0.0034090778710474156
2020-11-03,0.003910041354252075
2020-11-04,0.0038282535783229683
2020-11-05,0.004041777220400214
2020-11-06,0.004128927629580082
2020-11-07,0.004125722222415478
2020-11-08,0.004122516815250877
2020-11-09,0.004171434491947106
2020-11-10,0.004251152415371965
2020-11-11,0.004232388925244362
2020-11-12,0.004164095850402207
2020-11-13,0.00424799678054593
2020-11-14,0.004245168821406411
2020-11-15,0.004242340862266893
2020-11-16,0.0044825122212902285
2020-11-17,0.0045875389992955425
2020-11-18,0.004463701419244332
2020-11-19,0.00450090855948649
2020-11-20,0.004512273815503189
2020-11-21,0.004509665159373312
2020-11-22,0.004507056503243434
2020-11-23,0.004524342941458957
2020-11-24,0.0044975238253334065
2020-11-25,0.00444385333225733
2020-11-26,0.004441722077043908
2020-11-27,0.0044190731629681875
2020-11-28,0.004416924538432271
2020-11-29,0.004414775913896355
2020-11-30,0.004307891142014122
2020-12-01,0.004413147509600507
2020-12-02,0.004386772658127428
2020-12-03,0.004356047363019201
2020-12-04,0.004313312257438754
2020-12-05,0.004311323762104901
2020-12-06,0.004309335266771047
2020-12-07,0.0043285053111719604
2020-12-08,0.004331884248827047
2020-12-09,0.004327912504552206
2020-12-10,0.004199092211153732
2020-12-11,0.004147092396279906
2020-12-12,0.004145048854587942
2020-12-13,0.004143005312895978
2020-12-14,0.004161584745092679
2020-12-15,0.004229510765824656
2020-12-16,0.004199711924621314
2020-12-17,0.00417177450933289
2020-12-18,0.004179007553512986
2020-12-19,0.0041769513622270365
2020-12-20,0.004174895170941091
2020-12-21,0.004039516498634244
2020-12-22,0.004032988755617653
2020-12-23,0.004102383041251334
2020-12-24,0.004113283514299774
2020-12-25,0.004111345215683845
2020-12-26,0.004109406917067916
2020-12-27,0.004107468618451986
2020-12-28,0.004103616919349476
2020-12-29,0.00412156825573629
2020-12-30,0.004103400041980886
2020-12-31,0.004100207283894893
2021-01-01,0.00409831491325287
2021-01-02,0.0040964225426108475
2021-01-03,0.0040945301719688245
2021-01-04,0.004177367758963777
2021-01-05,0.004241831468343789
2021-01-06,0.004298688615086417
2021-01-07,0.004389670465046295
2021-01-08,0.004331484751432374
2021-01-09,0.0043299623050749225
2021-01-10,0.004328439858717472
2021-01-11,0.00430991825797024
2021-01-12,0.004319807109678792
2021-01-13,0.004261623791003739
2021-01-14,0.004260542888650743
2021-01-15,0.0043201183225343035
2021-01-16,0.004318451950359248
2021-01-17,0.004316785578184192
2021-01-18,0.004315119206009137
2021-01-19,0.004226346844749757
2021-01-20,0.004245455561065426
2021-01-21,0.0042566229448584725
2021-01-22,0.004244519863565317
2021-01-23,0.004242841116032914
2021-01-24,0.0042411623685005085
2021-01-25,0.004121282568224133
2021-01-26,0.004281474868965977
2021-01-27,0.004214678875506738
2021-01-28,0.004362992247121734
2021-01-29,0.004167096573780201
2021-01-30,0.004165155833534364
2021-01-31,0.004163215093288531
2021-02-01,0.004242022431414254
2021-02-02,0.004269189258999075
2021-02-03,0.004252917661581379
2021-02-04,0.004222507676836864
2021-02-05,0.004214003963748024
2021-02-06,0.00421240978456114
2021-02-07,0.004210815605374256
2021-02-08,0.004286619903792589
2021-02-09,0.004289716219854682
2021-02-10,0.0043131524525003235
2021-02-11,0.004293387305949866
2021-02-12,0.004290793396546849
2021-02-13,0.004289311069953157
2021-02-14,0.004287828743359464
2021-02-15,0.004286346416765771
2021-02-16,0.0043580747220412636
2021-02-17,0.004265060402115306
2021-02-18,0.004207402390910495
2021-02-19,0.004207702031082033
2021-02-20,0.004206722288418726
2021-02-21,0.00420574254575542
2021-02-22,0.00425480835207297
2021-02-23,0.00423573035526715
2021-02-24,0.004266295378521925
2021-02-25,0.004255035376601385
2021-02-26,0.004238863604231035
2021-02-27,0.004237695924077172
2021-02-28,0.0042365282439233085
2021-03-01,0.004265256305706544
2021-03-02,0.004292744545224671
2021-03-03,0.004247545426507928
2021-03-04,0.004193799381902542
2021-03-05,0.004225314269334096
2021-03-06,0.004224287476884427
2021-03-07,0.0042232606844347575
2021-03-08,0.004197948492050589
2021-03-09,0.00419735316787801
2021-03-10,0.004168599350332943
2021-03-11,0.0041546846418953455
2021-03-12,0.0041246668577977035
2021-03-13,0.004123919199589263
2021-03-14,0.004123171541380822
2021-03-15,0.004123834661267327
2021-03-16,0.004148358746765849
2021-03-17,0.0041667152118837645
2021-03-18,0.004177081173299121
2021-03-19,0.0042007830780398485
2021-03-20,0.004199986445401303
2021-03-21,0.004199189812762758
2021-03-22,0.004220892306656064
2021-03-23,0.004178866530146086
2021-03-24,0.004192086814343521
2021-03-25,0.004205224302872209
2021-03-26,0.004192420695384418
2021-03-27,0.004191637555567788
2021-03-28,0.004190854415751157
2021-03-29,0.004159433241690935
2021-03-30,0.004132538731940678
2021-03-31,0.0041312262420527745
2021-04-01,0.004159286176412792
2021-04-02,0.0041584935870402386
2021-04-03,0.004157700997667684
2021-04-04,0.0041569084082951294
2021-04-05,0.004180802865125918
2021-04-06,0.004200889941496584
2021-04-07,0.0041962836815077195
2021-04-08,0.00419108412494138
2021-04-09,0.004182572522393656
2021-04-10,0.004181863062842582
2021-04-11,0.004181153603291507
2021-04-12,0.0041718431818814836
2021-04-13,0.00413090912770696
2021-04-14,0.0040874692388701015
2021-04-15,0.004087175873632776
2021-04-16,0.004071010740650143
2021-04-17,0.004070635172704687
2021-04-18,0.004070259604759231
2021-04-19,0.004058232755513236
2021-04-20,0.004064431280335001
2021-04-21,0.004034287205840449
2021-04-22,0.0040297292012000455
2021-04-23,0.004000936485427337
2021-04-24,0.004000580597245233
2021-04-25,0.004000224709063129
2021-04-26,0.00399416732591251
2021-04-27,0.003954287753496642
2021-04-28,0.003970028598680729
2021-04-29,0.00393913416957951
2021-04-30,0.003962774240106982
2021-05-01,0.003962531407803097
2021-05-02,0.00396228857549921
2021-05-03,0.003951408959063482
2021-05-04,0.0039278592164495715
2021-05-05,0.003934086554711572
2021-05-06,0.003922792875689382
2021-05-07,0.0039284325906229645
2021-05-08,0.003928314292989542
2021-05-09,0.0039281959953561185
2021-05-10,0.00391714956089865
2021-05-11,0.0039359101583406175
2021-05-12,0.003932744056557497
2021-05-13,0.003916115356962997
2021-05-14,0.0039037471638939383
2021-05-15,0.0039036735882621377
2021-05-16,0.003903600012630336
2021-05-17,0.003877614944410828
2021-05-18,0.003906717437689418
2021-05-19,0.003926860015955566
2021-05-20,0.0039471685155693164
2021-05-21,0.003947391571817548
2021-05-22,0.003947211871112969
2021-05-23,0.003947032170408391
2021-05-24,0.00394154504092801
2021-05-25,0.003945265766760128
2021-05-26,0.003935837974874732
2021-05-27,0.003935019270867901
2021-05-28,0.0039387692909113115
2021-05-29,0.003938654471299223
2021-05-30,0.003938539651687136
2021-05-31,0.003938424832075048
2021-06-01,0.0039309336776871765
2021-06-02,0.003937637050982024
2021-06-03,0.003945747996372231
2021-06-04,0.003935861483247079
2021-06-05,0.003935765942871042
2021-06-06,0.003935670402495005
2021-06-07,0.0039329132314255225
2021-06-08,0.003941441186180502
2021-06-09,0.003949754334345337
2021-06-10,0.003964324095164564
2021-06-11,0.003953308001677503
2021-06-12,0.003953101751679857
2021-06-13,0.003952895501682212
2021-06-14,0.003965259195878164
2021-06-15,0.003963071721323727
2021-06-16,0.003952869574451779
2021-06-17,0.004007787983365733
2021-06-18,0.004008630434701622
2021-06-19,0.004008063641280056
2021-06-20,0.004007496847858492
2021-06-21,0.003959162597848025
2021-06-22,0.003936911880592313
2021-06-23,0.003926239646679699
2021-06-24,0.0038944183835163543
2021-06-25,0.0038572468491634
2021-06-26,0.003857116857637761
2021-06-27,0.0038569868661121223
2021-06-28,0.003871570895529203
2021-06-29,0.0039026482403615877
2021-06-30,0.0038772758838629675
2021-07-01,0.003878539377211954
2021-07-02,0.0038877398912053676
2021-07-03,0.0038874961188770122
2021-07-04,0.003887252346548657
2021-07-05,0.003887008574220302
2021-07-06,0.0039351276299767046
2021-07-07,0.00393023908933125
2021-07-08,0.003946519303757621
2021-07-09,0.003894205422971298
2021-07-10,0.0038938625759189502
2021-07-11,0.0038935197288666036
2021-07-12,0.0038901774312171955
2021-07-13,0.003927174708048583
2021-07-14,0.003854073351137349
2021-07-15,0.0038485419339715755
2021-07-16,0.0038716991004107562
2021-07-17,0.003871394035902511
2021-07-18,0.003871088971394266
2021-07-19,0.003908419124702451
2021-07-20,0.003874080535610704
2021-07-21,0.0038631757118892484
2021-07-22,0.0038836466157959717
2021-07-23,0.003910281492468012
2021-07-24,0.003909980992871572
2021-07-25,0.003909680493275131
2021-07-26,0.003911642503872575
2021-07-27,0.003907877715174567
2021-07-28,0.003896299557717804
2021-07-29,0.0038831899634917625
2021-07-30,0.003894406546740054
2021-07-31,0.0038942188150164316
2021-08-01,0.0038940310832928098
2021-08-02,0.003899375171720055
2021-08-03,0.0038818612214028946
2021-08-04,0.003893178771392126
2021-08-05,0.0038793540757993935
2021-08-06,0.0038482123346729722
2021-08-07,0.0038482661747564766
2021-08-08,0.0038483200148399805
2021-08-09,0.0038505383158035952
2021-08-10,0.0038333777347700033
2021-08-11,0.0038147086793012056
2021-08-12,0.003808147020783176
2021-08-13,0.0038178063332579802
2021-08-14,0.003817990528904914
2021-08-15,0.003818174724551848
2021-08-16,0.003833351266715934
2021-08-17,0.003846559012399956
2021-08-18,0.00386036939290984
2021-08-19,0.0038732498336040136
2021-08-20,0.0038699816795754113
2021-08-21,0.0038699237196342232
2021-08-22,0.0038698657596930356
2021-08-23,0.003867130740938213
2021-08-24,0.0038526946008983227
2021-08-25,0.003835181065511613
2021-08-26,0.0038420924497170467
2021-08-27,0.003825470607206924
2021-08-28,0.00382561260927955
2021-08-29,0.0038257546113521757
2021-08-30,0.0038557872571026424
2021-08-31,0.00391702119230655
2021-09-01,0.003974397695981216
2021-09-02,0.003947306106240807
2021-09-03,0.003955742585174758
2021-09-04,0.003955384904478873
2021-09-05,0.003955027223782987
2021-09-06,0.0039546695430871005
2021-09-07,0.00395038154992291
2021-09-08,0.003954366166206306
2021-09-09,0.003934655589400584
2021-09-10,0.00393686290092914
2021-09-11,0.003936524454141168
2021-09-12,0.003936186007353196
2021-09-13,0.003908698612412967
2021-09-14,0.0038956605378807517
2021-09-15,0.0038850204774282028
2021-09-16,0.003894204370325705
2021-09-17,0.0038789254202220755
2021-09-18,0.003878787691831285
2021-09-19,0.003878649963440494
2021-09-20,0.0038684061879329765
2021-09-21,0.003861683645509047
2021-09-22,0.003819655190878791
2021-09-23,0.0037951552290736304
2021-09-24,0.003791621567180744
2021-09-25,0.0037916240706521586
2021-09-26,0.003791626574123573
2021-09-27,0.0038067656358528918
2021-09-28,0.003857695316154836
2021-09-29,0.0038248481467086535
2021-09-30,0.003840859441777946
2021-10-01,0.0038186571612789117
2021-10-02,0.0038185789048525262
2021-10-03,0.0038185006484261403
2021-10-04,0.0038190661387739696
2021-10-05,0.003790398280111784
2021-10-06,0.00379287075396512
2021-10-07,0.003799497296402713
2021-10-08,0.0037955120396948915
2021-10-09,0.0037955030626446134
2021-10-10,0.0037954940855943354
2021-10-11,0.003813379836575921
2021-10-12,0.0038308676441019193
2021-10-13,0.003847524426942711
2021-10-14,0.003880092113997193
2021-10-15,0.0038231070832123208
2021-10-16,0.0038231191228770846
2021-10-17,0.003823131162541849
2021-10-18,0.0038040040756813867
2021-10-19,0.0037864010269617115
2021-10-20,0.0037865299615572894
2021-10-21,0.003784163676505038
2021-10-22,0.0037737130150473494
2021-10-23,0.0037739099332878383
2021-10-24,0.003774106851528327
2021-10-25,0.0037723518467628185
2021-10-26,0.003767829318970945
2021-10-27,0.003771985636854076
2021-10-28,0.003757611098200456
2021-10-29,0.003760345846381892
2021-10-30,0.0037605743023713845
2021-10-31,0.0037608027583608773
2021-11-01,0.0037455909223554585
2021-11-02,0.0037457733791706996
2021-11-03,0.0037428573893623306
2021-11-04,0.003762324675638482
2021-11-05,0.0037608773644127675
2021-11-06,0.0037610425343747186
2021-11-07,0.00376120770433667
2021-11-08,0.003759811060235467
2021-11-09,0.003765701947086753
2021-11-10,0.003766496716504897
2021-11-11,0.0037633660488272515
2021-11-12,0.003761027352839523
2021-11-13,0.0037612403912143672
2021-11-14,0.003761453429589212
2021-11-15,0.003762939556638166
2021-11-16,0.003771085034044634
2021-11-17,0.0037723647702126023
2021-11-18,0.003775963214665571
2021-11-19,0.003796609412869572
2021-11-20,0.003796655046039857
2021-11-21,0.0037967006792101418
2021-11-22,0.0037691512347354443
2021-11-23,0.003748129186259508
2021-11-24,0.003746587713146233
2021-11-25,0.003746838027620832
2021-11-26,0.003813680821015006
2021-11-27,0.003813701774645179
2021-11-28,0.0038137227282753513
2021-11-29,0.0037961303164357075
2021-11-30,0.0038279332510090295
2021-12-01,0.0038396926446994627
2021-12-02,0.003809660506466194
2021-12-03,0.003829659977313762
2021-12-04,0.003829612385368404
2021-12-05,0.003829564793423046
2021-12-06,0.0038112182288178413
2021-12-07,0.003786919539869832
2021-12-08,0.0037978811083136683
2021-12-09,0.003795267284702209
2021-12-10,0.003788275977564014
2021-12-11,0.0037884300617953637
2021-12-12,0.003788584146026713
2021-12-13,0.003815824299263188
2021-12-14,0.0038102376304680564
2021-12-15,0.003809865861349658
2021-12-16,0.0037832609880557515
2021-12-17,0.003829779238893223
2021-12-18,0.0038297512035108438
2021-12-19,0.003829723168128465
2021-12-20,0.0038529680843932246
2021-12-21,0.003834069810139387
2021-12-22,0.003830667724655194
2021-12-23,0.003825886337607838
2021-12-24,0.003825885627808662
2021-12-25,0.003825884918009486
2021-12-26,0.00382588420821031
2021-12-27,0.0038197450089258295
2021-12-28,0.003824831132121588
2021-12-29,0.0038241638331738374
2021-12-30,0.0038291048637687777
2021-12-31,0.0038307247984595235
2022-01-01,0.0038306900451608103
2022-01-02,0.003830655291862097
2022-01-03,0.003785499725145078
2022-01-04,0.0037464085464554847
2022-01-05,0.0037609338587572473
2022-01-06,0.0037218643413400162
2022-01-07,0.0037004461831401593
2022-01-08,0.003700937290845098
2022-01-09,0.0037014283985500373
2022-01-10,0.0037086091612935257
2022-01-11,0.0036994686502295013
2022-01-12,0.0036837971037208535
2022-01-13,0.0036838982538758445
2022-01-14,0.0036831494260604887
2022-01-15,0.003683879891530392
2022-01-16,0.003684610357000296
2022-01-17,0.0036853408224702
2022-01-18,0.003706090617233382
2022-01-19,0.0037260275167642
2022-01-20,0.003729129345828529
2022-01-21,0.0037429183069169927
2022-01-22,0.0037433304121076796
2022-01-23,0.003743742517298367
2022-01-24,0.0037763795356753173
2022-01-25,0.0037666134184022263
2022-01-26,0.0037515709527524786
2022-01-27,0.0037776120987163125
2022-01-28,0.00377243704890914
2022-01-29,0.003772901008954786
2022-01-30,0.003773364969000432
2022-01-31,0.003763970997678477
2022-02-01,0.00365535288701282
2022-02-02,0.0036495862083317497
2022-02-03,0.0036547945033818053
2022-02-04,0.0036611367772714405
2022-02-05,0.0036617264152179196
2022-02-06,0.0036623160531643983
2022-02-07,0.0036552664671559514
2022-02-08,0.003633059938475245
2022-02-09,0.003613414534240955
2022-02-10,0.003625497610057731
2022-02-11,0.003661787169216048
2022-02-12,0.0036625162715202063
2022-02-13,0.003663245373824364
2022-02-14,0.003670704698021152
2022-02-15,0.0036643352681862465
2022-02-16,0.0036831784651843763
2022-02-17,0.0036977015859450454
2022-02-18,0.003698158971882754
2022-02-19,0.0036987006499507634
2022-02-20,0.0036992423280187733
2022-02-21,0.003699784006086783
2022-02-22,0.003748752686403896
2022-02-23,0.003771099859794114
2022-02-24,0.0038498336812401632
2022-02-25,0.003783382603359265
2022-02-26,0.0037838323079797767
2022-02-27,0.0037842820126002875
2022-02-28,0.0038338527954177425
2022-03-01,0.003930046032173496
2022-03-02,0.0038756170158541913
2022-03-03,0.003920699335106123
2022-03-04,0.00403554433122917
2022-03-05,0.004035621740868194
2022-03-06,0.004035699150507215
2022-03-07,0.004184093025255934
2022-03-08,0.004188474436411549
2022-03-09,0.004088310863501764
2022-03-10,0.004094782200313083
2022-03-11,0.004115829603688294
2022-03-12,0.00411586358635786
2022-03-13,0.0041158975690274244
2022-03-14,0.004063522378618887
2022-03-15,0.004053857304060763
2022-03-16,0.003991689549531734
2022-03-17,0.003986654727504747
2022-03-18,0.003979170615450867
2022-03-19,0.003979411341062337
2022-03-20,0.003979652066673807
2022-03-21,0.003979855826545061
2022-03-22,0.0039397969473049105
2022-03-23,0.003972778737812447
2022-03-24,0.003965765825013491
2022-03-25,0.003947977379569531
2022-03-26,0.0039482961698268605
2022-03-27,0.00394861496008419
2022-03-28,0.0039597953297771885
2022-03-29,0.00394680106010543
2022-03-30,0.003958905733833213
2022-03-31,0.003968325024875531
2022-04-01,0.003967565263514483
2022-04-02,0.003967559026973872
2022-04-03,0.003967552790433259
2022-04-04,0.003969042320289106
2022-04-05,0.003964835377225917
2022-04-06,0.003964736329433752
2022-04-07,0.003967266778015142
2022-04-08,0.003949382349264259
2022-04-09,0.0039493995727397585
2022-04-10,0.0039494167962152585
2022-04-11,0.003938496769483038
2022-04-12,0.003959480641710195
2022-04-13,0.003956495253205047
2022-04-14,0.0040144965621282305
2022-04-15,0.0040143222978200315
2022-04-16,0.004014148033511835
2022-04-17,0.004013973769203637
2022-04-18,0.00398846431580599
2022-04-19,0.003973785160286588
2022-04-20,0.003952195935908255
2022-04-21,0.003974043532671697
2022-04-22,0.004017993068002073
2022-04-23,0.004017824673410546
2022-04-24,0.00401765627881902
2022-04-25,0.004037991411703169
2022-04-26,0.00406308450529512
2022-04-27,0.004086910704155815
2022-04-28,0.00406537424446545
2022-04-29,0.004102056137075659
2022-04-30,0.004101644591148598
2022-05-01,0.004101233045221538
2022-05-02,0.004102597908084571
2022-05-03,0.004112009657388561
2022-05-04,0.0040765799968024785
2022-05-05,0.004087527501317331
2022-05-06,0.004092826659464716
2022-05-07,0.0040924961880156275
2022-05-08,0.0040921657165665405
2022-05-09,0.004075946311191398
2022-05-10,0.004151018783048835
2022-05-11,0.00415562790352265
2022-05-12,0.00419607545228633
2022-05-13,0.0042137385999311714
2022-05-14,0.004213221068013134
2022-05-15,0.004212703536095098
2022-05-16,0.0042137655766429265
2022-05-17,0.004189606604207959
2022-05-18,0.004231973218406387
2022-05-19,0.0042677655306318
2022-05-20,0.0042911140358350645
2022-05-21,0.004290489729794326
2022-05-22,0.004289865423753589
2022-05-23,0.004272888032351435
2022-05-24,0.004308058745340019
2022-05-25,0.004273402354638848
2022-05-26,0.00425982519464628
2022-05-27,0.00425652747423301
2022-05-28,0.0042562848002799586
2022-05-29,0.004256042126326908
2022-05-30,0.004255799452373857
2022-05-31,0.004254123882723726
2022-06-01,0.004261730792134637
2022-06-02,0.004272736377787523
2022-06-03,0.004268354496736037
2022-06-04,0.00426801642395147
2022-06-05,0.0042676783511669016
2022-06-06,0.004268373984986895
2022-06-07,0.004257570075003623
2022-06-08,0.004233171050032203
2022-06-09,0.0042675659580515965
2022-06-10,0.004344360134027304
2022-06-11,0.00434359271632345
2022-06-12,0.004342825298619594
2022-06-13,0.0042964678670157075
2022-06-14,0.004390884743419477
2022-06-15,0.0043859721525531595
2022-06-16,0.004310330825841471
2022-06-17,0.004267220343951514
2022-06-18,0.004266307596264054
2022-06-19,0.004265394848576596
2022-06-20,0.004264482100889137
2022-06-21,0.004259071916180127
2022-06-22,0.004314928996126754
2022-06-23,0.004310484152644404
2022-06-24,0.0042730850600411156
2022-06-25,0.004272388954581541
2022-06-26,0.004271692849121967
2022-06-27,0.004300714804693532
2022-06-28,0.004268253999156901
2022-06-29,0.004272783125176041
2022-06-30,0.004286029173334849
2022-07-01,0.0042221640457135515
2022-07-02,0.004221395722885766
2022-07-03,0.004220627400057981
2022-07-04,0.004219859077230196
2022-07-05,0.004155086078451974
2022-07-06,0.00416901729560261
2022-07-07,0.0041519363296113115
2022-07-08,0.00417355291336222
2022-07-09,0.004172815798525947
2022-07-10,0.004172078683689673
2022-07-11,0.004168474948090769
2022-07-12,0.004210044448184899
2022-07-13,0.004216480380528619
2022-07-14,0.00417132094603032
2022-07-15,0.00404321713670029
2022-07-16,0.00404258355136959
2022-07-17,0.004041949966038891
2022-07-18,0.004060465727192429
2022-07-19,0.003998585575414167
2022-07-20,0.0039907304993496324
2022-07-21,0.003995667823601474
2022-07-22,0.003991044354254462
2022-07-23,0.003990595285210323
2022-07-24,0.003990146216166182
2022-07-25,0.003991537103545522
2022-07-26,0.0038720037600508965
2022-07-27,0.003844802281640739
2022-07-28,0.003913560350531427
2022-07-29,0.003908963733599826
2022-07-30,0.003908588152971492
2022-07-31,0.0039082125723431576
2022-08-01,0.003921228159533331
2022-08-02,0.003947211757234708
2022-08-03,0.003893096763415151
2022-08-04,0.0039938695358508886
2022-08-05,0.003910652983531495
2022-08-06,0.003910267329192704
2022-08-07,0.003909881674853913
2022-08-08,0.003967521967887719
2022-08-09,0.0039379648484635914
2022-08-10,0.003916550426237715
2022-08-11,0.003876993289297271
2022-08-12,0.003854489216004639
2022-08-13,0.0038542859654017176
2022-08-14,0.0038540827147987965
2022-08-15,0.0038547453357967356
2022-08-16,0.0038402116123043123
2022-08-17,0.0038260660451006658
2022-08-18,0.0038278410673886704
2022-08-19,0.003847487726411578
2022-08-20,0.003847250228920751
2022-08-21,0.003847012731429922
2022-08-22,0.003883545820291642
2022-08-23,0.0038860105786323366
2022-08-24,0.0038587968322998244
2022-08-25,0.003825918433738729
2022-08-26,0.003898409965539551
2022-08-27,0.003898057171276064
2022-08-28,0.0038977043770125766
2022-08-29,0.003924013362915353
2022-08-30,0.003907675420875682
2022-08-31,0.003930170849797244
2022-09-01,0.0038957488286464805
2022-09-02,0.003929405005604525
2022-09-03,0.003928998618496753
2022-09-04,0.0039285922313889825
2022-09-05,0.00392818584428121
2022-09-06,0.003975350386920201
2022-09-07,0.003908958944763093
2022-09-08,0.0038379089522422504
2022-09-09,0.0038551688439633558
2022-09-10,0.003854923393682814
2022-09-11,0.003854677943402272
2022-09-12,0.0038588170825915565
2022-09-13,0.003987526499736791
2022-09-14,0.003970577747637049
2022-09-15,0.003930072235874221
2022-09-16,0.003913992934198067
2022-09-17,0.003913619866453411
2022-09-18,0.003913246798708754
2022-09-19,0.003889272039519315
2022-09-20,0.0039273316770731025
2022-09-21,0.003987633202880008
2022-09-22,0.0040034316188191565
2022-09-23,0.004027216224469867
2022-09-24,0.004026527157846053
2022-09-25,0.004025838091222239
2022-09-26,0.004023010361184396
2022-09-27,0.0040187477184775635
2022-09-28,0.004000457380758247
2022-09-29,0.003981051733519483
2022-09-30,0.003986106835155087
2022-10-01,0.00398540776660519
2022-10-02,0.003984708698055292
2022-10-03,0.003885002881663727
2022-10-04,0.003814039000947851
2022-10-05,0.0037964906656428586
2022-10-06,0.0038338508049869857
2022-10-07,0.0038656328960389903
2022-10-08,0.003865090524666957
2022-10-09,0.003864548153294924
2022-10-10,0.0038680047313699485
2022-10-11,0.003963121375984123
2022-10-12,0.003906989530877383
2022-10-13,0.0037949930383886312
2022-10-14,0.0036646444505924417
2022-10-15,0.003664250069512377
2022-10-16,0.003663855688432312
2022-10-17,0.003621223753860879
2022-10-18,0.0035825564072301305
2022-10-19,0.0036624984840056985
2022-10-20,0.0036575874881631092
2022-10-21,0.003564519843751886
2022-10-22,0.0035642650394293756
2022-10-23,0.0035640102351068652
2022-10-24,0.003547358699044501
2022-10-25,0.0036033799653877392
2022-10-26,0.0035677859641421194
2022-10-27,0.003560311491322971
2022-10-28,0.003520159029039092
2022-10-29,0.003520015752675849
2022-10-30,0.0035198724763126073
2022-10-31,0.0035330467768480084
2022-11-01,0.0034671324882656687
2022-11-02,0.003464757709610517
2022-11-03,0.003564643507117786
2022-11-04,0.0035111780301632853
2022-11-05,0.003511063693263768
2022-11-06,0.003510949356364251
2022-11-07,0.003492513712143942
2022-11-08,0.003485766787378925
2022-11-09,0.0035599529102907815
2022-11-10,0.0034790632727418505
2022-11-11,0.003515116152031708
2022-11-12,0.0035150293584174444
2022-11-13,0.003514942564803181
2022-11-14,0.0035333845406975086
2022-11-15,0.00354442189477089
2022-11-16,0.003560834484779279
2022-11-17,0.0035679475639908394
2022-11-18,0.003547792940765423
2022-11-19,0.0035476182521543254
2022-11-20,0.003547443563543228
2022-11-21,0.0035337957217069214
2022-11-22,0.003523119255936428
2022-11-23,0.003516838128182357
2022-11-24,0.0035167346172261973
2022-11-25,0.0035143399574653587
2022-11-26,0.003514244427517505
2022-11-27,0.003514148897569652
2022-11-28,0.0035212394162567598
2022-11-29,0.003500186276678319
2022-11-30,0.003487767605875067
2022-12-01,0.0035319457995670288
2022-12-02,0.00356867965847823
2022-12-03,0.0035684513031249867
2022-12-04,0.0035682229477717437
2022-12-05,0.003666158674217588
2022-12-06,0.0036638582235796603
2022-12-07,0.0037036634992116775
2022-12-08,0.003693345979569717
2022-12-09,0.003700974824702143
2022-12-10,0.0037004247813477234
2022-12-11,0.003699874737993304
2022-12-12,0.003683591616648088
2022-12-13,0.00373462099716982
2022-12-14,0.0037243844000704497
2022-12-15,0.0037167444857767085
2022-12-16,0.003708313924826589
2022-12-17,0.003707642503265779
2022-12-18,0.0037069710817049695
2022-12-19,0.00368288935505838
2022-12-20,0.003744877417082504
2022-12-21,0.00378906958943634
2022-12-22,0.0037958098124744586
2022-12-23,0.0038054799696997537
2022-12-24,0.003804770007655181
2022-12-25,0.0038040600456106083
2022-12-26,0.0038033500835660348
2022-12-27,0.003801944498303513
2022-12-28,0.003787067472709426
2022-12-29,0.0038031513954533604
2022-12-30,0.003791258565239811
2022-12-31,0.0037905792066615864
2023-01-01,0.003789899848083361
2023-01-02,0.003789220489505135
2023-01-03,0.0037945156330637772
2023-01-04,0.003824443736684422
2023-01-05,0.0038210293282195367
2023-01-06,0.0038343898274598083
2023-01-07,0.003833838237339692
2023-01-08,0.003833286647219576
2023-01-09,0.0038524891085033714
2023-01-10,0.0038727241394694075
2023-01-11,0.003876661875857813
2023-01-12,0.003891010608741051
2023-01-13,0.0038714882879948855
2023-01-14,0.003871057725653045
2023-01-15,0.003870627163311204
2023-01-16,0.003870196600969364
2023-01-17,0.003895443685083593
2023-01-18,0.003910594107715861
2023-01-19,0.0038978370875125713
2023-01-20,0.0038914556057524736
2023-01-21,0.0038909898745263637
2023-01-22,0.003890524143300253
2023-01-23,0.0038780861893001482
2023-01-24,0.003884983838901778
2023-01-25,0.0038785553348521296
2023-01-26,0.0038855657959543104
2023-01-27,0.0038735650495222177
2023-01-28,0.003873299489677706
2023-01-29,0.0038730339298331936
2023-01-30,0.003865310485732461
2023-01-31,0.003862770541104802
2023-02-01,0.003863217316936675
2023-02-02,0.003863793861061907
2023-02-03,0.0038604786222975938
2023-02-04,0.0038603392772055037
2023-02-05,0.0038601999321134137
2023-02-06,0.003853812748622943
2023-02-07,0.003852770207344201
2023-02-08,0.0038507424253081076
2023-02-09,0.003858463927440941
2023-02-10,0.003857111983225078
2023-02-11,0.003856968456955236
2023-02-12,0.0038568249306853947
2023-02-13,0.0038550131796888255
2023-02-14,0.003854608700530393
2023-02-15,0.003857656080546301
2023-02-16,0.003860709397701289
2023-02-17,0.0038584864390241685
2023-02-18,0.0038583352258933297
2023-02-19,0.003858184012762491
2023-02-20,0.0038580327996316525
2023-02-21,0.0038643967589115126
2023-02-22,0.003858641669888243
2023-02-23,0.0038609212359231983
2023-02-24,0.0038489558157046013
2023-02-25,0.003848735918926793
2023-02-26,0.0038485160221489838
2023-02-27,0.0038550536951418974
2023-02-28,0.00385629073057693
2023-03-01,0.003852517286947162
2023-03-02,0.0038596607542940565
2023-03-03,0.0038682154993473217
2023-03-04,0.0038680045334590785
2023-03-05,0.0038677935675708367
2023-03-06,0.0038703800805840716
2023-03-07,0.003870572387904061
2023-03-08,0.0038703342324987824
2023-03-09,0.0038897861221095335
2023-03-10,0.003827905223621973
2023-03-11,0.0038272022850133858
2023-03-12,0.0038264993464048
2023-03-13,0.0038283597773705494
2023-03-14,0.003831316711133163
2023-03-15,0.003737017206271539
2023-03-16,0.0037822142899915315
2023-03-17,0.0037192039994040907
2023-03-18,0.0037181594650293665
2023-03-19,0.0037171149306546433
2023-03-20,0.0038273563787137666
2023-03-21,0.004101200925056535
2023-03-22,0.004049634072904313
2023-03-23,0.003881798088990898
2023-03-24,0.003871096509860371
2023-03-25,0.0038698635238197036
2023-03-26,0.0038686305377790384
2023-03-27,0.003867776416473391
2023-03-28,0.0038613493103968276
2023-03-29,0.003947056545658169
2023-03-30,0.004025942042181621
2023-03-31,0.004142549003973243
2023-04-01,0.004141405120186691
2023-04-02,0.00414026123640014
2023-04-03,0.004040794287293603
2023-04-04,0.004110387590952898
2023-04-05,0.00407541613216007
2023-04-06,0.004038294156328943
2023-04-07,0.004037218000773861
2023-04-08,0.0040361418452187795
2023-04-09,0.004035065689663698
2023-04-10,0.004002994001539476
2023-04-11,0.004078112397421769
2023-04-12,0.004054946855053235
2023-04-13,0.004084138587069694
2023-04-14,0.004113797429713537
2023-04-15,0.004112889970364709
2023-04-16,0.004111982511015882
2023-04-17,0.0039934161532931235
2023-04-18,0.003971683960658859
2023-04-19,0.0039451784237823
2023-04-20,0.0039234304201301315
2023-04-21,0.0039314992281189575
2023-04-22,0.003930785001561772
2023-04-23,0.003930070775004587
2023-04-24,0.0039473311451727455
2023-04-25,0.003886546694921557
2023-04-26,0.003975280623230498
2023-04-27,0.004007658779041989
2023-04-28,0.003996418164761526
2023-04-29,0.003995550521730738
2023-04-30,0.00399468287869995
2023-05-01,0.003944832910468182
2023-05-02,0.003995034264185373
2023-05-03,0.003929160270023632
2023-05-04,0.003979322358895282
2023-05-05,0.004028771800976404
2023-05-06,0.004027718464866142
2023-05-07,0.004026665128755879
2023-05-08,0.003995583385416434
2023-05-09,0.003978439223884117
2023-05-10,0.003961889314890559
2023-05-11,0.003929895046153163
2023-05-12,0.003972581935373494
2023-05-13,0.0039714889412813415
2023-05-14,0.003970395947189189
2023-05-15,0.003929404806067157
2023-05-16,0.003911093341543267
2023-05-17,0.003854311424839462
2023-05-18,0.003881229277990926
2023-05-19,0.0039346700358202326
2023-05-20,0.003933834631694947
2023-05-21,0.00393299922756966
2023-05-22,0.00390305482523627
2023-05-23,0.003860810435986323
2023-05-24,0.0038556204092277295
2023-05-25,0.003846165391496811
2023-05-26,0.00385515562755342
2023-05-27,0.003854448235001109
2023-05-28,0.0038537408424487983
2023-05-29,0.0038530334498964878
2023-05-30,0.0038260608376993236
2023-05-31,0.0038270438710045823
2023-06-01,0.003884905097982186
2023-06-02,0.0038754027851062908
2023-06-03,0.0038746942504741767
2023-06-04,0.003873985715842062
2023-06-05,0.003911827850092029
2023-06-06,0.003906845425249487
2023-06-07,0.0038697029012552337
2023-06-08,0.00385612307374703
2023-06-09,0.0038603009055308305
2023-06-10,0.0038596778730699975
2023-06-11,0.0038590548406091654
2023-06-12,0.003879502752377791
2023-06-13,0.003844824531152165
2023-06-14,0.0038837951850826677
2023-06-15,0.003866521685307041
2023-06-16,0.0038721328162841097
2023-06-17,0.0038715108710674325
2023-06-18,0.0038708889258507557
2023-06-19,0.0038702669806340785
2023-06-20,0.0038540634805271493
2023-06-21,0.003860452838624436
2023-06-22,0.003872569281598807
2023-06-23,0.0038792401044781613
2023-06-24,0.0038784708794832386
2023-06-25,0.0038777016544883163
2023-06-26,0.0038563635851552257
2023-06-27,0.003873188497589617
2023-06-28,0.0038814300258723858
2023-06-29,0.0038109364232250223
2023-06-30,0.0038212802986908674
2023-07-01,0.0038207101733772216
2023-07-02,0.0038201400480635753
2023-07-03,0.0038051151079529213
2023-07-04,0.0038046115327631655
2023-07-05,0.0037601552659870053
2023-07-06,0.003751525414575218
2023-07-07,0.003793647611431489
2023-07-08,0.003793093805449984
2023-07-09,0.003792539999468479
2023-07-10,0.003791986193486974
