Date,UBS - NWG Accumulated Oriented Area
2019-01-01,0.0
2019-01-02,0.0
2019-01-03,5.3496903499678776e-08
2019-01-04,1.5096233256390378e-09
2019-01-05,8.808131022137991e-08
2019-01-06,1.7465299711729528e-07
2019-01-07,1.9126380721730448e-07
2019-01-08,2.451195690051767e-06
2019-01-09,3.7206813031462913e-07
2019-01-10,-1.4315434038536413e-06
2019-01-11,4.31117232459546e-06
2019-01-12,4.52921511425302e-06
2019-01-13,4.747257903910199e-06
2019-01-14,1.230730137708668e-05
2019-01-15,1.0673492955379724e-05
2019-01-16,-3.828045212255121e-06
2019-01-17,1.8034506499781627e-05
2019-01-18,2.575580776641673e-05
2019-01-19,2.6256903697968038e-05
2019-01-20,2.6757999629519295e-05
2019-01-21,2.725909556107034e-05
2019-01-22,8.785989342938249e-05
2019-01-23,7.843602830473554e-05
2019-01-24,8.017035778325632e-05
2019-01-25,8.22056591072355e-05
2019-01-26,8.27904275295533e-05
2019-01-27,8.337519595187103e-05
2019-01-28,8.729456260312183e-05
2019-01-29,8.651161234069196e-05
2019-01-30,7.317047236933437e-05
2019-01-31,0.00010062237796607681
2019-02-01,0.00011151217364308733
2019-02-02,0.000112079512720144
2019-02-03,0.00011264685179720066
2019-02-04,0.00011855956391597982
2019-02-05,9.680468658045149e-05
2019-02-06,0.00010274558121502354
2019-02-07,0.00012330525824329517
2019-02-08,0.00013251664047541977
2019-02-09,0.0001330064841308567
2019-02-10,0.00013349632778629362
2019-02-11,0.00013389839821974705
2019-02-12,0.00012271256470190294
2019-02-13,0.00011474670753450635
2019-02-14,0.0001373528649123873
2019-02-15,0.00010963255199218931
2019-02-16,0.00011022745413173054
2019-02-17,0.00011082235627127252
2019-02-18,0.00011141725841081439
2019-02-19,0.00012059738362368059
2019-02-20,0.00019262103693350066
2019-02-21,0.00021765333686882916
2019-02-22,0.00021692164686913808
2019-02-23,0.00021772009907551726
2019-02-24,0.00021851855128189655
2019-02-25,0.0001949511689677559
2019-02-26,0.00016595772948150834
2019-02-27,0.00015663249357796789
2019-02-28,0.00015339271093864636
2019-03-01,0.00014857089957673696
2019-03-02,0.0001494928327314074
2019-03-03,0.0001504147658860779
2019-03-04,0.00016500580085574196
2019-03-05,0.0001953517028174176
2019-03-06,0.0002191737289480725
2019-03-07,0.0002870272111360506
2019-03-08,0.0003099577397252689
2019-03-09,0.00031084399941637745
2019-03-10,0.0003117302591074859
2019-03-11,0.0002791626583214446
2019-03-12,0.00027378631827129293
2019-03-13,0.0002352196343223408
2019-03-14,0.0002246631143269379
2019-03-15,0.0002295237510452814
2019-03-16,0.00023062024806125037
2019-03-17,0.0002317167450772193
2019-03-18,0.00017371045259618006
2019-03-19,0.00016284291266203257
2019-03-20,0.00022280460331397606
2019-03-21,0.0002695869844879311
2019-03-22,0.00032197376346732373
2019-03-23,0.0003227610526868726
2019-03-24,0.0003235483419064214
2019-03-25,0.00032728670905734315
2019-03-26,0.0003154080902207551
2019-03-27,0.0002868221289985124
2019-03-28,0.0003128799920801982
2019-03-29,0.0003045889811972105
2019-03-30,0.0003052958874509301
2019-03-31,0.00030600279370464903
2019-04-01,0.0002575695522325534
2019-04-02,0.00025551771771347575
2019-04-03,0.00022979572097982072
2019-04-04,0.00022352337009879094
2019-04-05,0.00023376346322290958
2019-04-06,0.00023450214268177995
2019-04-07,0.00023524082214065054
2019-04-08,0.00023739032801424438
2019-04-09,0.0002384327885285156
2019-04-10,0.0002447639496692279
2019-04-11,0.00020230489833396933
2019-04-12,0.0001793439293826731
2019-04-13,0.00018021133889998346
2019-04-14,0.00018107874841729379
2019-04-15,0.0001693829223329485
2019-04-16,0.0001362929542841261
2019-04-17,0.00010209559921665797
2019-04-18,0.00011145419496467703
2019-04-19,0.0001122550198608566
2019-04-20,0.00011305584475703625
2019-04-21,0.00011385666965321583
2019-04-22,0.0001148227360559459
2019-04-23,0.000141507878944632
2019-04-24,0.0001305313655371386
2019-04-25,0.00011244806528811925
2019-04-26,0.00011043083365974676
2019-04-27,0.0001109104390324745
2019-04-28,0.00011139004440520221
2019-04-29,8.945059024596412e-05
2019-04-30,9.95826521330075e-05
2019-05-01,0.00011224386739608102
2019-05-02,0.00010399246636092537
2019-05-03,0.00011089252640129286
2019-05-04,0.0001113740510107341
2019-05-05,0.00011185557562017584
2019-05-06,0.00018562203907748588
2019-05-07,0.00022214984094514175
2019-05-08,0.00021855294005244347
2019-05-09,0.00023603038078480397
2019-05-10,0.00023301656159270296
2019-05-11,0.0002335184460416177
2019-05-12,0.00023402033049053247
2019-05-13,0.00029976301759777603
2019-05-14,0.00027840187890660776
2019-05-15,0.0002874813341366897
2019-05-16,0.0002695941873073173
2019-05-17,0.00029805772678278755
2019-05-18,0.0002983722319676838
2019-05-19,0.0002986867371525803
2019-05-20,0.00032027100042911915
2019-05-21,0.00030616445943855083
2019-05-22,0.0003504340750722717
2019-05-23,0.00034397164579801553
2019-05-24,0.00033805038700211916
2019-05-25,0.0003382147669555942
2019-05-26,0.00033837914690906915
2019-05-27,0.00033854352686254433
2019-05-28,0.00035673162223952395
2019-05-29,0.00035640032033297926
2019-05-30,0.00035836246572610057
2019-05-31,0.0003742111774557255
2019-06-01,0.0003743137727834939
2019-06-02,0.0003744163681112623
2019-06-03,0.00037828919231123776
2019-06-04,0.0003301704841439652
2019-06-05,0.0003591228388565952
2019-06-06,0.0003640548509414417
2019-06-07,0.00036016937314687074
2019-06-08,0.0003602769402686207
2019-06-09,0.00036038450739037066
2019-06-10,0.0003547132202255561
2019-06-11,0.00035118718416660496
2019-06-12,0.00037264299768989214
2019-06-13,0.00036212618289467585
2019-06-14,0.0003839586250458704
2019-06-15,0.00038401195592337807
2019-06-16,0.0003840652868008855
2019-06-17,0.00036850073861002667
2019-06-18,0.0003680306645522007
2019-06-19,0.0003331784783005738
2019-06-20,0.00033567047111712566
2019-06-21,0.0003519170099328065
2019-06-22,0.00035205777706390716
2019-06-23,0.00035219854419500787
2019-06-24,0.00035771391960579576
2019-06-25,0.00035652819484996147
2019-06-26,0.00033713014071137516
2019-06-27,0.0003305749982108723
2019-06-28,0.00032405116930589234
2019-06-29,0.00032425021076900847
2019-06-30,0.0003244492522321243
2019-07-01,0.00031554044054668784
2019-07-02,0.00032194590251641037
2019-07-03,0.00031334929805290526
2019-07-04,0.000313566081428599
2019-07-05,0.00030405182448951145
2019-07-06,0.0003042783304238527
2019-07-07,0.000304504836358194
2019-07-08,0.0003131309797267927
2019-07-09,0.0003038120934799279
2019-07-10,0.0003014519207978991
2019-07-11,0.0002890824167872608
2019-07-12,0.0002824276072571375
2019-07-13,0.00028271196693428226
2019-07-14,0.00028299632661142707
2019-07-15,0.00029403643326567677
2019-07-16,0.0003026310149873005
2019-07-17,0.0003059484024021706
2019-07-18,0.0002825964670259437
2019-07-19,0.0003048379186928148
2019-07-20,0.00030509769665244704
2019-07-21,0.00030535747461207937
2019-07-22,0.00030104198802057886
2019-07-23,0.0002999654032425204
2019-07-24,0.00030266892213457066
2019-07-25,0.0003302467812140778
2019-07-26,0.0003372737680556955
2019-07-27,0.00033755692536657507
2019-07-28,0.0003378400826774547
2019-07-29,0.0003507381297630014
2019-07-30,0.0004221463466563196
2019-07-31,0.0004475567910548281
2019-08-01,0.0004734411046451119
2019-08-02,0.0005915587220805596
2019-08-03,0.0005913803258258464
2019-08-04,0.0005912019295711333
2019-08-05,0.0006277688681039051
2019-08-06,0.0005911260909572745
2019-08-07,0.0005486029122449481
2019-08-08,0.0005365878307955799
2019-08-09,0.0005554217470968679
2019-08-10,0.0005552816709562844
2019-08-11,0.0005551415948157003
2019-08-12,0.0005975008909116739
2019-08-13,0.0005755605777698427
2019-08-14,0.0005638150117381628
2019-08-15,0.0008800045892317841
2019-08-16,0.000873811244608746
2019-08-17,0.0008732407717013567
2019-08-18,0.0008726702987939682
2019-08-19,0.0008478157103533922
2019-08-20,0.0008439022732211585
2019-08-21,0.0008812589582814239
2019-08-22,0.0008693726813826711
2019-08-23,0.0008766413946181631
2019-08-24,0.0008760776813861892
2019-08-25,0.0008755139681542153
2019-08-26,0.0008939355808444645
2019-08-27,0.0008339470375875863
2019-08-28,0.0008880204250612375
2019-08-29,0.0008915149006415594
2019-08-30,0.000866330632625804
2019-08-31,0.0008658029993096354
2019-09-01,0.0008652753659934658
2019-09-02,0.0008647477326772961
2019-09-03,0.0008791071165397324
2019-09-04,0.0008734150478250411
2019-09-05,0.000811810894236518
2019-09-06,0.0008498407555443856
2019-09-07,0.0008493786161508503
2019-09-08,0.000848916476757315
2019-09-09,0.0008255346230837188
2019-09-10,0.0008166909654677839
2019-09-11,0.000816452773201087
2019-09-12,0.0008173263059313431
2019-09-13,0.0007408843749829308
2019-09-14,0.0007407680761585303
2019-09-15,0.0007406517773341293
2019-09-16,0.0007483373218196096
2019-09-17,0.0007499303363289946
2019-09-18,0.0007422676758485989
2019-09-19,0.0007196546081707255
2019-09-20,0.0006857257073518501
2019-09-21,0.0006857026332894385
2019-09-22,0.0006856795592270265
2019-09-23,0.0007084921382946662
2019-09-24,0.0007380008994092641
2019-09-25,0.0007715011115955385
2019-09-26,0.0007563753977694431
2019-09-27,0.0007382706277888624
2019-09-28,0.0007381439236252587
2019-09-29,0.0007380172194616553
2019-09-30,0.0007531684877360524
2019-10-01,0.0007938168773094177
2019-10-02,0.0008184865922714916
2019-10-03,0.0007907140108006389
2019-10-04,0.0007785336409591966
2019-10-05,0.0007782633527396361
2019-10-06,0.0007779930645200755
2019-10-07,0.0007809674349556603
2019-10-08,0.0008624441805816501
2019-10-09,0.0008541990820957529
2019-10-10,0.0007409097776249927
2019-10-11,0.0004855609711588733
2019-10-12,0.0004857542591745822
2019-10-13,0.00048594754719029126
2019-10-14,0.0005269239514224409
2019-10-15,0.0003849091075575765
2019-10-16,0.0003559882924481928
2019-10-17,0.00033552407071118357
2019-10-18,0.0002604731011826231
2019-10-19,0.00026103013385539713
2019-10-20,0.0002615871665281712
2019-10-21,0.00021012579460813404
2019-10-22,0.0002454372024294898
2019-10-23,0.00026416570052911607
2019-10-24,0.00034200868568996003
2019-10-25,0.0003478550628035042
2019-10-26,0.00034814519391963193
2019-10-27,0.0003484353250357596
2019-10-28,0.0003629884201582496
2019-10-29,0.00038932097821532387
2019-10-30,0.00041678759542446647
2019-10-31,0.0004148108367190743
2019-11-01,0.0003945945033426908
2019-11-02,0.0003947460849114242
2019-11-03,0.0003948976664801573
2019-11-04,0.0004016357342433251
2019-11-05,0.0004048898860311802
2019-11-06,0.0004170044178555155
2019-11-07,0.00042584970916136674
2019-11-08,0.00043833359626951353
2019-11-09,0.0004383280130351413
2019-11-10,0.0004383224298007694
2019-11-11,0.0003761596245624544
2019-11-12,0.0003831744709025752
2019-11-13,0.0003869488652968729
2019-11-14,0.00037895261784585136
2019-11-15,0.0003605744198893086
2019-11-16,0.00036080637138506043
2019-11-17,0.0003610383228808123
2019-11-18,0.0003508046610334383
2019-11-19,0.0003621739789677667
2019-11-20,0.00037644154144814346
2019-11-21,0.0003825406440445275
2019-11-22,0.0003608773520222989
2019-11-23,0.0003611148908554982
2019-11-24,0.0003613524296886975
2019-11-25,0.0003243265029249569
2019-11-26,0.0003283187694902367
2019-11-27,0.0003193980547510583
2019-11-28,0.00031974376125338015
2019-11-29,0.0003513617315636279
2019-11-30,0.00035164748928502197
2019-12-01,0.00035193324700641605
2019-12-02,0.00038684794768688557
2019-12-03,0.0003919553421753868
2019-12-04,0.0003542154434891758
2019-12-05,0.0003236263351228723
2019-12-06,0.0003053022114370813
2019-12-07,0.00030569402675140466
2019-12-08,0.000306085842065728
2019-12-09,0.000286496151596577
2019-12-10,0.0002959268909366699
2019-12-11,0.0003065750424012412
2019-12-12,0.00025610506386318814
2019-12-13,8.468106860074073e-05
2019-12-14,8.55394177477544e-05
2019-12-15,8.639776689476768e-05
2019-12-16,2.9452661802827453e-05
2019-12-17,7.788058480554552e-05
2019-12-18,0.00012281646096204003
2019-12-19,0.0001337839438804541
2019-12-20,0.0001760556402718802
2019-12-21,0.0001765965431394247
2019-12-22,0.0001771374460069695
2019-12-23,0.00017501782612431693
2019-12-24,0.00016448404857325152
2019-12-25,0.00016505241377845763
2019-12-26,0.0001542167584998464
2019-12-27,0.0001601487068440912
2019-12-28,0.0001607080722618182
2019-12-29,0.00016126743767954477
2019-12-30,0.00015384030104149564
2019-12-31,0.00013698233422854654
2020-01-01,0.00013758768445060632
2020-01-02,9.993148728177219e-05
2020-01-03,0.0001652837910038549
2020-01-04,0.00016574534385536575
2020-01-05,0.00016620689670687663
2020-01-06,0.0001432230184324652
2020-01-07,0.00013433270855286916
2020-01-08,0.00012050789524593273
2020-01-09,0.0001271438386309612
2020-01-10,0.00015797071247013409
2020-01-11,0.0001583523595407308
2020-01-12,0.00015873400661132748
2020-01-13,0.00016553191498709844
2020-01-14,0.00018865490146129804
2020-01-15,0.00020550860824656536
2020-01-16,0.00020498895495956555
2020-01-17,0.0002021481603511206
2020-01-18,0.00020233741703194925
2020-01-19,0.00020252667371277797
2020-01-20,0.00020271593039360646
2020-01-21,0.00021333633324356507
2020-01-22,0.00020965110043388437
2020-01-23,0.0002254506146953486
2020-01-24,0.00022043900412935068
2020-01-25,0.00022063479045602235
2020-01-26,0.0002208305767826938
2020-01-27,0.0002457412318586794
2020-01-28,0.0002541459607874791
2020-01-29,0.00024438375979240616
2020-01-30,0.0002022900750388284
2020-01-31,0.0002459652407490612
2020-02-01,0.0002461314717826084
2020-02-02,0.0002462977028161559
2020-02-03,0.00027871438417754985
2020-02-04,0.0002312135198919747
2020-02-05,0.00023066303744088452
2020-02-06,0.00022182479769296178
2020-02-07,0.0002448143925636721
2020-02-08,0.0002449232121230371
2020-02-09,0.0002450320316824022
2020-02-10,0.00024666078167188895
2020-02-11,0.00024001724810388436
2020-02-12,0.00021365401964448317
2020-02-13,0.00021105778567600354
2020-02-14,0.00030194512081739875
2020-02-15,0.00030186155307286675
2020-02-16,0.00030177798532833475
2020-02-17,0.000301694417583803
2020-02-18,0.00032410829662161955
2020-02-19,0.0003397391602360782
2020-02-20,0.0003372963386067471
2020-02-21,0.00032964848053603673
2020-02-22,0.0003294465592091968
2020-02-23,0.0003292446378823568
2020-02-24,0.0003261157658852247
2020-02-25,0.00031782506552523627
2020-02-26,0.0003437144013477734
2020-02-27,0.00037720640625910583
2020-02-28,0.0003503331019294236
2020-02-29,0.00034983876442782854
2020-03-01,0.0003493444269262334
2020-03-02,0.00046754727091661424
2020-03-03,0.000501823383561334
2020-03-04,0.0005112120246885543
2020-03-05,0.0005773591864096325
2020-03-06,0.0005726590134387268
2020-03-07,0.000571722506844487
2020-03-08,0.0005707860002502469
2020-03-09,0.0005612540562778499
2020-03-10,0.0006949249721452928
2020-03-11,0.0006998148266714287
2020-03-12,0.00040149774957612926
2020-03-13,0.0005909358093710315
2020-03-14,0.0005895750523416651
2020-03-15,0.0005882142953122976
2020-03-16,0.00036896477526805705
2020-03-17,0.00037120621286452983
2020-03-18,0.0009752090846334271
2020-03-19,0.0015154221867219576
2020-03-20,0.0017156786347533896
2020-03-21,0.0017132597032523322
2020-03-22,0.001710840771751279
2020-03-23,0.0013237692622441188
2020-03-24,0.0019374503968984655
2020-03-25,0.001421399322979987
2020-03-26,0.0018087640283591837
2020-03-27,0.0018106779862008134
2020-03-28,0.001808663965702451
2020-03-29,0.0018066499452040875
2020-03-30,0.0019988519722548407
2020-03-31,0.0021084402236878834
2020-04-01,0.0020568828070902257
2020-04-02,0.00212524833763312
2020-04-03,0.002217931755236601
2020-04-04,0.002215291559391304
2020-04-05,0.0022126513635460075
2020-04-06,0.0025310373492631833
2020-04-07,0.0022893568061361624
2020-04-08,0.002161468369916751
2020-04-09,0.002190207470401658
2020-04-10,0.0021882488494469115
2020-04-11,0.002186290228492165
2020-04-12,0.0021843316075374174
2020-04-13,0.002067874826333634
2020-04-14,0.002312751308618012
2020-04-15,0.0023880297028022438
2020-04-16,0.0022594467383743656
2020-04-17,0.002385266941441448
2020-04-18,0.0023829101852445886
2020-04-19,0.002380553429047731
2020-04-20,0.0025504794623796775
2020-04-21,0.0023331916142231386
2020-04-22,0.0022939852388049837
2020-04-23,0.002285427442888542
2020-04-24,0.0023147186307152998
2020-04-25,0.0023122653759060203
2020-04-26,0.002309812121096739
2020-04-27,0.0024717274291796046
2020-04-28,0.0026233095326556755
2020-04-29,0.0028760391969656577
2020-04-30,0.0029643854201656704
2020-05-01,0.0025894941657765434
2020-05-02,0.0025872940520525268
2020-05-03,0.00258509393832851
2020-05-04,0.002572226002279353
2020-05-05,0.0022015326566383886
2020-05-06,0.002349338978049925
2020-05-07,0.0022517952577045214
2020-05-08,0.0022902332336709567
2020-05-09,0.0022880536068133482
2020-05-10,0.0022858739799557397
2020-05-11,0.0023194260294375924
2020-05-12,0.0022904605701836735
2020-05-13,0.0023393583595681514
2020-05-14,0.002232277525182373
2020-05-15,0.0022744213213799444
2020-05-16,0.0022718709561658783
2020-05-17,0.002269320590951812
2020-05-18,0.002585416746104313
2020-05-19,0.0026652067347783088
2020-05-20,0.002749836807459857
2020-05-21,0.002817873497062352
2020-05-22,0.002635315815614756
2020-05-23,0.0026327434215428756
2020-05-24,0.002630171027470994
2020-05-25,0.0026275986333991136
2020-05-26,0.0026934934354799593
2020-05-27,0.002748482125589705
2020-05-28,0.0028066392612226543
2020-05-29,0.002969716416431346
2020-05-30,0.0029672699940686874
2020-05-31,0.002964823571706028
2020-06-01,0.0028603802040178183
2020-06-02,0.0028950909065636483
2020-06-03,0.0030051611164108897
2020-06-04,0.0029651850505219434
2020-06-05,0.0027823835697894208
2020-06-06,0.0027807378124590134
2020-06-07,0.0027790920551286086
2020-06-08,0.002788671037904189
2020-06-09,0.0028471664707040447
2020-06-10,0.0028323561780135495
2020-06-11,0.002773774177417413
2020-06-12,0.0027361984798355424
2020-06-13,0.00273414127788309
2020-06-14,0.0027320840759306377
2020-06-15,0.002765522396902314
2020-06-16,0.002758767551120737
2020-06-17,0.002818298743875145
2020-06-18,0.0028385955015982696
2020-06-19,0.0027590643973731226
2020-06-20,0.002756925516948128
2020-06-21,0.002754786636523134
2020-06-22,0.0028642305841497543
2020-06-23,0.0029258418672589766
2020-06-24,0.0028646724558375604
2020-06-25,0.003061411251002216
2020-06-26,0.0030666385544702406
2020-06-27,0.003064344009849281
2020-06-28,0.003062049465228321
2020-06-29,0.0030931381939646764
2020-06-30,0.003134253418412983
2020-07-01,0.003116028418698461
2020-07-02,0.0030950791450546217
2020-07-03,0.003093001151364936
2020-07-04,0.0030909231576752476
2020-07-05,0.0030888451639855593
2020-07-06,0.003227100662557135
2020-07-07,0.003202466045037487
2020-07-08,0.003252995571496547
2020-07-09,0.003229794619225555
2020-07-10,0.003245691686309167
2020-07-11,0.003243555542837208
2020-07-12,0.003241419399365246
2020-07-13,0.0032039727710184845
2020-07-14,0.0034242095080183046
2020-07-15,0.003316498577086489
2020-07-16,0.003355804970154883
2020-07-17,0.0033788279222960755
2020-07-18,0.003376574376028476
2020-07-19,0.0033743208297608756
2020-07-20,0.0033445372675396483
2020-07-21,0.003449095389832133
2020-07-22,0.0034885117189695737
2020-07-23,0.0034818712475095217
2020-07-24,0.0035196447149087135
2020-07-25,0.003517209605198583
2020-07-26,0.003514774495488453
2020-07-27,0.0036224612989996406
2020-07-28,0.0034313637506591084
2020-07-29,0.0033710087928816466
2020-07-30,0.0033782145346642626
2020-07-31,0.0033685098408787343
2020-08-01,0.003365912400957326
2020-08-02,0.0033633149610359163
2020-08-03,0.003327983039016131
2020-08-04,0.003344479924085242
2020-08-05,0.003480440320288451
2020-08-06,0.0034865769169958156
2020-08-07,0.0034642619125094757
2020-08-08,0.0034618643931639188
2020-08-09,0.003459466873818362
2020-08-10,0.003448117126209087
2020-08-11,0.003394203469179644
2020-08-12,0.0034962159722722614
2020-08-13,0.0034897318387887297
2020-08-14,0.0034361733652203148
2020-08-15,0.0034338899452693947
2020-08-16,0.0034316065253184713
2020-08-17,0.003457097477920837
2020-08-18,0.0033873376529734815
2020-08-19,0.003372897119439867
2020-08-20,0.003337987937836835
2020-08-21,0.0033543011440910248
2020-08-22,0.003351895595829538
2020-08-23,0.0033494900475680555
2020-08-24,0.003440195586552766
2020-08-25,0.0034238929049563195
2020-08-26,0.0034800179251442053
2020-08-27,0.0034779619369184984
2020-08-28,0.0034723370841620474
2020-08-29,0.0034699727163147375
2020-08-30,0.003467608348467427
2020-08-31,0.0033983012866903657
2020-09-01,0.0035031902500244714
2020-09-02,0.003692206806548297
2020-09-03,0.0036024423624814103
2020-09-04,0.003534012357948278
2020-09-05,0.0035314824648012286
2020-09-06,0.0035289525716541807
2020-09-07,0.003526422678507131
2020-09-08,0.0035109863119685285
2020-09-09,0.0037242306596680444
2020-09-10,0.003718423141787143
2020-09-11,0.0037528107867892077
2020-09-12,0.003749913485232516
2020-09-13,0.003747016183675825
2020-09-14,0.003924781545927617
2020-09-15,0.0037966264234864508
2020-09-16,0.003753739673718077
2020-09-17,0.0037576530769796394
2020-09-18,0.0036950004046973697
2020-09-19,0.0036919597928345843
2020-09-20,0.003688919180971798
2020-09-21,0.003359669553570587
2020-09-22,0.003112402513551581
2020-09-23,0.00286592735158259
2020-09-24,0.0026308595909099635
2020-09-25,0.002408592924817262
2020-09-26,0.0024057728726713176
2020-09-27,0.0024029528205253697
2020-09-28,0.0025095141673399566
2020-09-29,0.0025752947303621394
2020-09-30,0.0026047935479476345
2020-10-01,0.002598076383703991
2020-10-02,0.002536581409432683
2020-10-03,0.0025341368949198893
2020-10-04,0.002531692380407096
2020-10-05,0.0026663981966071806
2020-10-06,0.002578644507360536
2020-10-07,0.002691644010332741
2020-10-08,0.002707551944932986
2020-10-09,0.00262708551287356
2020-10-10,0.0026247225515459343
2020-10-11,0.0026223595902183086
2020-10-12,0.002683101247502282
2020-10-13,0.002775583850071505
2020-10-14,0.0026045288605705975
2020-10-15,0.0025685547762346
2020-10-16,0.00259847378809571
2020-10-17,0.002596076678318923
2020-10-18,0.002593679568542136
2020-10-19,0.0026378517144671335
2020-10-20,0.0029925617654581608
2020-10-21,0.0028304283765889105
2020-10-22,0.0028764228946806256
2020-10-23,0.002806345117108492
2020-10-24,0.0028042121488504714
2020-10-25,0.0028020791805924506
2020-10-26,0.00277434334991247
2020-10-27,0.0027209179234073577
2020-10-28,0.0025425271778753353
2020-10-29,0.0024384710972835157
2020-10-30,0.0023315204349465077
2020-10-31,0.002329486883665633
2020-11-01,0.002327453332384758
2020-11-02,0.0026191936635564022
2020-11-03,0.0027793482866234924
2020-11-04,0.002778074099765983
2020-11-05,0.0029571076594632905
2020-11-06,0.003002229170738807
2020-11-07,0.0030000889144689118
2020-11-08,0.00299794865819902
2020-11-09,0.0029347499401662404
2020-11-10,0.0029622353498763927
2020-11-11,0.002911533402575831
2020-11-12,0.0028871718854777424
2020-11-13,0.0028845896770223886
2020-11-14,0.0028830707316409676
2020-11-15,0.002881551786259546
2020-11-16,0.002995796424374429
2020-11-17,0.003031432312542445
2020-11-18,0.002965646996021124
2020-11-19,0.0030102584854490395
2020-11-20,0.0030019530563028993
2020-11-21,0.003000614289583559
2020-11-22,0.002999275522864218
2020-11-23,0.0030065543212133596
2020-11-24,0.0029782211498160438
2020-11-25,0.0029731903626648085
2020-11-26,0.0029720716869032246
2020-11-27,0.0029775541672274097
2020-11-28,0.002976370109509609
2020-11-29,0.002975186051791809
2020-11-30,0.0029512903985968843
2020-12-01,0.002926323840179372
2020-12-02,0.002922301097142269
2020-12-03,0.0028810043713181563
2020-12-04,0.002850654049304176
2020-12-05,0.002849744432635098
2020-12-06,0.0028488348159660193
2020-12-07,0.002908378218766553
2020-12-08,0.002892375856136525
2020-12-09,0.0028810949779772173
2020-12-10,0.0028768417226237475
2020-12-11,0.0029604654001672464
2020-12-12,0.00295900721403897
2020-12-13,0.0029575490279106944
2020-12-14,0.0028685569689657275
2020-12-15,0.00290307880451463
2020-12-16,0.0028659113309168686
2020-12-17,0.0028227461085501004
2020-12-18,0.0028710678320145798
2020-12-19,0.002869858326044916
2020-12-20,0.002868648820075254
2020-12-21,0.0028436212832864925
2020-12-22,0.0027673712601597126
2020-12-23,0.0027524436030021216
2020-12-24,0.0027480319628742254
2020-12-25,0.00274704659762892
2020-12-26,0.0027460612323836147
2020-12-27,0.0027450758671383095
2020-12-28,0.002742479114008425
2020-12-29,0.002786562042062398
2020-12-30,0.002743189900402279
2020-12-31,0.0027308528024522316
2021-01-01,0.0027299136272296008
2021-01-02,0.0027289744520069695
2021-01-03,0.0027280352767843387
2021-01-04,0.0028647683243055197
2021-01-05,0.0029394190077179604
2021-01-06,0.002974969751263807
2021-01-07,0.003064379757729191
2021-01-08,0.0030209489361185406
2021-01-09,0.00301984701269796
2021-01-10,0.003018745089277379
2021-01-11,0.0030201964995617064
2021-01-12,0.003038041821791932
2021-01-13,0.003000903785256895
2021-01-14,0.0030188757711967548
2021-01-15,0.003014332422459141
2021-01-16,0.0030131026608514197
2021-01-17,0.0030118728992436987
2021-01-18,0.003010643137635978
2021-01-19,0.002968399473543066
2021-01-20,0.002976365071904499
2021-01-21,0.0029646903522076006
2021-01-22,0.0029774108514029787
2021-01-23,0.002976103305517736
2021-01-24,0.002974795759632491
2021-01-25,0.0029082744752862563
2021-01-26,0.0029987827623559533
2021-01-27,0.002959201669815358
2021-01-28,0.0030699421390543847
2021-01-29,0.0029036458804639676
2021-01-30,0.0029021845922168766
2021-01-31,0.0029007233039697873
2021-02-01,0.002924863572383496
2021-02-02,0.002942578171295419
2021-02-03,0.002967112397863354
2021-02-04,0.002905329377531171
2021-02-05,0.0028487338314192655
2021-02-06,0.002847785932653858
2021-02-07,0.0028468380338884493
2021-02-08,0.0028903114378342493
2021-02-09,0.0028765540881833373
2021-02-10,0.0028838415791108928
2021-02-11,0.00287469095831588
2021-02-12,0.0028948891135879753
2021-02-13,0.0028940065356585143
2021-02-14,0.002893123957729053
2021-02-15,0.0028922413797995918
2021-02-16,0.002901762532797568
2021-02-17,0.002890166251121468
2021-02-18,0.002880886611857504
2021-02-19,0.002853482853748473
2021-02-20,0.002852813848809194
2021-02-21,0.002852144843869915
2021-02-22,0.002865588283386849
2021-02-23,0.0028295398052907397
2021-02-24,0.0028587176211912805
2021-02-25,0.002858255931623826
2021-02-26,0.0028331106871099855
2021-02-27,0.002832495834940948
2021-02-28,0.0028318809827719105
2021-03-01,0.0028531569777771547
2021-03-02,0.002868436562605767
2021-03-03,0.0028309737094907705
2021-03-04,0.002814747759957496
2021-03-05,0.0028137889752631938
2021-03-06,0.002813314929396172
2021-03-07,0.002812840883529149
2021-03-08,0.002813723269973257
2021-03-09,0.002815001460849382
2021-03-10,0.0028235930085108068
2021-03-11,0.0028060457179338054
2021-03-12,0.0027789338081007707
2021-03-13,0.002778512782754556
2021-03-14,0.0027780917574083412
2021-03-15,0.0027851987485255007
2021-03-16,0.0028259660634348555
2021-03-17,0.0028352786808891043
2021-03-18,0.0028682321263968405
2021-03-19,0.0028546269979143
2021-03-20,0.002854124915727923
2021-03-21,0.0028536228335415462
2021-03-22,0.0028486451974132354
2021-03-23,0.002827348399027038
2021-03-24,0.0028302709176310573
2021-03-25,0.0028673084616230183
2021-03-26,0.002859044706139521
2021-03-27,0.0028585269662291125
2021-03-28,0.0028580092263187024
2021-03-29,0.0028211581611180545
2021-03-30,0.002784092654717151
2021-03-31,0.002783490247590653
2021-04-01,0.0027995340437615293
2021-04-02,0.0027991497351817943
2021-04-03,0.002798765426602059
2021-04-04,0.002798381118022324
2021-04-05,0.00280603048595649
2021-04-06,0.0028347009863519093
2021-04-07,0.0028245386032250686
2021-04-08,0.0028281918690132653
2021-04-09,0.002832588919435113
2021-04-10,0.0028321306300852643
2021-04-11,0.002831672340735415
2021-04-12,0.0028179016788493112
2021-04-13,0.0027805200954108566
2021-04-14,0.002797002285397437
2021-04-15,0.0028063972175533585
2021-04-16,0.0028073105518933556
2021-04-17,0.002806946324698987
2021-04-18,0.002806582097504618
2021-04-19,0.002791911290452433
2021-04-20,0.002792204241011372
2021-04-21,0.0027725070913096465
2021-04-22,0.002772181140751933
2021-04-23,0.0027499663450907133
2021-04-24,0.002749607172692242
2021-04-25,0.00274924800029377
2021-04-26,0.0027363662581164107
2021-04-27,0.002694822534765987
2021-04-28,0.0027020648080237145
2021-04-29,0.0027385535076068362
2021-04-30,0.002731612389975203
2021-05-01,0.002731264099950334
2021-05-02,0.0027309158099254657
2021-05-03,0.0027141592953635867
2021-05-04,0.002714514057483233
2021-05-05,0.00270492118915848
2021-05-06,0.002736882894097048
2021-05-07,0.0027205332477275505
2021-05-08,0.0027202875950973794
2021-05-09,0.0027200419424672074
2021-05-10,0.0027349706134414797
2021-05-11,0.0027035191618976955
2021-05-12,0.002729613485127651
2021-05-13,0.0027377815462805307
2021-05-14,0.0027241144380122577
2021-05-15,0.0027238123244186204
2021-05-16,0.002723510210824983
2021-05-17,0.002727980250834603
2021-05-18,0.0026990975283013594
2021-05-19,0.0026913829373833844
2021-05-20,0.002682753147431549
2021-05-21,0.0026866587786106904
2021-05-22,0.0026865029618970784
2021-05-23,0.0026863471451834668
2021-05-24,0.0026897276164558224
2021-05-25,0.0027025640117186054
2021-05-26,0.002697211301301859
2021-05-27,0.002674929478982412
2021-05-28,0.0026748539627896007
2021-05-29,0.0026747813255365072
2021-05-30,0.0026747086882834147
2021-05-31,0.0026746360510303212
2021-06-01,0.0026780420441650764
2021-06-02,0.0026724649194537356
2021-06-03,0.0026747526604664973
2021-06-04,0.002675846822195069
2021-06-05,0.002675772202388854
2021-06-06,0.002675697582582639
2021-06-07,0.0026691258366950557
2021-06-08,0.002680406789889049
2021-06-09,0.002693481230633046
2021-06-10,0.0026890043537114573
2021-06-11,0.0026817050544015925
2021-06-12,0.0026815707648203857
2021-06-13,0.0026814364752391785
2021-06-14,0.002688624783846935
2021-06-15,0.0026854742088645634
2021-06-16,0.00267757559888503
2021-06-17,0.0026890196565901975
2021-06-18,0.0026994737200280623
2021-06-19,0.002699211239721693
2021-06-20,0.0026989487594153237
2021-06-21,0.002678673463513852
2021-06-22,0.0026578121168682974
2021-06-23,0.0026488535637383286
2021-06-24,0.0026329634016576836
2021-06-25,0.0026476269198279353
2021-06-26,0.0026475082600612102
2021-06-27,0.0026473896002944847
2021-06-28,0.002664182899219272
2021-06-29,0.002674862912708123
2021-06-30,0.0026623713561318894
2021-07-01,0.0026488554638474902
2021-07-02,0.0026741822711636633
2021-07-03,0.002673964701805396
2021-07-04,0.0026737471324471285
2021-07-05,0.002673529563088861
2021-07-06,0.0026629310676102246
2021-07-07,0.002657444778963098
2021-07-08,0.0026938684269160844
2021-07-09,0.0026283563625844795
2021-07-10,0.0026281923511590095
2021-07-11,0.0026280283397335396
2021-07-12,0.0025878170656896157
2021-07-13,0.0026443738892603895
2021-07-14,0.00261509944779587
2021-07-15,0.002626865567068583
2021-07-16,0.0026713870874669884
2021-07-17,0.0026711208863422426
2021-07-18,0.0026708546852174967
2021-07-19,0.0027272745859799287
2021-07-20,0.002803503467305479
2021-07-21,0.002790614753631844
2021-07-22,0.0028212260380403886
2021-07-23,0.00280837509309182
2021-07-24,0.002808012372366903
2021-07-25,0.0028076496516419858
2021-07-26,0.0028078838059787184
2021-07-27,0.0028035172334863285
2021-07-28,0.002794974134598672
2021-07-29,0.0027996408000264847
2021-07-30,0.0028173298569266186
2021-07-31,0.0028170042506212227
2021-08-01,0.002816678644315827
2021-08-02,0.002810067184595053
2021-08-03,0.0027933714177656196
2021-08-04,0.002789860107852998
2021-08-05,0.0027853899552644
2021-08-06,0.002774271854704468
2021-08-07,0.002774181533491017
2021-08-08,0.002774091212277566
2021-08-09,0.0027692284104582254
2021-08-10,0.0027723854548499845
2021-08-11,0.002759980190893249
2021-08-12,0.0027642724042503085
2021-08-13,0.0027665421625474415
2021-08-14,0.0027664974998273155
2021-08-15,0.0027664528371071895
2021-08-16,0.0027708879076319376
2021-08-17,0.002788097859941671
2021-08-18,0.002788113919532605
2021-08-19,0.0027812901383161884
2021-08-20,0.002781401432055622
2021-08-21,0.0027812146215812445
2021-08-22,0.002781027811106867
2021-08-23,0.002781209436974367
2021-08-24,0.0027825008527352798
2021-08-25,0.0027779958443334783
2021-08-26,0.0027680426151130894
2021-08-27,0.002761584719386461
2021-08-28,0.0027615130665053053
2021-08-29,0.002761441413624149
2021-08-30,0.0027675165382385143
2021-08-31,0.0027821674683738812
2021-09-01,0.0027828317997158226
2021-09-02,0.0027773601869182786
2021-09-03,0.0027686735915285598
2021-09-04,0.002768563897803516
2021-09-05,0.002768454204078473
2021-09-06,0.002768344510353429
2021-09-07,0.0027828521572103465
2021-09-08,0.002790234720281567
2021-09-09,0.002787438227949181
2021-09-10,0.002796767011157333
2021-09-11,0.0027965260342282514
2021-09-12,0.0027962850572991705
2021-09-13,0.0027901366673840334
2021-09-14,0.0027939254366932402
2021-09-15,0.0027809014887397072
2021-09-16,0.0027786453762629827
2021-09-17,0.002767603670226947
2021-09-18,0.0027674564933090266
2021-09-19,0.0027673093163911064
2021-09-20,0.0027457644208838
2021-09-21,0.0027537331929038305
2021-09-22,0.0027178688342513213
2021-09-23,0.002683465789832336
2021-09-24,0.0026864340073718697
2021-09-25,0.002686424479937876
2021-09-26,0.002686414952503883
2021-09-27,0.0026675705374397804
2021-09-28,0.00268882889795647
2021-09-29,0.002677639198498325
2021-09-30,0.0026622504737248997
2021-10-01,0.002656950591282881
2021-10-02,0.002657019708796937
2021-10-03,0.002657088826310993
2021-10-04,0.002663042662850348
2021-10-05,0.0026183293468739154
2021-10-06,0.0026204414787170563
2021-10-07,0.002660845656630694
2021-10-08,0.0026566693045864446
2021-10-09,0.0026567095542124114
2021-10-10,0.0026567498038383777
2021-10-11,0.002644979989551376
2021-10-12,0.0026438267561118495
2021-10-13,0.0026389344453542265
2021-10-14,0.002635443797119043
2021-10-15,0.0026140158869734603
2021-10-16,0.002614194414304104
2021-10-17,0.002614372941634747
2021-10-18,0.002622850619540066
2021-10-19,0.0026133301067348333
2021-10-20,0.0026133396087899157
2021-10-21,0.002628797442723703
2021-10-22,0.002620082560261532
2021-10-23,0.002620199525203095
2021-10-24,0.0026203164901446576
2021-10-25,0.002622004106522689
2021-10-26,0.0026163094293032473
2021-10-27,0.0026195615101089666
2021-10-28,0.0026172161626125123
2021-10-29,0.0026402194714862867
2021-10-30,0.0026400671978713056
2021-10-31,0.002639914924256325
2021-11-01,0.002642675921541866
2021-11-02,0.002645395999770437
2021-11-03,0.0026431672122997577
2021-11-04,0.0026493149396703687
2021-11-05,0.002650986357477389
2021-11-06,0.0026506875228845444
2021-11-07,0.0026503886882916993
2021-11-08,0.002644596969554683
2021-11-09,0.002651057193889161
2021-11-10,0.00263948376537117
2021-11-11,0.002633094362216111
2021-11-12,0.0026333882448090983
2021-11-13,0.002633128601897958
2021-11-14,0.0026328689589868175
2021-11-15,0.0026260726312110467
2021-11-16,0.0026187498077353626
2021-11-17,0.002620962739656045
2021-11-18,0.0026145645219707737
2021-11-19,0.0026098756455587326
2021-11-20,0.0026096839183465475
2021-11-21,0.0026094921911343624
2021-11-22,0.002599914860134271
2021-11-23,0.002602262335881256
2021-11-24,0.002608620926012966
2021-11-25,0.002608447726875603
2021-11-26,0.0026290231903735614
2021-11-27,0.002628663039094574
2021-11-28,0.0026283028878155874
2021-11-29,0.002634840885915866
2021-11-30,0.0026405939897226026
2021-12-01,0.002647784467119012
2021-12-02,0.0026432685474297125
2021-12-03,0.002647806147127569
2021-12-04,0.0026474578981268565
2021-12-05,0.0026471096491261447
2021-12-06,0.0026555251528782415
2021-12-07,0.002652450833575758
2021-12-08,0.002651641641456124
2021-12-09,0.002657655244081133
2021-12-10,0.0026596794610975554
2021-12-11,0.0026593481383693405
2021-12-12,0.002659016815641126
2021-12-13,0.0026616961877775043
2021-12-14,0.0026471439367918128
2021-12-15,0.0026311235269259096
2021-12-16,0.002629689753127495
2021-12-17,0.002623489418720705
2021-12-18,0.0026232240575349663
2021-12-19,0.0026229586963492286
2021-12-20,0.0026166381832624127
2021-12-21,0.0026031260944098054
2021-12-22,0.0025943634349499035
2021-12-23,0.0025910862806966567
2021-12-24,0.002590979031877255
2021-12-25,0.0025908717830578523
2021-12-26,0.00259076453423845
2021-12-27,0.002590622814172482
2021-12-28,0.0025904806524795643
2021-12-29,0.0025897120574056723
2021-12-30,0.002590996823965797
2021-12-31,0.0025881840552467866
2022-01-01,0.002588092089043656
2022-01-02,0.002588000122840525
2022-01-03,0.002584792456955035
2022-01-04,0.0025795819658279194
2022-01-05,0.002575792909713286
2022-01-06,0.0025594950422366805
2022-01-07,0.0025529876115219534
2022-01-08,0.002553138046656765
2022-01-09,0.002553288481791577
2022-01-10,0.002555292466053635
2022-01-11,0.0025527393660635363
2022-01-12,0.0025483386247652936
2022-01-13,0.0025491761035637867
2022-01-14,0.0025490178191094237
2022-01-15,0.0025492581276317025
2022-01-16,0.0025494984361539817
2022-01-17,0.002549738744676261
2022-01-18,0.0025572444050005042
2022-01-19,0.002565014603564133
2022-01-20,0.0025701573817004356
2022-01-21,0.002574744020372143
2022-01-22,0.002574781291963252
2022-01-23,0.002574818563554361
2022-01-24,0.002580098068125553
2022-01-25,0.0025652881854582197
2022-01-26,0.002560053402620284
2022-01-27,0.0025638777458301385
2022-01-28,0.0025639349832713523
2022-01-29,0.0025640889940953563
2022-01-30,0.002564243004919361
2022-01-31,0.002559413828702095
2022-02-01,0.0025274656226348716
2022-02-02,0.002533818414187612
2022-02-03,0.0025349698656345694
2022-02-04,0.002528450020081311
2022-02-05,0.0025285778520143737
2022-02-06,0.002528705683947437
2022-02-07,0.002523767836427678
2022-02-08,0.002519580369864314
2022-02-09,0.002513987918804806
2022-02-10,0.0025207205879482874
2022-02-11,0.002512669075533682
2022-02-12,0.002512718462254965
2022-02-13,0.0025127678489762473
2022-02-14,0.0025100700645404586
2022-02-15,0.002513366495088419
2022-02-16,0.002514565410469025
2022-02-17,0.0025081036249158025
2022-02-18,0.0025047946052921682
2022-02-19,0.0025047084996787
2022-02-20,0.002504622394065231
2022-02-21,0.002504536288451763
2022-02-22,0.002503367918108252
2022-02-23,0.002504832252511587
2022-02-24,0.00251997850235148
2022-02-25,0.0025121820158429437
2022-02-26,0.002512183975260194
2022-02-27,0.002512185934677445
2022-02-28,0.002526605574908473
2022-03-01,0.002550532207379435
2022-03-02,0.0025301277696053604
2022-03-03,0.0025309060014622503
2022-03-04,0.0025465539151056336
2022-03-05,0.0025461516718361344
2022-03-06,0.0025457494285666352
2022-03-07,0.00262876042034008
2022-03-08,0.0026551153754008623
2022-03-09,0.002647406454770341
2022-03-10,0.002657613407768996
2022-03-11,0.0026669338388517648
2022-03-12,0.0026664477766894772
2022-03-13,0.0026659617145271893
2022-03-14,0.0026214117709942248
2022-03-15,0.002624527654668404
2022-03-16,0.002654609107470155
2022-03-17,0.0027001704246271616
2022-03-18,0.0027172047682035134
2022-03-19,0.002716771117121334
2022-03-20,0.0027163374660391553
2022-03-21,0.002724771790000248
2022-03-22,0.0027312420384825726
2022-03-23,0.002724634898133579
2022-03-24,0.0027236022412997322
2022-03-25,0.0027371464049809817
2022-03-26,0.0027368071321453584
2022-03-27,0.0027364678593097347
2022-03-28,0.0027330531906055756
2022-03-29,0.00275151593240875
2022-03-30,0.0027453210948655735
2022-03-31,0.00275612707765894
2022-04-01,0.0027616180110884964
2022-04-02,0.0027611734000244615
2022-04-03,0.0027607287889604257
2022-04-04,0.0027788347221953226
2022-04-05,0.0027101955683845663
2022-04-06,0.0026898201809308388
2022-04-07,0.002674248502238487
2022-04-08,0.0026720513311626133
2022-04-09,0.002671603050389061
2022-04-10,0.002671154769615508
2022-04-11,0.0026520374256820676
2022-04-12,0.0026233528925332056
2022-04-13,0.002598600277634977
2022-04-14,0.0025826088481419878
2022-04-15,0.002582293627119784
2022-04-16,0.00258197840609758
2022-04-17,0.002581663185075376
2022-04-18,0.0025743303966564482
2022-04-19,0.0025781100117968324
2022-04-20,0.002561836200002484
2022-04-21,0.002544405475266319
2022-04-22,0.0025661202081806735
2022-04-23,0.002565838297053207
2022-04-24,0.0025655563859257402
2022-04-25,0.002583316899070015
2022-04-26,0.00257572019868808
2022-04-27,0.0026108392804327463
2022-04-28,0.002586960117794252
2022-04-29,0.002624356781112627
2022-04-30,0.0026238803520819204
2022-05-01,0.0026234039230512126
2022-05-02,0.0026250667404310213
2022-05-03,0.0026075250958433986
2022-05-04,0.002632860974169242
2022-05-05,0.0026786403857995047
2022-05-06,0.0026749061786776195
2022-05-07,0.0026742880515040045
2022-05-08,0.002673669924330389
2022-05-09,0.0026374616955871645
2022-05-10,0.002698071474146532
2022-05-11,0.002703725956061905
2022-05-12,0.0026646413510831948
2022-05-13,0.002714212385722244
2022-05-14,0.0027135431482503136
2022-05-15,0.002712873910778384
2022-05-16,0.002674644648769195
2022-05-17,0.002677039106708767
2022-05-18,0.002686463344811121
2022-05-19,0.0027223169427965464
2022-05-20,0.0027343456130459907
2022-05-21,0.0027337172173474444
2022-05-22,0.002733088821648898
2022-05-23,0.00275455769039898
2022-05-24,0.002775430729362908
2022-05-25,0.002747824598876196
2022-05-26,0.0027573081650714122
2022-05-27,0.0027460525541968357
2022-05-28,0.0027457004646344392
2022-05-29,0.0027453483750720423
2022-05-30,0.002744996285509646
2022-05-31,0.002738456299932234
2022-06-01,0.0027370011728186216
2022-06-02,0.0027536569664168616
2022-06-03,0.0027419505311731584
2022-06-04,0.0027415647425228715
2022-06-05,0.002741178953872585
2022-06-06,0.002740298997938309
2022-06-07,0.0027321402431618284
2022-06-08,0.0026801159665457053
2022-06-09,0.0026555002735228735
2022-06-10,0.0026864958572846063
2022-06-11,0.002686082039152439
2022-06-12,0.0026856682210202724
2022-06-13,0.002649768402577757
2022-06-14,0.00264724164458123
2022-06-15,0.002570926797688604
2022-06-16,0.002589767419114675
2022-06-17,0.0026058840616534026
2022-06-18,0.002605483333057799
2022-06-19,0.0026050826044621946
2022-06-20,0.0026046818758665895
2022-06-21,0.0025707659285805827
2022-06-22,0.0024989385896084424
2022-06-23,0.002566783529050479
2022-06-24,0.0026433381182188976
2022-06-25,0.0026429698986199673
2022-06-26,0.0026426016790210374
2022-06-27,0.0026581674994763586
2022-06-28,0.0026321819658034645
2022-06-29,0.0025922678661999704
2022-06-30,0.002627698255095637
2022-07-01,0.0026212363789294545
2022-07-02,0.002620834705478252
2022-07-03,0.00262043303202705
2022-07-04,0.0026200313585758475
2022-07-05,0.002649000000300884
2022-07-06,0.002659424002830897
2022-07-07,0.0026206216772697265
2022-07-08,0.0026366506438310444
2022-07-09,0.002636199591657776
2022-07-10,0.0026357485394845077
2022-07-11,0.00263479489556341
2022-07-12,0.0026569274989781907
2022-07-13,0.00264626908560059
2022-07-14,0.002661465843329729
2022-07-15,0.0026451345425409613
2022-07-16,0.0026446394214093213
2022-07-17,0.002644144300277681
2022-07-18,0.0026190031810649187
2022-07-19,0.002554609148708034
2022-07-20,0.002581113173719199
2022-07-21,0.002608676846149957
2022-07-22,0.002623531774247669
2022-07-23,0.00262313231991367
2022-07-24,0.0026227328655796696
2022-07-25,0.002579391370356357
2022-07-26,0.0024124665322722834
2022-07-27,0.0023355739177436277
2022-07-28,0.002436114160670134
2022-07-29,0.0022344174706430166
2022-07-30,0.0022345292106825793
2022-07-31,0.0022346409507221416
2022-08-01,0.0021900666570641445
2022-08-02,0.0022257723150633808
2022-08-03,0.002237114602706213
2022-08-04,0.002256794545874078
2022-08-05,0.0022305722413393735
2022-08-06,0.0022306982380214755
2022-08-07,0.0022308242347035775
2022-08-08,0.0022376630783424454
2022-08-09,0.00221886327852473
2022-08-10,0.0021825020038585513
2022-08-11,0.002189781431377811
2022-08-12,0.002168527132574072
2022-08-13,0.002168717377410151
2022-08-14,0.0021689076222462297
2022-08-15,0.0021787868235901954
2022-08-16,0.0021761742278147943
2022-08-17,0.0021653039684965546
2022-08-18,0.002187690859912851
2022-08-19,0.0022220472220230375
2022-08-20,0.00222219298086275
2022-08-21,0.002222338739702462
2022-08-22,0.0022326794854814454
2022-08-23,0.0022189890251136917
2022-08-24,0.002246874693790489
2022-08-25,0.002295447047344487
2022-08-26,0.002351591643339806
2022-08-27,0.002351575489503832
2022-08-28,0.0023515593356678573
2022-08-29,0.0023635069521555172
2022-08-30,0.0025750533938117643
2022-08-31,0.0025631802455831007
2022-09-01,0.002651471414439769
2022-09-02,0.0026116502190542523
2022-09-03,0.0026112475580476074
2022-09-04,0.002610844897040963
2022-09-05,0.002610442236034318
2022-09-06,0.002527417575516477
2022-09-07,0.002515926508419261
2022-09-08,0.002576818154821795
2022-09-09,0.0025216154125271974
2022-09-10,0.002521395600427652
2022-09-11,0.0025211757883281077
2022-09-12,0.00248061521936769
2022-09-13,0.002499795212848368
2022-09-14,0.002472306467182702
2022-09-15,0.0024715687899482257
2022-09-16,0.0024541234023465947
2022-09-17,0.002454007935987369
2022-09-18,0.002453892469628143
2022-09-19,0.0024380016757031544
2022-09-20,0.0024871524298087687
2022-09-21,0.002580851767138096
2022-09-22,0.002568380893028229
2022-09-23,0.002801033755334987
2022-09-24,0.002800392872719309
2022-09-25,0.002799751990103631
2022-09-26,0.0029572862739518
2022-09-27,0.003014972036953802
2022-09-28,0.0031103797230444515
2022-09-29,0.0030856753205599566
2022-09-30,0.002965865236063832
2022-10-01,0.0029649833114776774
2022-10-02,0.0029641013868915234
2022-10-03,0.002909209810074651
2022-10-04,0.0029797893825180615
2022-10-05,0.0029756201478270943
2022-10-06,0.0029081656539451826
2022-10-07,0.0029065195788190094
2022-10-08,0.002905708337400175
2022-10-09,0.0029048970959813414
2022-10-10,0.002890502344809749
2022-10-11,0.002970992531717813
2022-10-12,0.003057156230621088
2022-10-13,0.0028130039124271058
2022-10-14,0.0027852826822246245
2022-10-15,0.0027845257491164064
2022-10-16,0.002783768816008187
2022-10-17,0.0027194698115071015
2022-10-18,0.0027199261571595134
2022-10-19,0.0028478248693991196
2022-10-20,0.002740545642796093
2022-10-21,0.0027450514962058807
2022-10-22,0.002744408734619299
2022-10-23,0.002743765973032717
2022-10-24,0.0027236263994316985
2022-10-25,0.0028576201044880436
2022-10-26,0.002786630345393208
2022-10-27,0.0027163293171351137
2022-10-28,0.003016508794715033
2022-10-29,0.003015667563024292
2022-10-30,0.0030148263313335517
2022-10-31,0.002855950763200762
2022-11-01,0.002836794780664624
2022-11-02,0.002847420857593486
2022-11-03,0.0029513345403306586
2022-11-04,0.002935507368208436
2022-11-05,0.0029348168243998507
2022-11-06,0.002934126280591266
2022-11-07,0.002922875705729749
2022-11-08,0.0029038425431449463
2022-11-09,0.0029563712684554265
2022-11-10,0.0029962674956318103
2022-11-11,0.00303933367835966
2022-11-12,0.003038803491952044
2022-11-13,0.003038273305544427
2022-11-14,0.0030196993306639552
2022-11-15,0.0030246394572216416
2022-11-16,0.00302108362207111
2022-11-17,0.0029615101701213433
2022-11-18,0.002938218154284233
2022-11-19,0.0029378512301601965
2022-11-20,0.0029374843060361597
2022-11-21,0.0029535052523634708
2022-11-22,0.0029578507827703023
2022-11-23,0.0029499853436613156
2022-11-24,0.002949606983149437
2022-11-25,0.0029373263211104053
2022-11-26,0.002936985030733284
2022-11-27,0.002936643740356163
2022-11-28,0.002932595734389116
2022-11-29,0.0028936055612244433
2022-11-30,0.002880570002246578
2022-12-01,0.002897681938424565
2022-12-02,0.0028596656872349646
2022-12-03,0.0028594660183833076
2022-12-04,0.0028592663495316506
2022-12-05,0.0028964264164568765
2022-12-06,0.0028738589059128265
2022-12-07,0.002875241536176879
2022-12-08,0.0028660347397197524
2022-12-09,0.002839151179369193
2022-12-10,0.002838968315910404
2022-12-11,0.0028387854524516156
2022-12-12,0.0028458283006889407
2022-12-13,0.002845262041074088
2022-12-14,0.002818851875152649
2022-12-15,0.0028746108739590385
2022-12-16,0.002854079183811916
2022-12-17,0.0028538430862278166
2022-12-18,0.002853606988643717
2022-12-19,0.002859267235763117
2022-12-20,0.0028442417042801346
2022-12-21,0.002858488016202175
2022-12-22,0.0028669468870409637
2022-12-23,0.002864824812250419
2022-12-24,0.002864613046412303
2022-12-25,0.002864401280574187
2022-12-26,0.002864189514736071
2022-12-27,0.0028542682768980944
2022-12-28,0.00286724493799636
2022-12-29,0.002875570395441923
2022-12-30,0.0028724088404811564
2022-12-31,0.002872181251439856
2023-01-01,0.002871953662398556
2023-01-02,0.0028717260733572554
2023-01-03,0.0028737574780030033
2023-01-04,0.0028789064527870232
2023-01-05,0.00285952421334973
2023-01-06,0.0028570497208380893
2023-01-07,0.0028569450545152955
2023-01-08,0.002856840388192502
2023-01-09,0.002865404641399928
2023-01-10,0.00287607751179886
2023-01-11,0.002869147880690844
2023-01-12,0.0028373710362002815
2023-01-13,0.0028170783260811753
2023-01-14,0.0028172043905662692
2023-01-15,0.0028173304550513627
2023-01-16,0.0028174565195364567
2023-01-17,0.0028072891410474603
2023-01-18,0.0028083371522020805
2023-01-19,0.002815340015911489
2023-01-20,0.002806024952698075
2023-01-21,0.0028061776951109735
2023-01-22,0.0028063304375238723
2023-01-23,0.0028042019991430045
2023-01-24,0.002807692306232802
2023-01-25,0.002791841572087587
2023-01-26,0.0027807031796819384
2023-01-27,0.002784256192249898
2023-01-28,0.002784540209386516
2023-01-29,0.002784824226523135
2023-01-30,0.002790437106456664
2023-01-31,0.0027857003695571157
2023-02-01,0.0027782279611161076
2023-02-02,0.0027825273456701122
2023-02-03,0.002793737124298503
2023-02-04,0.0027938761048797184
2023-02-05,0.0027940150854609334
2023-02-06,0.002803183154588599
2023-02-07,0.0027927228509915347
2023-02-08,0.0027940742295337407
2023-02-09,0.0027918517790384463
2023-02-10,0.0027967884389887747
2023-02-11,0.0027969247572312474
2023-02-12,0.0027970610754737206
2023-02-13,0.002792312932344729
2023-02-14,0.002786149884869441
2023-02-15,0.0027943848736837985
2023-02-16,0.0027923114774635717
2023-02-17,0.002814894429450294
2023-02-18,0.0028147595051586944
2023-02-19,0.0028146245808670953
2023-02-20,0.002814489656575496
2023-02-21,0.002817006767106291
2023-02-22,0.00280539599308554
2023-02-23,0.002805670636535986
2023-02-24,0.0028100683038374753
2023-02-25,0.0028098718423829527
2023-02-26,0.002809675380928431
2023-02-27,0.0028053543499895876
2023-02-28,0.0028006585631003356
2023-03-01,0.0027940935059366586
2023-03-02,0.0027949787215325638
2023-03-03,0.0027966041198919855
2023-03-04,0.0027965621166304543
2023-03-05,0.002796520113368923
2023-03-06,0.0028013182073157693
2023-03-07,0.002801512582058084
2023-03-08,0.002788214806209079
2023-03-09,0.002779591504554332
2023-03-10,0.0027843493982490424
2023-03-11,0.002784201910339917
2023-03-12,0.0027840544224307915
2023-03-13,0.002776455392088757
2023-03-14,0.0027750854261262307
2023-03-15,0.0027943089629549342
2023-03-16,0.002811255869352004
2023-03-17,0.002806612279153653
2023-03-18,0.0028062726706314183
2023-03-19,0.0028059330621091837
2023-03-20,0.0028308267215520003
2023-03-21,0.0028931617942808134
2023-03-22,0.0028817631265043086
2023-03-23,0.0028045874784575816
2023-03-24,0.0028181926784371526
2023-03-25,0.0028179231012005414
2023-03-26,0.002817653523963931
2023-03-27,0.0028198711818112074
2023-03-28,0.002816592714806981
2023-03-29,0.0028398381518272963
2023-03-30,0.002864123434918826
2023-03-31,0.002908545243813691
2023-04-01,0.002908213971991793
2023-04-02,0.0029078827001698957
2023-04-03,0.002866963383575042
2023-04-04,0.0028802419926878997
2023-04-05,0.0028739038438723116
2023-04-06,0.0028574269548251032
2023-04-07,0.0028572046301873974
2023-04-08,0.0028569823055496915
2023-04-09,0.0028567599809119857
2023-04-10,0.002842200954039282
2023-04-11,0.0028780885975288714
2023-04-12,0.0028636734393979743
2023-04-13,0.002868426942372662
2023-04-14,0.002872457702345607
2023-04-15,0.002872279900104203
2023-04-16,0.0028721020978627995
2023-04-17,0.002856744310321053
2023-04-18,0.0028464727588061764
2023-04-19,0.0028333055295739653
2023-04-20,0.0028090663558851337
2023-04-21,0.0028302843410011667
2023-04-22,0.0028301574833632165
2023-04-23,0.0028300306257252657
2023-04-24,0.00281646881368607
2023-04-25,0.0028393119573784245
2023-04-26,0.0028147014278543684
2023-04-27,0.0027971262360000273
2023-04-28,0.00286529657360442
2023-04-29,0.0028650564912118762
2023-04-30,0.0028648164088193313
2023-05-01,0.002881402937338911
2023-05-02,0.002877267638337573
2023-05-03,0.002868556162218196
2023-05-04,0.002839853006353889
2023-05-05,0.0028097845180829286
2023-05-06,0.00280958161119055
2023-05-07,0.002809378704298171
2023-05-08,0.0028031072341687295
2023-05-09,0.00280481120842094
2023-05-10,0.0027976362584316446
2023-05-11,0.0028055241341492843
2023-05-12,0.00280637003253925
2023-05-13,0.0028061422112775707
2023-05-14,0.0028059143900158916
2023-05-15,0.0027711120258655368
2023-05-16,0.0027786636820273445
2023-05-17,0.0027619497294149266
2023-05-18,0.0027855085463950493
2023-05-19,0.00279682052209931
2023-05-20,0.0027966441818593024
2023-05-21,0.0027964678416192964
2023-05-22,0.0027871205433803855
2023-05-23,0.00277202912829297
2023-05-24,0.0027982931270621506
2023-05-25,0.0027912776601910615
2023-05-26,0.0027998346598599433
2023-05-27,0.0027996460183258814
2023-05-28,0.002799457376791819
2023-05-29,0.0027992687352577567
2023-05-30,0.0027882299519772624
2023-05-31,0.002801539586292639
2023-06-01,0.0027981324516448704
2023-06-02,0.0028078474634332814
2023-06-03,0.0028076503736540236
2023-06-04,0.0028074532838747663
2023-06-05,0.0028718217546390016
2023-06-06,0.0028724033942325996
2023-06-07,0.002869410906437259
2023-06-08,0.0028514697608001053
2023-06-09,0.0028450555650271327
2023-06-10,0.002844796024289208
2023-06-11,0.002844536483551284
2023-06-12,0.002862878436158001
2023-06-13,0.0028258645165629183
2023-06-14,0.00283219598064326
2023-06-15,0.002855418477700631
2023-06-16,0.002854530951635316
2023-06-17,0.0028542562198497295
2023-06-18,0.0028539814880641423
2023-06-19,0.0028537067562785555
2023-06-20,0.0029137157586996538
2023-06-21,0.002979826560278109
2023-06-22,0.0029833602025585164
2023-06-23,0.0030131638721751313
2023-06-24,0.003012429401826279
2023-06-25,0.0030116949314774265
2023-06-26,0.0029622407260856366
2023-06-27,0.002990660301134461
2023-06-28,0.0029714774118740806
2023-06-29,0.0029790694275916114
2023-06-30,0.0029628987808608233
2023-07-01,0.0029623449235252524
2023-07-02,0.0029617910661896814
2023-07-03,0.0029456378512422977
2023-07-04,0.002945152265878448
2023-07-05,0.0029472603812021885
2023-07-06,0.002926739862673399
2023-07-07,0.0029590822089290017
2023-07-08,0.002958473904643799
2023-07-09,0.0029578656003585967
2023-07-10,0.002957257296073394
