Date,UBS - BBVA Accumulated Oriented Area
2019-01-01,0.0
2019-01-02,0.0
2019-01-03,-4.0038244060001606e-08
2019-01-04,-6.7636823843875444e-06
2019-01-05,-6.6322517616913015e-06
2019-01-06,-6.500821138994868e-06
2019-01-07,-1.0342323090311038e-05
2019-01-08,-8.401118850446391e-06
2019-01-09,-5.759207757471338e-07
2019-01-10,-4.965067653224478e-06
2019-01-11,-7.645623589235447e-06
2019-01-12,-7.381885324401071e-06
2019-01-13,-7.118147059567047e-06
2019-01-14,-1.218655623071546e-05
2019-01-15,-1.19857520751999e-05
2019-01-16,-2.307737216544911e-05
2019-01-17,-2.790017932298343e-05
2019-01-18,-1.664937190022653e-05
2019-01-19,-1.633442319430557e-05
2019-01-20,-1.6019474488384646e-05
2019-01-21,-1.5704525782463748e-05
2019-01-22,3.624387011619936e-05
2019-01-23,3.117029350187302e-05
2019-01-24,2.653559181254466e-05
2019-01-25,3.367326860123835e-05
2019-01-26,3.416399205035191e-05
2019-01-27,3.465471549946544e-05
2019-01-28,3.988911497851531e-05
2019-01-29,4.1080655791751875e-05
2019-01-30,2.5452149654384337e-05
2019-01-31,4.3758877684680505e-05
2019-02-01,5.195524622966445e-05
2019-02-02,5.238394625398152e-05
2019-02-03,5.281264627829857e-05
2019-02-04,5.701285120418508e-05
2019-02-05,4.0869502239341415e-05
2019-02-06,4.2490999256115964e-05
2019-02-07,5.6582122067226134e-05
2019-02-08,6.288539706008665e-05
2019-02-09,6.322302980648676e-05
2019-02-10,6.356066255288683e-05
2019-02-11,6.334524214238703e-05
2019-02-12,5.43451379184427e-05
2019-02-13,4.659502525741705e-05
2019-02-14,6.011100027224162e-05
2019-02-15,4.363080831189795e-05
2019-02-16,4.399888671687182e-05
2019-02-17,4.436696512184612e-05
2019-02-18,4.4735043526820404e-05
2019-02-19,4.76218943294178e-05
2019-02-20,8.587311320926707e-05
2019-02-21,0.00010266612228378284
2019-02-22,9.83222216879733e-05
2019-02-23,9.882433763900832e-05
2019-02-24,9.932645359004338e-05
2019-02-25,8.865173068425564e-05
2019-02-26,7.54568624346445e-05
2019-02-27,6.759667415979683e-05
2019-02-28,6.473819121617972e-05
2019-03-01,6.138118588797148e-05
2019-03-02,6.196336193702284e-05
2019-03-03,6.254553798607423e-05
2019-03-04,7.40384478934866e-05
2019-03-05,8.96945807232182e-05
2019-03-06,9.940947742216237e-05
2019-03-07,0.00015516563634404446
2019-03-08,0.0001623279796637906
2019-03-09,0.00016278923065774607
2019-03-10,0.0001632504816517015
2019-03-11,0.00014416648978934527
2019-03-12,0.00014276538176506828
2019-03-13,0.00012156513964792761
2019-03-14,0.00011943330959538323
2019-03-15,0.00011481474719211077
2019-03-16,0.00011542321279437196
2019-03-17,0.00011603167839663315
2019-03-18,7.840843668289712e-05
2019-03-19,7.103020391864388e-05
2019-03-20,0.00010367116883168204
2019-03-21,0.00011838874924353751
2019-03-22,0.00018287157807458034
2019-03-23,0.00018336215543487283
2019-03-24,0.00018385273279516531
2019-03-25,0.00018485237696526366
2019-03-26,0.00018853721335233644
2019-03-27,0.00018431058484513416
2019-03-28,0.00019913326451521886
2019-03-29,0.0001881234378378029
2019-03-30,0.00018850594036057882
2019-03-31,0.00018888844288335443
2019-04-01,0.0001416238416554199
2019-04-02,0.00013961080291125452
2019-04-03,0.00012204086371287538
2019-04-04,0.00011072702351015275
2019-04-05,0.00011418569844376286
2019-04-06,0.00011482399098142399
2019-04-07,0.00011546228351908508
2019-04-08,0.00012903709914847806
2019-04-09,0.00013190040850806104
2019-04-10,0.00013842364085203503
2019-04-11,0.00011308311726747786
2019-04-12,9.354011963299745e-05
2019-04-13,9.416135084328552e-05
2019-04-14,9.478258205357362e-05
2019-04-15,8.817381956019947e-05
2019-04-16,6.528087582972447e-05
2019-04-17,4.181904132606369e-05
2019-04-18,4.8345209886301866e-05
2019-04-19,4.893938317558998e-05
2019-04-20,4.953355646487814e-05
2019-04-21,5.0127729754166244e-05
2019-04-22,5.033747735816647e-05
2019-04-23,6.833040562733685e-05
2019-04-24,6.121564670938868e-05
2019-04-25,5.018717278734069e-05
2019-04-26,5.2241189810328056e-05
2019-04-27,5.264989162918176e-05
2019-04-28,5.3058593448035416e-05
2019-04-29,3.533860722748717e-05
2019-04-30,4.3812002203454494e-05
2019-05-01,5.6077001822848274e-05
2019-05-02,4.789664838578944e-05
2019-05-03,5.2965527175132715e-05
2019-05-04,5.336848692160701e-05
2019-05-05,5.3771446668081744e-05
2019-05-06,0.00011610771045549736
2019-05-07,0.00015685640261866077
2019-05-08,0.00014934426972141928
2019-05-09,0.00016028557567676657
2019-05-10,0.00015247305268561529
2019-05-11,0.00015290965058870813
2019-05-12,0.000153346248491801
2019-05-13,0.0002079991688405289
2019-05-14,0.00018661336729209737
2019-05-15,0.00018780799357973667
2019-05-16,0.0001614491928394849
2019-05-17,0.00017425260596402308
2019-05-18,0.000174651710579025
2019-05-19,0.00017505081519402686
2019-05-20,0.00017937756471760502
2019-05-21,0.00016729845414186699
2019-05-22,0.00019696086600592126
2019-05-23,0.00020918270780341883
2019-05-24,0.00018870322728505682
2019-05-25,0.0001890667967985131
2019-05-26,0.0001894303663119693
2019-05-27,0.00018979393582542554
2019-05-28,0.00021063798153592644
2019-05-29,0.00020703850962056194
2019-05-30,0.00019621960227411922
2019-05-31,0.00026486591359526956
2019-06-01,0.00026513679305019763
2019-06-02,0.00026540767250512565
2019-06-03,0.00025410391104746516
2019-06-04,0.0001974952956962225
2019-06-05,0.0002147799658211058
2019-06-06,0.00021468430773720029
2019-06-07,0.00021672046493214148
2019-06-08,0.0002170503799227508
2019-06-09,0.00021738029491336007
2019-06-10,0.00018663632175273102
2019-06-11,0.00019125372837560962
2019-06-12,0.00022142403678978727
2019-06-13,0.00022755103321313167
2019-06-14,0.0002479842147439493
2019-06-15,0.0002482821679168891
2019-06-16,0.000248580121089829
2019-06-17,0.00026046174945011067
2019-06-18,0.0002526189246690625
2019-06-19,0.00022394496483958633
2019-06-20,0.00021446309993288065
2019-06-21,0.0002350472925362881
2019-06-22,0.00023538107349157112
2019-06-23,0.00023571485444685416
2019-06-24,0.00023309438839035564
2019-06-25,0.0002479889023783378
2019-06-26,0.00023922270845578794
2019-06-27,0.00023517533102199932
2019-06-28,0.00023535632087233582
2019-06-29,0.00023565593817920073
2019-06-30,0.00023595555548606534
2019-07-01,0.0002284538838386981
2019-07-02,0.00023764353019406067
2019-07-03,0.00022129805736694782
2019-07-04,0.00022161955213161248
2019-07-05,0.0002058103544866623
2019-07-06,0.00020615194206237498
2019-07-07,0.00020649352963808768
2019-07-08,0.0002359058219395255
2019-07-09,0.0002578798905029205
2019-07-10,0.00024149336208367192
2019-07-11,0.00023859746767326354
2019-07-12,0.00024645340417645353
2019-07-13,0.00024665697679126364
2019-07-14,0.0002468605494060738
2019-07-15,0.0002374029321016953
2019-07-16,0.0002441978796922702
2019-07-17,0.0002576171283691413
2019-07-18,0.00026746340340420637
2019-07-19,0.00028310953841417666
2019-07-20,0.0002832309327864608
2019-07-21,0.0002833523271587447
2019-07-22,0.000301962873947812
2019-07-23,0.0002812202026236121
2019-07-24,0.00027413939582147267
2019-07-25,0.0002733438002180092
2019-07-26,0.0002786047089134761
2019-07-27,0.00027883808695910924
2019-07-28,0.0002790714650047425
2019-07-29,0.00029994925562214583
2019-07-30,0.0003434400643021041
2019-07-31,0.00036617523613167514
2019-08-01,0.00039741442322998276
2019-08-02,0.00040377692628018694
2019-08-03,0.00040377617998968516
2019-08-04,0.00040377543369918343
2019-08-05,0.0004174899041412966
2019-08-06,0.0004281322551499396
2019-08-07,0.0004087802240576498
2019-08-08,0.0003954160671641581
2019-08-09,0.0004109621359357956
2019-08-10,0.0004109450982700471
2019-08-11,0.00041092806060429867
2019-08-12,0.00047935356769938963
2019-08-13,0.00042818961842845
2019-08-14,0.00044386877776664437
2019-08-15,0.0004571221044793166
2019-08-16,0.0004115219183047458
2019-08-17,0.0004114812041399876
2019-08-18,0.00041144048997522923
2019-08-19,0.000489651643587911
2019-08-20,0.0005328130517601559
2019-08-21,0.0005059811541188956
2019-08-22,0.0004663045155129535
2019-08-23,0.0005072174076103395
2019-08-24,0.0005070403474906216
2019-08-25,0.0005068632873709044
2019-08-26,0.00047673753478551527
2019-08-27,0.0004890211499568679
2019-08-28,0.0004937509185995364
2019-08-29,0.00047495147841731145
2019-08-30,0.00048368508452128155
2019-08-31,0.0004835475715290253
2019-09-01,0.0004834100585367684
2019-09-02,0.00048327254554451145
2019-09-03,0.0004939007558047814
2019-09-04,0.0004691462434208046
2019-09-05,0.0003983950632658916
2019-09-06,0.00040617035473530024
2019-09-07,0.00040615331706955185
2019-09-08,0.00040613627940380335
2019-09-09,0.0003692892070823479
2019-09-10,0.00032773328955773887
2019-09-11,0.00036287618796195496
2019-09-12,0.00032693045628708723
2019-09-13,0.00030093565814473576
2019-09-14,0.0003010957510175111
2019-09-15,0.00030125584389028654
2019-09-16,0.00032608390262064816
2019-09-17,0.00034086236028473487
2019-09-18,0.0003409528650064894
2019-09-19,0.00033038965439045724
2019-09-20,0.0002893298944521332
2019-09-21,0.00028952842414046846
2019-09-22,0.00028972695382880367
2019-09-23,0.00036022596809325133
2019-09-24,0.0003724309287651349
2019-09-25,0.00036363410956878216
2019-09-26,0.00035769173198497235
2019-09-27,0.0003441089649217132
2019-09-28,0.0003442037062615183
2019-09-29,0.00034429844760132345
2019-09-30,0.0003352422691929548
2019-10-01,0.0003541222135657389
2019-10-02,0.00039153592903050014
2019-10-03,0.0003748394754404284
2019-10-04,0.0003629851578182582
2019-10-05,0.0003630608427231491
2019-10-06,0.0003631365276280398
2019-10-07,0.00035255752028888845
2019-10-08,0.00039465362619878425
2019-10-09,0.0003757855018629051
2019-10-10,0.00032835365363083726
2019-10-11,0.0003137278449628291
2019-10-12,0.00031386008510588724
2019-10-13,0.00031399232524894564
2019-10-14,0.000339150117262456
2019-10-15,0.0002937456126397509
2019-10-16,0.0002628071733327133
2019-10-17,0.000271469429162643
2019-10-18,0.00024136912164812515
2019-10-19,0.00024161522507170594
2019-10-20,0.00024186132849528719
2019-10-21,0.00021167767356925074
2019-10-22,0.00023410423440581687
2019-10-23,0.0002114463592563055
2019-10-24,0.00023109747185665904
2019-10-25,0.00023721019429380743
2019-10-26,0.00023741745624708785
2019-10-27,0.00023762471820036832
2019-10-28,0.00024676950425284747
2019-10-29,0.00026076712307786904
2019-10-30,0.000292251736487328
2019-10-31,0.00029527200401511557
2019-11-01,0.00028522501184322503
2019-11-02,0.0002853014352989445
2019-11-03,0.000285377858754664
2019-11-04,0.00025832607003652835
2019-11-05,0.00023835456216204952
2019-11-06,0.00027250213748050115
2019-11-07,0.0002543804766405158
2019-11-08,0.0002544053475077241
2019-11-09,0.000254541802039533
2019-11-10,0.00025467825657134185
2019-11-11,0.00025198795990442316
2019-11-12,0.00026617796760492125
2019-11-13,0.0003105660161362028
2019-11-14,0.00030742646952418686
2019-11-15,0.0002954564668560839
2019-11-16,0.00029549336318543173
2019-11-17,0.00029553025951477925
2019-11-18,0.0003077736091179828
2019-11-19,0.00029438325871190683
2019-11-20,0.0003021540620783736
2019-11-21,0.0003000778289896898
2019-11-22,0.0002992734951069533
2019-11-23,0.0002993010146147165
2019-11-24,0.00029932853412247993
2019-11-25,0.00029485664432416864
2019-11-26,0.00031570727855716527
2019-11-27,0.0003101727708426525
2019-11-28,0.00031017051936813587
2019-11-29,0.0003095469167497191
2019-11-30,0.00030954612627611376
2019-12-01,0.00030954533580250835
2019-12-02,0.0003267629665317989
2019-12-03,0.00031529295686199025
2019-12-04,0.00030270520169019537
2019-12-05,0.00029464616906563695
2019-12-06,0.0002902029914671615
2019-12-07,0.0002902369250859506
2019-12-08,0.0002902708587047396
2019-12-09,0.00030026629962906314
2019-12-10,0.00029472200789247246
2019-12-11,0.00028524230593887753
2019-12-12,0.00022452303154579166
2019-12-13,0.00022496284079690464
2019-12-14,0.00022512097256612766
2019-12-15,0.00022527910433535104
2019-12-16,0.0001975204851394727
2019-12-17,0.00019647134931071873
2019-12-18,0.00019265609761255121
2019-12-19,0.00017926825552138888
2019-12-20,0.00019026553718957983
2019-12-21,0.00019050960987188165
2019-12-22,0.00019075368255418347
2019-12-23,0.00019711741427228316
2019-12-24,0.0002085071550644275
2019-12-25,0.0002087021293676464
2019-12-26,0.00019580041900061132
2019-12-27,0.00019626203741833874
2019-12-28,0.00019648184201062006
2019-12-29,0.0001967016466029014
2019-12-30,0.0002061768204314238
2019-12-31,0.00020107002824045687
2020-01-01,0.00020127025052734472
2020-01-02,0.00016952406937129896
2020-01-03,0.00020097472085647822
2020-01-04,0.00020115529983005906
2020-01-05,0.00020133587880363956
2020-01-06,0.00019113724207429932
2020-01-07,0.00021402954005804572
2020-01-08,0.00020455916356479272
2020-01-09,0.00020312348726997284
2020-01-10,0.0002244890151535679
2020-01-11,0.00022456229141108567
2020-01-12,0.00022463556766860341
2020-01-13,0.00023002134535297225
2020-01-14,0.000256283141435833
2020-01-15,0.00027167899196167407
2020-01-16,0.00026820674999024135
2020-01-17,0.0002629439561865417
2020-01-18,0.0002628717016526577
2020-01-19,0.00026279944711877373
2020-01-20,0.0002627271925848898
2020-01-21,0.00025371196898448965
2020-01-22,0.00028660851677814663
2020-01-23,0.00029018325002186206
2020-01-24,0.00031227660265879364
2020-01-25,0.00031203776466685537
2020-01-26,0.00031179892667491715
2020-01-27,0.0003162062817853024
2020-01-28,0.00029101535213148244
2020-01-29,0.0002814180131220131
2020-01-30,0.00024760604564559347
2020-01-31,0.0002534695826314084
2020-02-01,0.00025334673628837375
2020-02-02,0.0002532238899453387
2020-02-03,0.00025993118768968576
2020-02-04,0.000229804181441678
2020-02-05,0.0002037068778348786
2020-02-06,0.00015528013546455547
2020-02-07,0.0001348286156429215
2020-02-08,0.00013502492711080374
2020-02-09,0.00013522123857868612
2020-02-10,0.00012700690737634098
2020-02-11,0.00012544471582311506
2020-02-12,0.00010586312711881321
2020-02-13,0.00012373951774894231
2020-02-14,0.00013797419739945813
2020-02-15,0.0001381382754942381
2020-02-16,0.00013830235358901804
2020-02-17,0.00013846643168379815
2020-02-18,0.00015877069632483422
2020-02-19,0.00016797768311811295
2020-02-20,0.00016508541798347092
2020-02-21,0.00016043050977359943
2020-02-22,0.0001605321844188247
2020-02-23,0.00016063385906404996
2020-02-24,0.00020168273896762937
2020-02-25,0.0002514560236227029
2020-02-26,0.00025635032303368815
2020-02-27,0.00027589133769517326
2020-02-28,0.00031083080233874325
2020-02-29,0.00031063119901035216
2020-03-01,0.0003104315956819602
2020-03-02,0.00028433417343875014
2020-03-03,0.00033113203912942554
2020-03-04,0.00025107098049982206
2020-03-05,0.0003969970298612009
2020-03-06,0.00037048119905365353
2020-03-07,0.00037016415798039415
2020-03-08,0.0003698471169071348
2020-03-09,0.0006294814200057993
2020-03-10,0.0006870886355997124
2020-03-11,0.0007078507634990252
2020-03-12,0.0008361075377871571
2020-03-13,0.0008321745013484402
2020-03-14,0.0008312471851820082
2020-03-15,0.0008303198690155753
2020-03-16,0.0012350481697543554
2020-03-17,0.0013456131201333395
2020-03-18,0.00144513312953074
2020-03-19,0.0017010601495724572
2020-03-20,0.0014410955447350061
2020-03-21,0.0014395467021252875
2020-03-22,0.0014379978595155736
2020-03-23,0.0012571159241015022
2020-03-24,0.0015254637495313735
2020-03-25,0.0013370561904456446
2020-03-26,0.0014876084724516022
2020-03-27,0.0015670728267205474
2020-03-28,0.0015657312474255003
2020-03-29,0.0015643896681304527
2020-03-30,0.001793654571254961
2020-03-31,0.001928464905343192
2020-04-01,0.001935433575542649
2020-04-02,0.002109117268175151
2020-04-03,0.0018265177622682287
2020-04-04,0.0018247322860432368
2020-04-05,0.0018229468098182441
2020-04-06,0.0019914670927188836
2020-04-07,0.0020859605252737286
2020-04-08,0.001933979631887604
2020-04-09,0.0021644039661067238
2020-04-10,0.0021627758683495754
2020-04-11,0.0021611477705924267
2020-04-12,0.0021595196728352783
2020-04-13,0.0019881010898446655
2020-04-14,0.0021498001026975743
2020-04-15,0.0021699291432800507
2020-04-16,0.0022324875216361982
2020-04-17,0.002428555658632021
2020-04-18,0.002426547896238952
2020-04-19,0.002424540133845884
2020-04-20,0.002543970078756296
2020-04-21,0.0024822780395913693
2020-04-22,0.0022916860032869708
2020-04-23,0.00224333283665482
2020-04-24,0.0024322363922325493
2020-04-25,0.00243008472992307
2020-04-26,0.0024279330676135885
2020-04-27,0.0025123144028128715
2020-04-28,0.002542512527058366
2020-04-29,0.002607586764708972
2020-04-30,0.0026825219091688142
2020-05-01,0.0025545709296064204
2020-05-02,0.002552736196345781
2020-05-03,0.002550901463085142
2020-05-04,0.002507433113030086
2020-05-05,0.0022485944045131934
2020-05-06,0.0023163603275841377
2020-05-07,0.0025395645062495503
2020-05-08,0.002529892171289291
2020-05-09,0.002527894757850103
2020-05-10,0.0025258973444109135
2020-05-11,0.002486984602572518
2020-05-12,0.0024452355446800047
2020-05-13,0.0024461579040067497
2020-05-14,0.0022687973612918384
2020-05-15,0.0022216783691972686
2020-05-16,0.0022196020472395627
2020-05-17,0.002217525725281856
2020-05-18,0.0023594919117655563
2020-05-19,0.002630293190711737
2020-05-20,0.0028043969584757
2020-05-21,0.0027489106553570887
2020-05-22,0.002560800689644013
2020-05-23,0.002558656339056849
2020-05-24,0.0025565119884696837
2020-05-25,0.00255436763788252
2020-05-26,0.002553381939720928
2020-05-27,0.0026644531222247275
2020-05-28,0.0026336505462987584
2020-05-29,0.002709186342812431
2020-05-30,0.002707282180757558
2020-05-31,0.002705378018702684
2020-06-01,0.002704631775420762
2020-06-02,0.002684603341208943
2020-06-03,0.002731542116099271
2020-06-04,0.0026600774101893186
2020-06-05,0.0024676117901435276
2020-06-06,0.0024664780699199477
2020-06-07,0.002465344349696369
2020-06-08,0.0025085134917350554
2020-06-09,0.0025287780744178232
2020-06-10,0.0025593195505106423
2020-06-11,0.0024812414984325074
2020-06-12,0.002424312966961965
2020-06-13,0.002422876507612672
2020-06-14,0.002421440048263378
2020-06-15,0.002512807893655593
2020-06-16,0.0025496196959462285
2020-06-17,0.0025486192131828752
2020-06-18,0.0026183889390775286
2020-06-19,0.002513693413647727
2020-06-20,0.002512111691653336
2020-06-21,0.002510529969658946
2020-06-22,0.002590670409357316
2020-06-23,0.0025878129776067474
2020-06-24,0.0026087826675914314
2020-06-25,0.002698393401686058
2020-06-26,0.0027820821704528775
2020-06-27,0.002780332185749611
2020-06-28,0.0027785822010463427
2020-06-29,0.002739882698797944
2020-06-30,0.002836155399259491
2020-07-01,0.002816277664659673
2020-07-02,0.0027662072645048266
2020-07-03,0.0027646636135517104
2020-07-04,0.0027631199625985925
2020-07-05,0.002761576311645474
2020-07-06,0.002759310780400845
2020-07-07,0.0027758928304264276
2020-07-08,0.0028546805467073062
2020-07-09,0.002853471827919378
2020-07-10,0.0028626077346556506
2020-07-11,0.002861042032672994
2020-07-12,0.0028594763306903346
2020-07-13,0.0028161488740281793
2020-07-14,0.0029251106230378373
2020-07-15,0.002826999067342785
2020-07-16,0.0028329801234915166
2020-07-17,0.0028539699155583796
2020-07-18,0.002852473936372939
2020-07-19,0.0028509779571874983
2020-07-20,0.0028436459271837917
2020-07-21,0.0029872846672865665
2020-07-22,0.0029715103742761905
2020-07-23,0.0029151948287245016
2020-07-24,0.0029403767859048895
2020-07-25,0.0029387846423082537
2020-07-26,0.002937192498711618
2020-07-27,0.003044874749414541
2020-07-28,0.0029222419115238645
2020-07-29,0.0029314140091672605
2020-07-30,0.0030403969466604778
2020-07-31,0.0031234219499549814
2020-08-01,0.0031212968973485093
2020-08-02,0.003119171844742037
2020-08-03,0.00312916901501651
2020-08-04,0.0031121405506670356
2020-08-05,0.003334563120003918
2020-08-06,0.003383310565522481
2020-08-07,0.0034322879579241554
2020-08-08,0.0034299860112597565
2020-08-09,0.003427684064595358
2020-08-10,0.0034503946707479132
2020-08-11,0.0033847510328625617
2020-08-12,0.003531821973343364
2020-08-13,0.0035177693889650473
2020-08-14,0.003512669414916098
2020-08-15,0.0035103041520459554
2020-08-16,0.0035079388891758084
2020-08-17,0.0034821686411032025
2020-08-18,0.003427555444311404
2020-08-19,0.0034312143827374218
2020-08-20,0.0034040462166219383
2020-08-21,0.0034525141474608303
2020-08-22,0.003449996579669488
2020-08-23,0.0034474790118781485
2020-08-24,0.003546343425509333
2020-08-25,0.0034724720264252703
2020-08-26,0.0035410633942752684
2020-08-27,0.0034765456264655784
2020-08-28,0.0034252733229963523
2020-08-29,0.0034230266788622876
2020-08-30,0.0034207800347282233
2020-08-31,0.003452353009940103
2020-09-01,0.003484483612928837
2020-09-02,0.0037087130809006098
2020-09-03,0.00354158630282346
2020-09-04,0.0033867113276963017
2020-09-05,0.0033844484599877276
2020-09-06,0.003382185592279153
2020-09-07,0.0033799227245705785
2020-09-08,0.0033426649070354844
2020-09-09,0.0034934587967287503
2020-09-10,0.0034532015010450253
2020-09-11,0.0035243797947976164
2020-09-12,0.003521871140618916
2020-09-13,0.003519362486440215
2020-09-14,0.0036348286742465675
2020-09-15,0.0035752867878068835
2020-09-16,0.003610708626443868
2020-09-17,0.003547698457932204
2020-09-18,0.0034930048071530615
2020-09-19,0.003490338699314948
2020-09-20,0.0034876725914768335
2020-09-21,0.0032202788691288627
2020-09-22,0.0031509095495650345
2020-09-23,0.002949322091119346
2020-09-24,0.002568487529103973
2020-09-25,0.00232067551461738
2020-09-26,0.002318191170316279
2020-09-27,0.002315706826015174
2020-09-28,0.0026153908687600166
2020-09-29,0.0026557013423224446
2020-09-30,0.002699022140774478
2020-10-01,0.0027192576735065935
2020-10-02,0.002774982128390914
2020-10-03,0.00277250381668149
2020-10-04,0.002770025504972066
2020-10-05,0.0028881022420350184
2020-10-06,0.002867581726247884
2020-10-07,0.0030037000823103727
2020-10-08,0.002985704466122067
2020-10-09,0.0029575468529386834
2020-10-10,0.0029550433317509376
2020-10-11,0.002952539810563192
2020-10-12,0.0030940361760474376
2020-10-13,0.00313444572058212
2020-10-14,0.0030485175961627677
2020-10-15,0.0029522094964095644
2020-10-16,0.00298682981644009
2020-10-17,0.0029842148104877514
2020-10-18,0.0029815998045354107
2020-10-19,0.0030449433559673646
2020-10-20,0.0033046604531228145
2020-10-21,0.003238524935061546
2020-10-22,0.003322760776307966
2020-10-23,0.003291173418045151
2020-10-24,0.0032887210820071104
2020-10-25,0.003286268745969069
2020-10-26,0.003292582467259837
2020-10-27,0.00316286920833388
2020-10-28,0.0029176766836768236
2020-10-29,0.002902050509886179
2020-10-30,0.002791455714130181
2020-10-31,0.0027890795497523217
2020-11-01,0.0027867033853744613
2020-11-02,0.002921698571007955
2020-11-03,0.003227834706367514
2020-11-04,0.0033413947393866007
2020-11-05,0.003435353841588127
2020-11-06,0.0035452870920351094
2020-11-07,0.003542741826517453
2020-11-08,0.0035401965609998
2020-11-09,0.0034212637545809393
2020-11-10,0.003375355183471638
2020-11-11,0.0033514893344275746
2020-11-12,0.003317634248480386
2020-11-13,0.003299741711014885
2020-11-14,0.00329813115198945
2020-11-15,0.0032965205929640145
2020-11-16,0.0032762448066211364
2020-11-17,0.0033732731186679353
2020-11-18,0.0033286203436912387
2020-11-19,0.003314817579482099
2020-11-20,0.0033105403544134967
2020-11-21,0.0033093165165891556
2020-11-22,0.003308092678764815
2020-11-23,0.0033232136103964775
2020-11-24,0.0033143080925764337
2020-11-25,0.0032859104196134655
2020-11-26,0.0032848891795276332
2020-11-27,0.0032125943933783464
2020-11-28,0.0032117638458228908
2020-11-29,0.003210933298267435
2020-11-30,0.003152634679721676
2020-12-01,0.003150692905699655
2020-12-02,0.0031056798576454513
2020-12-03,0.00312432687641144
2020-12-04,0.003023545492271497
2020-12-05,0.0030231989603830313
2020-12-06,0.0030228524284945657
2020-12-07,0.003070799424306402
2020-12-08,0.003079342246200777
2020-12-09,0.003074366219103181
2020-12-10,0.0030681892440003384
2020-12-11,0.003081445040864772
2020-12-12,0.0030808074348104113
2020-12-13,0.0030801698287560506
2020-12-14,0.003053210291974643
2020-12-15,0.0030817744635028487
2020-12-16,0.003080499376950873
2020-12-17,0.003053895542531038
2020-12-18,0.0030491193936543187
2020-12-19,0.003048570525970034
2020-12-20,0.0030480216582857503
2020-12-21,0.003054073912946975
2020-12-22,0.003031650007259351
2020-12-23,0.0030332111793204735
2020-12-24,0.003021669569123565
2020-12-25,0.0030211695947319167
2020-12-26,0.003020669620340268
2020-12-27,0.0030201696459486197
2020-12-28,0.003003073693941214
2020-12-29,0.003028550688253308
2020-12-30,0.003009728765365743
2020-12-31,0.0030341958371318412
2021-01-01,0.0030336710494822216
2021-01-02,0.003033146261832602
2021-01-03,0.003032621474182982
2021-01-04,0.0030563621365339642
2021-01-05,0.003076687977409047
2021-01-06,0.0030605788532864966
2021-01-07,0.0031027026062385144
2021-01-08,0.003085270160584683
2021-01-09,0.003084853780620526
2021-01-10,0.003084437400656368
2021-01-11,0.00308374967449954
2021-01-12,0.0031066666788518325
2021-01-13,0.003089767172880679
2021-01-14,0.0031157596712886896
2021-01-15,0.0031263872120155856
2021-01-16,0.0031257401236007417
2021-01-17,0.003125093035185898
2021-01-18,0.003124445946771054
2021-01-19,0.0030975736010131183
2021-01-20,0.0030991227980090947
2021-01-21,0.003100708462083976
2021-01-22,0.0031030791135216547
2021-01-23,0.0031024050535492756
2021-01-24,0.0031017309935768953
2021-01-25,0.0030706032855604545
2021-01-26,0.003133386732884803
2021-01-27,0.003126863774644274
2021-01-28,0.0031715219419907116
2021-01-29,0.003100836324441563
2021-01-30,0.0030999642750012455
2021-01-31,0.0030990922255609296
2021-02-01,0.003164900721956493
2021-02-02,0.0031075664666401523
2021-02-03,0.003110013766332143
2021-02-04,0.0030382191252808642
2021-02-05,0.003002903712280712
2021-02-06,0.0030025563391409783
2021-02-07,0.0030022089660012435
2021-02-08,0.003009739486390992
2021-02-09,0.0030376534272329074
2021-02-10,0.0030461991595164134
2021-02-11,0.00302700773045314
2021-02-12,0.003034135595347652
2021-02-13,0.003033752350640271
2021-02-14,0.0030333691059328902
2021-02-15,0.003032985861225509
2021-02-16,0.0030518812107768645
2021-02-17,0.003041209988573648
2021-02-18,0.003019069289923214
2021-02-19,0.0030176563473277708
2021-02-20,0.0030173579547713046
2021-02-21,0.003017059562214838
2021-02-22,0.003040628206959126
2021-02-23,0.003004847528967597
2021-02-24,0.003011419075264373
2021-02-25,0.003004121197944815
2021-02-26,0.003000650969558001
2021-02-27,0.0030004425036340415
2021-02-28,0.0030002340377100825
2021-03-01,0.003022425943952382
2021-03-02,0.0030364387197383746
2021-03-03,0.0030138076797574316
2021-03-04,0.0029958794116516667
2021-03-05,0.0029787751138328237
2021-03-06,0.0029786628757013296
2021-03-07,0.002978550637569835
2021-03-08,0.002979078246325675
2021-03-09,0.0029934780093752466
2021-03-10,0.0029956438771135694
2021-03-11,0.0029819195201570593
2021-03-12,0.0029568173804915897
2021-03-13,0.002956756047369317
2021-03-14,0.002956694714247043
2021-03-15,0.0029764695732907597
2021-03-16,0.0029931588484939644
2021-03-17,0.0029825522890756908
2021-03-18,0.0030034642689634712
2021-03-19,0.003017686770210509
2021-03-20,0.003017423933642439
2021-03-21,0.003017161097074369
2021-03-22,0.00308302517703346
2021-03-23,0.0030458214424023493
2021-03-24,0.0030441765498220503
2021-03-25,0.0030765555008818246
2021-03-26,0.0030585308912185957
2021-03-27,0.0030580151583078285
2021-03-28,0.0030574994253970635
2021-03-29,0.003021624782154853
2021-03-30,0.002998880107058612
2021-03-31,0.003003811086294599
2021-04-01,0.003032283112371188
2021-04-02,0.003031790147355859
2021-04-03,0.00303129718234053
2021-04-04,0.0030308042173252
2021-04-05,0.0030327457411961963
2021-04-06,0.0030484311082087322
2021-04-07,0.0030403412565570705
2021-04-08,0.0030360068847181
2021-04-09,0.003053426897131274
2021-04-10,0.003052931336998711
2021-04-11,0.0030524357768661474
2021-04-12,0.003044646966304403
2021-04-13,0.0029984433794889437
2021-04-14,0.0030007181844795973
2021-04-15,0.0030307049644686655
2021-04-16,0.0030499908323301525
2021-04-17,0.003049482478729658
2021-04-18,0.003048974125129164
2021-04-19,0.0030067489961570376
2021-04-20,0.003013798557196776
2021-04-21,0.0029980348192480796
2021-04-22,0.002953388687272461
2021-04-23,0.0029686512028962815
2021-04-24,0.0029682298309680927
2021-04-25,0.0029678084590399043
2021-04-26,0.002936225655543686
2021-04-27,0.0029057136802411723
2021-04-28,0.0029339316897006055
2021-04-29,0.0029164158692415393
2021-04-30,0.002882520769108537
2021-05-01,0.0028823630094125335
2021-05-02,0.00288220524971653
2021-05-03,0.002876590787055539
2021-05-04,0.0028477426363074415
2021-05-05,0.00284142079076799
2021-05-06,0.002836951910088822
2021-05-07,0.0028280770251954144
2021-05-08,0.002828079040187098
2021-05-09,0.002828081055178781
2021-05-10,0.002813763106767386
2021-05-11,0.0027938105091272953
2021-05-12,0.002816895623304974
2021-05-13,0.0028004563833910765
2021-05-14,0.0027569179991010313
2021-05-15,0.0027571289416774827
2021-05-16,0.002757339884253934
2021-05-17,0.0027716275988595583
2021-05-18,0.0027453941683313813
2021-05-19,0.002776556998796413
2021-05-20,0.0027780755981912488
2021-05-21,0.0027561602368779852
2021-05-22,0.0027563582516753047
2021-05-23,0.0027565562664726246
2021-05-24,0.002762559810553008
2021-05-25,0.002764534195641402
2021-05-26,0.0027625486663368916
2021-05-27,0.002740942262348489
2021-05-28,0.002752001650236603
2021-05-29,0.0027521536725456067
2021-05-30,0.0027523056948546088
2021-05-31,0.0027524577171636126
2021-06-01,0.0027335646922915253
2021-06-02,0.0027358227873941748
2021-06-03,0.002729758128696692
2021-06-04,0.0027381312746796228
2021-06-05,0.002738343927926614
2021-06-06,0.002738556581173605
2021-06-07,0.0027258930289030384
2021-06-08,0.0027291297293702958
2021-06-09,0.0027391231765303142
2021-06-10,0.00274200559187124
2021-06-11,0.002739979303147847
2021-06-12,0.0027402383180993974
2021-06-13,0.002740497333050948
2021-06-14,0.0027327108990846546
2021-06-15,0.002717378952764347
2021-06-16,0.0027354323869488847
2021-06-17,0.0027506245710394845
2021-06-18,0.0027926897740116904
2021-06-19,0.0027929037171378415
2021-06-20,0.002793117660263992
2021-06-21,0.0027698858901371846
2021-06-22,0.0027633352741929687
2021-06-23,0.0027658783349769657
2021-06-24,0.0027295675387719745
2021-06-25,0.0027185629744766546
2021-06-26,0.0027189660966527845
2021-06-27,0.0027193692188289148
2021-06-28,0.0027583025338721472
2021-06-29,0.0027783214360611224
2021-06-30,0.0027883167869211236
2021-07-01,0.002739305980435609
2021-07-02,0.0027754392298608445
2021-07-03,0.0027757265563670835
2021-07-04,0.0027760138828733234
2021-07-05,0.002776301209379563
2021-07-06,0.00278927740563022
2021-07-07,0.002809024968869859
2021-07-08,0.0028680499850545424
2021-07-09,0.002777410182878503
2021-07-10,0.0027777251148830917
2021-07-11,0.0027780400468876802
2021-07-12,0.0027760810599041586
2021-07-13,0.002824953172878512
2021-07-14,0.0028104055360231345
2021-07-15,0.002812604142613528
2021-07-16,0.0028675924380833964
2021-07-17,0.0028677243117233705
2021-07-18,0.0028678561853633447
2021-07-19,0.002928454008819522
2021-07-20,0.0029100333931906643
2021-07-21,0.00285047713260917
2021-07-22,0.0028609081545031153
2021-07-23,0.00283367489366893
2021-07-24,0.0028338922086893377
2021-07-25,0.0028341095237097444
2021-07-26,0.002803248802589413
2021-07-27,0.002801664315614922
2021-07-28,0.0028135574669236668
2021-07-29,0.0027988544301441004
2021-07-30,0.0028074628385863416
2021-07-31,0.0028076938236002934
2021-08-01,0.0028079248086142457
2021-08-02,0.002801235666204562
2021-08-03,0.0027672338992347735
2021-08-04,0.002767821874656913
2021-08-05,0.002763779821136659
2021-08-06,0.0027420006128842777
2021-08-07,0.002742436105564235
2021-08-08,0.0027428715982441925
2021-08-09,0.002750668780888218
2021-08-10,0.002738441568630714
2021-08-11,0.0027173783224678956
2021-08-12,0.0027215831297431933
2021-08-13,0.002722059082046431
2021-08-14,0.0027225292745622154
2021-08-15,0.002722999467077999
2021-08-16,0.002728054209765059
2021-08-17,0.0027647666904252804
2021-08-18,0.0027570829924835182
2021-08-19,0.002786924081146471
2021-08-20,0.00278808692420858
2021-08-21,0.002788397847560694
2021-08-22,0.0027887087709128075
2021-08-23,0.00278542024607847
2021-08-24,0.002794412361970325
2021-08-25,0.002758956387532331
2021-08-26,0.002786007323992341
2021-08-27,0.0027827024879074308
2021-08-28,0.002783006743783913
2021-08-29,0.0027833109996603955
2021-08-30,0.0027981136878400302
2021-08-31,0.0027905030857976014
2021-09-01,0.0027714640729919033
2021-09-02,0.0027812509581327033
2021-09-03,0.0027787476186202516
2021-09-04,0.0027791025430707536
2021-09-05,0.002779457467521255
2021-09-06,0.0027798123919717567
2021-09-07,0.002789891112250342
2021-09-08,0.0028023644584066402
2021-09-09,0.0028054830772592508
2021-09-10,0.0028127774795892796
2021-09-11,0.002813046646568495
2021-09-12,0.002813315813547711
2021-09-13,0.0027848189663336074
2021-09-14,0.00279361036330196
2021-09-15,0.0027770267606059937
2021-09-16,0.0027554919815065467
2021-09-17,0.0027888441451359835
2021-09-18,0.002789263210770707
2021-09-19,0.002789682276405431
2021-09-20,0.0029273368168099504
2021-09-21,0.0029114639485204783
2021-09-22,0.002873187630440448
2021-09-23,0.002814826311290614
2021-09-24,0.0027853814328309082
2021-09-25,0.0027858434310253513
2021-09-26,0.002786305429219794
2021-09-27,0.0027575175181354765
2021-09-28,0.002781991724996322
2021-09-29,0.0027803361921316175
2021-09-30,0.0027924709950203678
2021-10-01,0.002803124704513267
2021-10-02,0.0028035356003594768
2021-10-03,0.0028039464962056867
2021-10-04,0.0028038487433599078
2021-10-05,0.002719798469803432
2021-10-06,0.002722799367688543
2021-10-07,0.0027058429897563077
2021-10-08,0.002707293748496465
2021-10-09,0.0027077800954073724
2021-10-10,0.0027082664423182796
2021-10-11,0.0027266208825043907
2021-10-12,0.0027181720259539357
2021-10-13,0.0027495388798042804
2021-10-14,0.002753235118155114
2021-10-15,0.002726374905534829
2021-10-16,0.002726730024447897
2021-10-17,0.0027270851433609648
2021-10-18,0.002725569741883376
2021-10-19,0.0027264822495152163
2021-10-20,0.002710768132711892
2021-10-21,0.0027363601865949927
2021-10-22,0.0027309222901619073
2021-10-23,0.002731172768101788
2021-10-24,0.002731423246041669
2021-10-25,0.0027318555039955645
2021-10-26,0.0027317673159952057
2021-10-27,0.002737066467432599
2021-10-28,0.002728550323684562
2021-10-29,0.002707600220409385
2021-10-30,0.0027080184536225167
2021-10-31,0.002708436686835649
2021-11-01,0.0026761757848652863
2021-11-02,0.0026774191171031374
2021-11-03,0.002674933172929159
2021-11-04,0.0027038921590683915
2021-11-05,0.002699066411543533
2021-11-06,0.0026994399417531196
2021-11-07,0.002699813471962707
2021-11-08,0.002701833404597214
2021-11-09,0.0027048674460187394
2021-11-10,0.002714225684509346
2021-11-11,0.00270701350661323
2021-11-12,0.002708509717738132
2021-11-13,0.0027089213569183456
2021-11-14,0.0027093329960985587
2021-11-15,0.002735914936009546
2021-11-16,0.002745458994177143
2021-11-17,0.002745095753816685
2021-11-18,0.0027674899111271374
2021-11-19,0.0027683652754557963
2021-11-20,0.0027683105450297197
2021-11-21,0.0027682558146036435
2021-11-22,0.0027690277873371385
2021-11-23,0.002788679597672817
2021-11-24,0.0028158459344100593
2021-11-25,0.0028155779516560297
2021-11-26,0.00282068379569068
2021-11-27,0.0028202648083154843
2021-11-28,0.002819845820940289
2021-11-29,0.0028515336017659446
2021-11-30,0.002889970186898975
2021-12-01,0.002884604478182657
2021-12-02,0.002918180860364441
2021-12-03,0.002900713496711208
2021-12-04,0.0029001312193808254
2021-12-05,0.002899548942050444
2021-12-06,0.0028836375779172255
2021-12-07,0.002889951498077693
2021-12-08,0.0028780436982417954
2021-12-09,0.00288685140202215
2021-12-10,0.002875115002915136
2021-12-11,0.0028747867464080025
2021-12-12,0.0028744584899008693
2021-12-13,0.002878401694616302
2021-12-14,0.002872967045589912
2021-12-15,0.002855774304711383
2021-12-16,0.0028809552968876865
2021-12-17,0.002871621059302472
2021-12-18,0.0028711557962132228
2021-12-19,0.0028706905331239737
2021-12-20,0.0028378442312544197
2021-12-21,0.002847387583498079
2021-12-22,0.002843092612935823
2021-12-23,0.0028444700186547127
2021-12-24,0.002844178796362462
2021-12-25,0.0028438875740702104
2021-12-26,0.002843596351777959
2021-12-27,0.0028489541272146302
2021-12-28,0.002854457212114755
2021-12-29,0.002844313713567803
2021-12-30,0.0028400364329668245
2021-12-31,0.002839676901591636
2022-01-01,0.002839415646392385
2022-01-02,0.0028391543911931334
2022-01-03,0.0028421231802333554
2022-01-04,0.002852727870961103
2022-01-05,0.0028507121492582946
2022-01-06,0.002858345248149035
2022-01-07,0.0028614132423468567
2022-01-08,0.0028613309915516585
2022-01-09,0.0028612487407564608
2022-01-10,0.0028600537782474266
2022-01-11,0.002860280453672068
2022-01-12,0.0028609342804739985
2022-01-13,0.002860945663320346
2022-01-14,0.0028617118851627524
2022-01-15,0.002861774825742072
2022-01-16,0.0028618377663213916
2022-01-17,0.0028619007069007113
2022-01-18,0.002863447063822349
2022-01-19,0.002865598592568
2022-01-20,0.0028665724523879626
2022-01-21,0.002866695382024337
2022-01-22,0.0028666124043048276
2022-01-23,0.002866529426585318
2022-01-24,0.002858181237598822
2022-01-25,0.0028611644444534977
2022-01-26,0.0028635803093944438
2022-01-27,0.00285460975054779
2022-01-28,0.002848867602463044
2022-01-29,0.0028488849126054074
2022-01-30,0.0028489022227477703
2022-01-31,0.0028511402814622427
2022-02-01,0.0028617628157919985
2022-02-02,0.00286953816493339
2022-02-03,0.0028589735539536767
2022-02-04,0.0028657592558168927
2022-02-05,0.002865715515141699
2022-02-06,0.002865671774466505
2022-02-07,0.002864255927263493
2022-02-08,0.0028795590528864676
2022-02-09,0.00288094900894059
2022-02-10,0.0028910915381845617
2022-02-11,0.002866210385234493
2022-02-12,0.002866138764684914
2022-02-13,0.002866067144135336
2022-02-14,0.0028541495074637245
2022-02-15,0.002870762514873854
2022-02-16,0.0028693786111644646
2022-02-17,0.0028627936824568894
2022-02-18,0.0028617877297631316
2022-02-19,0.002861691541822049
2022-02-20,0.0028615953538809664
2022-02-21,0.0028614991659398838
2022-02-22,0.002853567926787141
2022-02-23,0.0028510617478336086
2022-02-24,0.002840359119123384
2022-02-25,0.0028669515977630925
2022-02-26,0.002866774012763065
2022-02-27,0.002866596427763037
2022-02-28,0.002862201112563704
2022-03-01,0.0028562095149380707
2022-03-02,0.0028200773474419344
2022-03-03,0.002822970831671038
2022-03-04,0.0028148643293418882
2022-03-05,0.002814397888078678
2022-03-06,0.0028139314468154674
2022-03-07,0.002927362545618872
2022-03-08,0.002940411593725856
2022-03-09,0.0029021529310264975
2022-03-10,0.0028800095363371104
2022-03-11,0.0029172457677224864
2022-03-12,0.0029167719787303718
2022-03-13,0.0029162981897382576
2022-03-14,0.002905244011307393
2022-03-15,0.002889618970704995
2022-03-16,0.002905212491433176
2022-03-17,0.0029214106826655137
2022-03-18,0.0029464937810428178
2022-03-19,0.002946140906813558
2022-03-20,0.0029457880325842985
2022-03-21,0.002955915529258774
2022-03-22,0.002980726480109006
2022-03-23,0.002978130152838874
2022-03-24,0.002993426639122311
2022-03-25,0.003010985370178486
2022-03-26,0.003010437215155081
2022-03-27,0.0030098890601316774
2022-03-28,0.0029936672706679748
2022-03-29,0.0030053821699486992
2022-03-30,0.0029989181211897867
2022-03-31,0.003016191638060568
2022-04-01,0.0030241515565662897
2022-04-02,0.003023626881499212
2022-04-03,0.0030231022064321333
2022-04-04,0.003039500730453872
2022-04-05,0.0029729731551769154
2022-04-06,0.0029848815994498097
2022-04-07,0.0029748951504060183
2022-04-08,0.002973080215582667
2022-04-09,0.002972320101728962
2022-04-10,0.002971559987875257
2022-04-11,0.002947943672385575
2022-04-12,0.0028735300374943913
2022-04-13,0.0028683291253286964
2022-04-14,0.002830361585476184
2022-04-15,0.002829791387210819
2022-04-16,0.0028292211889454537
2022-04-17,0.002828650990680088
2022-04-18,0.002817589133944437
2022-04-19,0.002833708632039912
2022-04-20,0.0028375008252026993
2022-04-21,0.002797939221347739
2022-04-22,0.0028097119378171246
2022-04-23,0.0028091241106911274
2022-04-24,0.002808536283565131
2022-04-25,0.0028312806572497714
2022-04-26,0.0028693797115837564
2022-04-27,0.002943595521703483
2022-04-28,0.0029193698551078623
2022-04-29,0.002791951239278747
2022-04-30,0.0027912950514131533
2022-05-01,0.002790638863547559
2022-05-02,0.0028316748008278526
2022-05-03,0.0028769619279917415
2022-05-04,0.0029451469578729373
2022-05-05,0.002947327811273104
2022-05-06,0.002922121370611313
2022-05-07,0.0029211601907504054
2022-05-08,0.0029201990108894977
2022-05-09,0.0028057404860407026
2022-05-10,0.002848070821732874
2022-05-11,0.002831882725314692
2022-05-12,0.002828265519750365
2022-05-13,0.0028689405065593734
2022-05-14,0.002868110630231731
2022-05-15,0.00286728075390409
2022-05-16,0.0028310877949079133
2022-05-17,0.0028598201990029442
2022-05-18,0.002872288169154841
2022-05-19,0.002930241627017297
2022-05-20,0.0029539218864123935
2022-05-21,0.0029530118790288126
2022-05-22,0.0029521018716452308
2022-05-23,0.0030029767724993606
2022-05-24,0.003040969494207013
2022-05-25,0.0030059198465487756
2022-05-26,0.003034948893605679
2022-05-27,0.0030305583652387494
2022-05-28,0.0030298460286506683
2022-05-29,0.0030291336920625868
2022-05-30,0.003028421355474505
2022-05-31,0.0030070712012361498
2022-06-01,0.0030139173911629545
2022-06-02,0.0030445307214034207
2022-06-03,0.003020319401603476
2022-06-04,0.0030195560144164343
2022-06-05,0.0030187926272293923
2022-06-06,0.0030192056615350547
2022-06-07,0.003009285066512855
2022-06-08,0.0029210110115290636
2022-06-09,0.002930597393557159
2022-06-10,0.0030085907438504185
2022-06-11,0.0030073615750202515
2022-06-12,0.003006132406190084
2022-06-13,0.002899206662977964
2022-06-14,0.0028600955117185035
2022-06-15,0.0028578859781855136
2022-06-16,0.00273896079612867
2022-06-17,0.0027211486981455727
2022-06-18,0.002719990067289753
2022-06-19,0.002718831436433934
2022-06-20,0.002717672805578113
2022-06-21,0.002740951840739118
2022-06-22,0.0027466528327991786
2022-06-23,0.002732859998142148
2022-06-24,0.002928496202377842
2022-06-25,0.002927316995727571
2022-06-26,0.0029261377890773027
2022-06-27,0.0028940025785239554
2022-06-28,0.00286174016457383
2022-06-29,0.0028168273773234945
2022-06-30,0.0028062176708890936
2022-07-01,0.002770704531999787
2022-07-02,0.002769578165111234
2022-07-03,0.0027684517982226814
2022-07-04,0.002767325431334129
2022-07-05,0.0027583586944822614
2022-07-06,0.002748389851508442
2022-07-07,0.0027349294607443048
2022-07-08,0.002775649183438373
2022-07-09,0.002774452295125945
2022-07-10,0.0027732554068135165
2022-07-11,0.0028056311511076557
2022-07-12,0.0030194707826768706
2022-07-13,0.0029242040849432596
2022-07-14,0.002861125308463455
2022-07-15,0.0029050652725593727
2022-07-16,0.0029035897174695966
2022-07-17,0.00290211416237982
2022-07-18,0.0029581941359850665
2022-07-19,0.0029523622006310626
2022-07-20,0.0030063643310544747
2022-07-21,0.003080685602045496
2022-07-22,0.003087496442204625
2022-07-23,0.00308600301840577
2022-07-24,0.0030845095946069132
2022-07-25,0.0031013200399047348
2022-07-26,0.0026281037957387237
2022-07-27,0.0026471505449370968
2022-07-28,0.0028049881119682615
2022-07-29,0.0027504862706072162
2022-07-30,0.002749346917819853
2022-07-31,0.0027482075650324877
2022-08-01,0.00276354842581895
2022-08-02,0.002718499291887957
2022-08-03,0.00266054272766624
2022-08-04,0.002734118561692418
2022-08-05,0.0026323611306814316
2022-08-06,0.0026313759170707757
2022-08-07,0.00263039070346012
2022-08-08,0.002690271448406803
2022-08-09,0.002616617257691247
2022-08-10,0.002679658838965831
2022-08-11,0.0027088850507164556
2022-08-12,0.0027230158108696506
2022-08-13,0.0027221058901972664
2022-08-14,0.002721195969524883
2022-08-15,0.0026948727945877997
2022-08-16,0.002681338619704356
2022-08-17,0.0026503784009064887
2022-08-18,0.00265950870790383
2022-08-19,0.0026548167202957067
2022-08-20,0.002653798068376858
2022-08-21,0.00265277941645801
2022-08-22,0.0026349285624724305
2022-08-23,0.002640542363639302
2022-08-24,0.002621012344797186
2022-08-25,0.0026915744265442413
2022-08-26,0.0026734880724464177
2022-08-27,0.0026722807026487486
2022-08-28,0.0026710733328510795
2022-08-29,0.00273704977629708
2022-08-30,0.002705957192852256
2022-08-31,0.0026908058184294276
2022-09-01,0.0025789537478399234
2022-09-02,0.00262498017900217
2022-09-03,0.002623798141595763
2022-09-04,0.002622616104189356
2022-09-05,0.0026214340667829496
2022-09-06,0.0026569140043759473
2022-09-07,0.0026200508100544836
2022-09-08,0.0026393985985176016
2022-09-09,0.002600517250816548
2022-09-10,0.0025996048187358
2022-09-11,0.0025986923866550536
2022-09-12,0.002594782255219592
2022-09-13,0.0026569769569890506
2022-09-14,0.002601259593905986
2022-09-15,0.002599610991942024
2022-09-16,0.002517901867354886
2022-09-17,0.002517080566798438
2022-09-18,0.0025162592662419897
2022-09-19,0.0025118439082101917
2022-09-20,0.002494811336642283
2022-09-21,0.0024969164349256867
2022-09-22,0.0023816325969545733
2022-09-23,0.0023915769318001256
2022-09-24,0.002390646061509349
2022-09-25,0.0023897151912185732
2022-09-26,0.0023665579641016033
2022-09-27,0.002462127761142591
2022-09-28,0.0024902365482259835
2022-09-29,0.002443784139894086
2022-09-30,0.002393870950015088
2022-10-01,0.0023928641400730983
2022-10-02,0.002391857330131109
2022-10-03,0.0023388880181618318
2022-10-04,0.0023610588487122863
2022-10-05,0.0023684415728711977
2022-10-06,0.002263687572532714
2022-10-07,0.002383257554730005
2022-10-08,0.00238228639372763
2022-10-09,0.0023813152327252546
2022-10-10,0.0023510347633071017
2022-10-11,0.0023554871643875637
2022-10-12,0.0022407948596492367
2022-10-13,0.002223849799103042
2022-10-14,0.0021575359549476326
2022-10-15,0.0021566919943128452
2022-10-16,0.0021558480336780566
2022-10-17,0.0020939907793307193
2022-10-18,0.002090566254073772
2022-10-19,0.002082445556633631
2022-10-20,0.002002229431772288
2022-10-21,0.002007092212836439
2022-10-22,0.0020064871986761952
2022-10-23,0.002005882184515951
2022-10-24,0.0019287364221667147
2022-10-25,0.002112909514246296
2022-10-26,0.0020553870696203695
2022-10-27,0.0020340757845042612
2022-10-28,0.002052515228022805
2022-10-29,0.002051970677397396
2022-10-30,0.0020514261267719877
2022-10-31,0.002047973157552444
2022-11-01,0.002019362151728321
2022-11-02,0.0020089173071176874
2022-11-03,0.0020293861495717285
2022-11-04,0.002036693946233844
2022-11-05,0.002036194755761598
2022-11-06,0.0020356955652893528
2022-11-07,0.002038459587446843
2022-11-08,0.0020395438003473453
2022-11-09,0.0020769419097605686
2022-11-10,0.0021659407523757545
2022-11-11,0.0022767839584843107
2022-11-12,0.002276177380553206
2022-11-13,0.002275570802622101
2022-11-14,0.002227000616376855
2022-11-15,0.00224299175614076
2022-11-16,0.002228790543881071
2022-11-17,0.0022185894824494285
2022-11-18,0.0021988436091386013
2022-11-19,0.002198348820468277
2022-11-20,0.0021978540317979527
2022-11-21,0.0022099498757510543
2022-11-22,0.002171275595949526
2022-11-23,0.0021793163994177417
2022-11-24,0.0021788789736743603
2022-11-25,0.0021464567565235466
2022-11-26,0.002146102988497222
2022-11-27,0.002145749220470898
2022-11-28,0.002146053024525326
2022-11-29,0.0021313128705639857
2022-11-30,0.002125070710584253
2022-12-01,0.002142227066659226
2022-12-02,0.0021167916689224164
2022-12-03,0.0021164823938514144
2022-12-04,0.0021161731187804124
2022-12-05,0.002159739404288298
2022-12-06,0.002139802459944007
2022-12-07,0.002133201660700475
2022-12-08,0.0021286640874058752
2022-12-09,0.002126368198575524
2022-12-10,0.0021260039903231547
2022-12-11,0.0021256397820707843
2022-12-12,0.0021237939161331894
2022-12-13,0.002148965535884582
2022-12-14,0.002114052360829355
2022-12-15,0.002151532562939408
2022-12-16,0.002098760119484384
2022-12-17,0.0020983903941441764
2022-12-18,0.002098020668803969
2022-12-19,0.0021112906857582887
2022-12-20,0.0020539840538066154
2022-12-21,0.0020472881702712584
2022-12-22,0.0020529133662211757
2022-12-23,0.0020616972033809778
2022-12-24,0.0020614547150398363
2022-12-25,0.002061212226698695
2022-12-26,0.0020609697383575537
2022-12-27,0.002065463926823126
2022-12-28,0.002060247758335412
2022-12-29,0.0020619068688986788
2022-12-30,0.002063728690367297
2022-12-31,0.0020634810783039083
2023-01-01,0.0020632334662405187
2023-01-02,0.002062985854177129
2023-01-03,0.002036271656112301
2023-01-04,0.0020003178865790755
2023-01-05,0.001991281801323278
2023-01-06,0.001979271199613549
2023-01-07,0.0019792893004854824
2023-01-08,0.0019793074013574156
2023-01-09,0.001966929950396534
2023-01-10,0.0019524327696368977
2023-01-11,0.0019658195114637886
2023-01-12,0.0019508502284041455
2023-01-13,0.0019468080957016783
2023-01-14,0.0019469201103372003
2023-01-15,0.001947032124972722
2023-01-16,0.001947144139608244
2023-01-17,0.0019445001486095344
2023-01-18,0.0019492327436934883
2023-01-19,0.001953625191097288
2023-01-20,0.0019448007871652583
2023-01-21,0.0019448892426777462
2023-01-22,0.0019449776981902342
2023-01-23,0.0019387473297601818
2023-01-24,0.0019433611119874937
2023-01-25,0.0019493117140975365
2023-01-26,0.0019407415362600593
2023-01-27,0.0019431893678618526
2023-01-28,0.001943289306196774
2023-01-29,0.0019433892445316955
2023-01-30,0.0019450551960627912
2023-01-31,0.0019354694793824925
2023-02-01,0.0019089941714206394
2023-02-02,0.0019101859454862542
2023-02-03,0.0019090148134211181
2023-02-04,0.0019093389003895429
2023-02-05,0.0019096629873579679
2023-02-06,0.0019268950575554824
2023-02-07,0.0019202198689852261
2023-02-08,0.0019242666925059447
2023-02-09,0.0019222552122814928
2023-02-10,0.0019283634936734016
2023-02-11,0.0019285850464994434
2023-02-12,0.001928806599325485
2023-02-13,0.0019166643555363926
2023-02-14,0.0019070599097308727
2023-02-15,0.0019085620920671993
2023-02-16,0.001909483824969337
2023-02-17,0.0019100400642774148
2023-02-18,0.0019103709399849978
2023-02-19,0.0019107018156925809
2023-02-20,0.0019110326914001637
2023-02-21,0.0019214807807178729
2023-02-22,0.0019318459725632209
2023-02-23,0.0019195833996311176
2023-02-24,0.0019279030490959752
2023-02-25,0.0019282639869705879
2023-02-26,0.0019286249248452003
2023-02-27,0.001903744325044031
2023-02-28,0.001891132343821994
2023-03-01,0.0019032756731452276
2023-03-02,0.0019114616771416693
2023-03-03,0.0018676434437366223
2023-03-04,0.0018681851571110755
2023-03-05,0.001868726870485529
2023-03-06,0.0018647488354999245
2023-03-07,0.001910497594872298
2023-03-08,0.0019168543319896584
2023-03-09,0.0019521063933561394
2023-03-10,0.0020074766239293416
2023-03-11,0.0020078794947065055
2023-03-12,0.002008282365483669
2023-03-13,0.0021108618095452463
2023-03-14,0.002072188243583001
2023-03-15,0.0021869219344044476
2023-03-16,0.0021436197610719887
2023-03-17,0.002214506571023185
2023-03-18,0.002214560819117215
2023-03-19,0.0022146150672112458
2023-03-20,0.002163733361829714
2023-03-21,0.00210022582051852
2023-03-22,0.002116019798070102
2023-03-23,0.00213704659560808
2023-03-24,0.0021711219017390747
2023-03-25,0.002171259637580185
2023-03-26,0.002171397373421295
2023-03-27,0.002141619382964014
2023-03-28,0.0021284422117961205
2023-03-29,0.0020738320617489426
2023-03-30,0.0020607429192574514
2023-03-31,0.0020717564766831696
2023-04-01,0.002071912469078317
2023-04-02,0.0020720684614734647
2023-04-03,0.002098169307376248
2023-04-04,0.002080591430177095
2023-04-05,0.002069073197691211
2023-04-06,0.002056270325366526
2023-04-07,0.0020565197613708324
2023-04-08,0.0020567691973751396
2023-04-09,0.002057018633379447
2023-04-10,0.0020608322734306317
2023-04-11,0.0020607327306616666
2023-04-12,0.0020452375405591943
2023-04-13,0.002032439962318569
2023-04-14,0.002014823485873009
2023-04-15,0.0020151458766610904
2023-04-16,0.002015468267449172
2023-04-17,0.00204099591847006
2023-04-18,0.0020300175523976843
2023-04-19,0.0020195101566808467
2023-04-20,0.002056411742625099
2023-04-21,0.0020683114925456924
2023-04-22,0.002068758362916586
2023-04-23,0.0020692052332874807
2023-04-24,0.002043894653349661
2023-04-25,0.0021309999279729105
2023-04-26,0.0021009547408176957
2023-04-27,0.002014126412559901
2023-04-28,0.002078407026876474
2023-04-29,0.002078829636668854
2023-04-30,0.002079252246461234
2023-05-01,0.0020938899682743043
2023-05-02,0.0021440908066619056
2023-05-03,0.0021780711995629237
2023-05-04,0.002202926027432245
2023-05-05,0.002176191815706433
2023-05-06,0.002176451534244416
2023-05-07,0.0021767112527823988
2023-05-08,0.002163297723851554
2023-05-09,0.0021873317963520544
2023-05-10,0.002187587607776848
2023-05-11,0.0021274716725283895
2023-05-12,0.0021219267779232012
2023-05-13,0.0021223410381573378
2023-05-14,0.002122755298391475
2023-05-15,0.0021965286526343976
2023-05-16,0.002228153168570746
2023-05-17,0.002178791340943763
2023-05-18,0.002160891264778266
2023-05-19,0.0021688053152634315
2023-05-20,0.0021690590303623334
2023-05-21,0.0021693127454612345
2023-05-22,0.0021606420092114935
2023-05-23,0.002185421817464263
2023-05-24,0.0022121285467187365
2023-05-25,0.002196774152697742
2023-05-26,0.002172993451599791
2023-05-27,0.0021732524465231267
2023-05-28,0.002173511441446462
2023-05-29,0.002173770436369798
2023-05-30,0.002207620786894156
2023-05-31,0.002297404081723781
2023-06-01,0.0022484937299520726
2023-06-02,0.002184786984502966
2023-06-03,0.0021850403663698317
2023-06-04,0.002185293748236697
2023-06-05,0.002201476091597346
2023-06-06,0.002185345161640378
2023-06-07,0.00219468165385865
2023-06-08,0.0021567622514324725
2023-06-09,0.0021736893620156322
2023-06-10,0.002173962894410514
2023-06-11,0.0021742364268053957
2023-06-12,0.002170158902655834
2023-06-13,0.002175147972834593
2023-06-14,0.0021247250617081395
2023-06-15,0.0021041603191939194
2023-06-16,0.002091597626463402
2023-06-17,0.002092066618090458
2023-06-18,0.002092535609717513
2023-06-19,0.002093004601344568
2023-06-20,0.002120213118740224
2023-06-21,0.002108931895406443
2023-06-22,0.0021246242968724098
2023-06-23,0.002166813888742555
2023-06-24,0.0021672095164576447
2023-06-25,0.002167605144172734
2023-06-26,0.002135483474403463
2023-06-27,0.002097592783583858
2023-06-28,0.0020886552484788647
2023-06-29,0.0020612795341847893
2023-06-30,0.002029433543365114
2023-07-01,0.002030041229584125
2023-07-02,0.0020306489158031364
2023-07-03,0.0020104103793410844
2023-07-04,0.0020110314380341427
2023-07-05,0.0020740161031719377
2023-07-06,0.0021175900677204086
2023-07-07,0.002067002792714978
2023-07-08,0.0020676018124270905
2023-07-09,0.002068200832139204
2023-07-10,0.0020687998518513166
