Date,UBS - MS Accumulated Oriented Area
2019-01-01,0.0
2019-01-02,0.0
2019-01-03,-1.0164458281489594e-08
2019-01-04,1.9827178342402937e-06
2019-01-05,1.9087301201450248e-06
2019-01-06,1.8347424060498846e-06
2019-01-07,1.9719945806551124e-06
2019-01-08,-1.7635513255228064e-06
2019-01-09,2.214940866432508e-06
2019-01-10,-2.890882633922407e-06
2019-01-11,-4.195628217166927e-06
2019-01-12,-4.4360412277532835e-06
2019-01-13,-4.6764542383396325e-06
2019-01-14,3.924317365540857e-06
2019-01-15,1.216194361922098e-05
2019-01-16,1.9020258343191472e-05
2019-01-17,-2.119077299759814e-05
2019-01-18,-1.6295683076170313e-06
2019-01-19,-1.8916897119880255e-06
2019-01-20,-2.1538111163590366e-06
2019-01-21,-2.4159325207300173e-06
2019-01-22,1.3757933785659623e-05
2019-01-23,7.537080278681024e-06
2019-01-24,5.7864309509195475e-06
2019-01-25,1.4577819872070152e-05
2019-01-26,1.4553877534314724e-05
2019-01-27,1.4529935196559273e-05
2019-01-28,1.393959151870499e-05
2019-01-29,1.3672218110865185e-05
2019-01-30,9.276906614414771e-06
2019-01-31,1.3135574745671837e-05
2019-02-01,1.2565744722184893e-05
2019-02-02,1.2541642349482193e-05
2019-02-03,1.2517539976779496e-05
2019-02-04,1.5739645088194514e-05
2019-02-05,9.761125506619681e-06
2019-02-06,1.010438542826886e-05
2019-02-07,1.0188038239307287e-05
2019-02-08,9.932748323147188e-06
2019-02-09,9.900258672181063e-06
2019-02-10,9.86776902121506e-06
2019-02-11,1.11496343314454e-05
2019-02-12,1.364458919290831e-05
2019-02-13,1.4343560607761407e-05
2019-02-14,1.062702570896247e-05
2019-02-15,1.3153526204132968e-05
2019-02-16,1.3098607874365063e-05
2019-02-17,1.3043689544597247e-05
2019-02-18,1.298877121482943e-05
2019-02-19,1.3950088247433829e-05
2019-02-20,2.1332846621456668e-05
2019-02-21,2.8549396648130032e-05
2019-02-22,3.101227037995007e-05
2019-02-23,3.1347394967463544e-05
2019-02-24,3.1682519554976786e-05
2019-02-25,2.673854190965429e-05
2019-02-26,2.3249020094317974e-05
2019-02-27,2.1965271892264695e-05
2019-02-28,2.4636612241878247e-05
2019-03-01,2.22978022061261e-05
2019-03-02,2.247205016561687e-05
2019-03-03,2.2646298125107656e-05
2019-03-04,2.594318772502272e-05
2019-03-05,2.688090349456028e-05
2019-03-06,2.965499123054918e-05
2019-03-07,3.2421286128004584e-05
2019-03-08,2.639795819295532e-05
2019-03-09,2.6967051720564868e-05
2019-03-10,2.7536145248174306e-05
2019-03-11,1.87750424851485e-05
2019-03-12,1.5490146642220897e-05
2019-03-13,8.453853849969524e-06
2019-03-14,3.882126170133112e-06
2019-03-15,-5.554246014914239e-06
2019-03-16,-4.939196527334975e-06
2019-03-17,-4.324147039755698e-06
2019-03-18,-2.4083415164736817e-05
2019-03-19,-2.5408111164829693e-05
2019-03-20,-5.705974190639318e-06
2019-03-21,-5.384801205447434e-06
2019-03-22,2.8948053820410268e-05
2019-03-23,2.9601939875321217e-05
2019-03-24,3.0255825930232173e-05
2019-03-25,4.4274749747687345e-05
2019-03-26,2.8008997511697524e-05
2019-03-27,4.515893637111235e-05
2019-03-28,3.0054511047166405e-05
2019-03-29,2.5571559973394656e-05
2019-03-30,2.6123853658391243e-05
2019-03-31,2.667614734338783e-05
2019-04-01,-3.345605689435323e-07
2019-04-02,-2.6658789555419784e-06
2019-04-03,-1.5586347245172987e-05
2019-04-04,-2.4229241777941392e-05
2019-04-05,-2.166960440161144e-05
2019-04-06,-2.1085289865021856e-05
2019-04-07,-2.050097532843207e-05
2019-04-08,-1.9259227208412457e-05
2019-04-09,-8.97204606606128e-06
2019-04-10,-9.151328289955382e-06
2019-04-11,-2.350307459558559e-05
2019-04-12,-4.4403210058651003e-05
2019-04-13,-4.379722864815583e-05
2019-04-14,-4.3191247237661266e-05
2019-04-15,-4.570333062737183e-05
2019-04-16,-6.348588758258137e-05
2019-04-17,-8.167091564034506e-05
2019-04-18,-7.66230010590041e-05
2019-04-19,-7.618614252499993e-05
2019-04-20,-7.57492839909959e-05
2019-04-21,-7.531242545699174e-05
2019-04-22,-7.577287843342484e-05
2019-04-23,-5.87593106804019e-05
2019-04-24,-6.605788905476267e-05
2019-04-25,-7.826249094655736e-05
2019-04-26,-7.462653706439824e-05
2019-04-27,-7.416931352518913e-05
2019-04-28,-7.371208998598004e-05
2019-04-29,-9.642903506927753e-05
2019-04-30,-8.742329406437407e-05
2019-05-01,-7.353002686706526e-05
2019-05-02,-8.20374472269246e-05
2019-05-03,-7.543301254788211e-05
2019-05-04,-7.498191089306741e-05
2019-05-05,-7.45308092382527e-05
2019-05-06,7.337475660007165e-06
2019-05-07,5.785820303269649e-05
2019-05-08,5.913209227082629e-05
2019-05-09,7.300867417234791e-05
2019-05-10,7.624245638784438e-05
2019-05-11,7.73043874627739e-05
2019-05-12,7.83663185377038e-05
2019-05-13,0.00016051225724379357
2019-05-14,0.0001675979352946778
2019-05-15,0.00017272668509359142
2019-05-16,0.00015931571738789262
2019-05-17,0.00017328065500834554
2019-05-18,0.00017415914553489648
2019-05-19,0.0001750376360614474
2019-05-20,0.00017632015391977693
2019-05-21,0.00016063192193782063
2019-05-22,0.0001909599765755337
2019-05-23,0.00021746865328882512
2019-05-24,0.00021358173831755403
2019-05-25,0.00021437779811459823
2019-05-26,0.00021517385791164245
2019-05-27,0.00021596991770868738
2019-05-28,0.0002374024492042654
2019-05-29,0.00023511723269453784
2019-05-30,0.00024960473121868055
2019-05-31,0.0002956981660004165
2019-06-01,0.00029654565724181577
2019-06-02,0.0002973931484832159
2019-06-03,0.00030033641861487107
2019-06-04,0.0002426578256971887
2019-06-05,0.00024452577935330584
2019-06-06,0.00023041086286007951
2019-06-07,0.00023721561272016002
2019-06-08,0.00023805783846541593
2019-06-09,0.00023890006421067107
2019-06-10,0.0002185393308667934
2019-06-11,0.0002066226971554099
2019-06-12,0.00024280493174526547
2019-06-13,0.00022665861340385586
2019-06-14,0.00022644090240800396
2019-06-15,0.000227491289855832
2019-06-16,0.0002285416773036594
2019-06-17,0.00024179925846763288
2019-06-18,0.00021221313277290185
2019-06-19,0.00022585182893528955
2019-06-20,0.00021298354136022033
2019-06-21,0.00020433584626258105
2019-06-22,0.00020541019176382276
2019-06-23,0.00020648453726506452
2019-06-24,0.0002322324775025107
2019-06-25,0.0002484008158659379
2019-06-26,0.00023944035304109045
2019-06-27,0.00022595920622261293
2019-06-28,0.00021397338013936677
2019-06-29,0.00021492274519942705
2019-06-30,0.00021587211025948734
2019-07-01,0.00021272713404883395
2019-07-02,0.00021942069001182265
2019-07-03,0.00021608379471451587
2019-07-04,0.00021695466158907389
2019-07-05,0.0002142306857618236
2019-07-06,0.00021502208710822153
2019-07-07,0.00021581348845461945
2019-07-08,0.00023645684529821908
2019-07-09,0.00022186543349455684
2019-07-10,0.0002483900330175868
2019-07-11,0.00022344046082042375
2019-07-12,0.00020259987025273611
2019-07-13,0.00020341749088629874
2019-07-14,0.00020423511151986147
2019-07-15,0.00021838589170846852
2019-07-16,0.00021808461429945322
2019-07-17,0.00024090418556248685
2019-07-18,0.00022063376035936393
2019-07-19,0.0002180655505633518
2019-07-20,0.00021900150989147163
2019-07-21,0.0002199374692195915
2019-07-22,0.00022110677807695884
2019-07-23,0.00020558598263570717
2019-07-24,0.00018646601324716762
2019-07-25,0.00021250348578102826
2019-07-26,0.0001651322680061984
2019-07-27,0.0001666725436347936
2019-07-28,0.00016821281926338998
2019-07-29,0.00019828321411070218
2019-07-30,0.00022992866259227758
2019-07-31,0.00023536301061032473
2019-08-01,0.00033019232681657856
2019-08-02,0.00041637905035457433
2019-08-03,0.0004176574043072963
2019-08-04,0.0004189357582600196
2019-08-05,0.0005088690032496143
2019-08-06,0.00046936126843023904
2019-08-07,0.0004943193852031463
2019-08-08,0.000447882624710542
2019-08-09,0.000432579405003005
2019-08-10,0.0004339632126231192
2019-08-11,0.00043534702024323275
2019-08-12,0.0004933950287905353
2019-08-13,0.0004637837970173872
2019-08-14,0.0005049152372020747
2019-08-15,0.0005315273810713248
2019-08-16,0.0004990679226827106
2019-08-17,0.0005006269817423869
2019-08-18,0.0005021860408020634
2019-08-19,0.00047791631870336654
2019-08-20,0.0005110590968325801
2019-08-21,0.0005211367001912654
2019-08-22,0.0005236848929160202
2019-08-23,0.0005822030832593741
2019-08-24,0.0005836097951346125
2019-08-25,0.0005850165070098508
2019-08-26,0.000530771175024715
2019-08-27,0.000544489441066316
2019-08-28,0.0004952655770413655
2019-08-29,0.00042473592690092426
2019-08-30,0.00041148660033522345
2019-08-31,0.00041309426508968325
2019-09-01,0.00041470192984414294
2019-09-02,0.0004163095945986027
2019-09-03,0.00044377346414137877
2019-09-04,0.0004140008048618861
2019-09-05,0.0003666256366708765
2019-09-06,0.00040135552626491234
2019-09-07,0.0004028303169008811
2019-09-08,0.00040430510753684974
2019-09-09,0.0003677261711922883
2019-09-10,0.0003742020738967737
2019-09-11,0.00036211154091585657
2019-09-12,0.00033696160508474624
2019-09-13,0.0003041469980707146
2019-09-14,0.00030535417748849274
2019-09-15,0.00030656135690627104
2019-09-16,0.0003213512061094137
2019-09-17,0.0003444953468453653
2019-09-18,0.0003364460149173721
2019-09-19,0.00036548068448868584
2019-09-20,0.0003817137879366671
2019-09-21,0.00038294183971730093
2019-09-22,0.0003841698914979348
2019-09-23,0.0003820683919410087
2019-09-24,0.0004392443015692028
2019-09-25,0.000404700645888484
2019-09-26,0.0004335946247596413
2019-09-27,0.0004341174260424225
2019-09-28,0.00043533668892115583
2019-09-29,0.00043655595179989046
2019-09-30,0.0004482816785008276
2019-10-01,0.000517606226300168
2019-10-02,0.0005337223473219648
2019-10-03,0.0005104668390429764
2019-10-04,0.00048371188210368925
2019-10-05,0.0004851176305389124
2019-10-06,0.00048652337897413397
2019-10-07,0.00048660176587807
2019-10-08,0.0005506694590513236
2019-10-09,0.0004882005899345857
2019-10-10,0.0004751142938173667
2019-10-11,0.00046200247012759233
2019-10-12,0.00046327106445253176
2019-10-13,0.00046453965877747043
2019-10-14,0.0004317205756133231
2019-10-15,0.00044515612090634076
2019-10-16,0.00041473844145850793
2019-10-17,0.00037900260559256473
2019-10-18,0.00037610509541584786
2019-10-19,0.00037740763579172896
2019-10-20,0.00037871017616761005
2019-10-21,0.00031255122327824523
2019-10-22,0.0002853278246267507
2019-10-23,0.0002640605746485957
2019-10-24,0.0002774803541742665
2019-10-25,0.0002489374313502781
2019-10-26,0.00025026322216017044
2019-10-27,0.0002515890129700629
2019-10-28,0.0002364406890462688
2019-10-29,0.00024356985298988935
2019-10-30,0.0002617859680983164
2019-10-31,0.0002703995664794864
2019-11-01,0.00021248840902172994
2019-11-02,0.00021379058887561597
2019-11-03,0.000215092768729502
2019-11-04,0.00015388285931737392
2019-11-05,0.0001582203003002683
2019-11-06,0.00016692883405350093
2019-11-07,0.00016486828974923148
2019-11-08,0.0001478243525370859
2019-11-09,0.00014901872459692066
2019-11-10,0.00015021309665675541
2019-11-11,0.00015380083334508545
2019-11-12,0.00015840705161671446
2019-11-13,0.00018550682887233762
2019-11-14,0.00017669149450468707
2019-11-15,0.00016119689232213535
2019-11-16,0.00016251335172435397
2019-11-17,0.0001638298111265735
2019-11-18,0.00016336687382371344
2019-11-19,0.00015117713609863392
2019-11-20,0.0001635554647740674
2019-11-21,0.00017770177066230166
2019-11-22,0.0001606983164373213
2019-11-23,0.00016203733538805985
2019-11-24,0.00016337635433879937
2019-11-25,0.00013332913554778324
2019-11-26,0.00015964828635815821
2019-11-27,0.00014424345255669056
2019-11-28,0.0001456141640564758
2019-11-29,0.00016107029468972507
2019-11-30,0.00016248501787486327
2019-12-01,0.00016389974106000043
2019-12-02,0.00018411422348960535
2019-12-03,0.0002320648669063658
2019-12-04,0.0001961939429269159
2019-12-05,0.0001863039153146347
2019-12-06,0.00015085050291664085
2019-12-07,0.0001523870485607767
2019-12-08,0.00015392359420491252
2019-12-09,0.00016556829289986292
2019-12-10,0.00016320494168774557
2019-12-11,0.00017635481278957304
2019-12-12,0.0001141380754160414
2019-12-13,0.0001347854674809436
2019-12-14,0.0001362006284410362
2019-12-15,0.00013761578940112878
2019-12-16,0.00011628192409568962
2019-12-17,0.00010847668242560752
2019-12-18,0.00012136076024759634
2019-12-19,0.00011433103140295864
2019-12-20,0.00012373172613310758
2019-12-21,0.00012511273840344001
2019-12-22,0.00012649375067377247
2019-12-23,0.00012611664351920473
2019-12-24,0.0001288511605823974
2019-12-25,0.0001302112834415915
2019-12-26,0.00011323273174761514
2019-12-27,0.00011504738145840622
2019-12-28,0.00011639604613459761
2019-12-29,0.00011774471081078903
2019-12-30,0.0001231364028084316
2019-12-31,0.00011815155508581758
2020-01-01,0.00011944840027254552
2020-01-02,8.008802443819566e-05
2020-01-03,0.00011485606310024068
2020-01-04,0.00011607285878319733
2020-01-05,0.00011728965446615406
2020-01-06,0.00012554680785727167
2020-01-07,0.00012831667833975075
2020-01-08,0.00010754676563712057
2020-01-09,9.413177561773075e-05
2020-01-10,9.554598977080383e-05
2020-01-11,9.669056833839804e-05
2020-01-12,9.783514690599242e-05
2020-01-13,7.80622363238747e-05
2020-01-14,7.488321545088154e-05
2020-01-15,7.625725619651624e-05
2020-01-16,-2.5975801417946838e-05
2020-01-17,-4.443887194625521e-05
2020-01-18,-4.2858875064354855e-05
2020-01-19,-4.1278878182453846e-05
2020-01-20,-3.9698881300554356e-05
2020-01-21,8.667835897256475e-05
2020-01-22,5.8585372658795474e-05
2020-01-23,7.311816946797963e-05
2020-01-24,0.00012273671489269194
2020-01-25,0.00012434917472976516
2020-01-26,0.00012596163456683745
2020-01-27,0.00019635774981890906
2020-01-28,0.0001594321840569512
2020-01-29,0.00017161184951198624
2020-01-30,0.0001648908801916736
2020-01-31,0.0002412653055594364
2020-02-01,0.0002428310259669331
2020-02-02,0.00024439674637442876
2020-02-03,0.00023092483981070324
2020-02-04,0.00016338843827464638
2020-02-05,0.00010760922561820505
2020-02-06,0.0001006364553967826
2020-02-07,9.583191472092937e-05
2020-02-08,9.729096053150046e-05
2020-02-09,9.875000634207166e-05
2020-02-10,8.216529237667234e-05
2020-02-11,6.234391042432097e-05
2020-02-12,3.39864040722538e-05
2020-02-13,5.777604652875361e-05
2020-02-14,6.906559909036373e-05
2020-02-15,7.049378919508567e-05
2020-02-16,7.192197929980804e-05
2020-02-17,7.335016940453052e-05
2020-02-18,8.285596159041006e-05
2020-02-19,6.005499303188077e-05
2020-02-20,0.00012833083890879558
2020-02-21,0.00017942291424783831
2020-02-22,0.00018061662375318163
2020-02-23,0.00018181033325852494
2020-02-24,0.00028965459159736797
2020-02-25,0.00035714410594254103
2020-02-26,0.0004077086251612226
2020-02-27,0.0004760363352943483
2020-02-28,0.0004601575070512058
2020-02-29,0.00046190356284619267
2020-03-01,0.0004636496186411792
2020-03-02,0.00038067854681495927
2020-03-03,0.0005068662205570252
2020-03-04,0.00047337580357239705
2020-03-05,0.0006168696177351263
2020-03-06,0.0006735785159565462
2020-03-07,0.0006753480496697719
2020-03-08,0.0006771175833829997
2020-03-09,0.000835507487711104
2020-03-10,0.0008618819925221825
2020-03-11,0.0010254580818861163
2020-03-12,0.0013972066123807605
2020-03-13,0.0005627883740638446
2020-03-14,0.0005651764857025505
2020-03-15,0.0005675645973412595
2020-03-16,0.0009415747206666412
2020-03-17,0.0009774401493104809
2020-03-18,0.0015378371562137566
2020-03-19,0.0018720348501176831
2020-03-20,0.001893160064124976
2020-03-21,0.001895150351737608
2020-03-22,0.001897140639350242
2020-03-23,0.0021891737882057654
2020-03-24,0.0017330431266464764
2020-03-25,0.001750798491225876
2020-03-26,0.0018498548896932385
2020-03-27,0.001841116387069451
2020-03-28,0.0018426857928006879
2020-03-29,0.001844255198531925
2020-03-30,0.0017921803052231566
2020-03-31,0.0017846213153460576
2020-04-01,0.0020309061481588583
2020-04-02,0.0015986536585423615
2020-04-03,0.00149589724657801
2020-04-04,0.0014979339754197995
2020-04-05,0.0014999707042615894
2020-04-06,0.0013364994253068892
2020-04-07,0.0013669074246965905
2020-04-08,0.0009612292518056794
2020-04-09,0.0008957290947988693
2020-04-10,0.0008977413975065269
2020-04-11,0.0008997537002141834
2020-04-12,0.0009017660029218397
2020-04-13,0.0009873669487424587
2020-04-14,0.0010293488041101134
2020-04-15,0.0010348254338627724
2020-04-16,0.0009360735976933908
2020-04-17,0.0010351442512726043
2020-04-18,0.0010372383624476591
2020-04-19,0.0010393324736227164
2020-04-20,0.0011760555488538591
2020-04-21,0.001201096172928725
2020-04-22,0.0010308642891105164
2020-04-23,0.0011510903237256678
2020-04-24,0.0011064511550267402
2020-04-25,0.0011085911166834887
2020-04-26,0.0011107310783402362
2020-04-27,0.0010721554340330616
2020-04-28,0.001194515560273239
2020-04-29,0.0013713462512158227
2020-04-30,0.0014426299522444256
2020-05-01,0.0014147439560524425
2020-05-02,0.0014160912065404566
2020-05-03,0.0014174384570284704
2020-05-04,0.0013521562018316267
2020-05-05,0.0011149817122530243
2020-05-06,0.0012016031651876113
2020-05-07,0.0010490610360664257
2020-05-08,0.0009271432092539346
2020-05-09,0.0009291039334480826
2020-05-10,0.0009310646576422282
2020-05-11,0.0008818310531982552
2020-05-12,0.0010386615237979512
2020-05-13,0.0012118498597178378
2020-05-14,0.001017017791406407
2020-05-15,0.0010590109696063752
2020-05-16,0.0010611885681129113
2020-05-17,0.0010633661666194416
2020-05-18,0.0009153446882563847
2020-05-19,0.0010094921462062846
2020-05-20,0.0008604360234116335
2020-05-21,0.000944191253540539
2020-05-22,0.000882745775637557
2020-05-23,0.0008848270778642883
2020-05-24,0.000886908380091014
2020-05-25,0.0008889896823177475
2020-05-26,0.0006070282621553398
2020-05-27,0.0003614767126041635
2020-05-28,0.0006106500840138624
2020-05-29,0.0006209563014955207
2020-05-30,0.000622837058876579
2020-05-31,0.0006247178162576326
2020-06-01,0.0006159544075066406
2020-06-02,0.0005931710442882008
2020-06-03,0.000579084585158339
2020-06-04,0.00043291494920804957
2020-06-05,0.00037392129990441655
2020-06-06,0.00037569725055422226
2020-06-07,0.0003774732012040247
2020-06-08,0.00036995491241571636
2020-06-09,0.00032384562775254516
2020-06-10,0.00043439865426813805
2020-06-11,0.0006699282185406808
2020-06-12,0.0005309410920857399
2020-06-13,0.0005329351747085249
2020-06-14,0.0005349292573313098
2020-06-15,0.0004322073920285225
2020-06-16,0.0003491367708453204
2020-06-17,0.00042240320974075494
2020-06-18,0.0004464923989622562
2020-06-19,0.000459363544036255
2020-06-20,0.00046148347005089616
2020-06-21,0.0004636033960655429
2020-06-22,0.0004721940190208825
2020-06-23,0.00046559796642956907
2020-06-24,0.0004970790846284942
2020-06-25,0.00040895376873356236
2020-06-26,0.0005384138313946503
2020-06-27,0.0005402344881229862
2020-06-28,0.000542055144851327
2020-06-29,0.0005611831658007707
2020-06-30,0.0004992410945903003
2020-07-01,0.000537271416482437
2020-07-02,0.0005723064058391044
2020-07-03,0.0005738895712111343
2020-07-04,0.0005754727365831608
2020-07-05,0.0005770559019551908
2020-07-06,0.0005469199224280108
2020-07-07,0.0006147481717206599
2020-07-08,0.0005298806359511057
2020-07-09,0.0006091028411836295
2020-07-10,0.0004709508871400406
2020-07-11,0.0004725595347662354
2020-07-12,0.0004741681823924335
2020-07-13,0.0004231688021239131
2020-07-14,0.0004551620888593117
2020-07-15,0.0003844390208201406
2020-07-16,0.00029449438266457664
2020-07-17,0.00031250759387379005
2020-07-18,0.0003143014263737561
2020-07-19,0.00031609525887372493
2020-07-20,0.0003521266596163454
2020-07-21,0.0003484217122116909
2020-07-22,0.0004470321140284308
2020-07-23,0.0004516887663916151
2020-07-24,0.00048204919049421135
2020-07-25,0.00048352834760464016
2020-07-26,0.000485007504715072
2020-07-27,0.00042464590654040326
2020-07-28,0.0004708847241271649
2020-07-29,0.00043236651211893103
2020-07-30,0.0005257569806749272
2020-07-31,0.0005218132408439354
2020-08-01,0.0005235004373602711
2020-08-02,0.0005251876338766106
2020-08-03,0.0005079664782683458
2020-08-04,0.0005548809952439628
2020-08-05,0.0005546834129475978
2020-08-06,0.0005846998150768341
2020-08-07,0.0005118988925042292
2020-08-08,0.0005133827987648797
2020-08-09,0.0005148667050255335
2020-08-10,0.0005138159351880905
2020-08-11,0.00043712729541321564
2020-08-12,0.00042292108873392617
2020-08-13,0.00042470096922611893
2020-08-14,0.00040875684595870145
2020-08-15,0.0004103548261696402
2020-08-16,0.0004119528063805762
2020-08-17,0.0004791035491437845
2020-08-18,0.0004846045404108498
2020-08-19,0.000454274147845692
2020-08-20,0.0004809183937851075
2020-08-21,0.00045935895880785667
2020-08-22,0.00046103976229189747
2020-08-23,0.00046272056577593545
2020-08-24,0.0004038713575037901
2020-08-25,0.0004231489206296085
2020-08-26,0.000468915251693017
2020-08-27,0.0003963389091408093
2020-08-28,0.0003868650839094648
2020-08-29,0.0003885048711570558
2020-08-30,0.00039014465840464356
2020-08-31,0.00041062655246794735
2020-09-01,0.0003940476624584787
2020-09-02,0.00037718340486248025
2020-09-03,0.00039029099527428286
2020-09-04,0.0004022193926656642
2020-09-05,0.0004038891542205974
2020-09-06,0.00040555891577552733
2020-09-07,0.00040722867733046053
2020-09-08,0.0005592517831408508
2020-09-09,0.0005450000932690725
2020-09-10,0.000584883013818009
2020-09-11,0.0005890727269696409
2020-09-12,0.0005905142218490364
2020-09-13,0.0005919557167284289
2020-09-14,0.0005821531539248661
2020-09-15,0.0005984676754510153
2020-09-16,0.0005542048367889955
2020-09-17,0.0006084022771343091
2020-09-18,0.0005771586099246994
2020-09-19,0.0005787265424968735
2020-09-20,0.0005802944750690426
2020-09-21,0.0005912510360950332
2020-09-22,0.000632184707622885
2020-09-23,0.0006754144070916384
2020-09-24,0.000613117898243114
2020-09-25,0.0004758661712454135
2020-09-26,0.0004782502953113826
2020-09-27,0.0004806344193773517
2020-09-28,0.0004854523242386996
2020-09-29,0.0005988416929185252
2020-09-30,0.0005164958607881936
2020-10-01,0.0006567268520165843
2020-10-02,0.0006166600289663506
2020-10-03,0.0006184971990686465
2020-10-04,0.0006203343691709427
2020-10-05,0.0006190484154861302
2020-10-06,0.0007081474176385068
2020-10-07,0.0006609545740929909
2020-10-08,0.0006430507366367926
2020-10-09,0.0006336570204921912
2020-10-10,0.0006353458864320669
2020-10-11,0.0006370347523719428
2020-10-12,0.0004946560045700128
2020-10-13,0.0004885309685149417
2020-10-14,0.0004430047397073855
2020-10-15,0.0003651831301992674
2020-10-16,0.0003523694993467718
2020-10-17,0.00035443138956871767
2020-10-18,0.0003564932797906679
2020-10-19,0.00046567408000446064
2020-10-20,0.0005435596947570107
2020-10-21,0.000600768952433128
2020-10-22,0.0005373352305610107
2020-10-23,0.0005314290794781629
2020-10-24,0.0005329041250851517
2020-10-25,0.0005343791706921449
2020-10-26,0.0006434269494262797
2020-10-27,0.0007168112618202724
2020-10-28,0.000676180049996024
2020-10-29,0.0006219666898189453
2020-10-30,0.0006488218392062047
2020-10-31,0.0006504174094374397
2020-11-01,0.0006520129796686783
2020-11-02,0.0006035050430437841
2020-11-03,0.0006345023579533053
2020-11-04,0.0005873081233472976
2020-11-05,0.0006116847891685466
2020-11-06,0.0006562214434064099
2020-11-07,0.0006572579966462901
2020-11-08,0.0006582945498861733
2020-11-09,0.00048371729675663277
2020-11-10,0.000511614153134465
2020-11-11,0.00048265007721496494
2020-11-12,0.0005052948265609658
2020-11-13,0.0004735664167017143
2020-11-14,0.00047471655528437883
2020-11-15,0.000475866693867046
2020-11-16,0.0004562942717832707
2020-11-17,0.0004457965473383461
2020-11-18,0.0004360879553358659
2020-11-19,0.00045280352890416536
2020-11-20,0.0004771939502603553
2020-11-21,0.0004780001487675585
2020-11-22,0.000478806347274763
2020-11-23,0.0004090263285815021
2020-11-24,0.0003190629654432867
2020-11-25,0.0003273948852089224
2020-11-26,0.00032860587136754457
2020-11-27,0.00032194962177459685
2020-11-28,0.00032323372161620475
2020-11-29,0.00032451782145781136
2020-11-30,0.00039670487939683823
2020-12-01,0.0003467762135255267
2020-12-02,0.00032541287839395563
2020-12-03,0.00032685152430540266
2020-12-04,0.0003026676443539521
2020-12-05,0.00030411810011080715
2020-12-06,0.00030556855586766113
2020-12-07,0.00032811693038880987
2020-12-08,0.0003413737169301015
2020-12-09,0.0003282603744825725
2020-12-10,0.0003369478552732047
2020-12-11,0.00038508840378952136
2020-12-12,0.0003866842785811653
2020-12-13,0.00038828015337280617
2020-12-14,0.00044718150562094404
2020-12-15,0.00036933687758823846
2020-12-16,0.0003635266540743796
2020-12-17,0.0003524952867299297
2020-12-18,0.0003736806183332463
2020-12-19,0.0003752903579379125
2020-12-20,0.00037690009754257677
2020-12-21,0.0002513278215444997
2020-12-22,0.00031072714727670104
2020-12-23,0.00021998568082494461
2020-12-24,0.00023026924227770545
2020-12-25,0.00023220389929475005
2020-12-26,0.00023413855631179725
2020-12-27,0.00023607321332884163
2020-12-28,0.0002386469224810333
2020-12-29,0.0002504434424414211
2020-12-30,0.00025132986887620623
2020-12-31,0.0002230499652311011
2021-01-01,0.00022498392413190273
2021-01-02,0.00022691788303270607
2021-01-03,0.00022885184193350747
2021-01-04,0.00022488598580736193
2021-01-05,0.00016406501771424361
2021-01-06,6.953300702681586e-06
2021-01-07,-7.85732648597888e-05
2021-01-08,-4.2816327663665506e-05
2021-01-09,-4.1040216607023984e-05
2021-01-10,-3.92641055503842e-05
2021-01-11,-4.2388550006560236e-05
2021-01-12,-5.746512803828053e-05
2021-01-13,-1.050895110081421e-05
2021-01-14,-4.791222690286607e-05
2021-01-15,-4.171097633665771e-06
2021-01-16,-2.30486577143486e-06
2021-01-17,-4.3863390920525006e-07
2021-01-18,1.4275979530260947e-06
2021-01-19,4.4362732348392914e-05
2021-01-20,4.2196039801174496e-05
2021-01-21,5.037351951764921e-05
2021-01-22,7.312012742738015e-05
2021-01-23,7.504707586475671e-05
2021-01-24,7.697402430213458e-05
2021-01-25,0.00017172624780701458
2021-01-26,0.0001604476549301691
2021-01-27,0.0002711711858868486
2021-01-28,0.0002107289501634608
2021-01-29,0.00031956836952793375
2021-01-30,0.0003212226122590509
2021-01-31,0.00032287685499016996
2021-02-01,0.0002927864376783072
2021-02-02,0.0001858832776837232
2021-02-03,0.00018859379922878724
2021-02-04,0.0001437313093501794
2021-02-05,0.0001270173240863104
2021-02-06,0.00012884615180314054
2021-02-07,0.0001306749795199724
2021-02-08,5.885039521829911e-05
2021-02-09,6.032511230508143e-05
2021-02-10,4.871270457641524e-05
2021-02-11,7.85103386586254e-05
2021-02-12,4.992666794695561e-05
2021-02-13,5.159304474713607e-05
2021-02-14,5.3259421547318265e-05
2021-02-15,5.4925798347498726e-05
2021-02-16,-2.9483926305552514e-05
2021-02-17,1.4501412652045877e-05
2021-02-18,6.078714337902618e-05
2021-02-19,1.9933447667995312e-05
2021-02-20,2.163611047673996e-05
2021-02-21,2.333877328548591e-05
2021-02-22,-2.9455498141880022e-05
2021-02-23,-1.0571117769581431e-05
2021-02-24,-0.00010251714365990938
2021-02-25,-5.36779187051647e-05
2021-02-26,1.7521110125554452e-05
2021-02-27,1.928749160286323e-05
2021-02-28,2.105387308017244e-05
2021-03-01,-6.1029214918705e-05
2021-03-02,-0.00011164439860207728
2021-03-03,-8.985875569557074e-05
2021-03-04,5.791276829854395e-06
2021-03-05,-3.2307661520458286e-05
2021-03-06,-3.0318313878159673e-05
2021-03-07,-2.8328966235859326e-05
2021-03-08,-3.9601278429097705e-05
2021-03-09,-1.639959839727298e-05
2021-03-10,-6.56543822148887e-05
2021-03-11,-1.7102974939597112e-05
2021-03-12,-3.934654757522518e-05
2021-03-13,-3.7021957011325584e-05
2021-03-14,-3.4697366447424254e-05
2021-03-15,-1.2213563830040016e-05
2021-03-16,-8.664816933400942e-06
2021-03-17,-7.901686856923683e-05
2021-03-18,-0.0001356086074972766
2021-03-19,-0.0001230329120122456
2021-03-20,-0.00012112035281127993
2021-03-21,-0.00011920779361031383
2021-03-22,-0.00011798382973401099
2021-03-23,-7.247020301068274e-06
2021-03-24,-2.0182927148262343e-05
2021-03-25,-7.608596432028382e-05
2021-03-26,-6.90644540964542e-05
2021-03-27,-6.736071802607374e-05
2021-03-28,-6.565698195569328e-05
2021-03-29,3.970822771791121e-05
2021-03-30,1.684521974416398e-05
2021-03-31,5.7133128578801696e-05
2021-04-01,3.3295850221932814e-06
2021-04-02,5.0116874184854936e-06
2021-04-03,6.693789814777706e-06
2021-04-04,8.37589221106905e-06
2021-04-05,-8.76395930055323e-06
2021-04-06,-5.3328522502209524e-05
2021-04-07,-4.9701439477776305e-05
2021-04-08,-5.830272182855796e-05
2021-04-09,-6.48889962538814e-05
2021-04-10,-6.321943930280051e-05
2021-04-11,-6.154988235172092e-05
2021-04-12,-4.805902725302062e-05
2021-04-13,4.631968046326686e-05
2021-04-14,1.0281070219881998e-06
2021-04-15,-9.154566062873591e-06
2021-04-16,-1.0066662439292204e-05
2021-04-17,-8.498685893253664e-06
2021-04-18,-6.930709347216426e-06
2021-04-19,-3.127923464442406e-06
2021-04-20,0.00010145290864998786
2021-04-21,7.564599527210567e-05
2021-04-22,0.00013914531166899684
2021-04-23,5.4817121270497524e-05
2021-04-24,5.697940737576113e-05
2021-04-25,5.914169348102301e-05
2021-04-26,3.9711597879231366e-05
2021-04-27,5.945644983131396e-05
2021-04-28,-1.5023158718182553e-05
2021-04-29,-3.8845499471558756e-05
2021-04-30,4.317055742357641e-05
2021-05-01,4.546497856190018e-05
2021-05-02,4.775939970022049e-05
2021-05-03,3.959182242848367e-05
2021-05-04,0.0001025907416366302
2021-05-05,-1.0849545831873898e-05
2021-05-06,-0.00011992958848638371
2021-05-07,-0.00016471362760422156
2021-05-08,-0.0001623638412089159
2021-05-09,-0.00016001405481361024
2021-05-10,-5.149826129961918e-05
2021-05-11,5.532604423422313e-05
2021-05-12,0.00012087967442708705
2021-05-13,3.1889624324904064e-05
2021-05-14,-6.874714099405939e-05
2021-05-15,-6.624858037628965e-05
2021-05-16,-6.375001975852208e-05
2021-05-17,-9.693546457339736e-05
2021-05-18,-6.01133412761164e-05
2021-05-19,-3.5912217120504224e-05
2021-05-20,-8.966815688773088e-05
2021-05-21,-0.00014751403886841506
2021-05-22,-0.00014516173288616104
2021-05-23,-0.00014280942690390744
2021-05-24,-0.00018861213991923928
2021-05-25,-0.00017490672490875093
2021-05-26,-0.00016709837530088072
2021-05-27,-0.00024942733646162504
2021-05-28,-0.00028901673739302296
2021-05-29,-0.0002867693775358026
2021-05-30,-0.0002845220176785801
2021-05-31,-0.0002822746578213585
2021-06-01,-0.0003231965298289823
2021-06-02,-0.000313688692140446
2021-06-03,-0.00034115715374991506
2021-06-04,-0.0003329075441548027
2021-06-05,-0.00033053052146699013
2021-06-06,-0.0003281534987791767
2021-06-07,-0.00031683664615729046
2021-06-08,-0.0003043742453392247
2021-06-09,-0.0002554864188413111
2021-06-10,-0.00021647842373405998
2021-06-11,-0.00023415600392956122
2021-06-12,-0.00023177247449959184
2021-06-13,-0.00022938894506962116
2021-06-14,-0.00021215210056784155
2021-06-15,-0.00023469180177609168
2021-06-16,-0.00019459901030616927
2021-06-17,-7.098393016067e-05
2021-06-18,8.12277861109486e-05
2021-06-19,8.349671133216392e-05
2021-06-20,8.576563655338099e-05
2021-06-21,3.204107206704115e-05
2021-06-22,7.171500510786202e-05
2021-06-23,5.699393942101578e-05
2021-06-24,-1.036769741293974e-06
2021-06-25,-3.160042863088134e-05
2021-06-26,-2.914028366774856e-05
2021-06-27,-2.6680138704614047e-05
2021-06-28,1.8154948623724104e-05
2021-06-29,-3.294014078829028e-05
2021-06-30,-2.210570063688761e-05
2021-07-01,-5.8912973226834565e-05
2021-07-02,-4.164986470332364e-05
2021-07-03,-3.881440875335958e-05
2021-07-04,-3.597895280339509e-05
2021-07-05,-3.314349685342799e-05
2021-07-06,6.79359603996941e-05
2021-07-07,0.00010076039688084685
2021-07-08,0.0002638816746882069
2021-07-09,0.00011715574793981845
2021-07-10,0.00012013128393752745
2021-07-11,0.0001231068199352343
2021-07-12,2.8515691715672378e-05
2021-07-13,3.156729526314697e-05
2021-07-14,4.543565167323743e-05
2021-07-15,5.864916446748827e-05
2021-07-16,0.00014138616532812214
2021-07-17,0.00014448209006643654
2021-07-18,0.00014757801480475355
2021-07-19,0.0002884476481210493
2021-07-20,3.235337777627526e-05
2021-07-21,-0.00017669640563189445
2021-07-22,-0.00014253846592151816
2021-07-23,-0.00018033059010668512
2021-07-24,-0.00017763057397542732
2021-07-25,-0.0001749305578441717
2021-07-26,-0.00027998247859524657
2021-07-27,-0.0002763087689660643
2021-07-28,-0.00025888961055890464
2021-07-29,-0.0003463299715722062
2021-07-30,-0.0003294348199631039
2021-07-31,-0.00032694396709704015
2021-08-01,-0.00032445311423097943
2021-08-02,-0.0003405953917203358
2021-08-03,-0.0003832388800050642
2021-08-04,-0.00035169721802895794
2021-08-05,-0.0004051109967998113
2021-08-06,-0.0004649077047782805
2021-08-07,-0.0004624145645128774
2021-08-08,-0.0004599214242474751
2021-08-09,-0.0004604639734177656
2021-08-10,-0.0004921299950850669
2021-08-11,-0.0005493469444483351
2021-08-12,-0.0005511131005331896
2021-08-13,-0.0005599005037858124
2021-08-14,-0.0005572927335407364
2021-08-15,-0.0005546849632956609
2021-08-16,-0.000535075421371608
2021-08-17,-0.000464311961275078
2021-08-18,-0.00041654113291883987
2021-08-19,-0.0003381017263982514
2021-08-20,-0.00035961095807437744
2021-08-21,-0.0003569266611451174
2021-08-22,-0.00035424236421585827
2021-08-23,-0.00040290149608796
2021-08-24,-0.00044087738677028084
2021-08-25,-0.0004997364098410341
2021-08-26,-0.00041349741339582764
2021-08-27,-0.0004820667201907696
2021-08-28,-0.0004792664903783728
2021-08-29,-0.00047646626056597466
2021-08-30,-0.0003865468774249276
2021-08-31,-0.00038532738805191437
2021-09-01,-0.0004079966410658561
2021-09-02,-0.00040896320865130894
2021-09-03,-0.00039543195952859364
2021-09-04,-0.00039260847026888895
2021-09-05,-0.00038978498100918427
2021-09-06,-0.00038696149174948305
2021-09-07,-0.0003802198458298946
2021-09-08,-0.00033038768486283844
2021-09-09,-0.00030804155728637265
2021-09-10,-0.00031057980850052137
2021-09-11,-0.0003076915928539102
2021-09-12,-0.00030480337720729814
2021-09-13,-0.00036913925622269507
2021-09-14,-0.0002839810033397074
2021-09-15,-0.0003372592075642105
2021-09-16,-0.0003347823080557706
2021-09-17,-0.00022375437230429248
2021-09-18,-0.00022088941148057937
2021-09-19,-0.0002180244506568658
2021-09-20,0.00012420809405089663
2021-09-21,0.000168203593739087
2021-09-22,1.3252388806907732e-05
2021-09-23,-0.00010019058411648869
2021-09-24,-0.00010639720004841343
2021-09-25,-0.00010319029150728616
2021-09-26,-9.998338296615672e-05
2021-09-27,-0.00022237712045177545
2021-09-28,-0.00010408120241654512
2021-09-29,-9.684509789100121e-05
2021-09-30,3.940257936983858e-06
2021-10-01,-3.0317092459426157e-05
2021-10-02,-2.7356791468988954e-05
2021-10-03,-2.439649047855175e-05
2021-10-04,1.4668546963038896e-05
2021-10-05,-7.786892054102712e-05
2021-10-06,-6.052039445037091e-05
2021-10-07,-0.00012978203112790814
2021-10-08,-0.0002141431748508343
2021-10-09,-0.00021154011248095735
2021-10-10,-0.00020893705011107953
2021-10-11,-0.00014902702934273477
2021-10-12,-0.00016596882766000635
2021-10-13,-0.0001855573575530716
2021-10-14,-0.000313179615916849
2021-10-15,-0.0003565550132313775
2021-10-16,-0.00035412538882690584
2021-10-17,-0.00035169576442243286
2021-10-18,-0.00032324012737172106
2021-10-19,-0.00034209091196320957
2021-10-20,-0.00036362776942063446
2021-10-21,-0.0003549413546552046
2021-10-22,-0.0004265006855739867
2021-10-23,-0.00042428250819210277
2021-10-24,-0.0004220643308102184
2021-10-25,-0.0004446289511010684
2021-10-26,-0.000499982232897348
2021-10-27,-0.0005068552267502489
2021-10-28,-0.0005411616494534401
2021-10-29,-0.0005335058414761285
2021-10-30,-0.000531465543411679
2021-10-31,-0.0005294252453472267
2021-11-01,-0.0006206786888493328
2021-11-02,-0.0006325379357372675
2021-11-03,-0.0006305303911379925
2021-11-04,-0.0005366793491424534
2021-11-05,-0.0005625726839110883
2021-11-06,-0.0005607878298994526
2021-11-07,-0.0005590029758878175
2021-11-08,-0.0005455792771528862
2021-11-09,-0.0005545547344711923
2021-11-10,-0.0004897459341730863
2021-11-11,-0.0005051303036826644
2021-11-12,-0.00050141297553334
2021-11-13,-0.0004995107532236808
2021-11-14,-0.0004976085309140207
2021-11-15,-0.0004793947434479995
2021-11-16,-0.000481043575507642
2021-11-17,-0.0005070872053120259
2021-11-18,-0.0004524050415924785
2021-11-19,-0.0003516668211099648
2021-11-20,-0.0003496357769274803
2021-11-21,-0.0003476047327449967
2021-11-22,-0.0003714185874850147
2021-11-23,-0.00042087320391617083
2021-11-24,-0.00043272620453606216
2021-11-25,-0.0004305455459766303
2021-11-26,-0.00025850892294461457
2021-11-27,-0.0002562042483256746
2021-11-28,-0.0002538995737067346
2021-11-29,-0.0002578593539758604
2021-11-30,-0.0002418927294487688
2021-12-01,-0.00023137574021194623
2021-12-02,-0.0003763967491602466
2021-12-03,-0.0003240052762402499
2021-12-04,-0.000321909508771714
2021-12-05,-0.00031981374130317895
2021-12-06,-0.00037311588010701746
2021-12-07,-0.00046279108151392554
2021-12-08,-0.00045219244061136003
2021-12-09,-0.0004214381024300689
2021-12-10,-0.0003945528207360276
2021-12-11,-0.00039263480478116336
2021-12-12,-0.00039071678882630044
2021-12-13,-0.00035179938813472344
2021-12-14,-0.00036670420036740217
2021-12-15,-0.0003392766256466069
2021-12-16,-0.0004004537487792121
2021-12-17,-0.00027413516528952643
2021-12-18,-0.00027205182746072075
2021-12-19,-0.0002699684896319168
2021-12-20,-0.00021345591871227204
2021-12-21,-0.00028414764739890684
2021-12-22,-0.0003129398729165107
2021-12-23,-0.0003662817997123068
2021-12-24,-0.0003642735762663268
2021-12-25,-0.0003622653528203446
2021-12-26,-0.00036025712937436333
2021-12-27,-0.00041667218827772185
2021-12-28,-0.00041834392078579554
2021-12-29,-0.0003918054615700676
2021-12-30,-0.00036917508802556624
2021-12-31,-0.00035124576647185303
2022-01-01,-0.00034932863872862586
2022-01-02,-0.0003474115109854004
2022-01-03,-0.0004117840558692989
2022-01-04,-0.0005394706204812851
2022-01-05,-0.00047451820966499646
2022-01-06,-0.0006056109405799292
2022-01-07,-0.0006710265071808103
2022-01-08,-0.0006694704669598281
2022-01-09,-0.0006679144267388458
2022-01-10,-0.000644371155050591
2022-01-11,-0.0006690819120512307
2022-01-12,-0.0007102253057288377
2022-01-13,-0.000709285648965023
2022-01-14,-0.0007204310256803425
2022-01-15,-0.0007192799800926045
2022-01-16,-0.0007181289345048667
2022-01-17,-0.0007169778889171293
2022-01-18,-0.0006848353821594497
2022-01-19,-0.0006583190964532725
2022-01-20,-0.0006656972793696518
2022-01-21,-0.0006401936412192373
2022-01-22,-0.0006387799928298163
2022-01-23,-0.0006373663444403951
2022-01-24,-0.0005429509197124745
2022-01-25,-0.0005709025446665088
2022-01-26,-0.0006078475758478437
2022-01-27,-0.0005467272603307204
2022-01-28,-0.0005521193385100223
2022-01-29,-0.0005502649103390931
2022-01-30,-0.0005484104821681618
2022-01-31,-0.000596380509888552
2022-02-01,-0.0009110080032978774
2022-02-02,-0.0009332707802744069
2022-02-03,-0.0009141430626152527
2022-02-04,-0.0009102862272515567
2022-02-05,-0.0009091876342200722
2022-02-06,-0.0009080890411885885
2022-02-07,-0.0009367509976784532
2022-02-08,-0.0010058774868050722
2022-02-09,-0.0010315159844245505
2022-02-10,-0.0010189217567447067
2022-02-11,-0.000956678387381693
2022-02-12,-0.000955681153906548
2022-02-13,-0.0009546839204314038
2022-02-14,-0.0009464554538516931
2022-02-15,-0.0009613325554838255
2022-02-16,-0.0009393929696397618
2022-02-17,-0.0009189768649421886
2022-02-18,-0.0009172081806727694
2022-02-19,-0.0009164910528171525
2022-02-20,-0.0009157739249615353
2022-02-21,-0.0009150567971059182
2022-02-22,-0.0008351757522145409
2022-02-23,-0.0008023418857104707
2022-02-24,-0.0006620245858341913
2022-02-25,-0.0007836200302299174
2022-02-26,-0.0007823738262603495
2022-02-27,-0.0007811276222907814
2022-02-28,-0.0006713746686895883
2022-03-01,-0.0005628164936098082
2022-03-02,-0.0005844736750929723
2022-03-03,-0.0005403836937528626
2022-03-04,-0.0004344740135113338
2022-03-05,-0.00043225948390478944
2022-03-06,-0.000430044954298249
2022-03-07,-0.0002830410464231205
2022-03-08,-0.00029062516200936955
2022-03-09,-0.0004379167912854096
2022-03-10,-0.00038165722848523516
2022-03-11,-0.00035870559280019735
2022-03-12,-0.0003569508630122029
2022-03-13,-0.0003551961332242111
2022-03-14,-0.0003508144733221177
2022-03-15,-0.00039403521029780005
2022-03-16,-0.0005601217935839293
2022-03-17,-0.0006098310367131294
2022-03-18,-0.0006492240117815006
2022-03-19,-0.0006478511623880397
2022-03-20,-0.0006464783129945797
2022-03-21,-0.0006362735662729865
2022-03-22,-0.0006884125944492752
2022-03-23,-0.0006483410920496047
2022-03-24,-0.0006606058844617563
2022-03-25,-0.0006801094079136351
2022-03-26,-0.0006792148478431616
2022-03-27,-0.0006783202877726881
2022-03-28,-0.0006605553631332879
2022-03-29,-0.0006956134532334411
2022-03-30,-0.0006752888554275483
2022-03-31,-0.0006659164050064857
2022-04-01,-0.0006690200894268819
2022-04-02,-0.0006686169889144346
2022-04-03,-0.0006682138884019874
2022-04-04,-0.0006769022133054242
2022-04-05,-0.0006410935030285729
2022-04-06,-0.0006135600230817032
2022-04-07,-0.0006129144418110955
2022-04-08,-0.0006248410210036889
2022-04-09,-0.0006241052374289201
2022-04-10,-0.0006233694538541525
2022-04-11,-0.0006216858052563966
2022-04-12,-0.0006182395810227287
2022-04-13,-0.0006213411290101807
2022-04-14,-0.0006324488093405124
2022-04-15,-0.0006312267311018214
2022-04-16,-0.0006300046528631281
2022-04-17,-0.0006287825746244349
2022-04-18,-0.0006663524903235902
2022-04-19,-0.0007243753049397416
2022-04-20,-0.0007575915288529022
2022-04-21,-0.0006992967690199652
2022-04-22,-0.0005901430057167431
2022-04-23,-0.0005887588467970327
2022-04-24,-0.0005873746878773244
2022-04-25,-0.0005943319305592855
2022-04-26,-0.0005200059181898601
2022-04-27,-0.000504350259335712
2022-04-28,-0.0005352964223166389
2022-04-29,-0.0004619848110828254
2022-04-30,-0.0004606589537515587
2022-05-01,-0.000459333096420292
2022-05-02,-0.0005004093757710062
2022-05-03,-0.000542361736421723
2022-05-04,-0.0006261002336283472
2022-05-05,-0.0005622861228726482
2022-05-06,-0.0005409572705552704
2022-05-07,-0.0005395366362536728
2022-05-08,-0.0005381160019520726
2022-05-09,-0.00045249666650857027
2022-05-10,-0.00039942576424899234
2022-05-11,-0.0003644247539892134
2022-05-12,-0.00035030314962456073
2022-05-13,-0.0003761066241465419
2022-05-14,-0.000375022015120686
2022-05-15,-0.00037393740609482787
2022-05-16,-0.0003636663645109582
2022-05-17,-0.0004294889643149851
2022-05-18,-0.0003765056810072138
2022-05-19,-0.0003372795657972318
2022-05-20,-0.00031402524308175904
2022-05-21,-0.0003132733681286406
2022-05-22,-0.0003125214931755209
2022-05-23,-0.00034531075951692953
2022-05-24,-0.00032675661035621185
2022-05-25,-0.00033909708639461456
2022-05-26,-0.0003726179582143282
2022-05-27,-0.0003907028585275621
2022-05-28,-0.0003900128406990207
2022-05-29,-0.0003893228228704793
2022-05-30,-0.0003886328050419379
2022-05-31,-0.0003838171343965831
2022-06-01,-0.0003673616319866337
2022-06-02,-0.00036557641811146716
2022-06-03,-0.00035503515205602106
2022-06-04,-0.0003544157305339431
2022-06-05,-0.00035379630901186425
2022-06-06,-0.0003612730938532555
2022-06-07,-0.00036832323375579363
2022-06-08,-0.0003484876976868798
2022-06-09,-0.0003176576278644248
2022-06-10,-0.00022460248272299392
2022-06-11,-0.00022351296921567813
2022-06-12,-0.00022242345570836018
2022-06-13,-0.00021969947535539379
2022-06-14,-0.0002195918261504318
2022-06-15,-0.0002324245166718539
2022-06-16,-0.00021744463383205608
2022-06-17,-0.00013927506466824419
2022-06-18,-0.00013791063289865036
2022-06-19,-0.00013654620112906
2022-06-20,-0.0001351817693594653
2022-06-21,-0.0001912384124923409
2022-06-22,-0.00015164911023933395
2022-06-23,-0.00017743211997294428
2022-06-24,-0.00021903258857192002
2022-06-25,-0.0002178922627572087
2022-06-26,-0.00021675193694249912
2022-06-27,-0.00020004760434436065
2022-06-28,-0.00025629048638852467
2022-06-29,-0.0002743458918772375
2022-06-30,-0.0001950515323048698
2022-07-01,-0.00023688760216003957
2022-07-02,-0.00023546296394332021
2022-07-03,-0.0002340383257266039
2022-07-04,-0.00023261368750988496
2022-07-05,-0.00024785254582962045
2022-07-06,-0.00024129228505091532
2022-07-07,-0.00029235162086658963
2022-07-08,-0.0002526967127742248
2022-07-09,-0.00025117660026063296
2022-07-10,-0.00024965648774704285
2022-07-11,-0.00023213908895087067
2022-07-12,-0.00020909119041994913
2022-07-13,-0.00018917067715125023
2022-07-14,-0.00024105341532613608
2022-07-15,-0.0003646906426426882
2022-07-16,-0.00036293858511673516
2022-07-17,-0.00036118652759078475
2022-07-18,-0.00037810570504419935
2022-07-19,-0.0004589853099193973
2022-07-20,-0.00047985698842279356
2022-07-21,-0.0004980132948693493
2022-07-22,-0.00048104908560682924
2022-07-23,-0.0004794311360114944
2022-07-24,-0.00047781318641616213
2022-07-25,-0.00046349147104761705
2022-07-26,-0.0005271660732308467
2022-07-27,-0.000585629609776768
2022-07-28,-0.0005704618763455412
2022-07-29,-0.000605726984051412
2022-07-30,-0.0006038357996664633
2022-07-31,-0.0006019446152815151
2022-08-01,-0.0005962930488899467
2022-08-02,-0.0005812361698855858
2022-08-03,-0.0006396481147686968
2022-08-04,-0.0006334674949574274
2022-08-05,-0.0006744829173552353
2022-08-06,-0.0006724608662675088
2022-08-07,-0.0006704388151797858
2022-08-08,-0.000652966250667868
2022-08-09,-0.0006723739087440977
2022-08-10,-0.0007586778120425987
2022-08-11,-0.0008023573083072843
2022-08-12,-0.000850447516641018
2022-08-13,-0.0008485888600044591
2022-08-14,-0.0008467302033678997
2022-08-15,-0.0008540705430589656
2022-08-16,-0.00084578059148786
2022-08-17,-0.0008250859260715525
2022-08-18,-0.0008370418255168872
2022-08-19,-0.0007676937858066032
2022-08-20,-0.0007654569637994659
2022-08-21,-0.000763220141792329
2022-08-22,-0.0006991282630138891
2022-08-23,-0.0006892965019847995
2022-08-24,-0.000704090295549954
2022-08-25,-0.0007563967485915289
2022-08-26,-0.0006194988643424422
2022-08-27,-0.0006171237821380464
2022-08-28,-0.0006147486999336501
2022-08-29,-0.0005249588269227905
2022-08-30,-0.00047928328044337127
2022-08-31,-0.000522284175391379
2022-09-01,-0.0005942491775891177
2022-09-02,-0.000598057046340967
2022-09-03,-0.0005956364145781683
2022-09-04,-0.0005932157828153653
2022-09-05,-0.0005907951510525666
2022-09-06,-0.0005162378135462695
2022-09-07,-0.0005975881893327227
2022-09-08,-0.000653782864656303
2022-09-09,-0.0006828153060973591
2022-09-10,-0.0006807600924275147
2022-09-11,-0.0006787048787576665
2022-09-12,-0.0006969792854670531
2022-09-13,-0.0005781976348325241
2022-09-14,-0.0005891194391909015
2022-09-15,-0.0006238222438646043
2022-09-16,-0.000604570343506344
2022-09-17,-0.0006025755459592311
2022-09-18,-0.0006005807484121151
2022-09-19,-0.0006534102502868421
2022-09-20,-0.0005963904217143302
2022-09-21,-0.0005681299017882284
2022-09-22,-0.000511758299178944
2022-09-23,-0.0003766674907982265
2022-09-24,-0.0003742266580900938
2022-09-25,-0.00037178582538195627
2022-09-26,-0.00029269588064121787
2022-09-27,-0.00027242853133711397
2022-09-28,-0.0003431490448331646
2022-09-29,-0.00028433906676083925
2022-09-30,-0.0002472874918891684
2022-10-01,-0.00024478614834988954
2022-10-02,-0.00024228480481060678
2022-10-03,-0.00029168820814765625
2022-10-04,-0.00038831271051717985
2022-10-05,-0.0003806055642991491
2022-10-06,-0.00033686721099766923
2022-10-07,-0.00018743630732208014
2022-10-08,-0.0001850294711845152
2022-10-09,-0.0001826226350469468
2022-10-10,-0.00018523847347258872
2022-10-11,-0.0001239739807800946
2022-10-12,-0.00012161710325233992
2022-10-13,-0.00019916893393890365
2022-10-14,9.741334142265249e-06
2022-10-15,1.2172162072410144e-05
2022-10-16,1.4602990002549401e-05
2022-10-17,-3.8873170655133286e-05
2022-10-18,-0.00013335980813250752
2022-10-19,-4.231995562999384e-05
2022-10-20,3.009722105966426e-05
2022-10-21,-0.00011324455682244034
2022-10-22,-0.0001109748289511779
2022-10-23,-0.00010870510107991067
2022-10-24,-7.939788813702154e-05
2022-10-25,4.616240787394532e-05
2022-10-26,-8.246105094321214e-06
2022-10-27,-2.5260270624343287e-05
2022-10-28,-7.705673260024202e-05
2022-10-29,-7.525740243783741e-05
2022-10-30,-7.345807227543627e-05
2022-10-31,-0.00010551778772909925
2022-11-01,-0.00017648337965760685
2022-11-02,-0.0002345749524836861
2022-11-03,-0.00019404405077118542
2022-11-04,-0.0001770520695981181
2022-11-05,-0.00017522495201866863
2022-11-06,-0.00017339783443922133
2022-11-07,-0.00019690765922928581
2022-11-08,-0.00018065927120713195
2022-11-09,-0.0001031235339255445
2022-11-10,-0.0002300643006238239
2022-11-11,-0.00023830907977729797
2022-11-12,-0.00023717533216204446
2022-11-13,-0.00023604158454679312
2022-11-14,-0.00022291806961173295
2022-11-15,-0.00023375657222215844
2022-11-16,-0.0002186411551214451
2022-11-17,-0.00019496091238702844
2022-11-18,-0.0001988037447403011
2022-11-19,-0.00019763255057682772
2022-11-20,-0.0001964613564133565
2022-11-21,-0.00019066469973593467
2022-11-22,-0.00020540390918462412
2022-11-23,-0.00020580792670814047
2022-11-24,-0.0002046615799362393
2022-11-25,-0.00022595780521651601
2022-11-26,-0.00022479279495688604
2022-11-27,-0.00022362778469725824
2022-11-28,-0.00021706330842690682
2022-11-29,-0.00024199115190162712
2022-11-30,-0.00029060910537116
2022-12-01,-0.00028592531175057915
2022-12-02,-0.0002610132935087213
2022-12-03,-0.0002597334715704301
2022-12-04,-0.00025845364963214155
2022-12-05,-0.0001920409537276924
2022-12-06,-0.00013591817816939553
2022-12-07,-0.00013249995457951125
2022-12-08,-0.00017877805234362866
2022-12-09,-0.0001984893254228983
2022-12-10,-0.00019726812655028935
2022-12-11,-0.00019604692767768127
2022-12-12,-0.00024407107731803674
2022-12-13,-0.00026537850581820994
2022-12-14,-0.00021945035766850153
2022-12-15,-0.00016654377245844693
2022-12-16,-0.0001470263687073821
2022-12-17,-0.0001457356839549102
2022-12-18,-0.00014444499920243572
2022-12-19,-8.350677785512028e-05
2022-12-20,-5.142608834285455e-05
2022-12-21,-5.721873697430314e-05
2022-12-22,-5.3097725481117235e-05
2022-12-23,-2.194896619322085e-05
2022-12-24,-2.112015196489023e-05
2022-12-25,-2.0291337736559178e-05
2022-12-26,-1.9462523508230727e-05
2022-12-27,1.4726697129003024e-05
2022-12-28,2.2585224742088534e-05
2022-12-29,2.897722795937004e-05
2022-12-30,2.195822072066254e-05
2022-12-31,2.2692558202255624e-05
2023-01-01,2.342689568385131e-05
2023-01-02,2.4161233165444825e-05
2023-01-03,3.612945601441306e-05
2023-01-04,8.635868378211895e-05
2023-01-05,8.992994379472454e-05
2023-01-06,8.70019402945876e-05
2023-01-07,8.735430784416638e-05
2023-01-08,8.770667539374733e-05
2023-01-09,9.516073154759545e-05
2023-01-10,9.322187665036048e-05
2023-01-11,9.865308789894136e-05
2023-01-12,9.877253200858823e-05
2023-01-13,9.234074053769345e-05
2023-01-14,9.25711738783007e-05
2023-01-15,9.280160721890926e-05
2023-01-16,9.303204055951609e-05
2023-01-17,5.236317489591604e-05
2023-01-18,5.8497519795001115e-05
2023-01-19,7.313180731541953e-05
2023-01-20,5.7648017451760944e-05
2023-01-21,5.799079258433926e-05
2023-01-22,5.833356771691887e-05
2023-01-23,5.2390144045733056e-05
2023-01-24,6.656471201001548e-05
2023-01-25,6.952732551670842e-05
2023-01-26,7.200936087193742e-05
2023-01-27,6.441405808067834e-05
2023-01-28,6.468331236637957e-05
2023-01-29,6.495256665208079e-05
2023-01-30,6.865682811294047e-05
2023-01-31,6.191880858005079e-05
2023-02-01,6.035340024599647e-05
2023-02-02,5.428888702952448e-05
2023-02-03,5.3323342865538564e-05
2023-02-04,5.363507450084539e-05
2023-02-05,5.394680613615222e-05
2023-02-06,5.5331173933836995e-05
2023-02-07,5.6350444800782294e-05
2023-02-08,5.773357470345748e-05
2023-02-09,6.493936796829469e-05
2023-02-10,6.07409213322827e-05
2023-02-11,6.104453516818289e-05
2023-02-12,6.134814900408221e-05
2023-02-13,5.919783500940188e-05
2023-02-14,5.565282099082806e-05
2023-02-15,5.465560773283522e-05
2023-02-16,6.0027241987942095e-05
2023-02-17,6.068582601134265e-05
2023-02-18,6.0907051551542784e-05
2023-02-19,6.112827709174205e-05
2023-02-20,6.134950263194218e-05
2023-02-21,6.906364859307146e-05
2023-02-22,6.525130321198948e-05
2023-02-23,6.447762782592738e-05
2023-02-24,6.113684651293033e-05
2023-02-25,6.146653422857504e-05
2023-02-26,6.179622194421889e-05
2023-02-27,8.050539847176061e-05
2023-02-28,8.386971914664358e-05
2023-03-01,8.00419624828715e-05
2023-03-02,7.526404340380899e-05
2023-03-03,8.05468243132196e-05
2023-03-04,8.063069457637899e-05
2023-03-05,8.071456483953751e-05
2023-03-06,8.156390662668366e-05
2023-03-07,7.762396428395886e-05
2023-03-08,7.203066782979044e-05
2023-03-09,9.089532997338294e-05
2023-03-10,7.877012098852056e-05
2023-03-11,7.908621433940725e-05
2023-03-12,7.940230769029263e-05
2023-03-13,2.735429463861499e-05
2023-03-14,4.4464601928238725e-05
2023-03-15,2.5004782028187778e-05
2023-03-16,4.488410824883332e-05
2023-03-17,-6.4321046750869665e-06
2023-03-18,-5.5331193329908115e-06
2023-03-19,-4.634133990896391e-06
2023-03-20,3.238686323855586e-05
2023-03-21,0.00022944749867800452
2023-03-22,0.00017961291791372984
2023-03-23,6.760133610414368e-05
2023-03-24,0.00010180802313296614
2023-03-25,0.00010232466594015631
2023-03-26,0.00010284130874734692
2023-03-27,0.0001443697355879743
2023-03-28,0.00011835283620304773
2023-03-29,0.00019777251852042248
2023-03-30,0.0002540853616965861
2023-03-31,0.00032632378052937887
2023-04-01,0.00032608366453337973
2023-04-02,0.00032584354853737885
2023-04-03,0.0002607243254295227
2023-04-04,0.0003407303110443726
2023-04-05,0.00032780633235722154
2023-04-06,0.00031621043756089456
2023-04-07,0.0003159733024630518
2023-04-08,0.0003157361673652107
2023-04-09,0.00031549903226736923
2023-04-10,0.0003099977719866662
2023-04-11,0.00040639102585347505
2023-04-12,0.0003693978225193912
2023-04-13,0.0004140854229958044
2023-04-14,0.0004379624694030998
2023-04-15,0.0004374247304979829
2023-04-16,0.0004368869915928656
2023-04-17,0.0003060794627355655
2023-04-18,0.00028945907474214926
2023-04-19,0.000259441426771674
2023-04-20,0.0002121861285188137
2023-04-21,0.000190400997357247
2023-04-22,0.00019080447492950993
2023-04-23,0.00019120795250177416
2023-04-24,0.0002392501111448046
2023-04-25,0.000177035540570805
2023-04-26,0.0002135173227489932
2023-04-27,0.00021179079183341557
2023-04-28,0.00021198471717003703
2023-04-29,0.00021233413995936506
2023-04-30,0.00021268356274869527
2023-05-01,0.00023641893990057096
2023-05-02,0.0002613709092247709
2023-05-03,0.00022019724836246047
2023-05-04,0.00022565371004687907
2023-05-05,0.0002837037802412056
2023-05-06,0.00028395627366236244
2023-05-07,0.00028420876708352104
2023-05-08,0.000287932300947839
2023-05-09,0.00027996523112761755
2023-05-10,0.00026469709410027005
2023-05-11,0.0002655209172798046
2023-05-12,0.0002686241001623622
2023-05-13,0.0002689587575863215
2023-05-14,0.00026929341501028686
2023-05-15,0.000291735371037469
2023-05-16,0.00027649345252939985
2023-05-17,0.00028913635017879585
2023-05-18,0.00029559168954785544
2023-05-19,0.0004344453391304211
2023-05-20,0.0004343603876455458
2023-05-21,0.0004342754361606736
2023-05-22,0.00045202901862136276
2023-05-23,0.00038172978459953284
2023-05-24,0.000386969332946829
2023-05-25,0.0003161849838836158
2023-05-26,0.00033402357591660924
2023-05-27,0.0003341543044142626
2023-05-28,0.0003342850329119138
2023-05-29,0.00033441576140956714
2023-05-30,0.0002803967219859615
2023-05-31,0.00023064362683727826
2023-06-01,0.0003436902830021506
2023-06-02,0.00035656432902024787
2023-06-03,0.00035667294148941826
2023-06-04,0.0003567815539585865
2023-06-05,0.0003800466623361575
2023-06-06,0.0003730683371690265
2023-06-07,0.00035000612278602043
2023-06-08,0.00035355574966589205
2023-06-09,0.000346731083189607
2023-06-10,0.0003468671572622716
2023-06-11,0.0003470032313349328
2023-06-12,0.0003300902053883603
2023-06-13,0.00030693215679121824
2023-06-14,0.00034542644318354175
2023-06-15,0.0003092038745559126
2023-06-16,0.000331955974583022
2023-06-17,0.0003321192016363058
2023-06-18,0.0003322824286895853
2023-06-19,0.0003324456557428691
2023-06-20,0.00031939447110937696
2023-06-21,0.0003242102148534737
2023-06-22,0.00035319053385095625
2023-06-23,0.00035613888281370255
2023-06-24,0.00035628747206091016
2023-06-25,0.0003564360613081156
2023-06-26,0.00031724597085597446
2023-06-27,0.00035104277285762184
2023-06-28,0.0003557255693581061
2023-06-29,0.00035030817733787585
2023-06-30,0.00039198992146347684
2023-07-01,0.00039203899222393836
2023-07-02,0.0003920880629843977
2023-07-03,0.00039908471060648215
2023-07-04,0.000399114790036602
2023-07-05,0.00031320236842647753
2023-07-06,0.0003059711888188845
2023-07-07,0.0003983026027170617
2023-07-08,0.00039839718461080016
2023-07-09,0.0003984917665045382
2023-07-10,0.00039858634839827446
