Date,UBS - PNC Accumulated Oriented Area
2019-01-01,0.0
2019-01-02,0.0
2019-01-03,-5.04343179540246e-09
2019-01-04,-2.1401496975886826e-06
2019-01-05,-2.0862166403833093e-06
2019-01-06,-2.032283583177822e-06
2019-01-07,-5.162136108954156e-06
2019-01-08,-5.025356312596054e-06
2019-01-09,-5.462200099786949e-06
2019-01-10,-1.1539924802870384e-05
2019-01-11,-9.961230777732375e-06
2019-01-12,-1.0017054898081163e-05
2019-01-13,-1.0072879018430526e-05
2019-01-14,-8.367285763043477e-06
2019-01-15,-4.815100956979268e-06
2019-01-16,-9.705503586078444e-06
2019-01-17,-3.747783804830996e-06
2019-01-18,1.7214989076747196e-05
2019-01-19,1.7308377360220902e-05
2019-01-20,1.740176564369459e-05
2019-01-21,1.749515392716828e-05
2019-01-22,4.532728654478075e-05
2019-01-23,4.01546732737554e-05
2019-01-24,3.7579416795511814e-05
2019-01-25,4.028753495050368e-05
2019-01-26,4.0452939979791837e-05
2019-01-27,4.061834500907959e-05
2019-01-28,4.338339354969274e-05
2019-01-29,4.3349186834085835e-05
2019-01-30,3.394306819266827e-05
2019-01-31,3.839490312069248e-05
2019-02-01,4.109333738189065e-05
2019-02-02,4.120621386716547e-05
2019-02-03,4.1319090352440294e-05
2019-02-04,4.49976008564875e-05
2019-02-05,3.5554835369079255e-05
2019-02-06,3.5522435362496125e-05
2019-02-07,4.183047683420994e-05
2019-02-08,4.401650819115481e-05
2019-02-09,4.409903703018583e-05
2019-02-10,4.418156586921685e-05
2019-02-11,4.392656150475742e-05
2019-02-12,4.099757576027884e-05
2019-02-13,3.763760827919854e-05
2019-02-14,4.015841100282429e-05
2019-02-15,3.540548554987107e-05
2019-02-16,3.556448639711007e-05
2019-02-17,3.572348724434928e-05
2019-02-18,3.588248809158849e-05
2019-02-19,3.81900973975086e-05
2019-02-20,6.011877962976402e-05
2019-02-21,7.255319075063711e-05
2019-02-22,7.546101310186161e-05
2019-02-23,7.572839098222575e-05
2019-02-24,7.59957688625899e-05
2019-02-25,7.36917346644924e-05
2019-02-26,7.052096952204259e-05
2019-02-27,6.4953103532655e-05
2019-02-28,6.379394181134025e-05
2019-03-01,6.119731014809752e-05
2019-03-02,6.15011531290157e-05
2019-03-03,6.180499610993377e-05
2019-03-04,6.689875561996094e-05
2019-03-05,7.187594760386817e-05
2019-03-06,8.205506195671793e-05
2019-03-07,0.00011105366524108398
2019-03-08,0.00011049136922352932
2019-03-09,0.0001109407647955618
2019-03-10,0.00011139016036759429
2019-03-11,8.706347649618144e-05
2019-03-12,9.241267254662991e-05
2019-03-13,7.575753943377498e-05
2019-03-14,7.041124671712591e-05
2019-03-15,7.360881526012223e-05
2019-03-16,7.413100719019637e-05
2019-03-17,7.465319912026982e-05
2019-03-18,4.1097021827327844e-05
2019-03-19,4.393094046739876e-05
2019-03-20,7.572963515515373e-05
2019-03-21,9.302838050156358e-05
2019-03-22,0.0001241326105982003
2019-03-23,0.00012427207452858058
2019-03-24,0.00012441153845896085
2019-03-25,0.0001241891221687141
2019-03-26,0.00010261838224966466
2019-03-27,0.00010374294494023725
2019-03-28,9.094449150695794e-05
2019-03-29,9.045081448450743e-05
2019-03-30,9.0697431668006e-05
2019-03-31,9.094404885150528e-05
2019-04-01,5.407872971500318e-05
2019-04-02,5.465418576951203e-05
2019-04-03,4.8507621429111635e-05
2019-04-04,3.940363688328693e-05
2019-04-05,4.351891988462419e-05
2019-04-06,4.390233613018369e-05
2019-04-07,4.428575237574318e-05
2019-04-08,4.522020931373142e-05
2019-04-09,5.220890404427063e-05
2019-04-10,5.3017819051973255e-05
2019-04-11,3.3017845442375856e-05
2019-04-12,1.4448639386018958e-05
2019-04-13,1.49726723954933e-05
2019-04-14,1.549670540496765e-05
2019-04-15,1.2151352077271647e-05
2019-04-16,-6.237198498985947e-06
2019-04-17,-2.568483726060142e-05
2019-04-18,-1.9390380691364397e-05
2019-04-19,-1.891765781422477e-05
2019-04-20,-1.8444934937084957e-05
2019-04-21,-1.7972212059945186e-05
2019-04-22,-1.6699629418557585e-05
2019-04-23,1.2857653836710118e-06
2019-04-24,-6.434738893934807e-06
2019-04-25,-1.916178291794368e-05
2019-04-26,-1.528739620039144e-05
2019-04-27,-1.470732317027983e-05
2019-04-28,-1.4127250140168272e-05
2019-04-29,-3.995516122114423e-05
2019-04-30,-2.880725942172877e-05
2019-05-01,-1.2557986869401087e-05
2019-05-02,-2.2150249689510858e-05
2019-05-03,-1.412982540955261e-05
2019-05-04,-1.3517908614227985e-05
2019-05-05,-1.290599181890258e-05
2019-05-06,8.273582080961454e-05
2019-05-07,0.0001412684871212275
2019-05-08,0.00014432343024754874
2019-05-09,0.0001588667709809996
2019-05-10,0.00015431918504726547
2019-05-11,0.00015496250031583444
2019-05-12,0.00015560581558440336
2019-05-13,0.00022332483977154327
2019-05-14,0.00020726711771933647
2019-05-15,0.00022184053557129728
2019-05-16,0.0001813313377715307
2019-05-17,0.00019325034312636514
2019-05-18,0.00019383712846648854
2019-05-19,0.00019442391380661075
2019-05-20,0.00018038792674620444
2019-05-21,0.00017024340072232196
2019-05-22,0.00018323596681915562
2019-05-23,0.0002189565932738248
2019-05-24,0.0001850631962003423
2019-05-25,0.00018572906804229671
2019-05-26,0.00018639493988425112
2019-05-27,0.00018706081172620555
2019-05-28,0.00023608676587997572
2019-05-29,0.00023430893953478024
2019-05-30,0.0002583051184888598
2019-05-31,0.0002871060268329736
2019-06-01,0.0002876746104281613
2019-06-02,0.0002882431940233507
2019-06-03,0.0002597681470883292
2019-06-04,0.0001741915530779771
2019-06-05,0.00016646560631790406
2019-06-06,0.00017136376793381116
2019-06-07,0.0001798798078571445
2019-06-08,0.00018060238919742462
2019-06-09,0.00018132497053770471
2019-06-10,0.00015791237895142773
2019-06-11,0.00014289984340683172
2019-06-12,0.00017632037055814276
2019-06-13,0.00018714310802106257
2019-06-14,0.00018368513420445815
2019-06-15,0.00018454848940606988
2019-06-16,0.00018541184460768394
2019-06-17,0.00023261216449202074
2019-06-18,0.00018682963082617657
2019-06-19,0.0001942005740218428
2019-06-20,0.00019952356708176477
2019-06-21,0.00020797425156531912
2019-06-22,0.00020873887620471922
2019-06-23,0.00020950350084411937
2019-06-24,0.00020123924874580914
2019-06-25,0.00021440739564476907
2019-06-26,0.00020130909158303236
2019-06-27,0.0001721305100923653
2019-06-28,0.00013923273638946932
2019-06-29,0.00014011585087223962
2019-06-30,0.00014099896535500989
2019-07-01,0.00010467330170506122
2019-07-02,0.00010373221444582957
2019-07-03,8.358168101446533e-05
2019-07-04,8.456573863879665e-05
2019-07-05,5.2989173470700834e-05
2019-07-06,5.3978592909645037e-05
2019-07-07,5.496801234858799e-05
2019-07-08,9.25765092635241e-05
2019-07-09,0.00010517334182361801
2019-07-10,9.391108310111948e-05
2019-07-11,5.9014109524727884e-05
2019-07-12,4.3488330965315105e-05
2019-07-13,4.448580564236145e-05
2019-07-14,4.548328031940774e-05
2019-07-15,7.683687359842542e-05
2019-07-16,9.84625741899846e-05
2019-07-17,9.880886174987998e-05
2019-07-18,9.617938332491385e-05
2019-07-19,0.00011906860621434564
2019-07-20,0.00011998769115704649
2019-07-21,0.00012090677609974652
2019-07-22,9.42638258175586e-05
2019-07-23,5.8415928302239686e-05
2019-07-24,0.00011940933117186289
2019-07-25,0.0001866402490390564
2019-07-26,0.00016887172883393666
2019-07-27,0.00017005151163376482
2019-07-28,0.00017123129443359197
2019-07-29,0.00018989115857919256
2019-07-30,0.00021002946926150994
2019-07-31,0.000207106831794751
2019-08-01,0.0003507450294524261
2019-08-02,0.00032231096169970996
2019-08-03,0.0003233626838504218
2019-08-04,0.00032441440600113606
2019-08-05,0.00045783883960590077
2019-08-06,0.0004168480409146738
2019-08-07,0.0005375453230449418
2019-08-08,0.0004910697920011273
2019-08-09,0.0004738549126914844
2019-08-10,0.0004747385681714668
2019-08-11,0.0004756222236514491
2019-08-12,0.0005834816687879473
2019-08-13,0.0005303751981315251
2019-08-14,0.0007271130369546863
2019-08-15,0.0007240214481519713
2019-08-16,0.0006503105688653184
2019-08-17,0.0006510805960109967
2019-08-18,0.000651850623156678
2019-08-19,0.0006106517528570973
2019-08-20,0.0006756107362445407
2019-08-21,0.0006805758366432413
2019-08-22,0.0006654319727255891
2019-08-23,0.0007613382943636749
2019-08-24,0.0007619278891242773
2019-08-25,0.0007625174838848796
2019-08-26,0.0007342437651786883
2019-08-27,0.0007344598295413397
2019-08-28,0.0006647358708704262
2019-08-29,0.0006144663134318816
2019-08-30,0.000597171113067979
2019-08-31,0.0005979770776139615
2019-09-01,0.0005987830421599441
2019-09-02,0.0005995890067059298
2019-09-03,0.0006659153280443475
2019-09-04,0.0006115938157826875
2019-09-05,0.0005212399371188575
2019-09-06,0.00051303667641952
2019-09-07,0.0005138958218461547
2019-09-08,0.0005147549672727867
2019-09-09,0.0003878855583880691
2019-09-10,0.00031657764003730236
2019-09-11,0.0003408604917351725
2019-09-12,0.0003265976322441556
2019-09-13,0.0002673891920957894
2019-09-14,0.0002683706614215401
2019-09-15,0.00026935213074729075
2019-09-16,0.0002704404147332082
2019-09-17,0.00031308250843634306
2019-09-18,0.00027812805709362355
2019-09-19,0.0002710752183147169
2019-09-20,0.00028449325500477205
2019-09-21,0.00028558860966381393
2019-09-22,0.0002866839643228535
2019-09-23,0.0002964403514951225
2019-09-24,0.00033338531640702326
2019-09-25,0.0003336874164160604
2019-09-26,0.0003419368533219529
2019-09-27,0.0003216978399173996
2019-09-28,0.00032280065682275855
2019-09-29,0.00032390347372811756
2019-09-30,0.00033096882173139875
2019-10-01,0.0004154925830779535
2019-10-02,0.0004977495002461388
2019-10-03,0.00048300883761914765
2019-10-04,0.00037462178421049516
2019-10-05,0.00037584780635433693
2019-10-06,0.00037707382849818186
2019-10-07,0.0003987679479385461
2019-10-08,0.0005109348456973926
2019-10-09,0.0005028153592872832
2019-10-10,0.0004309629166189649
2019-10-11,0.0003421965438835125
2019-10-12,0.0003433438155653798
2019-10-13,0.00034449108724724637
2019-10-14,0.0003500467430304459
2019-10-15,0.0002912338986795494
2019-10-16,0.000312990130342515
2019-10-17,0.0002767503204552187
2019-10-18,0.00024620896619018085
2019-10-19,0.00024742092882107164
2019-10-20,0.0002486328914519648
2019-10-21,0.00017965334405367937
2019-10-22,0.00018918586029746572
2019-10-23,0.00014932451431574662
2019-10-24,0.00015497861929456664
2019-10-25,0.00012424398188809824
2019-10-26,0.00012548764626933885
2019-10-27,0.00012673131065057952
2019-10-28,7.79534056055007e-05
2019-10-29,4.75521085136453e-05
2019-10-30,0.00010153508057307489
2019-10-31,0.00013257895146740194
2019-11-01,6.54438551556737e-05
2019-11-02,6.672715492218558e-05
2019-11-03,6.801045468869736e-05
2019-11-04,-1.8287057106132943e-05
2019-11-05,-3.7211553116541765e-05
2019-11-06,-4.400565015049232e-05
2019-11-07,-8.933681040303849e-05
2019-11-08,-5.522354429753128e-05
2019-11-09,-5.390563680599393e-05
2019-11-10,-5.258772931445815e-05
2019-11-11,-5.224138704079174e-05
2019-11-12,-3.437442643778113e-05
2019-11-13,2.3118904547050575e-05
2019-11-14,4.937584896752952e-05
2019-11-15,1.3846681036547715e-05
2019-11-16,1.515492590927251e-05
2019-11-17,1.646317078199866e-05
2019-11-18,6.349165755892251e-06
2019-11-19,2.1966960987886326e-05
2019-11-20,4.112515729325902e-05
2019-11-21,3.965280795574364e-05
2019-11-22,-6.650848970618007e-06
2019-11-23,-5.2760424747743165e-06
2019-11-24,-3.901235978933824e-06
2019-11-25,-3.9452767445974975e-05
2019-11-26,2.6545948239798853e-06
2019-11-27,-1.414174210416703e-05
2019-11-28,-1.2759273034800218e-05
2019-11-29,1.3312491104077893e-05
2019-11-30,1.4712480122701745e-05
2019-12-01,1.6112469141325815e-05
2019-12-02,5.4401725177021876e-05
2019-12-03,0.0001292345769252458
2019-12-04,8.848974036998524e-05
2019-12-05,6.823634084249171e-05
2019-12-06,3.635983117875139e-05
2019-12-07,3.780251513790366e-05
2019-12-08,3.924519909705816e-05
2019-12-09,4.455955119127595e-05
2019-12-10,3.464436131853858e-05
2019-12-11,5.264726817679735e-05
2019-12-12,-6.610010598984888e-05
2019-12-13,-8.715489480455552e-05
2019-12-14,-8.559519749802027e-05
2019-12-15,-8.403550019148517e-05
2019-12-16,-0.00013148715608623292
2019-12-17,-0.00017331535375250331
2019-12-18,-0.0001377645885486102
2019-12-19,-0.00013237752101212833
2019-12-20,-0.00011936848281066765
2019-12-21,-0.00011779196587311333
2019-12-22,-0.0001162154489355571
2019-12-23,-0.00012101722241936256
2019-12-24,-0.00012801212030998305
2019-12-25,-0.00012642147731957773
2019-12-26,-0.00014917352519144703
2019-12-27,-0.00014861083178146394
2019-12-28,-0.00014702193666449645
2019-12-29,-0.00014543304154753032
2019-12-30,-0.00015459389760983836
2019-12-31,-0.00014849865991093883
2020-01-01,-0.00014696253526759614
2020-01-02,-0.00023623699181225143
2020-01-03,-0.00016856427292843897
2020-01-04,-0.00016707746454682664
2020-01-05,-0.0001655906561652142
2020-01-06,-0.00015345582699638087
2020-01-07,-0.000198167918262169
2020-01-08,-0.0002500233475077527
2020-01-09,-0.000271865997505502
2020-01-10,-0.00021288126259114173
2020-01-11,-0.0002114502210259908
2020-01-12,-0.00021001917946083986
2020-01-13,-0.00024193488528964448
2020-01-14,-0.0002559645156966185
2020-01-15,-0.00018997329045155467
2020-01-16,-0.00019865173761519298
2020-01-17,-0.00019264837668807837
2020-01-18,-0.00019141922663237594
2020-01-19,-0.0001901900765766735
2020-01-20,-0.00018896092652096984
2020-01-21,-4.8814857508105156e-05
2020-01-22,-0.00011533062539193119
2020-01-23,-0.00011541330356669091
2020-01-24,-5.651702950649123e-05
2020-01-25,-5.5304936752669626e-05
2020-01-26,-5.4092843998849755e-05
2020-01-27,4.855732625519936e-06
2020-01-28,-8.916790664696835e-06
2020-01-29,-3.992667413604172e-06
2020-01-30,-4.403347173671134e-05
2020-01-31,2.6501245131458598e-05
2020-02-01,2.7699707354152526e-05
2020-02-02,2.8898169576847214e-05
2020-02-03,2.1732692741219695e-05
2020-02-04,-1.6755777828358063e-05
2020-02-05,-0.00011357440576406403
2020-02-06,-0.00012234880042392727
2020-02-07,-0.00014187488105375524
2020-02-08,-0.00014061335525580529
2020-02-09,-0.0001393518294578549
2020-02-10,-0.0001645456578475239
2020-02-11,-0.0001938586267965728
2020-02-12,-0.00024129821907879762
2020-02-13,-0.00020359699700453645
2020-02-14,-0.00017321415475973252
2020-02-15,-0.00017195544236226217
2020-02-16,-0.00017069672996479179
2020-02-17,-0.0001694380175673226
2020-02-18,-0.00014395389219947415
2020-02-19,-0.00016444643559766225
2020-02-20,-0.00019672274736689315
2020-02-21,-0.00012533694076503318
2020-02-22,-0.00012405838593922147
2020-02-23,-0.00012277983111340818
2020-02-24,7.247278930520417e-05
2020-02-25,0.0002754030158709965
2020-02-26,0.00033705930751145414
2020-02-27,0.0005679901870875809
2020-02-28,0.0006949616308853845
2020-02-29,0.0006955809543816875
2020-03-01,0.0006962002778779904
2020-03-02,0.0005092361863431692
2020-03-03,0.0007287934903754784
2020-03-04,0.0006086301610680081
2020-03-05,0.0008847697432186627
2020-03-06,0.0011252403456996321
2020-03-07,0.001125444326119314
2020-03-08,0.0011256483065389964
2020-03-09,0.0016246222025899973
2020-03-10,0.0013271185009749403
2020-03-11,0.001508045047863725
2020-03-12,0.0015444812696023358
2020-03-13,0.0009578610821019698
2020-03-14,0.0009580430823518192
2020-03-15,0.0009582250826016672
2020-03-16,0.001694098028631377
2020-03-17,0.0015398778084355714
2020-03-18,0.0021168844037769505
2020-03-19,0.0019242014676886443
2020-03-20,0.0019880052784801002
2020-03-21,0.0019874930044657887
2020-03-22,0.0019869807304514803
2020-03-23,0.0026672193559309056
2020-03-24,0.0024926848196107896
2020-03-25,0.002480576769052561
2020-03-26,0.0020652817983407962
2020-03-27,0.0020625879344023526
2020-03-28,0.0020623538538122495
2020-03-29,0.0020621197732221402
2020-03-30,0.002065312238159948
2020-03-31,0.0022987275888961736
2020-04-01,0.002729278816374569
2020-04-02,0.0025226146634473876
2020-04-03,0.0028665961886384225
2020-04-04,0.0028656471032286633
2020-04-05,0.0028646980178189028
2020-04-06,0.0024996329321936863
2020-04-07,0.002536058618399402
2020-04-08,0.0022544590163171593
2020-04-09,0.0020676265768760005
2020-04-10,0.002067501447508317
2020-04-11,0.002067376318140637
2020-04-12,0.002067251188772953
2020-04-13,0.002208862966297882
2020-04-14,0.002357317550814561
2020-04-15,0.002590342078470479
2020-04-16,0.002620448718765529
2020-04-17,0.0020907324850696425
2020-04-18,0.002090503127034623
2020-04-19,0.002090273768999603
2020-04-20,0.002038498696385339
2020-04-21,0.002113268669328607
2020-04-22,0.002112056298337121
2020-04-23,0.0021144428397026236
2020-04-24,0.0020601558869327687
2020-04-25,0.00205994102276778
2020-04-26,0.0020597261586027967
2020-04-27,0.0018937613750801198
2020-04-28,0.0020113824692539082
2020-04-29,0.0019370949078374483
2020-04-30,0.0020649088347801177
2020-05-01,0.0021378714616254796
2020-05-02,0.0021375488651803397
2020-05-03,0.0021372262687352006
2020-05-04,0.0021370960611616367
2020-05-05,0.0020747326272851606
2020-05-06,0.0021302240784305602
2020-05-07,0.0020295628902407647
2020-05-08,0.0018693265990113689
2020-05-09,0.0018692045863114748
2020-05-10,0.0018690825736115853
2020-05-11,0.0019720590997034356
2020-05-12,0.0020445739718290626
2020-05-13,0.0021913342074842542
2020-05-14,0.002089724551967272
2020-05-15,0.002088963723344262
2020-05-16,0.0020886014421239198
2020-05-17,0.002088239160903578
2020-05-18,0.0019136752985099434
2020-05-19,0.002040752818433045
2020-05-20,0.0019362975520782883
2020-05-21,0.001980645146606867
2020-05-22,0.0018432399479339297
2020-05-23,0.0018431265618054713
2020-05-24,0.001843013175677013
2020-05-25,0.00184289978954856
2020-05-26,0.0017294264379550913
2020-05-27,0.001502037812197266
2020-05-28,0.0015223292541482198
2020-05-29,0.0015879110639050863
2020-05-30,0.0015880554004442334
2020-05-31,0.001588199736983376
2020-06-01,0.0015871386961856038
2020-06-02,0.001618204348298825
2020-06-03,0.001508446178114101
2020-06-04,0.00141649578982234
2020-06-05,0.0012615021673648586
2020-06-06,0.0012620574870228613
2020-06-07,0.001262612806680864
2020-06-08,0.001179231646046207
2020-06-09,0.0013122807227291284
2020-06-10,0.0015220568973866246
2020-06-11,0.0018327547162277314
2020-06-12,0.0017316905684337978
2020-06-13,0.0017316451100766652
2020-06-14,0.0017315996517195283
2020-06-15,0.0016512880879768323
2020-06-16,0.0015990559771507766
2020-06-17,0.0017150883647461665
2020-06-18,0.0017614730726945404
2020-06-19,0.0018120369379988274
2020-06-20,0.0018118832936642856
2020-06-21,0.0018117296493297438
2020-06-22,0.001850563378725168
2020-06-23,0.0019277477563514488
2020-06-24,0.0020348669055400225
2020-06-25,0.0020196650375594585
2020-06-26,0.0021948199365233096
2020-06-27,0.002194220268468837
2020-06-28,0.002193620600414367
2020-06-29,0.00216027558776135
2020-06-30,0.0021088068915700417
2020-07-01,0.0021668388519613074
2020-07-02,0.0022588690385760115
2020-07-03,0.0022582476088935507
2020-07-04,0.0022576261792110848
2020-07-05,0.0022570047495286192
2020-07-06,0.0022880981127372333
2020-07-07,0.0023574348877535367
2020-07-08,0.0023885845350513166
2020-07-09,0.002375338416259834
2020-07-10,0.002349697410852615
2020-07-11,0.0023489944554780555
2020-07-12,0.0023482915001034983
2020-07-13,0.0022733434398419924
2020-07-14,0.002420323981163615
2020-07-15,0.002303117846374821
2020-07-16,0.002272209915258657
2020-07-17,0.002336970588479981
2020-07-18,0.002336313871929319
2020-07-19,0.002335657155378656
2020-07-20,0.0023246058844684932
2020-07-21,0.002240104388873331
2020-07-22,0.0022821482993630707
2020-07-23,0.002216491390566714
2020-07-24,0.0022339979194080897
2020-07-25,0.0022335127075857877
2020-07-26,0.002233027495763486
2020-07-27,0.0023225982012479735
2020-07-28,0.0022719279441679938
2020-07-29,0.0021119772775897924
2020-07-30,0.0021523760262368774
2020-07-31,0.002123161919585009
2020-08-01,0.002122760704497589
2020-08-02,0.002122359489410166
2020-08-03,0.0021866617741979483
2020-08-04,0.002247027341424112
2020-08-05,0.002253360389485676
2020-08-06,0.002244623312901315
2020-08-07,0.002150012214126748
2020-08-08,0.002149661197169927
2020-08-09,0.0021493101802131055
2020-08-10,0.002167646529365991
2020-08-11,0.002090218950589753
2020-08-12,0.0021367798480990802
2020-08-13,0.0021454989564030154
2020-08-14,0.0021093553075086507
2020-08-15,0.0021090752789949337
2020-08-16,0.0021087952504812127
2020-08-17,0.0021441269494799084
2020-08-18,0.0022163606810863584
2020-08-19,0.00224103565205421
2020-08-20,0.0022230975046422944
2020-08-21,0.002209805802560368
2020-08-22,0.0022093274921328194
2020-08-23,0.0022088491817052716
2020-08-24,0.002149297330833347
2020-08-25,0.002110916501195682
2020-08-26,0.002152867511219042
2020-08-27,0.0020700624302668878
2020-08-28,0.002086198180571288
2020-08-29,0.002085940642607802
2020-08-30,0.002085683104644319
2020-08-31,0.002084079413070919
2020-09-01,0.0020782377208031885
2020-09-02,0.002095315164496885
2020-09-03,0.002082513985310859
2020-09-04,0.002048051334748983
2020-09-05,0.002047841281214055
2020-09-06,0.0020476312276791276
2020-09-07,0.0020474211741442
2020-09-08,0.002089475894152904
2020-09-09,0.002160896632994739
2020-09-10,0.002192567866812009
2020-09-11,0.0021177908568192744
2020-09-12,0.002117478532399047
2020-09-13,0.0021171662079788227
2020-09-14,0.002058882023282819
2020-09-15,0.0021070830078169893
2020-09-16,0.002044083329693399
2020-09-17,0.0020851084655061506
2020-09-18,0.0020452569137143404
2020-09-19,0.0020450326794452197
2020-09-20,0.002044808445176099
2020-09-21,0.0020209848206508294
2020-09-22,0.002137963827459107
2020-09-23,0.002182621923635324
2020-09-24,0.002093319530095521
2020-09-25,0.001936697617519635
2020-09-26,0.001936446152547183
2020-09-27,0.0019361946875747294
2020-09-28,0.0019237890935801091
2020-09-29,0.00196459382165637
2020-09-30,0.0018610834251453492
2020-10-01,0.0018977580635963199
2020-10-02,0.0018057650406240761
2020-10-03,0.0018056921290131127
2020-10-04,0.0018056192174021456
2020-10-05,0.0017406666358558535
2020-10-06,0.001805657973748494
2020-10-07,0.0017581479991150102
2020-10-08,0.0017131443632902104
2020-10-09,0.0017356315795113444
2020-10-10,0.0017356464935434752
2020-10-11,0.0017356614075756055
2020-10-12,0.001727523545919321
2020-10-13,0.001840528028387861
2020-10-14,0.0019217913876799757
2020-10-15,0.0019174986784897272
2020-10-16,0.0018764343733889066
2020-10-17,0.0018762749336015151
2020-10-18,0.001876115493814121
2020-10-19,0.001961458981393186
2020-10-20,0.0020093121002661735
2020-10-21,0.0020278150932193846
2020-10-22,0.0019136221441193473
2020-10-23,0.0019292702630435605
2020-10-24,0.0019291112855965521
2020-10-25,0.001928952308149544
2020-10-26,0.0020214415866823873
2020-10-27,0.002044749234150045
2020-10-28,0.001951309234460859
2020-10-29,0.001905451241116251
2020-10-30,0.0018427883254647712
2020-10-31,0.0018426340893254733
2020-11-01,0.0018424798531861792
2020-11-02,0.0017902517764279242
2020-11-03,0.0017425589812344688
2020-11-04,0.0019109833580678184
2020-11-05,0.001851834416726355
2020-11-06,0.0019265983505358255
2020-11-07,0.0019263242128770561
2020-11-08,0.0019260500752182874
2020-11-09,0.001666043312204854
2020-11-10,0.0016970154806709144
2020-11-11,0.0017204851042834052
2020-11-12,0.0017977435866934023
2020-11-13,0.0017784050313149266
2020-11-14,0.0017783845793490098
2020-11-15,0.0017783641273830951
2020-11-16,0.001756110989011548
2020-11-17,0.0017594148748512383
2020-11-18,0.0017162644733762506
2020-11-19,0.0017082429725911938
2020-11-20,0.0017257597006792795
2020-11-21,0.0017258731655353647
2020-11-22,0.00172598663039145
2020-11-23,0.0016665559566234902
2020-11-24,0.0015889485060017767
2020-11-25,0.0015896897146049746
2020-11-26,0.0015902275757772898
2020-11-27,0.0016038517093928182
2020-11-28,0.0016043683385524585
2020-11-29,0.0016048849677120988
2020-11-30,0.0016428984104702132
2020-12-01,0.0015935955287463607
2020-12-02,0.001584157240919217
2020-12-03,0.0015883020936398964
2020-12-04,0.0015759676930052445
2020-12-05,0.0015766026847965423
2020-12-06,0.00157723767658784
2020-12-07,0.001585423933169352
2020-12-08,0.001592950478556858
2020-12-09,0.001569051583268019
2020-12-10,0.001577891341937622
2020-12-11,0.0015969121811667169
2020-12-12,0.001597664324873434
2020-12-13,0.0015984164685801513
2020-12-14,0.0016307404455487905
2020-12-15,0.0015904403945774864
2020-12-16,0.0015673648653328767
2020-12-17,0.001578846170874475
2020-12-18,0.0015849212617393064
2020-12-19,0.00158570259162152
2020-12-20,0.0015864839215037313
2020-12-21,0.0016108945645355382
2020-12-22,0.0016353515928094428
2020-12-23,0.0015541331481245242
2020-12-24,0.0015674025178015105
2020-12-25,0.0015682267236674667
2020-12-26,0.001569050929533423
2020-12-27,0.0015698751353993795
2020-12-28,0.0015638397675057148
2020-12-29,0.0015883359549707158
2020-12-30,0.0015614080981739614
2020-12-31,0.0015236085055895688
2021-01-01,0.0015245239564983413
2021-01-02,0.0015254394074071158
2021-01-03,0.0015263548583158886
2021-01-04,0.0015098673900537406
2021-01-05,0.001492001799218455
2021-01-06,0.0013526950312371339
2021-01-07,0.0012745878511228167
2021-01-08,0.0013164205315717291
2021-01-09,0.0013174711517712327
2021-01-10,0.0013185217719707363
2021-01-11,0.0013184989678275492
2021-01-12,0.0012815716752907474
2021-01-13,0.001341961812395206
2021-01-14,0.0013029715772888183
2021-01-15,0.0013774432729578984
2021-01-16,0.0013784037780520642
2021-01-17,0.0013793642831462314
2021-01-18,0.0013803247882403975
2021-01-19,0.0013977819132112714
2021-01-20,0.0013896702670710243
2021-01-21,0.0014198914907720117
2021-01-22,0.0014384867680038763
2021-01-23,0.001439409635134297
2021-01-24,0.001440332502264718
2021-01-25,0.0015029326894369461
2021-01-26,0.001496606432451481
2021-01-27,0.001569188309695849
2021-01-28,0.001491660802999201
2021-01-29,0.0015941049694965265
2021-01-30,0.0015947838812963193
2021-01-31,0.001595462793096112
2021-02-01,0.0015475863868825955
2021-02-02,0.001475222872128957
2021-02-03,0.0014465665418498324
2021-02-04,0.0013941530447191559
2021-02-05,0.0013976199361191554
2021-02-06,0.001398682666772827
2021-02-07,0.001399745397426497
2021-02-08,0.0013278611971855345
2021-02-09,0.0013345142288884156
2021-02-10,0.001306646107354825
2021-02-11,0.001332912302824897
2021-02-12,0.0012940477749285564
2021-02-13,0.0012952152066367684
2021-02-14,0.0012963826383449806
2021-02-15,0.0012975500700531935
2021-02-16,0.0011668446559962434
2021-02-17,0.0012270986405358434
2021-02-18,0.0012779313778422782
2021-02-19,0.0012238170894393772
2021-02-20,0.0012252225577823518
2021-02-21,0.0012266280261253252
2021-02-22,0.001186800394179483
2021-02-23,0.0011939026609631355
2021-02-24,0.0010878065417858102
2021-02-25,0.001153172681429128
2021-02-26,0.0012425885902526178
2021-02-27,0.0012439308883256672
2021-02-28,0.0012452731863987166
2021-03-01,0.0011579721923383483
2021-03-02,0.0011251409780724546
2021-03-03,0.001163339814297081
2021-03-04,0.0012499780527610177
2021-03-05,0.0011728456201443923
2021-03-06,0.001174417316600982
2021-03-07,0.001175989013057572
2021-03-08,0.0011498949934743007
2021-03-09,0.0012082204654646144
2021-03-10,0.001164574978608682
2021-03-11,0.0012243501505087892
2021-03-12,0.0011852882142280943
2021-03-13,0.0011870303276938399
2021-03-14,0.001188772441159585
2021-03-15,0.0012259241413695911
2021-03-16,0.0012185743883737581
2021-03-17,0.001152935456583748
2021-03-18,0.001084396663476037
2021-03-19,0.0011063486405230116
2021-03-20,0.0011078437206245035
2021-03-21,0.0011093388007259962
2021-03-22,0.0011224483012077164
2021-03-23,0.0012075439080873594
2021-03-24,0.0011898035638766551
2021-03-25,0.001092331367782775
2021-03-26,0.0010832320803264579
2021-03-27,0.0010848400006092224
2021-03-28,0.0010864479208919874
2021-03-29,0.001221295445766608
2021-03-30,0.001195757082335776
2021-03-31,0.0012305274326217615
2021-04-01,0.0011480864309165633
2021-04-02,0.0011496547563693913
2021-04-03,0.0011512230818222194
2021-04-04,0.0011527914072750488
2021-04-05,0.00111053633879499
2021-04-06,0.0010721131337321748
2021-04-07,0.0010713712054936657
2021-04-08,0.0010801203646186182
2021-04-09,0.0010682726504340134
2021-04-10,0.001069873649681603
2021-04-11,0.0010714746489291944
2021-04-12,0.0010766024141178649
2021-04-13,0.0012184759909673263
2021-04-14,0.0011733644263022653
2021-04-15,0.0011931595717591648
2021-04-16,0.001115080484610425
2021-04-17,0.0011166547494471935
2021-04-18,0.001118229014283962
2021-04-19,0.0011640258820070641
2021-04-20,0.0012881024106134783
2021-04-21,0.0012805260381454765
2021-04-22,0.0013511704312383866
2021-04-23,0.0012792384124156986
2021-04-24,0.001280900166819062
2021-04-25,0.001282561921222424
2021-04-26,0.001251296413465397
2021-04-27,0.0012589277560243188
2021-04-28,0.0011612492861099947
2021-04-29,0.0011195834186826365
2021-04-30,0.001222315584717059
2021-05-01,0.0012242380907676964
2021-05-02,0.0012261605968183341
2021-05-03,0.0011980062148096748
2021-05-04,0.0012497963944320086
2021-05-05,0.0011309770105948876
2021-05-06,0.0010115738551387248
2021-05-07,0.0009650449790955234
2021-05-08,0.000967217453549499
2021-05-09,0.0009693899280034729
2021-05-10,0.0010896424698276144
2021-05-11,0.0012340471285827226
2021-05-12,0.0013200971790920835
2021-05-13,0.0011709527531692182
2021-05-14,0.001073656124458644
2021-05-15,0.001075885425839725
2021-05-16,0.0010781147272208062
2021-05-17,0.0010550650435542644
2021-05-18,0.0011164174386474274
2021-05-19,0.0011304622870950342
2021-05-20,0.001083675755380585
2021-05-21,0.001033380189298818
2021-05-22,0.0010353982675282353
2021-05-23,0.0010374163457576519
2021-05-24,0.0010046610735458905
2021-05-25,0.001020136615663216
2021-05-26,0.0010370252862802853
2021-05-27,0.0009412077251297335
2021-05-28,0.0009010214890731332
2021-05-29,0.0009030021635979125
2021-05-30,0.0009049828381226897
2021-05-31,0.000906963512647469
2021-06-01,0.0008694070975066299
2021-06-02,0.0008902740117801855
2021-06-03,0.0008647299049556632
2021-06-04,0.0008902111435008092
2021-06-05,0.0008921598758643812
2021-06-06,0.0008941086082279541
2021-06-07,0.0009008398095004574
2021-06-08,0.0009027893407234837
2021-06-09,0.0009724376707015787
2021-06-10,0.0010110173757565727
2021-06-11,0.000994558944967805
2021-06-12,0.0009964084989758657
2021-06-13,0.0009982580529839264
2021-06-14,0.001009038661603975
2021-06-15,0.0009695808463891847
2021-06-16,0.0010145387902748466
2021-06-17,0.00114946446140913
2021-06-18,0.0012708879352665613
2021-06-19,0.001272530516883464
2021-06-20,0.0012741730985003667
2021-06-21,0.0011998435415707242
2021-06-22,0.0012452854378492972
2021-06-23,0.0012169757489381631
2021-06-24,0.0011350899414862181
2021-06-25,0.0010924357297616815
2021-06-26,0.0010944776238960914
2021-06-27,0.0010965195180305018
2021-06-28,0.0011515753113787788
2021-06-29,0.0011841708901207137
2021-06-30,0.0012212075299948431
2021-07-01,0.0011769479673635315
2021-07-02,0.0011846672553005911
2021-07-03,0.0011867327546207695
2021-07-04,0.0011887982539409499
2021-07-05,0.0011908637532611324
2021-07-06,0.0013077848560902633
2021-07-07,0.0013554976868650093
2021-07-08,0.001505111037283579
2021-07-09,0.0013388613372529567
2021-07-10,0.0013409052446508812
2021-07-11,0.0013429491520488039
2021-07-12,0.0012831721747852281
2021-07-13,0.0013321563741807835
2021-07-14,0.0013354315622344933
2021-07-15,0.0013386847110285617
2021-07-16,0.0014642628430209825
2021-07-17,0.001466148699591861
2021-07-18,0.0014680345561627402
2021-07-19,0.0016331337140059851
2021-07-20,0.0014148983571405174
2021-07-21,0.0012563610962543293
2021-07-22,0.001315653700805236
2021-07-23,0.0012503019393850354
2021-07-24,0.001252021449316646
2021-07-25,0.001253740959248258
2021-07-26,0.0011785032378459192
2021-07-27,0.001182275059318955
2021-07-28,0.0011950268182341639
2021-07-29,0.0011090934773284077
2021-07-30,0.001138981456859404
2021-07-31,0.0011406072988033645
2021-08-01,0.0011422331407473253
2021-08-02,0.0011355626223975407
2021-08-03,0.001071757042103532
2021-08-04,0.0011046553959576774
2021-08-05,0.0010639462725610617
2021-08-06,0.0010097140865629542
2021-08-07,0.0010115049265248892
2021-08-08,0.0010132957664868276
2021-08-09,0.0010237655626378168
2021-08-10,0.0009992813333093143
2021-08-11,0.0009550986178271793
2021-08-12,0.0009618554847295312
2021-08-13,0.0009631997111761931
2021-08-14,0.0009649631867061194
2021-08-15,0.000966726662236044
2021-08-16,0.000983850420951176
2021-08-17,0.0010424708862742504
2021-08-18,0.0010778908094120892
2021-08-19,0.001132058674452863
2021-08-20,0.001114246484137735
2021-08-21,0.0011159499981784574
2021-08-22,0.0011176535122191795
2021-08-23,0.0010844008395195816
2021-08-24,0.001055248619693474
2021-08-25,0.0009951769945496182
2021-08-26,0.0010699808751799917
2021-08-27,0.0010075384981553055
2021-08-28,0.0010094430429452741
2021-08-29,0.0010113475877352419
2021-08-30,0.0010956230165971063
2021-08-31,0.001096488238238718
2021-09-01,0.001087679287950482
2021-09-02,0.0010769639686320713
2021-09-03,0.0010825549929682073
2021-09-04,0.001084401390160019
2021-09-05,0.0010862477873518305
2021-09-06,0.0010880941845436433
2021-09-07,0.0010876725628858515
2021-09-08,0.0011253302169056572
2021-09-09,0.0011429103590859281
2021-09-10,0.0011421264561707785
2021-09-11,0.0011440023225735318
2021-09-12,0.0011458781889762835
2021-09-13,0.0010792048480434788
2021-09-14,0.001165470681064365
2021-09-15,0.0011203782841362469
2021-09-16,0.001117055064486747
2021-09-17,0.0012098017268184138
2021-09-18,0.0012116228994807053
2021-09-19,0.0012134440721429944
2021-09-20,0.001498170020170036
2021-09-21,0.0015375989773440373
2021-09-22,0.0014097262965892332
2021-09-23,0.0012959858484059299
2021-09-24,0.0012668020152487493
2021-09-25,0.001268847537731946
2021-09-26,0.001270893060215145
2021-09-27,0.0011398990365955152
2021-09-28,0.0012177938653455702
2021-09-29,0.0011726011706196535
2021-09-30,0.0012477282622498837
2021-10-01,0.001224353104056182
2021-10-02,0.0012264914047848882
2021-10-03,0.0012286297055135948
2021-10-04,0.0012246231118232657
2021-10-05,0.0011430013631807275
2021-10-06,0.0011564017267266565
2021-10-07,0.0010573340226634651
2021-10-08,0.0009743904388920337
2021-10-09,0.0009765371942029393
2021-10-10,0.0009786839495138464
2021-10-11,0.0010079246667069545
2021-10-12,0.0009787759650363183
2021-10-13,0.0009809631142335784
2021-10-14,0.0008664396831776636
2021-10-15,0.0008524722481221614
2021-10-16,0.0008544493707981177
2021-10-17,0.0008564264934740739
2021-10-18,0.0008673793497208132
2021-10-19,0.0008165130496678994
2021-10-20,0.0007436480721515226
2021-10-21,0.000749380309347439
2021-10-22,0.0006589947007580217
2021-10-23,0.0006613480766572159
2021-10-24,0.0006637014525564127
2021-10-25,0.0006326292599392218
2021-10-26,0.0005769723279119648
2021-10-27,0.0005638507647419961
2021-10-28,0.0005240291042603303
2021-10-29,0.0005397984867364369
2021-10-30,0.0005419682276148392
2021-10-31,0.0005441379684932414
2021-11-01,0.00044104959493756904
2021-11-02,0.00042972013413509124
2021-11-03,0.00042335129506330363
2021-11-04,0.0005386080889033446
2021-11-05,0.0005062693206762665
2021-11-06,0.000508316327232058
2021-11-07,0.0005103633337878498
2021-11-08,0.000526639132803498
2021-11-09,0.0005146606038712537
2021-11-10,0.0005913117340740192
2021-11-11,0.0005792913214485464
2021-11-12,0.0005978636935239266
2021-11-13,0.0005998528049320415
2021-11-14,0.0006018419163401558
2021-11-15,0.000623799783994915
2021-11-16,0.0006233906905222526
2021-11-17,0.0005715412573804924
2021-11-18,0.0006499705486284241
2021-11-19,0.0007815674789144317
2021-11-20,0.000783523494142059
2021-11-21,0.0007854795093696864
2021-11-22,0.0007658716805479919
2021-11-23,0.0007133422262642398
2021-11-24,0.0006890120490337956
2021-11-25,0.0006911822921735554
2021-11-26,0.0009131274940781084
2021-11-27,0.0009151587610644533
2021-11-28,0.000917190028050797
2021-11-29,0.000889759004384094
2021-11-30,0.0008852375571623246
2021-12-01,0.0009200554146356153
2021-12-02,0.0007473739517515621
2021-12-03,0.0008274981673766567
2021-12-04,0.0008294087646200197
2021-12-05,0.0008313193618633805
2021-12-06,0.0007659712695582907
2021-12-07,0.0006784414441223824
2021-12-08,0.0006826830371516352
2021-12-09,0.0007183079335708385
2021-12-10,0.0007215876629199313
2021-12-11,0.000723548914376689
2021-12-12,0.0007255101658334461
2021-12-13,0.0007856718915524527
2021-12-14,0.000776337057669477
2021-12-15,0.000824176050821105
2021-12-16,0.0007384055886373116
2021-12-17,0.0008792733166162847
2021-12-18,0.0008811838281711332
2021-12-19,0.0008830943397259816
2021-12-20,0.0009563583681338622
2021-12-21,0.0008781392108130673
2021-12-22,0.0008469863451898423
2021-12-23,0.0007887418401220879
2021-12-24,0.0007906182954259544
2021-12-25,0.0007924947507298207
2021-12-26,0.000794371206033687
2021-12-27,0.0007197834345642883
2021-12-28,0.0007113282703172987
2021-12-29,0.0007303892010546299
2021-12-30,0.0007634748259481171
2021-12-31,0.0007803589916576751
2022-01-01,0.000782297009836141
2022-01-02,0.0007842350280146068
2022-01-03,0.0006844838894736109
2022-01-04,0.0005201834089822951
2022-01-05,0.0005983661205434831
2022-01-06,0.0003990770205389213
2022-01-07,0.00029972894403521954
2022-01-08,0.0003020599061847387
2022-01-09,0.0003043908683342605
2022-01-10,0.00034049007794934353
2022-01-11,0.0003059598962154946
2022-01-12,0.00024461675322206937
2022-01-13,0.00024755016354209374
2022-01-14,0.00023294571939804225
2022-01-15,0.00023520973964625365
2022-01-16,0.00023747375989446786
2022-01-17,0.00023973778014268164
2022-01-18,0.00030769701964629046
2022-01-19,0.00037454838863139393
2022-01-20,0.0003808205214002583
2022-01-21,0.0004223529867374632
2022-01-22,0.0004241611765864665
2022-01-23,0.0004259693664354694
2022-01-24,0.0005548279490157845
2022-01-25,0.00052147631875881
2022-01-26,0.00047065023373882926
2022-01-27,0.0005722469018726462
2022-01-28,0.0005592404377976344
2022-01-29,0.0005613058239772953
2022-01-30,0.0005633712101569567
2022-01-31,0.0005108532341098161
2022-02-01,8.15663855199399e-05
2022-02-02,5.4709848181926394e-05
2022-02-03,8.769740592169022e-05
2022-02-04,8.562936767320833e-05
2022-02-05,8.751866526342873e-05
2022-02-06,8.940796285364892e-05
2022-02-07,4.0939336295387624e-05
2022-02-08,-5.45636148175301e-05
2022-02-09,-0.00011743286716386176
2022-02-10,-8.7922186357742e-05
2022-02-11,1.0951270007213132e-05
2022-02-12,1.2733067933218094e-05
2022-02-13,1.4514865859222405e-05
2022-02-14,3.509620618304663e-05
2022-02-15,1.5253116149069757e-05
2022-02-16,7.25475076845416e-05
2022-02-17,0.00013007349618102105
2022-02-18,0.00013809190080683919
2022-02-19,0.00013977597462029134
2022-02-20,0.0001414600484337435
2022-02-21,0.00014314412224719587
2022-02-22,0.0003043754035898338
2022-02-23,0.00037093224604067745
2022-02-24,0.0006620104151842743
2022-02-25,0.00042279653004960666
2022-02-26,0.00042467029237183837
2022-02-27,0.0004265440546940677
2022-02-28,0.0006107548131229954
2022-03-01,0.000866233662404834
2022-03-02,0.000783372760844981
2022-03-03,0.0009103315884675775
2022-03-04,0.0012409747849707988
2022-03-05,0.0012427524365125424
2022-03-06,0.0012445300880542863
2022-03-07,0.0015066448070707287
2022-03-08,0.001263588565345204
2022-03-09,0.0010570652846684427
2022-03-10,0.0011314650095423714
2022-03-11,0.0011749513452734132
2022-03-12,0.0011765520928076032
2022-03-13,0.0011781528403417931
2022-03-14,0.00109380382645447
2022-03-15,0.0010540441684381435
2022-03-16,0.0008009733681722674
2022-03-17,0.0007488511017176363
2022-03-18,0.0006917223438935908
2022-03-19,0.000693368902054816
2022-03-20,0.0006950154602160406
2022-03-21,0.0006682309724972825
2022-03-22,0.0005619217677586611
2022-03-23,0.0006380331259317673
2022-03-24,0.0006000462642032885
2022-03-25,0.0005445072156150677
2022-03-26,0.0005461611697926408
2022-03-27,0.000547815123970214
2022-03-28,0.0005825330677942417
2022-03-29,0.0004924528796157448
2022-03-30,0.0005391887236391717
2022-03-31,0.0005389058081325467
2022-04-01,0.0005222679653492633
2022-04-02,0.0005234576046861358
2022-04-03,0.0005246472440230093
2022-04-04,0.0004840052064439945
2022-04-05,0.0006438030549493006
2022-04-06,0.0007069472861001324
2022-04-07,0.0007058781666509986
2022-04-08,0.0006978721063976942
2022-04-09,0.0006992997177824628
2022-04-10,0.0007007273291672314
2022-04-11,0.0007285410621653292
2022-04-12,0.0008565560822619959
2022-04-13,0.0008635315050709771
2022-04-14,0.0009336616292637222
2022-04-15,0.0009349220495345229
2022-04-16,0.0009361824698053238
2022-04-17,0.0009374428900761262
2022-04-18,0.0009310038083974155
2022-04-19,0.0008726317547525233
2022-04-20,0.0008536732196217395
2022-04-21,0.0009387347040816965
2022-04-22,0.0010186635326017513
2022-04-23,0.0010199139863601167
2022-04-24,0.0010211644401184822
2022-04-25,0.0010236146018931616
2022-04-26,0.0011257682601947048
2022-04-27,0.0010645371854523823
2022-04-28,0.0010552779054068915
2022-04-29,0.001172639814310964
2022-04-30,0.001173728224659635
2022-05-01,0.0011748166350083078
2022-05-02,0.001149615996275834
2022-05-03,0.0010727206161468255
2022-05-04,0.000965195173556317
2022-05-05,0.0011028135496300737
2022-05-06,0.001139170827861064
2022-05-07,0.0011402358902308184
2022-05-08,0.0011413009526005727
2022-05-09,0.001252456100074229
2022-05-10,0.0012460154712500664
2022-05-11,0.0012959795521473012
2022-05-12,0.001303601342828028
2022-05-13,0.0012953336835534203
2022-05-14,0.0012960807823445349
2022-05-15,0.001296827881135649
2022-05-16,0.0013382792855539862
2022-05-17,0.001242588750974187
2022-05-18,0.0013161964712975233
2022-05-19,0.0013169401712715837
2022-05-20,0.0012971870602068235
2022-05-21,0.0012978203085164714
2022-05-22,0.0012984535568261177
2022-05-23,0.001200532759388738
2022-05-24,0.0011670201738532733
2022-05-25,0.0011557409060347897
2022-05-26,0.0010806567201652468
2022-05-27,0.0010619841119566664
2022-05-28,0.0010630789270990777
2022-05-29,0.001064173742241489
2022-05-30,0.0010652685573839013
2022-05-31,0.0010764910438520185
2022-06-01,0.001110408245820705
2022-06-02,0.001053333877114366
2022-06-03,0.0011039933713957262
2022-06-04,0.0011050571586430284
2022-06-05,0.0011061209458903298
2022-06-06,0.001091412790987149
2022-06-07,0.0011008166418861002
2022-06-08,0.0012384185197082814
2022-06-09,0.0013795933892810834
2022-06-10,0.0014832399169095708
2022-06-11,0.0014840756028133143
2022-06-12,0.0014849112887170579
2022-06-13,0.001580925411692306
2022-06-14,0.001583099137921979
2022-06-15,0.0015526170581308802
2022-06-16,0.0016907695669535739
2022-06-17,0.001624711348923891
2022-06-18,0.0016255640375975205
2022-06-19,0.0016264167262711538
2022-06-20,0.0016272694149447838
2022-06-21,0.001563996847795843
2022-06-22,0.0015528442413326683
2022-06-23,0.001587496181726412
2022-06-24,0.0013828045045659887
2022-06-25,0.0013837921237105637
2022-06-26,0.0013847797428551383
2022-06-27,0.0014087535228830385
2022-06-28,0.0014589810474133248
2022-06-29,0.0015163418137373247
2022-06-30,0.0015170322005117892
2022-07-01,0.0014504167243370456
2022-07-02,0.001451448834453153
2022-07-03,0.0014524809445692634
2022-07-04,0.00145351305468537
2022-07-05,0.0014866451528501676
2022-07-06,0.0015281427299276102
2022-07-07,0.0014595392807038297
2022-07-08,0.001466279343386464
2022-07-09,0.001467339248122532
2022-07-10,0.0014683991528586001
2022-07-11,0.0015118263464361122
2022-07-12,0.0015733579800309137
2022-07-13,0.0016492985324694088
2022-07-14,0.0017491235908465874
2022-07-15,0.0016749851313949873
2022-07-16,0.0016758165059786142
2022-07-17,0.001676647880562241
2022-07-18,0.0016407404915002371
2022-07-19,0.0014964523005570444
2022-07-20,0.0015115886667510573
2022-07-21,0.001452793885347817
2022-07-22,0.0014599591324543104
2022-07-23,0.0014609524431807867
2022-07-24,0.0014619457539072607
2022-07-25,0.001388060228651612
2022-07-26,0.0016092559388567371
2022-07-27,0.0015412908945280478
2022-07-28,0.0015049491914186275
2022-07-29,0.001405243771786784
2022-07-30,0.0014064086419850637
2022-07-31,0.0014075735121833438
2022-08-01,0.001415386583195584
2022-08-02,0.0014945254148545422
2022-08-03,0.0014365449716225024
2022-08-04,0.0014318809201635061
2022-08-05,0.001395901382902335
2022-08-06,0.0013971035061769751
2022-08-07,0.0013983056294516124
2022-08-08,0.001392918251985321
2022-08-09,0.0014142644294354212
2022-08-10,0.0013021463308943875
2022-08-11,0.001241756825163045
2022-08-12,0.0011685936237049756
2022-08-13,0.0011698946058431399
2022-08-14,0.001171195587981304
2022-08-15,0.0012082103858220472
2022-08-16,0.0011875299264594793
2022-08-17,0.0012485504678488041
2022-08-18,0.0012410491335765658
2022-08-19,0.001358569664587322
2022-08-20,0.0013598793741195758
2022-08-21,0.0013611890836518316
2022-08-22,0.0014995497011185326
2022-08-23,0.0015000911469238137
2022-08-24,0.0014914891462279958
2022-08-25,0.0014265212138329902
2022-08-26,0.00162038401530778
2022-08-27,0.0016215127021408041
2022-08-28,0.0016226413889738277
2022-08-29,0.0016540251459793607
2022-08-30,0.0016751368762547736
2022-08-31,0.0017128391914031135
2022-09-01,0.0017240826452174956
2022-09-02,0.0017519934567952241
2022-09-03,0.0017529794326773041
2022-09-04,0.0017539654085593878
2022-09-05,0.0017549513844414678
2022-09-06,0.0017751336479239575
2022-09-07,0.0016883659285422583
2022-09-08,0.0015851366817928262
2022-09-09,0.0015208494610837475
2022-09-10,0.0015219199314884333
2022-09-11,0.001522990401893119
2022-09-12,0.0014603982750709885
2022-09-13,0.0015688089271073918
2022-09-14,0.0015483707581199339
2022-09-15,0.001486385473840997
2022-09-16,0.001542403927502569
2022-09-17,0.00154347587755157
2022-09-18,0.001544547827600571
2022-09-19,0.0015132340889730635
2022-09-20,0.0015701794108753167
2022-09-21,0.0017149001875053126
2022-09-22,0.001830798386466177
2022-09-23,0.0019256590185696416
2022-09-24,0.0019265550770952494
2022-09-25,0.001927451135620857
2022-09-26,0.002034335546718817
2022-09-27,0.0020595176418375816
2022-09-28,0.0019433057900791813
2022-09-29,0.001974809790478071
2022-09-30,0.002020780399534519
2022-10-01,0.0020216509338423375
2022-10-02,0.0020225214681501564
2022-10-03,0.0018731184678335855
2022-10-04,0.0016359668476719899
2022-10-05,0.0016979114905722485
2022-10-06,0.0018304227078750873
2022-10-07,0.001977945227377899
2022-10-08,0.0019788593021503303
2022-10-09,0.0019797733769227575
2022-10-10,0.001999109601338862
2022-10-11,0.0021150920610347327
2022-10-12,0.00217300846519227
2022-10-13,0.0019270076445339563
2022-10-14,0.002047189158401542
2022-10-15,0.0020481211386794273
2022-10-16,0.002049053118957312
2022-10-17,0.001825691441712876
2022-10-18,0.001804834977895736
2022-10-19,0.001955217679533743
2022-10-20,0.0020830623913264687
2022-10-21,0.0018039103345418787
2022-10-22,0.0018049540734754415
2022-10-23,0.0018059978124090087
2022-10-24,0.0016710552547754298
2022-10-25,0.0015245630639444737
2022-10-26,0.0015769709686216428
2022-10-27,0.0016084760989753995
2022-10-28,0.0015503947371546547
2022-10-29,0.001551474621313213
2022-10-30,0.0015525545054717715
2022-10-31,0.0015976211767646476
2022-11-01,0.0015939183137966533
2022-11-02,0.001688156392778542
2022-11-03,0.0018411852610664885
2022-11-04,0.001742018207092536
2022-11-05,0.0017428512439221526
2022-11-06,0.0017436842807517724
2022-11-07,0.0017370579059667894
2022-11-08,0.0016914802863826016
2022-11-09,0.0017701420664736776
2022-11-10,0.0015473233800323432
2022-11-11,0.0014508893494014422
2022-11-12,0.001451743785119081
2022-11-13,0.0014525982208367198
2022-11-14,0.001508044113700359
2022-11-15,0.001487374406451397
2022-11-16,0.0015299836529198746
2022-11-17,0.0015756837028760276
2022-11-18,0.001539061923683168
2022-11-19,0.0015398047629696027
2022-11-20,0.0015405476022560375
2022-11-21,0.001517970807249154
2022-11-22,0.0014835965892672713
2022-11-23,0.0014556121582866021
2022-11-24,0.001456506814291223
2022-11-25,0.0014352247861320853
2022-11-26,0.0014361444441702356
2022-11-27,0.0014370641022083855
2022-11-28,0.0015436548260440422
2022-11-29,0.0015056955637791133
2022-11-30,0.0014374555255424176
2022-12-01,0.0014840446086438024
2022-12-02,0.0014948130012074218
2022-12-03,0.0014956360069567469
2022-12-04,0.0014964590127060716
2022-12-05,0.0016632541327741576
2022-12-06,0.0016845009651882759
2022-12-07,0.001631875170468792
2022-12-08,0.001645673374386614
2022-12-09,0.0016499631991395915
2022-12-10,0.0016504801526920397
2022-12-11,0.0016509971062444858
2022-12-12,0.0016078210236488708
2022-12-13,0.0016412650268635245
2022-12-14,0.0017096044719899348
2022-12-15,0.0016953370761980356
2022-12-16,0.001690378737335277
2022-12-17,0.0016908303366757486
2022-12-18,0.0016912819360162203
2022-12-19,0.0016972126359789074
2022-12-20,0.0016699516502295868
2022-12-21,0.0016308263636012766
2022-12-22,0.0016262843669537547
2022-12-23,0.001612477043897969
2022-12-24,0.0016129794289686896
2022-12-25,0.0016134818140394083
2022-12-26,0.001613984199110127
2022-12-27,0.001599808602261227
2022-12-28,0.0016035988680318356
2022-12-29,0.0015690017669943465
2022-12-30,0.0015712917397254409
2022-12-31,0.0015718855025793226
2023-01-01,0.0015724792654332044
2023-01-02,0.0015730730282870861
2023-01-03,0.0015425888712588256
2023-01-04,0.0014633718436388497
2023-01-05,0.0015160141375958995
2023-01-06,0.001453273169147603
2023-01-07,0.0014539279511187645
2023-01-08,0.0014545827330899276
2023-01-09,0.0014496675159914399
2023-01-10,0.0014320427346704574
2023-01-11,0.0014161520767961783
2023-01-12,0.001382228321866935
2023-01-13,0.0014066342059059532
2023-01-14,0.0014071839847515958
2023-01-15,0.0014077337635972384
2023-01-16,0.0014082835424428805
2023-01-17,0.0014033367879059233
2023-01-18,0.0014491117721318672
2023-01-19,0.0014680823140595853
2023-01-20,0.0014299448973873164
2023-01-21,0.001430153936515251
2023-01-22,0.001430362975643186
2023-01-23,0.001406296053448045
2023-01-24,0.001411708740797789
2023-01-25,0.0014003056593185831
2023-01-26,0.0013836887223615685
2023-01-27,0.0013883435204450152
2023-01-28,0.0013887965847721418
2023-01-29,0.0013892496490992693
2023-01-30,0.0013973644589596308
2023-01-31,0.00137835126263248
2023-02-01,0.0013702078852043998
2023-02-02,0.001366494724201917
2023-02-03,0.0013691900243833841
2023-02-04,0.0013696865483117187
2023-02-05,0.0013701830722400532
2023-02-06,0.0013926391815189336
2023-02-07,0.0013827996959188428
2023-02-08,0.0013905009972969944
2023-02-09,0.0013999116078105198
2023-02-10,0.0014006038554520708
2023-02-11,0.0014009183254266343
2023-02-12,0.0014012327954011972
2023-02-13,0.001387839354754563
2023-02-14,0.0013810737156994427
2023-02-15,0.0013849601132351192
2023-02-16,0.0013930682859059282
2023-02-17,0.0013922217276181792
2023-02-18,0.0013924744101014375
2023-02-19,0.0013927270925846954
2023-02-20,0.0013929797750679537
2023-02-21,0.0014077574070077525
2023-02-22,0.001406295676288714
2023-02-23,0.0013954562569016835
2023-02-24,0.0013977721242866906
2023-02-25,0.0013980764412562837
2023-02-26,0.0013983807582258762
2023-02-27,0.0013970985566471071
2023-02-28,0.0013956464983928643
2023-03-01,0.0014098279993998582
2023-03-02,0.0014354441711478061
2023-03-03,0.0014301263031644045
2023-03-04,0.0014301695811735696
2023-03-05,0.0014302128591827347
2023-03-06,0.0014310696254935097
2023-03-07,0.0014490527151718555
2023-03-08,0.0014464347125997146
2023-03-09,0.0014768278807200256
2023-03-10,0.0014408037814489718
2023-03-11,0.0014404688141142418
2023-03-12,0.0014401338467795134
2023-03-13,0.0014494499210669903
2023-03-14,0.0015126902592140813
2023-03-15,0.0014483553604189437
2023-03-16,0.0014169445061939844
2023-03-17,0.0014080686427336694
2023-03-18,0.0014074451055244614
2023-03-19,0.0014068215683152535
2023-03-20,0.0014107086244401527
2023-03-21,0.001608407121455473
2023-03-22,0.0016098593643906769
2023-03-23,0.0014614862513386393
2023-03-24,0.001391177974897924
2023-03-25,0.0013904771054818006
2023-03-26,0.0013897762360656804
2023-03-27,0.0014326847777511235
2023-03-28,0.0013792883443009489
2023-03-29,0.0014498480887190205
2023-03-30,0.0015251180226151615
2023-03-31,0.0016264633694622087
2023-04-01,0.001625623010684218
2023-04-02,0.0016247826519062275
2023-04-03,0.00156307819491962
2023-04-04,0.0016289855574562484
2023-04-05,0.0016123862846633167
2023-04-06,0.0016013725752161419
2023-04-07,0.0016003752191097482
2023-04-08,0.0015993778630033545
2023-04-09,0.001598380506896961
2023-04-10,0.001584314559912598
2023-04-11,0.0017007387659621436
2023-04-12,0.0016884943679499765
2023-04-13,0.0017277600705553728
2023-04-14,0.0017646221274604593
2023-04-15,0.0017635023841946582
2023-04-16,0.001762382640928856
2023-04-17,0.0016169164036487944
2023-04-18,0.0016100896202045842
2023-04-19,0.0015437048452964794
2023-04-20,0.0015198911680187634
2023-04-21,0.001541664611697792
2023-04-22,0.001540782537627325
2023-04-23,0.0015399004635568577
2023-04-24,0.0015657232349058805
2023-04-25,0.0014319638499885813
2023-04-26,0.0014088682391019665
2023-04-27,0.0014501219358878084
2023-04-28,0.0014095062293685398
2023-04-29,0.0014089114146284254
2023-04-30,0.0014083165998883083
2023-05-01,0.0015095832070192697
2023-05-02,0.0015369765126698371
2023-05-03,0.0014813002663287757
2023-05-04,0.0014694261221544463
2023-05-05,0.0015688811802907104
2023-05-06,0.0015677492716684187
2023-05-07,0.0015666173630461272
2023-05-08,0.0015376353909613664
2023-05-09,0.0015511983664188288
2023-05-10,0.0015440923135822083
2023-05-11,0.0015287944286521639
2023-05-12,0.0015478102874411073
2023-05-13,0.0015465322261525942
2023-05-14,0.0015452541648640842
2023-05-15,0.0015436110752993547
2023-05-16,0.0015295402610115089
2023-05-17,0.0014439227040290523
2023-05-18,0.0014494958201696883
2023-05-19,0.0015530879903181034
2023-05-20,0.0015520166481085387
2023-05-21,0.0015509453058989752
2023-05-22,0.001533106182643494
2023-05-23,0.001459035441404382
2023-05-24,0.001448258729948694
2023-05-25,0.001460712476478627
2023-05-26,0.001509556577647735
2023-05-27,0.0015085254295008376
2023-05-28,0.0015074942813539422
2023-05-29,0.0015064631332070448
2023-05-30,0.0014341294038674138
2023-05-31,0.0013947586583084835
2023-06-01,0.001419822567595878
2023-06-02,0.0014175906312311512
2023-06-03,0.0014167527189068456
2023-06-04,0.0014159148065825402
2023-06-05,0.0014253208221172093
2023-06-06,0.0014146085931764463
2023-06-07,0.001388879556371816
2023-06-08,0.0013653425467312352
2023-06-09,0.0013559250645326173
2023-06-10,0.0013552837485741461
2023-06-11,0.0013546424326156764
2023-06-12,0.001392605240839148
2023-06-13,0.001366478452137228
2023-06-14,0.0014315515037966894
2023-06-15,0.001385422190259133
2023-06-16,0.001388603082560336
2023-06-17,0.0013879187685720117
2023-06-18,0.0013872344545836858
2023-06-19,0.0013865501405953599
2023-06-20,0.0013772113799011964
2023-06-21,0.0013671868893353816
2023-06-22,0.0014053159010502967
2023-06-23,0.0013902511716582747
2023-06-24,0.0013894137228651693
2023-06-25,0.001388576274072064
2023-06-26,0.0013406084069020293
2023-06-27,0.0013847292686029456
2023-06-28,0.001385076390973572
2023-06-29,0.001370083721003509
2023-06-30,0.0014021529418850418
2023-07-01,0.0014013806879344278
2023-07-02,0.0014006084339838111
2023-07-03,0.0014005226947548543
2023-07-04,0.0013997934565591456
2023-07-05,0.001339667461103375
2023-07-06,0.0013148412882621546
2023-07-07,0.0013483367904411276
2023-07-08,0.0013475974578175058
2023-07-09,0.0013468581251938833
2023-07-10,0.0013461187925702613
